settlement_id,year,pop_peacenow,pop_btselem,pop_best,pop_source
1,1969,0.0,,0.0,Peace Now
1,1970,0.0,,0.0,Peace Now
1,1971,0.0,,0.0,Peace Now
1,1972,0.0,,0.0,Peace Now
1,1973,0.0,,0.0,Peace Now
1,1974,0.0,,0.0,Peace Now
1,1975,0.0,,0.0,Peace Now
1,1976,0.0,,0.0,Peace Now
1,1977,0.0,,0.0,Peace Now
1,1978,0.0,,0.0,Peace Now
1,1979,0.0,,0.0,Peace Now
1,1982,0.0,,0.0,Peace Now
1,1983,0.0,,0.0,Peace Now
1,1985,0.0,,0.0,Peace Now
1,1986,0.0,,0.0,Peace Now
1,1987,0.0,,0.0,Peace Now
1,1988,0.0,,0.0,Peace Now
1,1989,0.0,,0.0,Peace Now
1,1990,0.0,,0.0,Peace Now
1,1991,0.0,,0.0,Peace Now
1,1992,0.0,,0.0,Peace Now
1,1993,147.0,,147.0,Peace Now
1,1994,214.0,,214.0,Peace Now
1,1995,270.0,,270.0,Peace Now
1,1996,347.0,347.0,347.0,Peace Now
1,1997,511.0,511.0,511.0,Peace Now
1,1998,630.0,600.0,630.0,Peace Now
1,1999,695.0,695.0,695.0,Peace Now
1,2000,785.0,785.0,785.0,Peace Now
1,2001,838.0,838.0,838.0,Peace Now
1,2002,891.0,891.0,891.0,Peace Now
1,2003,964.0,964.0,964.0,Peace Now
1,2004,1038.0,1038.0,1038.0,Peace Now
1,2005,1127.0,1127.0,1127.0,Peace Now
1,2006,1247.0,1247.0,1247.0,Peace Now
1,2007,1328.0,1328.0,1328.0,Peace Now
1,2008,1357.0,1357.0,1357.0,Peace Now
1,2009,1412.0,1412.0,1412.0,Peace Now
1,2010,1553.0,1553.0,1553.0,Peace Now
1,2011,1545.0,1545.0,1545.0,Peace Now
1,2012,1614.0,1614.0,1614.0,Peace Now
1,2013,1675.0,1675.0,1675.0,Peace Now
1,2014,1658.0,1660.0,1658.0,Peace Now
1,2015,1709.0,1709.0,1709.0,Peace Now
1,2016,1759.0,1759.0,1759.0,Peace Now
1,2017,1836.0,1836.0,1836.0,Peace Now
1,2018,1895.0,,1895.0,Peace Now
1,2019,1923.0,,1923.0,Peace Now
1,2020,2080.0,,2080.0,Peace Now
1,2021,2223.0,,2223.0,Peace Now
1,2022,2363.0,,2363.0,Peace Now
1,2023,2454.0,,2454.0,Peace Now
1,2024,2536.0,,2536.0,Peace Now
2,1969,0.0,,0.0,Peace Now
2,1970,0.0,,0.0,Peace Now
2,1971,0.0,,0.0,Peace Now
2,1972,0.0,,0.0,Peace Now
2,1973,0.0,,0.0,Peace Now
2,1974,0.0,,0.0,Peace Now
2,1975,0.0,,0.0,Peace Now
2,1976,0.0,,0.0,Peace Now
2,1977,0.0,,0.0,Peace Now
2,1978,0.0,,0.0,Peace Now
2,1979,0.0,,0.0,Peace Now
2,1982,0.0,,0.0,Peace Now
2,1985,0.0,,0.0,Peace Now
2,1986,0.0,,0.0,Peace Now
2,1987,0.0,,0.0,Peace Now
2,1988,0.0,,0.0,Peace Now
2,1989,0.0,,0.0,Peace Now
2,1990,0.0,,0.0,Peace Now
2,1991,0.0,,0.0,Peace Now
2,1992,0.0,,0.0,Peace Now
2,1993,0.0,,0.0,Peace Now
2,1994,0.0,,0.0,Peace Now
2,1995,0.0,,0.0,Peace Now
2,1996,0.0,,0.0,Peace Now
2,1997,0.0,,0.0,Peace Now
2,1998,0.0,,0.0,Peace Now
2,1999,0.0,,0.0,Peace Now
2,2000,0.0,,0.0,Peace Now
2,2001,0.0,,0.0,Peace Now
2,2002,0.0,,0.0,Peace Now
2,2003,0.0,,0.0,Peace Now
2,2004,0.0,,0.0,Peace Now
2,2005,0.0,,0.0,Peace Now
2,2006,0.0,,0.0,Peace Now
2,2007,0.0,,0.0,Peace Now
2,2009,100.0,100.0,100.0,Peace Now
2,2010,101.0,101.0,101.0,Peace Now
2,2011,119.0,119.0,119.0,Peace Now
2,2012,97.0,97.0,97.0,Peace Now
2,2013,112.0,112.0,112.0,Peace Now
2,2014,110.0,,110.0,Peace Now
2,2015,128.0,128.0,128.0,Peace Now
2,2016,193.0,193.0,193.0,Peace Now
2,2017,201.0,201.0,201.0,Peace Now
2,2018,185.0,,185.0,Peace Now
2,2019,237.0,,237.0,Peace Now
2,2020,255.0,,255.0,Peace Now
2,2021,260.0,,260.0,Peace Now
2,2022,249.0,,249.0,Peace Now
2,2023,271.0,,271.0,Peace Now
2,2024,286.0,,286.0,Peace Now
3,1969,0.0,,0.0,Peace Now
3,1970,0.0,,0.0,Peace Now
3,1971,0.0,,0.0,Peace Now
3,1972,0.0,,0.0,Peace Now
3,1973,0.0,,0.0,Peace Now
3,1974,0.0,,0.0,Peace Now
3,1975,0.0,,0.0,Peace Now
3,1976,0.0,,0.0,Peace Now
3,1977,0.0,,0.0,Peace Now
3,1978,0.0,,0.0,Peace Now
3,1979,0.0,,0.0,Peace Now
3,1983,0.0,,0.0,Peace Now
3,1993,165.0,,165.0,Peace Now
3,1994,184.0,,184.0,Peace Now
3,1995,191.0,,191.0,Peace Now
3,1996,207.0,207.0,207.0,Peace Now
3,1997,229.0,229.0,229.0,Peace Now
3,1998,264.0,300.0,264.0,Peace Now
3,1999,291.0,291.0,291.0,Peace Now
3,2000,271.0,271.0,271.0,Peace Now
3,2001,253.0,253.0,253.0,Peace Now
3,2002,205.0,205.0,205.0,Peace Now
3,2003,191.0,191.0,191.0,Peace Now
3,2004,186.0,186.0,186.0,Peace Now
3,2005,206.0,206.0,206.0,Peace Now
3,2006,220.0,220.0,220.0,Peace Now
3,2007,248.0,248.0,248.0,Peace Now
3,2008,248.0,248.0,248.0,Peace Now
3,2009,257.0,257.0,257.0,Peace Now
3,2010,240.0,240.0,240.0,Peace Now
3,2011,268.0,268.0,268.0,Peace Now
3,2012,278.0,278.0,278.0,Peace Now
3,2013,330.0,330.0,330.0,Peace Now
3,2014,367.0,370.0,367.0,Peace Now
3,2015,404.0,404.0,404.0,Peace Now
3,2016,421.0,421.0,421.0,Peace Now
3,2017,440.0,440.0,440.0,Peace Now
3,2018,440.0,,440.0,Peace Now
3,2019,462.0,,462.0,Peace Now
3,2020,447.0,,447.0,Peace Now
3,2021,474.0,,474.0,Peace Now
3,2022,515.0,,515.0,Peace Now
3,2023,534.0,,534.0,Peace Now
3,2024,541.0,,541.0,Peace Now
4,1969,0.0,,0.0,Peace Now
4,1970,0.0,,0.0,Peace Now
4,1971,0.0,,0.0,Peace Now
4,1972,0.0,,0.0,Peace Now
4,1973,0.0,,0.0,Peace Now
4,1974,0.0,,0.0,Peace Now
4,1975,0.0,,0.0,Peace Now
4,1976,0.0,,0.0,Peace Now
4,1977,0.0,,0.0,Peace Now
4,1978,0.0,,0.0,Peace Now
4,1979,0.0,,0.0,Peace Now
4,1982,0.0,,0.0,Peace Now
4,1983,0.0,,0.0,Peace Now
4,1985,232.0,,232.0,Peace Now
4,1986,618.0,,618.0,Peace Now
4,1987,1100.0,,1100.0,Peace Now
4,1988,1600.0,,1600.0,Peace Now
4,1989,1910.0,,1910.0,Peace Now
4,1990,2240.0,,2240.0,Peace Now
4,1991,2580.0,,2580.0,Peace Now
4,1992,2930.0,,2930.0,Peace Now
4,1993,3160.0,,3160.0,Peace Now
4,1994,3380.0,,3380.0,Peace Now
4,1995,3610.0,,3610.0,Peace Now
4,1996,4050.0,4050.0,4050.0,Peace Now
4,1997,4340.0,4340.0,4340.0,Peace Now
4,1998,4490.0,4500.0,4490.0,Peace Now
4,1999,4780.0,4778.0,4780.0,Peace Now
4,2000,5070.0,5070.0,5070.0,Peace Now
4,2001,5150.0,5150.0,5150.0,Peace Now
4,2002,5190.0,5190.0,5190.0,Peace Now
4,2003,5316.0,5316.0,5316.0,Peace Now
4,2004,5458.0,5458.0,5458.0,Peace Now
4,2005,5585.0,5585.0,5585.0,Peace Now
4,2006,5782.0,5782.0,5782.0,Peace Now
4,2007,5987.0,5987.0,5987.0,Peace Now
4,2008,6328.0,6328.0,6328.0,Peace Now
4,2009,5917.0,5917.0,5917.0,Peace Now
4,2010,6205.0,6205.0,6205.0,Peace Now
4,2011,6600.0,6600.0,6600.0,Peace Now
4,2012,7195.0,7195.0,7195.0,Peace Now
4,2013,7626.0,7626.0,7626.0,Peace Now
4,2014,8086.0,8090.0,8086.0,Peace Now
4,2015,8495.0,8495.0,8495.0,Peace Now
4,2016,8652.0,8652.0,8652.0,Peace Now
4,2017,8655.0,8655.0,8655.0,Peace Now
4,2018,8807.0,,8807.0,Peace Now
4,2019,8955.0,,8955.0,Peace Now
4,2020,8966.0,,8966.0,Peace Now
4,2021,9113.0,,9113.0,Peace Now
4,2022,9295.0,,9295.0,Peace Now
4,2023,10055.0,,10055.0,Peace Now
4,2024,9397.0,,9397.0,Peace Now
5,1969,0.0,,0.0,Peace Now
5,1970,0.0,,0.0,Peace Now
5,1971,0.0,,0.0,Peace Now
5,1972,0.0,,0.0,Peace Now
5,1973,0.0,,0.0,Peace Now
5,1974,0.0,,0.0,Peace Now
5,1975,0.0,,0.0,Peace Now
5,1976,0.0,,0.0,Peace Now
5,1977,0.0,,0.0,Peace Now
5,1978,0.0,,0.0,Peace Now
5,1979,0.0,,0.0,Peace Now
5,1982,0.0,,0.0,Peace Now
5,1983,0.0,,0.0,Peace Now
5,1985,0.0,,0.0,Peace Now
5,1986,0.0,,0.0,Peace Now
5,1987,0.0,,0.0,Peace Now
5,1988,0.0,,0.0,Peace Now
5,1989,0.0,,0.0,Peace Now
5,1990,0.0,,0.0,Peace Now
5,1991,0.0,,0.0,Peace Now
5,1992,235.0,,235.0,Peace Now
5,1993,267.0,,267.0,Peace Now
5,1994,273.0,,273.0,Peace Now
5,1995,298.0,,298.0,Peace Now
5,1996,361.0,361.0,361.0,Peace Now
5,1997,400.0,400.0,400.0,Peace Now
5,1998,439.0,400.0,439.0,Peace Now
5,1999,511.0,511.0,511.0,Peace Now
5,2000,541.0,541.0,541.0,Peace Now
5,2001,562.0,562.0,562.0,Peace Now
5,2002,534.0,534.0,534.0,Peace Now
5,2003,557.0,557.0,557.0,Peace Now
5,2004,600.0,600.0,600.0,Peace Now
5,2005,651.0,651.0,651.0,Peace Now
5,2006,698.0,698.0,698.0,Peace Now
5,2007,750.0,750.0,750.0,Peace Now
5,2008,785.0,785.0,785.0,Peace Now
5,2009,1032.0,1032.0,1032.0,Peace Now
5,2010,1101.0,1101.0,1101.0,Peace Now
5,2011,1181.0,1181.0,1181.0,Peace Now
5,2012,1024.0,1024.0,1024.0,Peace Now
5,2013,1026.0,1026.0,1026.0,Peace Now
5,2014,1275.0,1270.0,1275.0,Peace Now
5,2015,1305.0,1305.0,1305.0,Peace Now
5,2016,1151.0,1151.0,1151.0,Peace Now
5,2017,1199.0,1199.0,1199.0,Peace Now
5,2018,1238.0,,1238.0,Peace Now
5,2019,1269.0,,1269.0,Peace Now
5,2020,1285.0,,1285.0,Peace Now
5,2021,1355.0,,1355.0,Peace Now
5,2022,1470.0,,1470.0,Peace Now
5,2023,1670.0,,1670.0,Peace Now
5,2024,1596.0,,1596.0,Peace Now
6,1982,0.0,,0.0,Peace Now
6,1985,0.0,,0.0,Peace Now
6,1986,0.0,,0.0,Peace Now
6,1987,0.0,,0.0,Peace Now
6,1988,0.0,,0.0,Peace Now
6,1989,0.0,,0.0,Peace Now
6,1990,0.0,,0.0,Peace Now
6,1991,0.0,,0.0,Peace Now
6,1992,0.0,,0.0,Peace Now
6,1993,0.0,,0.0,Peace Now
6,1994,0.0,,0.0,Peace Now
6,1995,0.0,,0.0,Peace Now
6,1996,0.0,,0.0,Peace Now
6,1997,0.0,,0.0,Peace Now
6,1998,0.0,,0.0,Peace Now
6,1999,0.0,,0.0,Peace Now
6,2000,0.0,,0.0,Peace Now
6,2001,0.0,,0.0,Peace Now
6,2002,0.0,,0.0,Peace Now
6,2003,0.0,,0.0,Peace Now
6,2004,0.0,,0.0,Peace Now
6,2005,0.0,,0.0,Peace Now
6,2006,0.0,,0.0,Peace Now
6,2007,0.0,,0.0,Peace Now
7,1969,0.0,,0.0,Peace Now
7,1970,0.0,,0.0,Peace Now
7,1971,0.0,,0.0,Peace Now
7,1972,0.0,,0.0,Peace Now
7,1973,0.0,,0.0,Peace Now
7,1974,0.0,,0.0,Peace Now
7,1975,0.0,,0.0,Peace Now
7,1976,0.0,,0.0,Peace Now
7,1982,438.0,,438.0,Peace Now
7,1983,393.0,,393.0,Peace Now
7,1985,608.0,,608.0,Peace Now
7,1986,661.0,,661.0,Peace Now
7,1987,749.0,,749.0,Peace Now
7,1988,773.0,,773.0,Peace Now
7,1989,828.0,,828.0,Peace Now
7,1990,958.0,,958.0,Peace Now
7,1991,1190.0,,1190.0,Peace Now
7,1992,1210.0,,1210.0,Peace Now
7,1993,1140.0,,1140.0,Peace Now
7,1994,1120.0,,1120.0,Peace Now
7,1995,1130.0,,1130.0,Peace Now
7,1996,994.0,994.0,994.0,Peace Now
7,1997,1030.0,1030.0,1030.0,Peace Now
7,1998,1030.0,1000.0,1030.0,Peace Now
7,1999,1050.0,1054.0,1050.0,Peace Now
7,2000,1060.0,1060.0,1060.0,Peace Now
7,2001,1030.0,1030.0,1030.0,Peace Now
7,2002,1060.0,1060.0,1060.0,Peace Now
7,2003,1097.0,1097.0,1097.0,Peace Now
7,2004,1152.0,1152.0,1152.0,Peace Now
7,2005,1212.0,1212.0,1212.0,Peace Now
7,2006,1314.0,1314.0,1314.0,Peace Now
7,2007,1322.0,1322.0,1322.0,Peace Now
7,2008,1315.0,1315.0,1315.0,Peace Now
7,2009,1433.0,1433.0,1433.0,Peace Now
7,2010,1447.0,1447.0,1447.0,Peace Now
7,2011,1514.0,1514.0,1514.0,Peace Now
7,2012,1632.0,1632.0,1632.0,Peace Now
7,2013,1653.0,1653.0,1653.0,Peace Now
7,2014,1773.0,1770.0,1773.0,Peace Now
7,2015,1794.0,1794.0,1794.0,Peace Now
7,2016,1861.0,1861.0,1861.0,Peace Now
7,2017,1912.0,1912.0,1912.0,Peace Now
7,2018,1946.0,,1946.0,Peace Now
7,2019,1920.0,,1920.0,Peace Now
7,2020,2010.0,,2010.0,Peace Now
7,2021,2009.0,,2009.0,Peace Now
7,2022,2105.0,,2105.0,Peace Now
7,2023,2161.0,,2161.0,Peace Now
7,2024,2111.0,,2111.0,Peace Now
8,1969,0.0,,0.0,Peace Now
8,1982,1200.0,,1200.0,Peace Now
8,1983,1071.0,,1071.0,Peace Now
8,1985,1270.0,,1270.0,Peace Now
8,1986,1300.0,,1300.0,Peace Now
8,1987,1380.0,,1380.0,Peace Now
8,1988,1450.0,,1450.0,Peace Now
8,1989,1460.0,,1460.0,Peace Now
8,1990,1490.0,,1490.0,Peace Now
8,1991,1670.0,,1670.0,Peace Now
8,1992,1770.0,,1770.0,Peace Now
8,1993,1800.0,,1800.0,Peace Now
8,1994,1820.0,,1820.0,Peace Now
8,1995,1870.0,,1870.0,Peace Now
8,1996,1910.0,1910.0,1910.0,Peace Now
8,1997,1930.0,1930.0,1930.0,Peace Now
8,1998,1980.0,2000.0,1980.0,Peace Now
8,1999,2230.0,2232.0,2230.0,Peace Now
8,2000,2680.0,2680.0,2680.0,Peace Now
8,2001,2880.0,2880.0,2880.0,Peace Now
8,2002,3030.0,3030.0,3030.0,Peace Now
8,2003,3146.0,3146.0,3146.0,Peace Now
8,2004,3229.0,3229.0,3229.0,Peace Now
8,2005,3291.0,3291.0,3291.0,Peace Now
8,2006,3330.0,3330.0,3330.0,Peace Now
8,2007,3291.0,3291.0,3291.0,Peace Now
8,2008,3298.0,3298.0,3298.0,Peace Now
8,2009,2951.0,2951.0,2951.0,Peace Now
8,2010,3033.0,3033.0,3033.0,Peace Now
8,2011,3051.0,3051.0,3051.0,Peace Now
8,2012,3066.0,3066.0,3066.0,Peace Now
8,2013,3112.0,3112.0,3112.0,Peace Now
8,2014,3141.0,3140.0,3141.0,Peace Now
8,2015,3218.0,3218.0,3218.0,Peace Now
8,2016,3180.0,3180.0,3180.0,Peace Now
8,2017,3213.0,3213.0,3213.0,Peace Now
8,2018,3151.0,,3151.0,Peace Now
8,2019,3098.0,,3098.0,Peace Now
8,2020,3071.0,,3071.0,Peace Now
8,2021,3061.0,,3061.0,Peace Now
8,2022,3046.0,,3046.0,Peace Now
8,2023,3267.0,,3267.0,Peace Now
8,2024,2967.0,,2967.0,Peace Now
9,1982,0.0,,0.0,Peace Now
9,1983,57.0,,57.0,Peace Now
9,1985,0.0,,0.0,Peace Now
9,1986,0.0,,0.0,Peace Now
9,1987,0.0,,0.0,Peace Now
9,1988,0.0,,0.0,Peace Now
9,1989,0.0,,0.0,Peace Now
9,1990,0.0,,0.0,Peace Now
9,1991,0.0,,0.0,Peace Now
9,1992,0.0,,0.0,Peace Now
9,1993,103.0,,103.0,Peace Now
9,1994,102.0,,102.0,Peace Now
9,1995,125.0,,125.0,Peace Now
9,1996,145.0,145.0,145.0,Peace Now
9,1997,152.0,152.0,152.0,Peace Now
9,1998,157.0,200.0,157.0,Peace Now
9,1999,156.0,156.0,156.0,Peace Now
9,2000,167.0,167.0,167.0,Peace Now
9,2001,159.0,159.0,159.0,Peace Now
9,2002,155.0,155.0,155.0,Peace Now
9,2003,141.0,141.0,141.0,Peace Now
9,2004,142.0,142.0,142.0,Peace Now
9,2005,159.0,159.0,159.0,Peace Now
9,2006,192.0,192.0,192.0,Peace Now
9,2007,188.0,188.0,188.0,Peace Now
9,2008,197.0,197.0,197.0,Peace Now
9,2009,153.0,153.0,153.0,Peace Now
9,2010,170.0,170.0,170.0,Peace Now
9,2011,159.0,159.0,159.0,Peace Now
9,2012,178.0,178.0,178.0,Peace Now
9,2013,175.0,175.0,175.0,Peace Now
9,2014,179.0,180.0,179.0,Peace Now
9,2015,207.0,207.0,207.0,Peace Now
9,2016,239.0,239.0,239.0,Peace Now
9,2017,250.0,250.0,250.0,Peace Now
9,2018,253.0,,253.0,Peace Now
9,2019,255.0,,255.0,Peace Now
9,2020,246.0,,246.0,Peace Now
9,2021,256.0,,256.0,Peace Now
9,2022,236.0,,236.0,Peace Now
9,2023,306.0,,306.0,Peace Now
9,2024,264.0,,264.0,Peace Now
11,1969,0.0,,0.0,Peace Now
11,1970,0.0,,0.0,Peace Now
11,1971,0.0,,0.0,Peace Now
11,1972,0.0,,0.0,Peace Now
11,1973,0.0,,0.0,Peace Now
11,1974,0.0,,0.0,Peace Now
11,1982,0.0,,0.0,Peace Now
11,1983,133.0,,133.0,Peace Now
11,1985,0.0,,0.0,Peace Now
11,1986,264.0,,264.0,Peace Now
11,1987,0.0,,0.0,Peace Now
11,1988,0.0,,0.0,Peace Now
11,1989,0.0,,0.0,Peace Now
11,1990,267.0,,267.0,Peace Now
11,1991,278.0,,278.0,Peace Now
11,1992,327.0,,327.0,Peace Now
11,1993,359.0,,359.0,Peace Now
11,1994,398.0,,398.0,Peace Now
11,1995,417.0,,417.0,Peace Now
11,1996,397.0,397.0,397.0,Peace Now
11,1997,503.0,503.0,503.0,Peace Now
11,1998,663.0,700.0,663.0,Peace Now
11,1999,747.0,747.0,747.0,Peace Now
11,2000,784.0,784.0,784.0,Peace Now
11,2001,789.0,789.0,789.0,Peace Now
11,2002,796.0,796.0,796.0,Peace Now
11,2003,882.0,882.0,882.0,Peace Now
11,2004,993.0,993.0,993.0,Peace Now
11,2005,1131.0,1131.0,1131.0,Peace Now
11,2006,1314.0,1314.0,1314.0,Peace Now
11,2007,1547.0,1547.0,1547.0,Peace Now
11,2008,1706.0,1706.0,1706.0,Peace Now
11,2009,1837.0,1837.0,1837.0,Peace Now
11,2010,1905.0,1905.0,1905.0,Peace Now
11,2011,2081.0,2081.0,2081.0,Peace Now
11,2012,2302.0,2302.0,2302.0,Peace Now
11,2013,2389.0,2389.0,2389.0,Peace Now
11,2014,2532.0,2530.0,2532.0,Peace Now
11,2015,2577.0,2577.0,2577.0,Peace Now
11,2016,2568.0,2568.0,2568.0,Peace Now
11,2017,2571.0,2571.0,2571.0,Peace Now
11,2018,2510.0,,2510.0,Peace Now
11,2019,2459.0,,2459.0,Peace Now
11,2020,2487.0,,2487.0,Peace Now
11,2021,2561.0,,2561.0,Peace Now
11,2022,2615.0,,2615.0,Peace Now
11,2023,2567.0,,2567.0,Peace Now
11,2024,2712.0,,2712.0,Peace Now
12,1969,0.0,,0.0,Peace Now
12,1970,0.0,,0.0,Peace Now
12,1971,0.0,,0.0,Peace Now
12,1972,0.0,,0.0,Peace Now
12,1973,0.0,,0.0,Peace Now
12,1974,0.0,,0.0,Peace Now
12,1975,0.0,,0.0,Peace Now
12,1976,0.0,,0.0,Peace Now
12,1977,0.0,,0.0,Peace Now
12,1978,0.0,,0.0,Peace Now
12,1979,0.0,,0.0,Peace Now
12,1982,0.0,,0.0,Peace Now
12,1983,0.0,,0.0,Peace Now
12,1985,1260.0,,1260.0,Peace Now
12,1986,1680.0,,1680.0,Peace Now
12,1987,1910.0,,1910.0,Peace Now
12,1988,2110.0,,2110.0,Peace Now
12,1989,2330.0,,2330.0,Peace Now
12,1990,2560.0,,2560.0,Peace Now
12,1991,2860.0,,2860.0,Peace Now
12,1992,3170.0,,3170.0,Peace Now
12,1993,3720.0,,3720.0,Peace Now
12,1994,4030.0,,4030.0,Peace Now
12,1995,4130.0,,4130.0,Peace Now
12,1996,4210.0,4210.0,4210.0,Peace Now
12,1997,4260.0,4260.0,4260.0,Peace Now
12,1998,4360.0,4400.0,4360.0,Peace Now
12,1999,4410.0,4414.0,4410.0,Peace Now
12,2000,4580.0,4580.0,4580.0,Peace Now
12,2001,5040.0,5040.0,5040.0,Peace Now
12,2002,5250.0,5250.0,5250.0,Peace Now
12,2003,5347.0,5347.0,5347.0,Peace Now
12,2004,5433.0,5433.0,5433.0,Peace Now
12,2005,5541.0,5541.0,5541.0,Peace Now
12,2006,5826.0,5826.0,5826.0,Peace Now
12,2007,6164.0,6164.0,6164.0,Peace Now
12,2008,6633.0,6633.0,6633.0,Peace Now
12,2009,6718.0,6718.0,6718.0,Peace Now
12,2010,7079.0,7079.0,7079.0,Peace Now
12,2011,7423.0,7423.0,7423.0,Peace Now
12,2012,7574.0,7574.0,7574.0,Peace Now
12,2013,7583.0,7583.0,7583.0,Peace Now
12,2014,7614.0,7610.0,7614.0,Peace Now
12,2015,7638.0,7638.0,7638.0,Peace Now
12,2016,7780.0,7780.0,7780.0,Peace Now
12,2017,7801.0,7801.0,7801.0,Peace Now
12,2018,7865.0,,7865.0,Peace Now
12,2019,7952.0,,7952.0,Peace Now
12,2020,7997.0,,7997.0,Peace Now
12,2021,7967.0,,7967.0,Peace Now
12,2022,7975.0,,7975.0,Peace Now
12,2023,8126.0,,8126.0,Peace Now
12,2024,8000.0,,8000.0,Peace Now
13,1969,0.0,,0.0,Peace Now
13,1970,0.0,,0.0,Peace Now
13,1971,0.0,,0.0,Peace Now
13,1972,0.0,,0.0,Peace Now
13,1973,0.0,,0.0,Peace Now
13,1974,0.0,,0.0,Peace Now
13,1975,0.0,,0.0,Peace Now
13,1976,0.0,,0.0,Peace Now
13,1982,650.0,,650.0,Peace Now
13,1983,607.0,,607.0,Peace Now
13,1985,1070.0,,1070.0,Peace Now
13,1986,1390.0,,1390.0,Peace Now
13,1987,1560.0,,1560.0,Peace Now
13,1988,1690.0,,1690.0,Peace Now
13,1989,1850.0,,1850.0,Peace Now
13,1990,2120.0,,2120.0,Peace Now
13,1991,2360.0,,2360.0,Peace Now
13,1992,2480.0,,2480.0,Peace Now
13,1993,2600.0,,2600.0,Peace Now
13,1994,2710.0,,2710.0,Peace Now
13,1995,2840.0,,2840.0,Peace Now
13,1996,2750.0,2750.0,2750.0,Peace Now
13,1997,2840.0,2840.0,2840.0,Peace Now
13,1998,2920.0,2900.0,2920.0,Peace Now
13,1999,356.0,2941.0,356.0,Peace Now
13,2000,2990.0,2990.0,2990.0,Peace Now
13,2001,3030.0,3030.0,3030.0,Peace Now
13,2002,3030.0,3030.0,3030.0,Peace Now
13,2003,3050.0,3050.0,3050.0,Peace Now
13,2004,2983.0,2983.0,2983.0,Peace Now
13,2005,2963.0,2963.0,2963.0,Peace Now
13,2006,2968.0,2968.0,2968.0,Peace Now
13,2007,3000.0,3000.0,3000.0,Peace Now
13,2008,3098.0,3098.0,3098.0,Peace Now
13,2009,3483.0,3483.0,3483.0,Peace Now
13,2010,3587.0,3587.0,3587.0,Peace Now
13,2011,3746.0,3746.0,3746.0,Peace Now
13,2012,3860.0,3860.0,3860.0,Peace Now
13,2013,3871.0,3871.0,3871.0,Peace Now
13,2014,3871.0,3870.0,3871.0,Peace Now
13,2015,3945.0,3945.0,3945.0,Peace Now
13,2016,3898.0,3898.0,3898.0,Peace Now
13,2017,3884.0,3884.0,3884.0,Peace Now
13,2018,3812.0,,3812.0,Peace Now
13,2019,3838.0,,3838.0,Peace Now
13,2020,3911.0,,3911.0,Peace Now
13,2021,4071.0,,4071.0,Peace Now
13,2022,4301.0,,4301.0,Peace Now
13,2023,4392.0,,4392.0,Peace Now
13,2024,4453.0,,4453.0,Peace Now
14,1969,0.0,,0.0,Peace Now
14,1970,0.0,,0.0,Peace Now
14,1971,0.0,,0.0,Peace Now
14,1972,0.0,,0.0,Peace Now
14,1973,0.0,,0.0,Peace Now
14,1974,0.0,,0.0,Peace Now
14,1975,0.0,,0.0,Peace Now
14,1976,0.0,,0.0,Peace Now
14,1977,0.0,,0.0,Peace Now
14,1978,0.0,,0.0,Peace Now
14,1979,0.0,,0.0,Peace Now
14,1982,0.0,,0.0,Peace Now
14,1983,0.0,,0.0,Peace Now
14,1985,0.0,,0.0,Peace Now
14,1986,0.0,,0.0,Peace Now
14,1987,0.0,,0.0,Peace Now
14,1988,0.0,,0.0,Peace Now
14,1989,0.0,,0.0,Peace Now
14,1990,0.0,,0.0,Peace Now
14,1991,0.0,,0.0,Peace Now
14,1992,237.0,,237.0,Peace Now
14,1993,286.0,,286.0,Peace Now
14,1994,299.0,,299.0,Peace Now
14,1995,292.0,,292.0,Peace Now
14,1996,329.0,329.0,329.0,Peace Now
14,1997,356.0,356.0,356.0,Peace Now
14,1998,368.0,400.0,368.0,Peace Now
14,1999,356.0,356.0,356.0,Peace Now
14,2000,361.0,361.0,361.0,Peace Now
14,2001,308.0,308.0,308.0,Peace Now
14,2002,218.0,218.0,218.0,Peace Now
14,2003,232.0,232.0,232.0,Peace Now
14,2004,275.0,275.0,275.0,Peace Now
14,2005,258.0,258.0,258.0,Peace Now
14,2006,257.0,257.0,257.0,Peace Now
14,2007,263.0,263.0,263.0,Peace Now
14,2008,253.0,253.0,253.0,Peace Now
14,2009,377.0,377.0,377.0,Peace Now
14,2010,401.0,401.0,401.0,Peace Now
14,2011,410.0,410.0,410.0,Peace Now
14,2012,469.0,469.0,469.0,Peace Now
14,2013,510.0,510.0,510.0,Peace Now
14,2014,535.0,540.0,535.0,Peace Now
14,2015,583.0,583.0,583.0,Peace Now
14,2016,688.0,688.0,688.0,Peace Now
14,2017,729.0,729.0,729.0,Peace Now
14,2018,835.0,,835.0,Peace Now
14,2019,932.0,,932.0,Peace Now
14,2020,986.0,,986.0,Peace Now
14,2021,1114.0,,1114.0,Peace Now
14,2022,1228.0,,1228.0,Peace Now
14,2023,1362.0,,1362.0,Peace Now
14,2024,1394.0,,1394.0,Peace Now
15,1969,0.0,,0.0,Peace Now
15,1970,0.0,,0.0,Peace Now
15,1971,0.0,,0.0,Peace Now
15,1972,0.0,,0.0,Peace Now
15,1973,0.0,,0.0,Peace Now
15,1974,0.0,,0.0,Peace Now
15,1975,0.0,,0.0,Peace Now
15,1976,0.0,,0.0,Peace Now
15,1977,0.0,,0.0,Peace Now
15,1978,0.0,,0.0,Peace Now
15,1979,0.0,,0.0,Peace Now
15,1982,0.0,,0.0,Peace Now
15,1983,207.0,,207.0,Peace Now
15,1985,903.0,,903.0,Peace Now
15,1986,1170.0,,1170.0,Peace Now
15,1987,1490.0,,1490.0,Peace Now
15,1988,1760.0,,1760.0,Peace Now
15,1989,2070.0,,2070.0,Peace Now
15,1990,2420.0,,2420.0,Peace Now
15,1991,3030.0,,3030.0,Peace Now
15,1992,3520.0,,3520.0,Peace Now
15,1993,4050.0,,4050.0,Peace Now
15,1994,4650.0,,4650.0,Peace Now
15,1995,5280.0,,5280.0,Peace Now
15,1996,5630.0,5630.0,5630.0,Peace Now
15,1997,5930.0,5930.0,5930.0,Peace Now
15,1998,6120.0,6100.0,6120.0,Peace Now
15,1999,6230.0,6231.0,6230.0,Peace Now
15,2000,6430.0,6430.0,6430.0,Peace Now
15,2001,6540.0,6540.0,6540.0,Peace Now
15,2002,6810.0,6810.0,6810.0,Peace Now
15,2003,7037.0,7037.0,7037.0,Peace Now
15,2004,7273.0,7273.0,7273.0,Peace Now
15,2005,7428.0,7428.0,7428.0,Peace Now
15,2006,7714.0,7714.0,7714.0,Peace Now
15,2007,8015.0,8015.0,8015.0,Peace Now
15,2008,8167.0,8167.0,8167.0,Peace Now
15,2009,7183.0,7183.0,7183.0,Peace Now
15,2010,7454.0,7454.0,7454.0,Peace Now
15,2011,7685.0,7685.0,7685.0,Peace Now
15,2012,7812.0,7812.0,7812.0,Peace Now
15,2013,7912.0,7912.0,7912.0,Peace Now
15,2014,8131.0,8130.0,8131.0,Peace Now
15,2015,8301.0,8301.0,8301.0,Peace Now
15,2016,8658.0,8658.0,8658.0,Peace Now
15,2017,9116.0,9116.0,9116.0,Peace Now
15,2018,10088.0,,10088.0,Peace Now
15,2019,10806.0,,10806.0,Peace Now
15,2020,11405.0,,11405.0,Peace Now
15,2021,11804.0,,11804.0,Peace Now
15,2022,11853.0,,11853.0,Peace Now
15,2023,12300.0,,12300.0,Peace Now
15,2024,11940.0,,11940.0,Peace Now
16,1982,0.0,,0.0,Peace Now
16,1983,100.0,,100.0,Peace Now
16,1985,0.0,,0.0,Peace Now
16,1986,0.0,,0.0,Peace Now
16,1987,0.0,,0.0,Peace Now
16,1988,0.0,,0.0,Peace Now
16,1989,0.0,,0.0,Peace Now
16,1990,0.0,,0.0,Peace Now
16,1991,0.0,,0.0,Peace Now
16,1992,0.0,,0.0,Peace Now
16,1993,164.0,,164.0,Peace Now
16,1994,165.0,,165.0,Peace Now
16,1995,169.0,,169.0,Peace Now
16,1996,148.0,148.0,148.0,Peace Now
16,1997,157.0,157.0,157.0,Peace Now
16,1998,152.0,200.0,152.0,Peace Now
16,1999,155.0,155.0,155.0,Peace Now
16,2000,164.0,164.0,164.0,Peace Now
16,2001,160.0,160.0,160.0,Peace Now
16,2002,167.0,167.0,167.0,Peace Now
16,2003,169.0,169.0,169.0,Peace Now
16,2004,166.0,166.0,166.0,Peace Now
16,2005,166.0,166.0,166.0,Peace Now
16,2006,166.0,166.0,166.0,Peace Now
16,2007,170.0,170.0,170.0,Peace Now
16,2008,166.0,166.0,166.0,Peace Now
16,2009,166.0,166.0,166.0,Peace Now
16,2010,169.0,169.0,169.0,Peace Now
16,2011,163.0,163.0,163.0,Peace Now
16,2012,132.0,132.0,132.0,Peace Now
16,2013,130.0,130.0,130.0,Peace Now
16,2014,128.0,130.0,128.0,Peace Now
16,2015,133.0,133.0,133.0,Peace Now
16,2016,131.0,131.0,131.0,Peace Now
16,2017,128.0,128.0,128.0,Peace Now
16,2018,133.0,,133.0,Peace Now
16,2019,133.0,,133.0,Peace Now
16,2020,134.0,,134.0,Peace Now
16,2021,133.0,,133.0,Peace Now
16,2022,131.0,,131.0,Peace Now
16,2023,160.0,,160.0,Peace Now
16,2024,141.0,,141.0,Peace Now
17,1969,0.0,,0.0,Peace Now
17,1970,0.0,,0.0,Peace Now
17,1971,0.0,,0.0,Peace Now
17,1972,0.0,,0.0,Peace Now
17,1973,0.0,,0.0,Peace Now
17,1974,0.0,,0.0,Peace Now
17,1975,0.0,,0.0,Peace Now
17,1976,0.0,,0.0,Peace Now
17,1977,0.0,,0.0,Peace Now
17,1980,700.0,,700.0,Peace Now
17,1982,1340.0,,1340.0,Peace Now
17,1983,1222.0,,1222.0,Peace Now
17,1985,3220.0,,3220.0,Peace Now
17,1986,4480.0,,4480.0,Peace Now
17,1987,5300.0,,5300.0,Peace Now
17,1988,6160.0,,6160.0,Peace Now
17,1989,7000.0,,7000.0,Peace Now
17,1990,8010.0,,8010.0,Peace Now
17,1991,9050.0,,9050.0,Peace Now
17,1992,10400.0,,10400.0,Peace Now
17,1993,11800.0,,11800.0,Peace Now
17,1994,12800.0,,12800.0,Peace Now
17,1995,13800.0,,13800.0,Peace Now
17,1996,13800.0,13800.0,13800.0,Peace Now
17,1997,14300.0,14300.0,14300.0,Peace Now
17,1998,14400.0,14400.0,14400.0,Peace Now
17,1999,15100.0,15127.0,15100.0,Peace Now
17,2000,15600.0,15600.0,15600.0,Peace Now
17,2001,16000.0,16000.0,16000.0,Peace Now
17,2002,16300.0,16300.0,16300.0,Peace Now
17,2003,16053.0,16503.0,16053.0,Peace Now
17,2004,16414.0,16414.0,16414.0,Peace Now
17,2005,16520.0,16520.0,16520.0,Peace Now
17,2006,16432.0,16432.0,16432.0,Peace Now
17,2007,16613.0,16613.0,16613.0,Peace Now
17,2008,16716.0,16716.0,16716.0,Peace Now
17,2009,17559.0,17559.0,17559.0,Peace Now
17,2010,17668.0,17668.0,17668.0,Peace Now
17,2011,17849.0,17849.0,17849.0,Peace Now
17,2012,18176.0,18176.0,18176.0,Peace Now
17,2013,18089.0,18089.0,18089.0,Peace Now
17,2014,18391.0,18390.0,18391.0,Peace Now
17,2015,18717.0,18717.0,18717.0,Peace Now
17,2016,19220.0,19220.0,19220.0,Peace Now
17,2017,19626.0,19626.0,19626.0,Peace Now
17,2018,20456.0,,20456.0,Peace Now
17,2019,20540.0,,20540.0,Peace Now
17,2020,19582.0,,19582.0,Peace Now
17,2021,19647.0,,19647.0,Peace Now
17,2022,20520.0,,20520.0,Peace Now
17,2023,21841.0,,21841.0,Peace Now
17,2024,21004.0,,21004.0,Peace Now
18,1969,0.0,,0.0,Peace Now
18,1970,0.0,,0.0,Peace Now
18,1971,0.0,,0.0,Peace Now
18,1972,0.0,,0.0,Peace Now
18,1973,0.0,,0.0,Peace Now
18,1974,0.0,,0.0,Peace Now
18,1975,0.0,,0.0,Peace Now
18,1976,0.0,,0.0,Peace Now
18,1977,0.0,,0.0,Peace Now
18,1978,0.0,,0.0,Peace Now
18,1979,0.0,,0.0,Peace Now
18,1982,0.0,,0.0,Peace Now
18,1983,0.0,,0.0,Peace Now
18,1985,0.0,,0.0,Peace Now
18,1986,0.0,,0.0,Peace Now
18,1987,0.0,,0.0,Peace Now
18,1988,0.0,,0.0,Peace Now
18,1989,0.0,,0.0,Peace Now
18,1990,0.0,,0.0,Peace Now
18,1991,0.0,,0.0,Peace Now
18,1992,0.0,,0.0,Peace Now
18,1993,0.0,,0.0,Peace Now
18,1994,0.0,,0.0,Peace Now
18,1995,0.0,,0.0,Peace Now
18,1996,101.0,101.0,101.0,Peace Now
18,1997,126.0,126.0,126.0,Peace Now
18,1998,143.0,100.0,143.0,Peace Now
18,1999,148.0,148.0,148.0,Peace Now
18,2000,171.0,171.0,171.0,Peace Now
18,2001,209.0,209.0,209.0,Peace Now
18,2002,220.0,220.0,220.0,Peace Now
18,2003,220.0,220.0,220.0,Peace Now
18,2004,231.0,231.0,231.0,Peace Now
18,2005,225.0,225.0,225.0,Peace Now
18,2006,225.0,225.0,225.0,Peace Now
18,2007,229.0,229.0,229.0,Peace Now
18,2008,518.0,518.0,518.0,Peace Now
18,2009,578.0,578.0,578.0,Peace Now
18,2010,619.0,619.0,619.0,Peace Now
18,2011,661.0,661.0,661.0,Peace Now
18,2012,510.0,510.0,510.0,Peace Now
18,2013,491.0,491.0,491.0,Peace Now
18,2014,494.0,490.0,494.0,Peace Now
18,2015,494.0,494.0,494.0,Peace Now
18,2016,515.0,515.0,515.0,Peace Now
18,2017,521.0,521.0,521.0,Peace Now
18,2018,567.0,,567.0,Peace Now
18,2019,577.0,,577.0,Peace Now
18,2020,588.0,,588.0,Peace Now
18,2021,609.0,,609.0,Peace Now
18,2022,623.0,,623.0,Peace Now
18,2023,635.0,,635.0,Peace Now
18,2024,633.0,,633.0,Peace Now
19,1969,0.0,,0.0,Peace Now
19,1970,0.0,,0.0,Peace Now
19,1971,0.0,,0.0,Peace Now
19,1972,0.0,,0.0,Peace Now
19,1973,0.0,,0.0,Peace Now
19,1974,0.0,,0.0,Peace Now
19,1975,0.0,,0.0,Peace Now
19,1976,0.0,,0.0,Peace Now
19,1982,450.0,,450.0,Peace Now
19,1983,537.0,,537.0,Peace Now
19,1985,1273.0,,1273.0,Peace Now
19,1986,1445.0,,1445.0,Peace Now
19,1987,1608.0,,1608.0,Peace Now
19,1988,1700.0,,1700.0,Peace Now
19,1989,1840.0,,1840.0,Peace Now
19,1990,2023.0,,2023.0,Peace Now
19,1991,2300.0,,2300.0,Peace Now
19,1992,2690.0,,2690.0,Peace Now
19,1993,2910.0,,2910.0,Peace Now
19,1994,3110.0,,3110.0,Peace Now
19,1995,3340.0,,3340.0,Peace Now
19,1996,3350.0,3350.0,3350.0,Peace Now
19,1997,3450.0,3450.0,3450.0,Peace Now
19,1998,3570.0,3700.0,3570.0,Peace Now
19,1999,3800.0,3801.0,3800.0,Peace Now
19,2000,4120.0,4120.0,4120.0,Peace Now
19,2001,4240.0,4240.0,4240.0,Peace Now
19,2002,4410.0,4410.0,4410.0,Peace Now
19,2003,4627.0,4627.0,4627.0,Peace Now
19,2004,4763.0,4763.0,4763.0,Peace Now
19,2005,4967.0,4967.0,4967.0,Peace Now
19,2006,5163.0,5163.0,5163.0,Peace Now
19,2007,5288.0,5288.0,5288.0,Peace Now
19,2008,5413.0,5413.0,5413.0,Peace Now
19,2009,5499.0,5499.0,5499.0,Peace Now
19,2010,5626.0,5626.0,5626.0,Peace Now
19,2011,5808.0,5808.0,5808.0,Peace Now
19,2012,5897.0,5897.0,5897.0,Peace Now
19,2013,5899.0,5899.0,5899.0,Peace Now
19,2014,5991.0,5990.0,5991.0,Peace Now
19,2015,6046.0,6046.0,6046.0,Peace Now
19,2016,6115.0,6115.0,6115.0,Peace Now
19,2017,6101.0,6101.0,6101.0,Peace Now
19,2018,6042.0,,6042.0,Peace Now
19,2019,5973.0,,5973.0,Peace Now
19,2020,5684.0,,5684.0,Peace Now
19,2021,5682.0,,5682.0,Peace Now
19,2022,6108.0,,6108.0,Peace Now
19,2023,6040.0,,6040.0,Peace Now
19,2024,6469.0,,6469.0,Peace Now
21,1969,0.0,,0.0,Peace Now
21,1970,0.0,,0.0,Peace Now
21,1971,0.0,,0.0,Peace Now
21,1972,0.0,,0.0,Peace Now
21,1973,0.0,,0.0,Peace Now
21,1974,0.0,,0.0,Peace Now
21,1975,0.0,,0.0,Peace Now
21,1976,0.0,,0.0,Peace Now
21,1977,0.0,,0.0,Peace Now
21,1978,0.0,,0.0,Peace Now
21,1979,0.0,,0.0,Peace Now
21,1982,252.0,,252.0,Peace Now
21,1983,246.0,,246.0,Peace Now
21,1985,402.0,,402.0,Peace Now
21,1986,586.0,,586.0,Peace Now
21,1987,624.0,,624.0,Peace Now
21,1988,677.0,,677.0,Peace Now
21,1989,734.0,,734.0,Peace Now
21,1990,916.0,,916.0,Peace Now
21,1991,1120.0,,1120.0,Peace Now
21,1992,1310.0,,1310.0,Peace Now
21,1993,1630.0,,1630.0,Peace Now
21,1994,1910.0,,1910.0,Peace Now
21,1995,1990.0,,1990.0,Peace Now
21,1996,2110.0,2461.0,2110.0,Peace Now
21,1997,2160.0,2636.0,2160.0,Peace Now
21,1998,2230.0,2700.0,2230.0,Peace Now
21,1999,2330.0,2953.0,2330.0,Peace Now
21,2000,2380.0,3066.0,2380.0,Peace Now
21,2001,2410.0,3173.0,2410.0,Peace Now
21,2002,2480.0,3290.0,2480.0,Peace Now
21,2003,2522.0,3392.0,2522.0,Peace Now
21,2004,3446.0,3446.0,3446.0,Peace Now
21,2005,3457.0,3457.0,3457.0,Peace Now
21,2006,3502.0,3502.0,3502.0,Peace Now
21,2007,3606.0,3606.0,3606.0,Peace Now
21,2008,3767.0,3767.0,3767.0,Peace Now
21,2009,3711.0,3711.0,3711.0,Peace Now
21,2010,3909.0,3909.0,3909.0,Peace Now
21,2011,4057.0,4057.0,4057.0,Peace Now
21,2012,4166.0,4166.0,4166.0,Peace Now
21,2013,4322.0,4322.0,4322.0,Peace Now
21,2014,4516.0,4520.0,4516.0,Peace Now
21,2015,4721.0,4721.0,4721.0,Peace Now
21,2016,4842.0,4842.0,4842.0,Peace Now
21,2017,4955.0,4955.0,4955.0,Peace Now
21,2018,5139.0,,5139.0,Peace Now
21,2019,5253.0,,5253.0,Peace Now
21,2020,5351.0,,5351.0,Peace Now
21,2021,5409.0,,5409.0,Peace Now
21,2022,5517.0,,5517.0,Peace Now
21,2023,5516.0,,5516.0,Peace Now
21,2024,5603.0,,5603.0,Peace Now
22,1969,0.0,,0.0,Peace Now
22,1970,0.0,,0.0,Peace Now
22,1971,0.0,,0.0,Peace Now
22,1972,0.0,,0.0,Peace Now
22,1973,0.0,,0.0,Peace Now
22,1974,0.0,,0.0,Peace Now
22,1975,0.0,,0.0,Peace Now
22,1976,0.0,,0.0,Peace Now
22,1977,0.0,,0.0,Peace Now
22,1978,0.0,,0.0,Peace Now
22,1979,0.0,,0.0,Peace Now
22,1982,0.0,,0.0,Peace Now
22,1983,0.0,,0.0,Peace Now
22,1985,0.0,,0.0,Peace Now
22,1986,0.0,,0.0,Peace Now
22,1987,0.0,,0.0,Peace Now
22,1988,0.0,,0.0,Peace Now
22,1989,0.0,,0.0,Peace Now
22,1990,0.0,,0.0,Peace Now
22,1991,0.0,,0.0,Peace Now
22,1992,0.0,,0.0,Peace Now
22,1993,0.0,,0.0,Peace Now
22,1994,0.0,,0.0,Peace Now
22,1995,0.0,,0.0,Peace Now
22,1996,26.0,26.0,26.0,Peace Now
22,1997,35.0,35.0,35.0,Peace Now
22,1998,42.0,,42.0,Peace Now
22,1999,45.0,45.0,45.0,Peace Now
22,2000,55.0,55.0,55.0,Peace Now
22,2001,59.0,59.0,59.0,Peace Now
22,2002,52.0,52.0,52.0,Peace Now
22,2003,54.0,54.0,54.0,Peace Now
22,2004,69.0,69.0,69.0,Peace Now
22,2005,83.0,83.0,83.0,Peace Now
22,2006,87.0,87.0,87.0,Peace Now
22,2007,102.0,102.0,102.0,Peace Now
22,2008,96.0,96.0,96.0,Peace Now
22,2009,95.0,95.0,95.0,Peace Now
22,2010,120.0,120.0,120.0,Peace Now
22,2011,122.0,122.0,122.0,Peace Now
22,2012,119.0,119.0,119.0,Peace Now
22,2013,132.0,132.0,132.0,Peace Now
22,2014,134.0,130.0,134.0,Peace Now
22,2015,159.0,159.0,159.0,Peace Now
22,2016,183.0,183.0,183.0,Peace Now
22,2017,222.0,222.0,222.0,Peace Now
22,2018,290.0,,290.0,Peace Now
22,2019,350.0,,350.0,Peace Now
22,2020,398.0,,398.0,Peace Now
22,2021,451.0,,451.0,Peace Now
22,2022,508.0,,508.0,Peace Now
22,2023,565.0,,565.0,Peace Now
22,2024,557.0,,557.0,Peace Now
23,1969,0.0,,0.0,Peace Now
23,1970,0.0,,0.0,Peace Now
23,1971,0.0,,0.0,Peace Now
23,1972,0.0,,0.0,Peace Now
23,1973,0.0,,0.0,Peace Now
23,1974,0.0,,0.0,Peace Now
23,1975,0.0,,0.0,Peace Now
23,1976,0.0,,0.0,Peace Now
23,1982,0.0,,0.0,Peace Now
23,1983,90.0,,90.0,Peace Now
23,1985,233.0,,233.0,Peace Now
23,1986,265.0,,265.0,Peace Now
23,1987,292.0,,292.0,Peace Now
23,1988,325.0,,325.0,Peace Now
23,1989,341.0,,341.0,Peace Now
23,1990,424.0,,424.0,Peace Now
23,1991,465.0,,465.0,Peace Now
23,1992,519.0,,519.0,Peace Now
23,1993,558.0,,558.0,Peace Now
23,1994,570.0,,570.0,Peace Now
23,1995,595.0,,595.0,Peace Now
23,1996,622.0,622.0,622.0,Peace Now
23,1997,630.0,630.0,630.0,Peace Now
23,1998,656.0,700.0,656.0,Peace Now
23,1999,720.0,720.0,720.0,Peace Now
23,2000,772.0,772.0,772.0,Peace Now
23,2001,822.0,822.0,822.0,Peace Now
23,2002,826.0,826.0,826.0,Peace Now
23,2003,822.0,822.0,822.0,Peace Now
23,2004,825.0,825.0,825.0,Peace Now
23,2005,848.0,848.0,848.0,Peace Now
23,2006,900.0,900.0,900.0,Peace Now
23,2007,979.0,979.0,979.0,Peace Now
23,2008,1034.0,1034.0,1034.0,Peace Now
23,2009,1024.0,1024.0,1024.0,Peace Now
23,2010,1115.0,1115.0,1115.0,Peace Now
23,2011,1118.0,1118.0,1118.0,Peace Now
23,2012,1149.0,1149.0,1149.0,Peace Now
23,2013,1175.0,1175.0,1175.0,Peace Now
23,2014,1218.0,1220.0,1218.0,Peace Now
23,2015,1228.0,1228.0,1228.0,Peace Now
23,2016,1240.0,1240.0,1240.0,Peace Now
23,2017,1274.0,1274.0,1274.0,Peace Now
23,2018,1362.0,,1362.0,Peace Now
23,2019,1437.0,,1437.0,Peace Now
23,2020,1454.0,,1454.0,Peace Now
23,2021,1468.0,,1468.0,Peace Now
23,2022,1442.0,,1442.0,Peace Now
23,2023,1496.0,,1496.0,Peace Now
23,2024,1434.0,,1434.0,Peace Now
24,1969,0.0,,0.0,Peace Now
24,1970,0.0,,0.0,Peace Now
24,1971,0.0,,0.0,Peace Now
24,1972,0.0,,0.0,Peace Now
24,1973,0.0,,0.0,Peace Now
24,1974,0.0,,0.0,Peace Now
24,1975,0.0,,0.0,Peace Now
24,1976,0.0,,0.0,Peace Now
24,1977,0.0,,0.0,Peace Now
24,1978,0.0,,0.0,Peace Now
24,1979,0.0,,0.0,Peace Now
24,1982,0.0,,0.0,Peace Now
24,1983,0.0,,0.0,Peace Now
24,1985,0.0,,0.0,Peace Now
24,1986,0.0,,0.0,Peace Now
24,1987,0.0,,0.0,Peace Now
24,1988,0.0,,0.0,Peace Now
24,1989,0.0,,0.0,Peace Now
24,1990,395.0,,395.0,Peace Now
24,1991,1220.0,,1220.0,Peace Now
24,1992,2610.0,,2610.0,Peace Now
24,1993,3940.0,,3940.0,Peace Now
24,1994,4880.0,,4880.0,Peace Now
24,1995,5540.0,,5540.0,Peace Now
24,1996,7570.0,7570.0,7570.0,Peace Now
24,1997,9760.0,9760.0,9760.0,Peace Now
24,1998,11300.0,11300.0,11300.0,Peace Now
24,1999,12700.0,12692.0,12700.0,Peace Now
24,2000,15800.0,15800.0,15800.0,Peace Now
24,2001,17300.0,17300.0,17300.0,Peace Now
24,2002,20200.0,20200.0,20200.0,Peace Now
24,2003,22926.0,22926.0,22926.0,Peace Now
24,2004,24895.0,24895.0,24895.0,Peace Now
24,2005,26996.0,26996.0,26996.0,Peace Now
24,2006,29126.0,29126.0,29126.0,Peace Now
24,2007,32182.0,32182.0,32182.0,Peace Now
24,2008,34829.0,34829.0,34829.0,Peace Now
24,2009,34999.0,34999.0,34999.0,Peace Now
24,2010,37575.0,37575.0,37575.0,Peace Now
24,2011,39710.0,39710.0,39710.0,Peace Now
24,2012,42467.0,42467.0,42467.0,Peace Now
24,2013,44927.0,44927.0,44927.0,Peace Now
24,2014,46874.0,46870.0,46874.0,Peace Now
24,2015,49343.0,49343.0,49343.0,Peace Now
24,2016,51636.0,51636.0,51636.0,Peace Now
24,2017,54557.0,54557.0,54557.0,Peace Now
24,2018,56746.0,,56746.0,Peace Now
24,2019,59269.0,,59269.0,Peace Now
24,2020,61125.0,,61125.0,Peace Now
24,2021,63220.0,,63220.0,Peace Now
24,2022,64016.0,,64016.0,Peace Now
24,2023,69281.0,,69281.0,Peace Now
24,2024,68293.0,,68293.0,Peace Now
25,1969,0.0,,0.0,Peace Now
25,1970,0.0,,0.0,Peace Now
25,1971,0.0,,0.0,Peace Now
25,1982,0.0,,0.0,Peace Now
25,1983,150.0,,150.0,Peace Now
25,1985,0.0,,0.0,Peace Now
25,1986,0.0,,0.0,Peace Now
25,1987,0.0,,0.0,Peace Now
25,1988,0.0,,0.0,Peace Now
25,1989,0.0,,0.0,Peace Now
25,1990,0.0,,0.0,Peace Now
25,1991,0.0,,0.0,Peace Now
25,1992,0.0,,0.0,Peace Now
25,1993,173.0,,173.0,Peace Now
25,1994,180.0,,180.0,Peace Now
25,1995,174.0,,174.0,Peace Now
25,1996,142.0,142.0,142.0,Peace Now
25,1997,144.0,144.0,144.0,Peace Now
25,1998,146.0,100.0,146.0,Peace Now
25,1999,144.0,144.0,144.0,Peace Now
25,2000,144.0,144.0,144.0,Peace Now
25,2001,153.0,153.0,153.0,Peace Now
25,2002,147.0,147.0,147.0,Peace Now
25,2003,145.0,145.0,145.0,Peace Now
25,2004,152.0,152.0,152.0,Peace Now
25,2005,156.0,156.0,156.0,Peace Now
25,2006,171.0,171.0,171.0,Peace Now
25,2007,175.0,175.0,175.0,Peace Now
25,2008,173.0,173.0,173.0,Peace Now
25,2009,160.0,160.0,160.0,Peace Now
25,2010,162.0,162.0,162.0,Peace Now
25,2011,165.0,165.0,165.0,Peace Now
25,2012,175.0,175.0,175.0,Peace Now
25,2013,172.0,172.0,172.0,Peace Now
25,2014,171.0,170.0,171.0,Peace Now
25,2015,182.0,182.0,182.0,Peace Now
25,2016,187.0,187.0,187.0,Peace Now
25,2017,184.0,184.0,184.0,Peace Now
25,2018,176.0,,176.0,Peace Now
25,2019,181.0,,181.0,Peace Now
25,2020,192.0,,192.0,Peace Now
25,2021,186.0,,186.0,Peace Now
25,2022,187.0,,187.0,Peace Now
25,2023,247.0,,247.0,Peace Now
25,2024,192.0,,192.0,Peace Now
26,1969,0.0,,0.0,Peace Now
26,1970,0.0,,0.0,Peace Now
26,1971,0.0,,0.0,Peace Now
26,1972,0.0,,0.0,Peace Now
26,1973,0.0,,0.0,Peace Now
26,1974,0.0,,0.0,Peace Now
26,1975,0.0,,0.0,Peace Now
26,1976,0.0,,0.0,Peace Now
26,1977,0.0,,0.0,Peace Now
26,1978,0.0,,0.0,Peace Now
26,1979,0.0,,0.0,Peace Now
26,2012,479.0,479.0,479.0,Peace Now
26,2013,602.0,602.0,602.0,Peace Now
26,2014,675.0,680.0,675.0,Peace Now
26,2015,719.0,719.0,719.0,Peace Now
26,2016,818.0,818.0,818.0,Peace Now
26,2017,919.0,919.0,919.0,Peace Now
26,2018,1093.0,,1093.0,Peace Now
26,2019,1165.0,,1165.0,Peace Now
26,2020,1478.0,,1478.0,Peace Now
26,2021,2129.0,,2129.0,Peace Now
26,2022,2412.0,,2412.0,Peace Now
26,2023,2793.0,,2793.0,Peace Now
26,2024,2723.0,,2723.0,Peace Now
27,1969,0.0,,0.0,Peace Now
27,1970,0.0,,0.0,Peace Now
27,1971,0.0,,0.0,Peace Now
27,1972,0.0,,0.0,Peace Now
27,1973,0.0,,0.0,Peace Now
27,1974,0.0,,0.0,Peace Now
27,1975,0.0,,0.0,Peace Now
27,1976,0.0,,0.0,Peace Now
27,1977,0.0,,0.0,Peace Now
27,1978,0.0,,0.0,Peace Now
27,1979,0.0,,0.0,Peace Now
27,1982,0.0,,0.0,Peace Now
27,1983,58.0,,58.0,Peace Now
27,1985,0.0,,0.0,Peace Now
27,1986,0.0,,0.0,Peace Now
27,1987,0.0,,0.0,Peace Now
27,1988,0.0,,0.0,Peace Now
27,1989,0.0,,0.0,Peace Now
27,1990,0.0,,0.0,Peace Now
27,1991,205.0,,205.0,Peace Now
27,1992,259.0,,259.0,Peace Now
27,1993,278.0,,278.0,Peace Now
27,1994,319.0,,319.0,Peace Now
27,1995,372.0,,372.0,Peace Now
27,1996,587.0,587.0,587.0,Peace Now
27,1997,668.0,668.0,668.0,Peace Now
27,1998,686.0,700.0,686.0,Peace Now
27,1999,714.0,714.0,714.0,Peace Now
27,2000,752.0,752.0,752.0,Peace Now
27,2001,783.0,783.0,783.0,Peace Now
27,2002,817.0,817.0,817.0,Peace Now
27,2003,880.0,880.0,880.0,Peace Now
27,2004,970.0,970.0,970.0,Peace Now
27,2005,1094.0,1094.0,1094.0,Peace Now
27,2006,1182.0,1182.0,1182.0,Peace Now
27,2007,1275.0,1275.0,1275.0,Peace Now
27,2008,1364.0,1364.0,1364.0,Peace Now
27,2009,1533.0,1533.0,1533.0,Peace Now
27,2010,1691.0,1691.0,1691.0,Peace Now
27,2011,1769.0,1769.0,1769.0,Peace Now
27,2012,1922.0,1922.0,1922.0,Peace Now
27,2013,2047.0,2047.0,2047.0,Peace Now
27,2014,2195.0,,2195.0,Peace Now
27,2015,2267.0,2267.0,2267.0,Peace Now
27,2016,2339.0,2339.0,2339.0,Peace Now
27,2017,2468.0,2468.0,2468.0,Peace Now
27,2018,2620.0,,2620.0,Peace Now
27,2019,2757.0,,2757.0,Peace Now
27,2020,2927.0,,2927.0,Peace Now
27,2021,3062.0,,3062.0,Peace Now
27,2022,3165.0,,3165.0,Peace Now
27,2023,3394.0,,3394.0,Peace Now
27,2024,3301.0,,3301.0,Peace Now
28,1969,0.0,,0.0,Peace Now
28,1970,0.0,,0.0,Peace Now
28,1971,0.0,,0.0,Peace Now
28,1972,0.0,,0.0,Peace Now
28,1973,0.0,,0.0,Peace Now
28,1974,0.0,,0.0,Peace Now
28,1975,0.0,,0.0,Peace Now
28,1976,0.0,,0.0,Peace Now
28,1977,0.0,,0.0,Peace Now
28,1978,0.0,,0.0,Peace Now
28,1979,0.0,,0.0,Peace Now
28,1982,0.0,,0.0,Peace Now
28,1983,172.0,,172.0,Peace Now
28,1985,254.0,,254.0,Peace Now
28,1986,290.0,,290.0,Peace Now
28,1987,0.0,,0.0,Peace Now
28,1988,0.0,,0.0,Peace Now
28,1989,380.0,,380.0,Peace Now
28,1990,425.0,,425.0,Peace Now
28,1991,485.0,,485.0,Peace Now
28,1992,669.0,,669.0,Peace Now
28,1993,763.0,,763.0,Peace Now
28,1994,827.0,,827.0,Peace Now
28,1995,929.0,,929.0,Peace Now
28,1996,962.0,962.0,962.0,Peace Now
28,1997,975.0,975.0,975.0,Peace Now
28,1998,1010.0,1000.0,1010.0,Peace Now
28,1999,1080.0,1076.0,1080.0,Peace Now
28,2000,1150.0,1150.0,1150.0,Peace Now
28,2001,1160.0,1160.0,1160.0,Peace Now
28,2002,1200.0,1200.0,1200.0,Peace Now
28,2003,1217.0,1217.0,1217.0,Peace Now
28,2004,1215.0,1215.0,1215.0,Peace Now
28,2005,1231.0,1231.0,1231.0,Peace Now
28,2006,1257.0,1257.0,1257.0,Peace Now
28,2007,1267.0,1267.0,1267.0,Peace Now
28,2008,1317.0,1317.0,1317.0,Peace Now
28,2009,1359.0,1359.0,1359.0,Peace Now
28,2010,1401.0,1401.0,1401.0,Peace Now
28,2011,1464.0,1464.0,1464.0,Peace Now
28,2012,1502.0,1502.0,1502.0,Peace Now
28,2013,1536.0,1536.0,1536.0,Peace Now
28,2014,1627.0,1630.0,1627.0,Peace Now
28,2015,1741.0,1741.0,1741.0,Peace Now
28,2016,1798.0,1798.0,1798.0,Peace Now
28,2017,1825.0,1825.0,1825.0,Peace Now
28,2018,1833.0,,1833.0,Peace Now
28,2019,1895.0,,1895.0,Peace Now
28,2020,1933.0,,1933.0,Peace Now
28,2021,2005.0,,2005.0,Peace Now
28,2022,2040.0,,2040.0,Peace Now
28,2023,2169.0,,2169.0,Peace Now
28,2024,2119.0,,2119.0,Peace Now
29,1969,0.0,,0.0,Peace Now
29,1970,0.0,,0.0,Peace Now
29,1971,0.0,,0.0,Peace Now
29,1972,0.0,,0.0,Peace Now
29,1973,0.0,,0.0,Peace Now
29,1974,0.0,,0.0,Peace Now
29,1975,0.0,,0.0,Peace Now
29,1976,0.0,,0.0,Peace Now
29,1977,0.0,,0.0,Peace Now
29,1978,0.0,,0.0,Peace Now
29,1979,0.0,,0.0,Peace Now
29,1982,0.0,,0.0,Peace Now
29,1983,0.0,,0.0,Peace Now
29,1985,0.0,,0.0,Peace Now
29,1986,0.0,,0.0,Peace Now
29,1987,0.0,,0.0,Peace Now
29,1988,0.0,,0.0,Peace Now
29,1989,0.0,,0.0,Peace Now
29,1990,0.0,,0.0,Peace Now
29,1991,0.0,,0.0,Peace Now
29,1992,0.0,,0.0,Peace Now
29,1993,0.0,,0.0,Peace Now
29,1994,319.0,,319.0,Peace Now
29,1995,365.0,,365.0,Peace Now
29,1996,430.0,430.0,430.0,Peace Now
29,1997,459.0,459.0,459.0,Peace Now
29,1998,500.0,500.0,500.0,Peace Now
29,1999,572.0,572.0,572.0,Peace Now
29,2000,610.0,610.0,610.0,Peace Now
29,2001,665.0,665.0,665.0,Peace Now
29,2002,685.0,685.0,685.0,Peace Now
29,2003,767.0,767.0,767.0,Peace Now
29,2004,796.0,796.0,796.0,Peace Now
29,2005,804.0,804.0,804.0,Peace Now
29,2006,866.0,866.0,866.0,Peace Now
29,2007,906.0,906.0,906.0,Peace Now
29,2008,950.0,950.0,950.0,Peace Now
29,2009,900.0,900.0,900.0,Peace Now
29,2010,987.0,987.0,987.0,Peace Now
29,2011,1034.0,1034.0,1034.0,Peace Now
29,2012,1117.0,1117.0,1117.0,Peace Now
29,2013,1186.0,1186.0,1186.0,Peace Now
29,2014,1196.0,1200.0,1196.0,Peace Now
29,2015,1226.0,1226.0,1226.0,Peace Now
29,2016,1307.0,1307.0,1307.0,Peace Now
29,2017,1428.0,1428.0,1428.0,Peace Now
29,2018,1545.0,,1545.0,Peace Now
29,2019,1568.0,,1568.0,Peace Now
29,2020,1605.0,,1605.0,Peace Now
29,2021,1673.0,,1673.0,Peace Now
29,2022,1730.0,,1730.0,Peace Now
29,2023,1869.0,,1869.0,Peace Now
29,2024,1814.0,,1814.0,Peace Now
30,1969,0.0,,0.0,Peace Now
30,1970,0.0,,0.0,Peace Now
30,1971,0.0,,0.0,Peace Now
30,1972,0.0,,0.0,Peace Now
30,1973,0.0,,0.0,Peace Now
30,1974,0.0,,0.0,Peace Now
30,1975,0.0,,0.0,Peace Now
30,1976,0.0,,0.0,Peace Now
30,1977,0.0,,0.0,Peace Now
30,1978,0.0,,0.0,Peace Now
30,1979,0.0,,0.0,Peace Now
30,1982,0.0,,0.0,Peace Now
30,1983,0.0,,0.0,Peace Now
30,1985,0.0,,0.0,Peace Now
30,1986,0.0,,0.0,Peace Now
30,1987,0.0,,0.0,Peace Now
30,1988,0.0,,0.0,Peace Now
30,1989,0.0,,0.0,Peace Now
30,1990,0.0,,0.0,Peace Now
30,1991,0.0,,0.0,Peace Now
30,1992,273.0,,273.0,Peace Now
30,1993,330.0,,330.0,Peace Now
30,1994,361.0,,361.0,Peace Now
30,1995,404.0,,404.0,Peace Now
30,1996,526.0,526.0,526.0,Peace Now
30,1997,562.0,562.0,562.0,Peace Now
30,1998,627.0,600.0,627.0,Peace Now
30,1999,707.0,707.0,707.0,Peace Now
30,2000,1020.0,1020.0,1020.0,Peace Now
30,2001,1300.0,1300.0,1300.0,Peace Now
30,2002,1570.0,1570.0,1570.0,Peace Now
30,2003,1801.0,1801.0,1801.0,Peace Now
30,2004,2032.0,2032.0,2032.0,Peace Now
30,2005,2436.0,2436.0,2436.0,Peace Now
30,2006,3183.0,3183.0,3183.0,Peace Now
30,2007,3574.0,3574.0,3574.0,Peace Now
30,2008,3731.0,3731.0,3731.0,Peace Now
30,2009,4157.0,4157.0,4157.0,Peace Now
30,2010,4370.0,4370.0,4370.0,Peace Now
30,2011,4487.0,4487.0,4487.0,Peace Now
30,2012,4674.0,4674.0,4674.0,Peace Now
30,2013,4860.0,4860.0,4860.0,Peace Now
30,2014,5065.0,,5065.0,Peace Now
30,2015,5232.0,5232.0,5232.0,Peace Now
30,2016,5278.0,5278.0,5278.0,Peace Now
30,2017,5409.0,5409.0,5409.0,Peace Now
30,2018,5525.0,,5525.0,Peace Now
30,2019,5682.0,,5682.0,Peace Now
30,2020,5761.0,,5761.0,Peace Now
30,2021,5857.0,,5857.0,Peace Now
30,2022,5913.0,,5913.0,Peace Now
30,2023,5827.0,,5827.0,Peace Now
30,2024,6115.0,,6115.0,Peace Now
31,1969,0.0,,0.0,Peace Now
31,1970,0.0,,0.0,Peace Now
31,1971,0.0,,0.0,Peace Now
31,1972,0.0,,0.0,Peace Now
31,1973,0.0,,0.0,Peace Now
31,1974,0.0,,0.0,Peace Now
31,1975,0.0,,0.0,Peace Now
31,1976,0.0,,0.0,Peace Now
31,1977,0.0,,0.0,Peace Now
31,1978,0.0,,0.0,Peace Now
31,1979,0.0,,0.0,Peace Now
31,1982,0.0,,0.0,Peace Now
31,1985,0.0,,0.0,Peace Now
31,1986,0.0,,0.0,Peace Now
31,1987,0.0,,0.0,Peace Now
31,1988,0.0,,0.0,Peace Now
31,1989,0.0,,0.0,Peace Now
31,1990,0.0,,0.0,Peace Now
31,1991,0.0,,0.0,Peace Now
31,1992,0.0,,0.0,Peace Now
31,1993,0.0,,0.0,Peace Now
31,1994,0.0,,0.0,Peace Now
31,1995,0.0,,0.0,Peace Now
31,1996,0.0,,0.0,Peace Now
31,1997,0.0,,0.0,Peace Now
31,1998,0.0,,0.0,Peace Now
31,1999,0.0,,0.0,Peace Now
31,2000,0.0,,0.0,Peace Now
31,2001,0.0,,0.0,Peace Now
31,2002,0.0,,0.0,Peace Now
31,2003,0.0,,0.0,Peace Now
31,2004,0.0,,0.0,Peace Now
31,2005,0.0,,0.0,Peace Now
31,2006,0.0,,0.0,Peace Now
31,2007,0.0,,0.0,Peace Now
32,1969,0.0,,0.0,Peace Now
32,1970,0.0,,0.0,Peace Now
32,1971,0.0,,0.0,Peace Now
32,1972,0.0,,0.0,Peace Now
32,1973,0.0,,0.0,Peace Now
32,1974,0.0,,0.0,Peace Now
32,1975,0.0,,0.0,Peace Now
32,1976,0.0,,0.0,Peace Now
32,1977,0.0,,0.0,Peace Now
32,1978,0.0,,0.0,Peace Now
32,1979,0.0,,0.0,Peace Now
32,1982,0.0,,0.0,Peace Now
32,1983,92.0,,92.0,Peace Now
32,1985,0.0,,0.0,Peace Now
32,1986,318.0,,318.0,Peace Now
32,1987,346.0,,346.0,Peace Now
32,1988,411.0,,411.0,Peace Now
32,1989,433.0,,433.0,Peace Now
32,1990,519.0,,519.0,Peace Now
32,1991,649.0,,649.0,Peace Now
32,1992,657.0,,657.0,Peace Now
32,1993,773.0,,773.0,Peace Now
32,1994,826.0,,826.0,Peace Now
32,1995,935.0,,935.0,Peace Now
32,1996,972.0,972.0,972.0,Peace Now
32,1997,1050.0,1050.0,1050.0,Peace Now
32,1998,1140.0,1100.0,1140.0,Peace Now
32,1999,1180.0,1183.0,1180.0,Peace Now
32,2000,1190.0,1190.0,1190.0,Peace Now
32,2001,1220.0,1220.0,1220.0,Peace Now
32,2002,1220.0,1220.0,1220.0,Peace Now
32,2003,1224.0,1224.0,1224.0,Peace Now
32,2004,1179.0,1179.0,1179.0,Peace Now
32,2005,1147.0,1147.0,1147.0,Peace Now
32,2006,1181.0,1181.0,1181.0,Peace Now
32,2007,1192.0,1192.0,1192.0,Peace Now
32,2008,1166.0,1166.0,1166.0,Peace Now
32,2009,1113.0,1113.0,1113.0,Peace Now
32,2010,1097.0,1097.0,1097.0,Peace Now
32,2011,1072.0,1072.0,1072.0,Peace Now
32,2012,1131.0,1131.0,1131.0,Peace Now
32,2013,1152.0,1152.0,1152.0,Peace Now
32,2014,1161.0,1160.0,1161.0,Peace Now
32,2015,1151.0,1151.0,1151.0,Peace Now
32,2016,1135.0,1135.0,1135.0,Peace Now
32,2017,1139.0,1139.0,1139.0,Peace Now
32,2018,1086.0,,1086.0,Peace Now
32,2019,1066.0,,1066.0,Peace Now
32,2020,1043.0,,1043.0,Peace Now
32,2021,1021.0,,1021.0,Peace Now
32,2022,996.0,,996.0,Peace Now
32,2023,1189.0,,1189.0,Peace Now
32,2024,1022.0,,1022.0,Peace Now
33,1969,0.0,,0.0,Peace Now
33,1970,0.0,,0.0,Peace Now
33,1971,0.0,,0.0,Peace Now
33,1972,0.0,,0.0,Peace Now
33,1973,0.0,,0.0,Peace Now
33,1974,0.0,,0.0,Peace Now
33,1975,0.0,,0.0,Peace Now
33,1976,0.0,,0.0,Peace Now
33,1977,0.0,,0.0,Peace Now
33,1978,0.0,,0.0,Peace Now
33,1979,0.0,,0.0,Peace Now
33,1982,0.0,,0.0,Peace Now
33,1985,0.0,,0.0,Peace Now
33,1986,0.0,,0.0,Peace Now
33,1987,0.0,,0.0,Peace Now
33,1988,0.0,,0.0,Peace Now
33,1989,0.0,,0.0,Peace Now
33,1990,0.0,,0.0,Peace Now
33,1991,0.0,,0.0,Peace Now
33,1992,0.0,,0.0,Peace Now
33,1993,0.0,,0.0,Peace Now
33,1994,0.0,,0.0,Peace Now
33,1995,0.0,,0.0,Peace Now
33,1996,0.0,,0.0,Peace Now
33,1997,0.0,,0.0,Peace Now
33,1998,0.0,,0.0,Peace Now
33,1999,0.0,,0.0,Peace Now
33,2000,0.0,,0.0,Peace Now
33,2001,0.0,,0.0,Peace Now
33,2002,0.0,,0.0,Peace Now
33,2003,0.0,,0.0,Peace Now
33,2004,0.0,,0.0,Peace Now
33,2005,0.0,,0.0,Peace Now
33,2006,0.0,,0.0,Peace Now
33,2007,0.0,,0.0,Peace Now
34,1969,0.0,,0.0,Peace Now
34,1970,0.0,,0.0,Peace Now
34,1971,0.0,,0.0,Peace Now
34,1972,0.0,,0.0,Peace Now
34,1973,0.0,,0.0,Peace Now
34,1974,0.0,,0.0,Peace Now
34,1975,0.0,,0.0,Peace Now
34,1976,0.0,,0.0,Peace Now
34,1977,0.0,,0.0,Peace Now
34,1978,0.0,,0.0,Peace Now
34,1979,0.0,,0.0,Peace Now
34,1982,0.0,,0.0,Peace Now
34,1983,0.0,,0.0,Peace Now
34,1985,2250.0,,2250.0,Peace Now
34,1986,2950.0,,2950.0,Peace Now
34,1987,3400.0,,3400.0,Peace Now
34,1988,3760.0,,3760.0,Peace Now
34,1989,4250.0,,4250.0,Peace Now
34,1990,4780.0,,4780.0,Peace Now
34,1991,5580.0,,5580.0,Peace Now
34,1992,6080.0,,6080.0,Peace Now
34,1993,6380.0,,6380.0,Peace Now
34,1994,6750.0,,6750.0,Peace Now
34,1995,7120.0,,7120.0,Peace Now
34,1996,7840.0,7840.0,7840.0,Peace Now
34,1997,8950.0,8950.0,8950.0,Peace Now
34,1998,9720.0,9700.0,9720.0,Peace Now
34,1999,10000.0,10038.0,10000.0,Peace Now
34,2000,10300.0,10300.0,10300.0,Peace Now
34,2001,10500.0,10500.0,10500.0,Peace Now
34,2002,10600.0,10600.0,10600.0,Peace Now
34,2003,10790.0,10790.0,10790.0,Peace Now
34,2004,10635.0,10635.0,10635.0,Peace Now
34,2005,10656.0,10656.0,10656.0,Peace Now
34,2006,10796.0,10796.0,10796.0,Peace Now
34,2007,10873.0,10873.0,10873.0,Peace Now
34,2008,11063.0,11063.0,11063.0,Peace Now
34,2009,10779.0,10779.0,10779.0,Peace Now
34,2010,11764.0,11764.0,11764.0,Peace Now
34,2011,12632.0,12632.0,12632.0,Peace Now
34,2012,13466.0,13466.0,13466.0,Peace Now
34,2013,14349.0,14349.0,14349.0,Peace Now
34,2014,15094.0,15090.0,15094.0,Peace Now
34,2015,16123.0,16123.0,16123.0,Peace Now
34,2016,16865.0,16865.0,16865.0,Peace Now
34,2017,17323.0,17323.0,17323.0,Peace Now
34,2018,17922.0,,17922.0,Peace Now
34,2019,18420.0,,18420.0,Peace Now
34,2020,19225.0,,19225.0,Peace Now
34,2021,20034.0,,20034.0,Peace Now
34,2022,21097.0,,21097.0,Peace Now
34,2023,24193.0,,24193.0,Peace Now
34,2024,22503.0,,22503.0,Peace Now
35,1969,0.0,,0.0,Peace Now
35,1970,0.0,,0.0,Peace Now
35,1971,0.0,,0.0,Peace Now
35,1972,0.0,,0.0,Peace Now
35,1982,0.0,,0.0,Peace Now
35,1983,113.0,,113.0,Peace Now
35,1985,0.0,,0.0,Peace Now
35,1986,0.0,,0.0,Peace Now
35,1987,0.0,,0.0,Peace Now
35,1988,0.0,,0.0,Peace Now
35,1989,0.0,,0.0,Peace Now
35,1990,0.0,,0.0,Peace Now
35,1991,0.0,,0.0,Peace Now
35,1992,0.0,,0.0,Peace Now
35,1993,137.0,,137.0,Peace Now
35,1994,138.0,,138.0,Peace Now
35,1995,137.0,,137.0,Peace Now
35,1996,108.0,108.0,108.0,Peace Now
35,1997,106.0,106.0,106.0,Peace Now
35,1998,120.0,200.0,120.0,Peace Now
35,1999,109.0,109.0,109.0,Peace Now
35,2000,100.0,100.0,100.0,Peace Now
35,2001,102.0,102.0,102.0,Peace Now
35,2002,95.0,95.0,95.0,Peace Now
35,2003,119.0,119.0,119.0,Peace Now
35,2004,161.0,161.0,161.0,Peace Now
35,2005,191.0,191.0,191.0,Peace Now
35,2006,214.0,214.0,214.0,Peace Now
35,2007,214.0,214.0,214.0,Peace Now
35,2008,231.0,231.0,231.0,Peace Now
35,2009,259.0,259.0,259.0,Peace Now
35,2010,297.0,297.0,297.0,Peace Now
35,2011,302.0,302.0,302.0,Peace Now
35,2012,308.0,308.0,308.0,Peace Now
35,2013,324.0,324.0,324.0,Peace Now
35,2014,362.0,360.0,362.0,Peace Now
35,2015,376.0,376.0,376.0,Peace Now
35,2016,430.0,430.0,430.0,Peace Now
35,2017,457.0,457.0,457.0,Peace Now
35,2018,476.0,,476.0,Peace Now
35,2019,505.0,,505.0,Peace Now
35,2020,497.0,,497.0,Peace Now
35,2021,498.0,,498.0,Peace Now
35,2022,502.0,,502.0,Peace Now
35,2023,567.0,,567.0,Peace Now
35,2024,547.0,,547.0,Peace Now
36,1969,0.0,,0.0,Peace Now
36,1982,0.0,,0.0,Peace Now
36,1983,118.0,,118.0,Peace Now
36,1985,0.0,,0.0,Peace Now
36,1986,0.0,,0.0,Peace Now
36,1987,0.0,,0.0,Peace Now
36,1988,0.0,,0.0,Peace Now
36,1989,0.0,,0.0,Peace Now
36,1990,0.0,,0.0,Peace Now
36,1991,0.0,,0.0,Peace Now
36,1992,0.0,,0.0,Peace Now
36,1993,164.0,,164.0,Peace Now
36,1994,169.0,,169.0,Peace Now
36,1995,184.0,,184.0,Peace Now
36,1996,171.0,171.0,171.0,Peace Now
36,1997,170.0,170.0,170.0,Peace Now
36,1998,157.0,200.0,157.0,Peace Now
36,1999,164.0,164.0,164.0,Peace Now
36,2000,180.0,180.0,180.0,Peace Now
36,2001,171.0,171.0,171.0,Peace Now
36,2002,161.0,161.0,161.0,Peace Now
36,2003,162.0,162.0,162.0,Peace Now
36,2004,164.0,164.0,164.0,Peace Now
36,2005,164.0,164.0,164.0,Peace Now
36,2006,162.0,162.0,162.0,Peace Now
36,2007,148.0,148.0,148.0,Peace Now
36,2008,140.0,140.0,140.0,Peace Now
36,2009,172.0,172.0,172.0,Peace Now
36,2010,166.0,166.0,166.0,Peace Now
36,2011,167.0,167.0,167.0,Peace Now
36,2012,167.0,167.0,167.0,Peace Now
36,2013,168.0,168.0,168.0,Peace Now
36,2014,169.0,170.0,169.0,Peace Now
36,2015,171.0,171.0,171.0,Peace Now
36,2016,178.0,178.0,178.0,Peace Now
36,2017,180.0,180.0,180.0,Peace Now
36,2018,178.0,,178.0,Peace Now
36,2019,203.0,,203.0,Peace Now
36,2020,217.0,,217.0,Peace Now
36,2021,223.0,,223.0,Peace Now
36,2022,229.0,,229.0,Peace Now
36,2023,209.0,,209.0,Peace Now
36,2024,239.0,,239.0,Peace Now
37,1969,0.0,,0.0,Peace Now
37,1970,0.0,,0.0,Peace Now
37,1971,0.0,,0.0,Peace Now
37,1972,0.0,,0.0,Peace Now
37,1973,0.0,,0.0,Peace Now
37,1974,0.0,,0.0,Peace Now
37,1975,0.0,,0.0,Peace Now
37,1976,0.0,,0.0,Peace Now
37,1977,0.0,,0.0,Peace Now
37,1978,0.0,,0.0,Peace Now
37,1979,0.0,,0.0,Peace Now
37,2015,2347.0,,2347.0,Peace Now
37,2016,2411.0,,2411.0,Peace Now
37,2017,2445.0,,2445.0,Peace Now
37,2018,2488.0,,2488.0,Peace Now
37,2019,2603.0,,2603.0,Peace Now
37,2020,2716.0,,2716.0,Peace Now
37,2021,2688.0,,2688.0,Peace Now
37,2022,2735.0,,2735.0,Peace Now
37,2023,3239.0,,3239.0,Peace Now
37,2024,2772.0,,2772.0,Peace Now
38,1969,0.0,,0.0,Peace Now
38,1970,0.0,,0.0,Peace Now
38,1971,0.0,,0.0,Peace Now
38,1972,0.0,,0.0,Peace Now
38,1973,0.0,,0.0,Peace Now
38,1974,0.0,,0.0,Peace Now
38,1975,0.0,,0.0,Peace Now
38,1976,0.0,,0.0,Peace Now
38,1977,0.0,,0.0,Peace Now
38,1978,0.0,,0.0,Peace Now
38,1979,0.0,,0.0,Peace Now
38,1982,0.0,,0.0,Peace Now
38,1983,0.0,,0.0,Peace Now
38,1985,0.0,,0.0,Peace Now
38,1986,0.0,,0.0,Peace Now
38,1987,0.0,,0.0,Peace Now
38,1988,0.0,,0.0,Peace Now
38,1989,0.0,,0.0,Peace Now
38,1990,271.0,,271.0,Peace Now
38,1991,310.0,,310.0,Peace Now
38,1992,403.0,,403.0,Peace Now
38,1993,424.0,,424.0,Peace Now
38,1994,471.0,,471.0,Peace Now
38,1995,540.0,,540.0,Peace Now
38,1996,609.0,609.0,609.0,Peace Now
38,1997,690.0,690.0,690.0,Peace Now
38,1998,755.0,800.0,755.0,Peace Now
38,1999,850.0,850.0,850.0,Peace Now
38,2000,880.0,880.0,880.0,Peace Now
38,2001,907.0,907.0,907.0,Peace Now
38,2002,909.0,909.0,909.0,Peace Now
38,2003,973.0,973.0,973.0,Peace Now
38,2004,963.0,963.0,963.0,Peace Now
38,2005,1034.0,1034.0,1034.0,Peace Now
38,2006,1100.0,1100.0,1100.0,Peace Now
38,2007,1154.0,1154.0,1154.0,Peace Now
38,2008,1230.0,1230.0,1230.0,Peace Now
38,2009,1137.0,1137.0,1137.0,Peace Now
38,2010,1195.0,1195.0,1195.0,Peace Now
38,2011,1282.0,1282.0,1282.0,Peace Now
38,2012,1306.0,1306.0,1306.0,Peace Now
38,2013,1310.0,1310.0,1310.0,Peace Now
38,2014,1281.0,1280.0,1281.0,Peace Now
38,2015,1302.0,1302.0,1302.0,Peace Now
38,2016,1331.0,1331.0,1331.0,Peace Now
38,2017,1400.0,1400.0,1400.0,Peace Now
38,2018,1341.0,,1341.0,Peace Now
38,2019,1448.0,,1448.0,Peace Now
38,2020,1513.0,,1513.0,Peace Now
38,2021,1569.0,,1569.0,Peace Now
38,2022,1613.0,,1613.0,Peace Now
38,2023,1598.0,,1598.0,Peace Now
38,2024,1614.0,,1614.0,Peace Now
39,1969,0.0,,0.0,Peace Now
39,1970,0.0,,0.0,Peace Now
39,1971,0.0,,0.0,Peace Now
39,1972,0.0,,0.0,Peace Now
39,1973,0.0,,0.0,Peace Now
39,1974,0.0,,0.0,Peace Now
39,1975,0.0,,0.0,Peace Now
39,1976,0.0,,0.0,Peace Now
39,1977,0.0,,0.0,Peace Now
39,1978,0.0,,0.0,Peace Now
39,1979,0.0,,0.0,Peace Now
39,1982,0.0,,0.0,Peace Now
39,1983,0.0,,0.0,Peace Now
39,1985,0.0,,0.0,Peace Now
39,1986,0.0,,0.0,Peace Now
39,1987,413.0,,413.0,Peace Now
39,1988,626.0,,626.0,Peace Now
39,1989,929.0,,929.0,Peace Now
39,1990,1150.0,,1150.0,Peace Now
39,1991,1250.0,,1250.0,Peace Now
39,1992,1330.0,,1330.0,Peace Now
39,1993,1380.0,,1380.0,Peace Now
39,1994,1430.0,,1430.0,Peace Now
39,1995,1430.0,,1430.0,Peace Now
39,1996,1440.0,1440.0,1440.0,Peace Now
39,1997,1430.0,1430.0,1430.0,Peace Now
39,1998,1380.0,1400.0,1380.0,Peace Now
39,1999,1380.0,1377.0,1380.0,Peace Now
39,2000,1420.0,1420.0,1420.0,Peace Now
39,2001,1570.0,1570.0,1570.0,Peace Now
39,2002,1730.0,1730.0,1730.0,Peace Now
39,2003,1839.0,1839.0,1839.0,Peace Now
39,2004,2074.0,2074.0,2074.0,Peace Now
39,2005,2260.0,2260.0,2260.0,Peace Now
39,2006,2438.0,2438.0,2438.0,Peace Now
39,2007,2743.0,2743.0,2743.0,Peace Now
39,2008,3115.0,3115.0,3115.0,Peace Now
39,2009,3211.0,3211.0,3211.0,Peace Now
39,2010,3426.0,3426.0,3426.0,Peace Now
39,2011,3622.0,3622.0,3622.0,Peace Now
39,2012,3701.0,3701.0,3701.0,Peace Now
39,2013,3757.0,3757.0,3757.0,Peace Now
39,2014,3776.0,3780.0,3776.0,Peace Now
39,2015,3858.0,3858.0,3858.0,Peace Now
39,2016,3980.0,3980.0,3980.0,Peace Now
39,2017,4058.0,4058.0,4058.0,Peace Now
39,2018,4056.0,,4056.0,Peace Now
39,2019,4088.0,,4088.0,Peace Now
39,2020,4084.0,,4084.0,Peace Now
39,2021,4107.0,,4107.0,Peace Now
39,2022,4065.0,,4065.0,Peace Now
39,2023,4389.0,,4389.0,Peace Now
39,2024,4140.0,,4140.0,Peace Now
40,1969,0.0,,0.0,Peace Now
40,1970,0.0,,0.0,Peace Now
40,1971,0.0,,0.0,Peace Now
40,1982,0.0,,0.0,Peace Now
40,1983,201.0,,201.0,Peace Now
40,1985,283.0,,283.0,Peace Now
40,1986,298.0,,298.0,Peace Now
40,1987,298.0,,298.0,Peace Now
40,1988,298.0,,298.0,Peace Now
40,1989,305.0,,305.0,Peace Now
40,1990,340.0,,340.0,Peace Now
40,1991,379.0,,379.0,Peace Now
40,1992,389.0,,389.0,Peace Now
40,1993,404.0,,404.0,Peace Now
40,1994,387.0,,387.0,Peace Now
40,1995,380.0,,380.0,Peace Now
40,1996,328.0,328.0,328.0,Peace Now
40,1997,345.0,345.0,345.0,Peace Now
40,1998,340.0,300.0,340.0,Peace Now
40,1999,363.0,363.0,363.0,Peace Now
40,2000,369.0,369.0,369.0,Peace Now
40,2001,364.0,364.0,364.0,Peace Now
40,2002,357.0,357.0,357.0,Peace Now
40,2003,365.0,365.0,365.0,Peace Now
40,2004,371.0,371.0,371.0,Peace Now
40,2005,381.0,381.0,381.0,Peace Now
40,2006,415.0,415.0,415.0,Peace Now
40,2007,462.0,462.0,462.0,Peace Now
40,2008,479.0,479.0,479.0,Peace Now
40,2009,566.0,566.0,566.0,Peace Now
40,2010,602.0,602.0,602.0,Peace Now
40,2011,670.0,670.0,670.0,Peace Now
40,2012,952.0,952.0,952.0,Peace Now
40,2013,1262.0,1262.0,1262.0,Peace Now
40,2014,1438.0,1440.0,1438.0,Peace Now
40,2015,1505.0,1505.0,1505.0,Peace Now
40,2016,1570.0,1570.0,1570.0,Peace Now
40,2017,1568.0,1568.0,1568.0,Peace Now
40,2018,1590.0,,1590.0,Peace Now
40,2019,1635.0,,1635.0,Peace Now
40,2020,1625.0,,1625.0,Peace Now
40,2021,1647.0,,1647.0,Peace Now
40,2022,1655.0,,1655.0,Peace Now
40,2023,1651.0,,1651.0,Peace Now
40,2024,1666.0,,1666.0,Peace Now
41,1969,0.0,,0.0,Peace Now
41,1970,0.0,,0.0,Peace Now
41,1971,0.0,,0.0,Peace Now
41,1972,0.0,,0.0,Peace Now
41,1973,0.0,,0.0,Peace Now
41,1974,0.0,,0.0,Peace Now
41,1975,0.0,,0.0,Peace Now
41,1976,0.0,,0.0,Peace Now
41,1977,0.0,,0.0,Peace Now
41,1978,0.0,,0.0,Peace Now
41,1979,0.0,,0.0,Peace Now
41,1982,0.0,,0.0,Peace Now
41,1985,0.0,,0.0,Peace Now
41,1986,0.0,,0.0,Peace Now
41,1987,0.0,,0.0,Peace Now
41,1988,0.0,,0.0,Peace Now
41,1989,0.0,,0.0,Peace Now
41,1990,0.0,,0.0,Peace Now
41,1991,0.0,,0.0,Peace Now
41,1992,0.0,,0.0,Peace Now
41,1993,0.0,,0.0,Peace Now
41,1994,0.0,,0.0,Peace Now
41,1995,0.0,,0.0,Peace Now
41,1996,0.0,,0.0,Peace Now
41,1997,0.0,,0.0,Peace Now
41,1998,0.0,,0.0,Peace Now
41,1999,0.0,,0.0,Peace Now
41,2000,0.0,,0.0,Peace Now
41,2001,0.0,,0.0,Peace Now
41,2002,0.0,,0.0,Peace Now
41,2003,0.0,,0.0,Peace Now
41,2004,0.0,,0.0,Peace Now
41,2005,0.0,,0.0,Peace Now
41,2006,0.0,,0.0,Peace Now
41,2007,0.0,,0.0,Peace Now
42,1969,0.0,,0.0,Peace Now
42,1970,0.0,,0.0,Peace Now
42,1971,0.0,,0.0,Peace Now
42,1972,0.0,,0.0,Peace Now
42,1973,0.0,,0.0,Peace Now
42,1974,0.0,,0.0,Peace Now
42,1975,0.0,,0.0,Peace Now
42,1976,0.0,,0.0,Peace Now
42,1977,0.0,,0.0,Peace Now
42,1978,0.0,,0.0,Peace Now
42,1979,0.0,,0.0,Peace Now
42,1982,0.0,,0.0,Peace Now
42,1983,0.0,,0.0,Peace Now
42,1985,0.0,,0.0,Peace Now
42,1986,210.0,,210.0,Peace Now
42,1987,190.0,,190.0,Peace Now
42,1988,0.0,,0.0,Peace Now
42,1989,0.0,,0.0,Peace Now
42,1990,0.0,,0.0,Peace Now
42,1991,0.0,,0.0,Peace Now
42,1992,0.0,,0.0,Peace Now
42,1993,202.0,,202.0,Peace Now
42,1994,202.0,,202.0,Peace Now
42,1995,197.0,,197.0,Peace Now
42,1996,148.0,148.0,148.0,Peace Now
42,1997,151.0,151.0,151.0,Peace Now
42,1998,145.0,100.0,145.0,Peace Now
42,1999,155.0,155.0,155.0,Peace Now
42,2000,164.0,164.0,164.0,Peace Now
42,2001,157.0,157.0,157.0,Peace Now
42,2002,157.0,157.0,157.0,Peace Now
42,2003,161.0,161.0,161.0,Peace Now
42,2004,161.0,161.0,161.0,Peace Now
42,2005,156.0,156.0,156.0,Peace Now
42,2006,180.0,180.0,180.0,Peace Now
42,2007,190.0,190.0,190.0,Peace Now
42,2008,188.0,188.0,188.0,Peace Now
42,2009,194.0,194.0,194.0,Peace Now
42,2010,196.0,196.0,196.0,Peace Now
42,2011,195.0,195.0,195.0,Peace Now
42,2012,221.0,221.0,221.0,Peace Now
42,2013,221.0,221.0,221.0,Peace Now
42,2014,221.0,220.0,221.0,Peace Now
42,2015,239.0,239.0,239.0,Peace Now
42,2016,252.0,252.0,252.0,Peace Now
42,2017,298.0,298.0,298.0,Peace Now
42,2018,317.0,,317.0,Peace Now
42,2019,341.0,,341.0,Peace Now
42,2020,360.0,,360.0,Peace Now
42,2021,364.0,,364.0,Peace Now
42,2022,377.0,,377.0,Peace Now
42,2023,416.0,,416.0,Peace Now
42,2024,391.0,,391.0,Peace Now
43,1969,0.0,,0.0,Peace Now
43,1970,0.0,,0.0,Peace Now
43,1971,0.0,,0.0,Peace Now
43,1972,0.0,,0.0,Peace Now
43,1973,0.0,,0.0,Peace Now
43,1974,0.0,,0.0,Peace Now
43,1975,0.0,,0.0,Peace Now
43,1976,0.0,,0.0,Peace Now
43,1977,0.0,,0.0,Peace Now
43,1978,0.0,,0.0,Peace Now
43,1979,0.0,,0.0,Peace Now
43,2009,800.0,,800.0,Peace Now
44,1969,0.0,,0.0,Peace Now
44,1970,0.0,,0.0,Peace Now
44,1971,0.0,,0.0,Peace Now
44,1972,0.0,,0.0,Peace Now
44,1973,0.0,,0.0,Peace Now
44,1974,0.0,,0.0,Peace Now
44,1975,0.0,,0.0,Peace Now
44,1976,0.0,,0.0,Peace Now
44,1977,0.0,,0.0,Peace Now
44,1978,0.0,,0.0,Peace Now
44,1979,0.0,,0.0,Peace Now
44,1982,0.0,,0.0,Peace Now
44,1983,0.0,,0.0,Peace Now
44,1985,0.0,,0.0,Peace Now
44,1986,0.0,,0.0,Peace Now
44,1987,0.0,,0.0,Peace Now
44,1988,0.0,,0.0,Peace Now
44,1989,0.0,,0.0,Peace Now
44,1990,0.0,,0.0,Peace Now
44,1991,0.0,,0.0,Peace Now
44,1992,0.0,,0.0,Peace Now
44,1993,213.0,,213.0,Peace Now
44,1994,224.0,,224.0,Peace Now
44,1995,240.0,,240.0,Peace Now
44,1996,300.0,300.0,300.0,Peace Now
44,1997,345.0,345.0,345.0,Peace Now
44,1998,391.0,400.0,391.0,Peace Now
44,1999,405.0,405.0,405.0,Peace Now
44,2000,406.0,406.0,406.0,Peace Now
44,2001,396.0,396.0,396.0,Peace Now
44,2002,374.0,374.0,374.0,Peace Now
44,2003,388.0,388.0,388.0,Peace Now
44,2004,429.0,429.0,429.0,Peace Now
44,2005,452.0,452.0,452.0,Peace Now
44,2006,477.0,477.0,477.0,Peace Now
44,2007,545.0,545.0,545.0,Peace Now
44,2008,552.0,552.0,552.0,Peace Now
44,2009,489.0,489.0,489.0,Peace Now
44,2010,502.0,502.0,502.0,Peace Now
44,2011,512.0,512.0,512.0,Peace Now
44,2012,541.0,541.0,541.0,Peace Now
44,2013,552.0,552.0,552.0,Peace Now
44,2014,547.0,,547.0,Peace Now
44,2015,592.0,592.0,592.0,Peace Now
44,2016,573.0,573.0,573.0,Peace Now
44,2017,596.0,596.0,596.0,Peace Now
44,2018,635.0,,635.0,Peace Now
44,2019,667.0,,667.0,Peace Now
44,2020,676.0,,676.0,Peace Now
44,2021,701.0,,701.0,Peace Now
44,2022,725.0,,725.0,Peace Now
44,2023,863.0,,863.0,Peace Now
44,2024,797.0,,797.0,Peace Now
46,1969,0.0,,0.0,Peace Now
46,1970,0.0,,0.0,Peace Now
46,1971,0.0,,0.0,Peace Now
46,1972,0.0,,0.0,Peace Now
46,1973,0.0,,0.0,Peace Now
46,1974,0.0,,0.0,Peace Now
46,1975,0.0,,0.0,Peace Now
46,1976,0.0,,0.0,Peace Now
46,1977,0.0,,0.0,Peace Now
46,1978,0.0,,0.0,Peace Now
46,1979,0.0,,0.0,Peace Now
46,1982,0.0,,0.0,Peace Now
46,1983,66.0,,66.0,Peace Now
46,1985,0.0,,0.0,Peace Now
46,1986,0.0,,0.0,Peace Now
46,1987,0.0,,0.0,Peace Now
46,1988,0.0,,0.0,Peace Now
46,1989,0.0,,0.0,Peace Now
46,1990,0.0,,0.0,Peace Now
46,1991,0.0,,0.0,Peace Now
46,1992,0.0,,0.0,Peace Now
46,1993,208.0,,208.0,Peace Now
46,1994,251.0,,251.0,Peace Now
46,1995,249.0,,249.0,Peace Now
46,1996,334.0,334.0,334.0,Peace Now
46,1997,362.0,362.0,362.0,Peace Now
46,1998,411.0,400.0,411.0,Peace Now
46,1999,432.0,432.0,432.0,Peace Now
46,2000,481.0,481.0,481.0,Peace Now
46,2001,591.0,591.0,591.0,Peace Now
46,2002,639.0,639.0,639.0,Peace Now
46,2003,669.0,669.0,669.0,Peace Now
46,2004,707.0,707.0,707.0,Peace Now
46,2005,760.0,760.0,760.0,Peace Now
46,2006,779.0,779.0,779.0,Peace Now
46,2007,811.0,811.0,811.0,Peace Now
46,2008,864.0,864.0,864.0,Peace Now
46,2009,768.0,768.0,768.0,Peace Now
46,2010,813.0,813.0,813.0,Peace Now
46,2011,874.0,874.0,874.0,Peace Now
46,2012,945.0,945.0,945.0,Peace Now
46,2013,979.0,979.0,979.0,Peace Now
46,2014,1101.0,,1101.0,Peace Now
46,2015,1089.0,1089.0,1089.0,Peace Now
46,2016,1164.0,1164.0,1164.0,Peace Now
46,2017,1295.0,1295.0,1295.0,Peace Now
46,2018,1323.0,,1323.0,Peace Now
46,2019,1411.0,,1411.0,Peace Now
46,2020,1477.0,,1477.0,Peace Now
46,2021,1512.0,,1512.0,Peace Now
46,2022,1659.0,,1659.0,Peace Now
46,2023,1705.0,,1705.0,Peace Now
46,2024,1707.0,,1707.0,Peace Now
47,1969,0.0,,0.0,Peace Now
47,1970,0.0,,0.0,Peace Now
47,1971,0.0,,0.0,Peace Now
47,1972,0.0,,0.0,Peace Now
47,1973,0.0,,0.0,Peace Now
47,1974,0.0,,0.0,Peace Now
47,1975,0.0,,0.0,Peace Now
47,1976,0.0,,0.0,Peace Now
47,1977,0.0,,0.0,Peace Now
47,1982,400.0,,400.0,Peace Now
47,1983,365.0,,365.0,Peace Now
47,1985,518.0,,518.0,Peace Now
47,1986,543.0,,543.0,Peace Now
47,1987,570.0,,570.0,Peace Now
47,1988,634.0,,634.0,Peace Now
47,1989,659.0,,659.0,Peace Now
47,1990,695.0,,695.0,Peace Now
47,1991,799.0,,799.0,Peace Now
47,1992,894.0,,894.0,Peace Now
47,1993,856.0,,856.0,Peace Now
47,1994,874.0,,874.0,Peace Now
47,1995,882.0,,882.0,Peace Now
47,1996,774.0,774.0,774.0,Peace Now
47,1997,807.0,807.0,807.0,Peace Now
47,1998,951.0,1000.0,951.0,Peace Now
47,1999,1100.0,1102.0,1100.0,Peace Now
47,2000,922.0,922.0,922.0,Peace Now
47,2001,894.0,894.0,894.0,Peace Now
47,2002,895.0,895.0,895.0,Peace Now
47,2003,915.0,915.0,915.0,Peace Now
47,2004,931.0,931.0,931.0,Peace Now
47,2005,941.0,941.0,941.0,Peace Now
47,2006,975.0,975.0,975.0,Peace Now
47,2007,956.0,956.0,956.0,Peace Now
47,2008,981.0,981.0,981.0,Peace Now
47,2009,1054.0,1054.0,1054.0,Peace Now
47,2010,1090.0,1090.0,1090.0,Peace Now
47,2011,1153.0,1153.0,1153.0,Peace Now
47,2012,1144.0,1144.0,1144.0,Peace Now
47,2013,1172.0,1172.0,1172.0,Peace Now
47,2014,1282.0,,1282.0,Peace Now
47,2015,1278.0,1278.0,1278.0,Peace Now
47,2016,1328.0,1328.0,1328.0,Peace Now
47,2017,1314.0,1314.0,1314.0,Peace Now
47,2018,1478.0,,1478.0,Peace Now
47,2019,1485.0,,1485.0,Peace Now
47,2020,1494.0,,1494.0,Peace Now
47,2021,1543.0,,1543.0,Peace Now
47,2022,1590.0,,1590.0,Peace Now
47,2023,1439.0,,1439.0,Peace Now
47,2024,1668.0,,1668.0,Peace Now
48,1969,0.0,,0.0,Peace Now
48,1970,0.0,,0.0,Peace Now
48,1971,0.0,,0.0,Peace Now
48,1972,0.0,,0.0,Peace Now
48,1973,0.0,,0.0,Peace Now
48,1974,0.0,,0.0,Peace Now
48,1975,0.0,,0.0,Peace Now
48,1976,0.0,,0.0,Peace Now
48,1977,0.0,,0.0,Peace Now
48,1978,0.0,,0.0,Peace Now
48,1979,0.0,,0.0,Peace Now
48,1982,0.0,,0.0,Peace Now
48,1985,0.0,,0.0,Peace Now
48,1986,0.0,,0.0,Peace Now
48,1987,0.0,,0.0,Peace Now
48,1988,0.0,,0.0,Peace Now
48,1989,0.0,,0.0,Peace Now
48,1990,0.0,,0.0,Peace Now
48,1991,0.0,,0.0,Peace Now
48,1992,0.0,,0.0,Peace Now
48,1993,0.0,,0.0,Peace Now
48,1994,0.0,,0.0,Peace Now
48,1995,0.0,,0.0,Peace Now
48,1996,0.0,,0.0,Peace Now
48,1997,0.0,,0.0,Peace Now
48,1998,0.0,,0.0,Peace Now
48,1999,0.0,,0.0,Peace Now
48,2000,0.0,,0.0,Peace Now
48,2001,0.0,,0.0,Peace Now
48,2002,0.0,,0.0,Peace Now
48,2003,107.0,,107.0,Peace Now
48,2004,120.0,,120.0,Peace Now
48,2005,140.0,,140.0,Peace Now
48,2006,147.0,,147.0,Peace Now
48,2007,163.0,163.0,163.0,Peace Now
48,2008,163.0,163.0,163.0,Peace Now
48,2009,176.0,176.0,176.0,Peace Now
48,2010,178.0,178.0,178.0,Peace Now
48,2011,174.0,174.0,174.0,Peace Now
48,2012,186.0,186.0,186.0,Peace Now
48,2013,182.0,182.0,182.0,Peace Now
48,2014,209.0,210.0,209.0,Peace Now
48,2015,233.0,233.0,233.0,Peace Now
48,2016,230.0,230.0,230.0,Peace Now
48,2017,248.0,248.0,248.0,Peace Now
48,2018,278.0,,278.0,Peace Now
48,2019,296.0,,296.0,Peace Now
48,2020,310.0,,310.0,Peace Now
48,2021,343.0,,343.0,Peace Now
48,2022,361.0,,361.0,Peace Now
48,2023,386.0,,386.0,Peace Now
48,2024,370.0,,370.0,Peace Now
49,1969,0.0,,0.0,Peace Now
49,1970,0.0,,0.0,Peace Now
49,1982,0.0,,0.0,Peace Now
49,1983,177.0,,177.0,Peace Now
49,1985,0.0,,0.0,Peace Now
49,1986,0.0,,0.0,Peace Now
49,1987,0.0,,0.0,Peace Now
49,1988,0.0,,0.0,Peace Now
49,1989,0.0,,0.0,Peace Now
49,1990,0.0,,0.0,Peace Now
49,1991,0.0,,0.0,Peace Now
49,1992,0.0,,0.0,Peace Now
49,1993,164.0,,164.0,Peace Now
49,1994,168.0,,168.0,Peace Now
49,1995,169.0,,169.0,Peace Now
49,1996,146.0,146.0,146.0,Peace Now
49,1997,141.0,141.0,141.0,Peace Now
49,1998,147.0,100.0,147.0,Peace Now
49,1999,149.0,149.0,149.0,Peace Now
49,2000,147.0,147.0,147.0,Peace Now
49,2001,761.0,143.0,761.0,Peace Now
49,2002,136.0,136.0,136.0,Peace Now
49,2003,131.0,131.0,131.0,Peace Now
49,2004,125.0,125.0,125.0,Peace Now
49,2005,132.0,132.0,132.0,Peace Now
49,2006,132.0,132.0,132.0,Peace Now
49,2007,119.0,119.0,119.0,Peace Now
49,2008,111.0,111.0,111.0,Peace Now
49,2009,91.0,91.0,91.0,Peace Now
49,2010,88.0,88.0,88.0,Peace Now
49,2011,94.0,94.0,94.0,Peace Now
49,2012,110.0,110.0,110.0,Peace Now
49,2013,114.0,114.0,114.0,Peace Now
49,2014,124.0,120.0,124.0,Peace Now
49,2015,127.0,127.0,127.0,Peace Now
49,2016,124.0,124.0,124.0,Peace Now
49,2017,126.0,126.0,126.0,Peace Now
49,2018,175.0,,175.0,Peace Now
49,2019,173.0,,173.0,Peace Now
49,2020,259.0,,259.0,Peace Now
49,2021,273.0,,273.0,Peace Now
49,2022,224.0,,224.0,Peace Now
49,2023,271.0,,271.0,Peace Now
49,2024,253.0,,253.0,Peace Now
50,1969,0.0,,0.0,Peace Now
50,1970,0.0,,0.0,Peace Now
50,1971,0.0,,0.0,Peace Now
50,1972,0.0,,0.0,Peace Now
50,1973,0.0,,0.0,Peace Now
50,1974,0.0,,0.0,Peace Now
50,1975,0.0,,0.0,Peace Now
50,1976,0.0,,0.0,Peace Now
50,1977,0.0,,0.0,Peace Now
50,1978,0.0,,0.0,Peace Now
50,1979,0.0,,0.0,Peace Now
50,1982,0.0,,0.0,Peace Now
50,1983,0.0,,0.0,Peace Now
50,1985,0.0,,0.0,Peace Now
50,1986,0.0,,0.0,Peace Now
50,1987,0.0,,0.0,Peace Now
50,1988,0.0,,0.0,Peace Now
50,1989,0.0,,0.0,Peace Now
50,1990,0.0,,0.0,Peace Now
50,1991,0.0,,0.0,Peace Now
50,1992,0.0,,0.0,Peace Now
50,1993,124.0,,124.0,Peace Now
50,1994,142.0,,142.0,Peace Now
50,1995,179.0,,179.0,Peace Now
50,1996,224.0,224.0,224.0,Peace Now
50,1997,248.0,248.0,248.0,Peace Now
50,1998,259.0,300.0,259.0,Peace Now
50,1999,272.0,300.0,272.0,Peace Now
50,2000,279.0,279.0,279.0,Peace Now
50,2001,256.0,256.0,256.0,Peace Now
50,2002,246.0,246.0,246.0,Peace Now
50,2003,229.0,229.0,229.0,Peace Now
50,2004,229.0,229.0,229.0,Peace Now
50,2005,212.0,212.0,212.0,Peace Now
50,2006,202.0,202.0,202.0,Peace Now
50,2007,201.0,201.0,201.0,Peace Now
50,2008,210.0,210.0,210.0,Peace Now
50,2009,177.0,177.0,177.0,Peace Now
50,2010,184.0,184.0,184.0,Peace Now
50,2011,180.0,180.0,180.0,Peace Now
50,2012,189.0,189.0,189.0,Peace Now
50,2013,191.0,191.0,191.0,Peace Now
50,2014,203.0,200.0,203.0,Peace Now
50,2015,219.0,219.0,219.0,Peace Now
50,2016,223.0,223.0,223.0,Peace Now
50,2017,215.0,215.0,215.0,Peace Now
50,2018,228.0,,228.0,Peace Now
50,2019,224.0,,224.0,Peace Now
50,2020,230.0,,230.0,Peace Now
50,2021,236.0,,236.0,Peace Now
50,2022,245.0,,245.0,Peace Now
50,2023,284.0,,284.0,Peace Now
50,2024,243.0,,243.0,Peace Now
51,1969,0.0,,0.0,Peace Now
51,1970,0.0,,0.0,Peace Now
51,1971,0.0,,0.0,Peace Now
51,1972,0.0,,0.0,Peace Now
51,1973,0.0,,0.0,Peace Now
51,1974,0.0,,0.0,Peace Now
51,1975,0.0,,0.0,Peace Now
51,1976,0.0,,0.0,Peace Now
51,1977,0.0,,0.0,Peace Now
51,1978,0.0,,0.0,Peace Now
51,1979,0.0,,0.0,Peace Now
51,1982,0.0,,0.0,Peace Now
51,1983,0.0,,0.0,Peace Now
51,1985,0.0,,0.0,Peace Now
51,1986,0.0,,0.0,Peace Now
51,1987,0.0,,0.0,Peace Now
51,1988,0.0,,0.0,Peace Now
51,1989,450.0,,450.0,Peace Now
51,1990,639.0,,639.0,Peace Now
51,1991,915.0,,915.0,Peace Now
51,1992,1160.0,,1160.0,Peace Now
51,1993,1330.0,,1330.0,Peace Now
51,1994,1470.0,,1470.0,Peace Now
51,1995,1730.0,,1730.0,Peace Now
51,1996,1490.0,1490.0,1490.0,Peace Now
51,1997,1410.0,1410.0,1410.0,Peace Now
51,1998,1530.0,1500.0,1530.0,Peace Now
51,1999,1770.0,1769.0,1770.0,Peace Now
51,2000,1830.0,1830.0,1830.0,Peace Now
51,2001,1880.0,1880.0,1880.0,Peace Now
51,2002,1950.0,1950.0,1950.0,Peace Now
51,2003,2097.0,2097.0,2097.0,Peace Now
51,2004,2235.0,2235.0,2235.0,Peace Now
51,2005,2225.0,2225.0,2225.0,Peace Now
51,2006,2359.0,2359.0,2359.0,Peace Now
51,2007,2506.0,2506.0,2506.0,Peace Now
51,2008,2591.0,2591.0,2591.0,Peace Now
51,2009,2588.0,2588.0,2588.0,Peace Now
51,2010,2610.0,2610.0,2610.0,Peace Now
51,2011,2643.0,2643.0,2643.0,Peace Now
51,2012,2573.0,2573.0,2573.0,Peace Now
51,2013,2661.0,2661.0,2661.0,Peace Now
51,2014,2638.0,2640.0,2638.0,Peace Now
51,2015,2762.0,2762.0,2762.0,Peace Now
51,2016,2826.0,2826.0,2826.0,Peace Now
51,2017,2820.0,2820.0,2820.0,Peace Now
51,2018,2760.0,,2760.0,Peace Now
51,2019,2771.0,,2771.0,Peace Now
51,2020,2712.0,,2712.0,Peace Now
51,2021,2646.0,,2646.0,Peace Now
51,2022,2589.0,,2589.0,Peace Now
51,2023,3122.0,,3122.0,Peace Now
51,2024,2504.0,,2504.0,Peace Now
52,1969,0.0,,0.0,Peace Now
52,1970,0.0,,0.0,Peace Now
52,1971,0.0,,0.0,Peace Now
52,1972,0.0,,0.0,Peace Now
52,1973,0.0,,0.0,Peace Now
52,1974,0.0,,0.0,Peace Now
52,1975,0.0,,0.0,Peace Now
52,1976,0.0,,0.0,Peace Now
52,1977,0.0,,0.0,Peace Now
52,1978,0.0,,0.0,Peace Now
52,1979,0.0,,0.0,Peace Now
52,1982,0.0,,0.0,Peace Now
52,1985,0.0,,0.0,Peace Now
52,1986,0.0,,0.0,Peace Now
52,1987,0.0,,0.0,Peace Now
52,1988,0.0,,0.0,Peace Now
52,1989,0.0,,0.0,Peace Now
52,1990,0.0,,0.0,Peace Now
52,1991,0.0,,0.0,Peace Now
52,1992,0.0,,0.0,Peace Now
52,1993,0.0,,0.0,Peace Now
52,1994,0.0,,0.0,Peace Now
52,1995,0.0,,0.0,Peace Now
52,1996,0.0,,0.0,Peace Now
52,1997,0.0,,0.0,Peace Now
52,1998,0.0,,0.0,Peace Now
52,1999,0.0,,0.0,Peace Now
52,2000,0.0,,0.0,Peace Now
52,2001,0.0,,0.0,Peace Now
52,2002,0.0,,0.0,Peace Now
52,2003,0.0,,0.0,Peace Now
52,2004,0.0,,0.0,Peace Now
52,2005,0.0,,0.0,Peace Now
52,2006,0.0,,0.0,Peace Now
52,2007,0.0,,0.0,Peace Now
53,1969,0.0,,0.0,Peace Now
53,1970,0.0,,0.0,Peace Now
53,1971,0.0,,0.0,Peace Now
53,1972,0.0,,0.0,Peace Now
53,1973,0.0,,0.0,Peace Now
53,1974,0.0,,0.0,Peace Now
53,1975,0.0,,0.0,Peace Now
53,1976,0.0,,0.0,Peace Now
53,1977,0.0,,0.0,Peace Now
53,1978,0.0,,0.0,Peace Now
53,1979,0.0,,0.0,Peace Now
53,1982,0.0,,0.0,Peace Now
53,1983,0.0,,0.0,Peace Now
53,1985,0.0,,0.0,Peace Now
53,1986,0.0,,0.0,Peace Now
53,1987,0.0,,0.0,Peace Now
53,1988,0.0,,0.0,Peace Now
53,1989,0.0,,0.0,Peace Now
53,1990,0.0,,0.0,Peace Now
53,1991,0.0,,0.0,Peace Now
53,1992,210.0,,210.0,Peace Now
53,1993,334.0,,334.0,Peace Now
53,1994,439.0,,439.0,Peace Now
53,1995,568.0,,568.0,Peace Now
53,1996,796.0,796.0,796.0,Peace Now
53,1997,916.0,916.0,916.0,Peace Now
53,1998,1010.0,1000.0,1010.0,Peace Now
53,1999,1150.0,1147.0,1150.0,Peace Now
53,2000,1250.0,1250.0,1250.0,Peace Now
53,2001,1350.0,1350.0,1350.0,Peace Now
53,2002,1510.0,1510.0,1510.0,Peace Now
53,2003,1618.0,1618.0,1618.0,Peace Now
53,2004,1760.0,1760.0,1760.0,Peace Now
53,2005,1964.0,1964.0,1964.0,Peace Now
53,2006,2135.0,2135.0,2135.0,Peace Now
53,2007,2350.0,2350.0,2350.0,Peace Now
53,2008,2563.0,2563.0,2563.0,Peace Now
53,2009,2580.0,2580.0,2580.0,Peace Now
53,2010,2797.0,2797.0,2797.0,Peace Now
53,2011,3073.0,3073.0,3073.0,Peace Now
53,2012,3202.0,3202.0,3202.0,Peace Now
53,2013,3321.0,3321.0,3321.0,Peace Now
53,2014,3486.0,3490.0,3486.0,Peace Now
53,2015,3704.0,3704.0,3704.0,Peace Now
53,2016,3879.0,3879.0,3879.0,Peace Now
53,2017,4058.0,4058.0,4058.0,Peace Now
53,2018,4349.0,,4349.0,Peace Now
53,2019,4575.0,,4575.0,Peace Now
53,2020,4882.0,,4882.0,Peace Now
53,2021,5141.0,,5141.0,Peace Now
53,2022,5379.0,,5379.0,Peace Now
53,2023,5915.0,,5915.0,Peace Now
53,2024,5702.0,,5702.0,Peace Now
54,1969,0.0,,0.0,Peace Now
54,1970,0.0,,0.0,Peace Now
54,1971,0.0,,0.0,Peace Now
54,1972,0.0,,0.0,Peace Now
54,1973,0.0,,0.0,Peace Now
54,1974,0.0,,0.0,Peace Now
54,1975,0.0,,0.0,Peace Now
54,1976,0.0,,0.0,Peace Now
54,1977,0.0,,0.0,Peace Now
54,1978,0.0,,0.0,Peace Now
54,1979,0.0,,0.0,Peace Now
54,1982,0.0,,0.0,Peace Now
54,1983,0.0,,0.0,Peace Now
54,1985,0.0,,0.0,Peace Now
54,1986,0.0,,0.0,Peace Now
54,1987,0.0,,0.0,Peace Now
54,1988,0.0,,0.0,Peace Now
54,1989,0.0,,0.0,Peace Now
54,1990,0.0,,0.0,Peace Now
54,1991,212.0,,212.0,Peace Now
54,1992,258.0,,258.0,Peace Now
54,1993,300.0,,300.0,Peace Now
54,1994,347.0,,347.0,Peace Now
54,1995,411.0,,411.0,Peace Now
54,1996,495.0,495.0,495.0,Peace Now
54,1997,538.0,538.0,538.0,Peace Now
54,1998,538.0,500.0,538.0,Peace Now
54,1999,580.0,580.0,580.0,Peace Now
54,2000,561.0,561.0,561.0,Peace Now
54,2001,535.0,535.0,535.0,Peace Now
54,2002,525.0,525.0,525.0,Peace Now
54,2003,563.0,563.0,563.0,Peace Now
54,2004,538.0,538.0,538.0,Peace Now
54,2005,532.0,532.0,532.0,Peace Now
54,2006,650.0,650.0,650.0,Peace Now
54,2007,658.0,658.0,658.0,Peace Now
54,2008,673.0,673.0,673.0,Peace Now
54,2009,562.0,562.0,562.0,Peace Now
54,2010,608.0,608.0,608.0,Peace Now
54,2011,645.0,645.0,645.0,Peace Now
54,2012,658.0,658.0,658.0,Peace Now
54,2013,727.0,727.0,727.0,Peace Now
54,2014,758.0,760.0,758.0,Peace Now
54,2015,756.0,756.0,756.0,Peace Now
54,2016,768.0,768.0,768.0,Peace Now
54,2017,799.0,799.0,799.0,Peace Now
54,2018,848.0,,848.0,Peace Now
54,2019,872.0,,872.0,Peace Now
54,2020,925.0,,925.0,Peace Now
54,2021,964.0,,964.0,Peace Now
54,2022,985.0,,985.0,Peace Now
54,2023,1094.0,,1094.0,Peace Now
54,2024,1057.0,,1057.0,Peace Now
55,1969,0.0,,0.0,Peace Now
55,1982,0.0,,0.0,Peace Now
55,1983,0.0,,0.0,Peace Now
55,1985,0.0,,0.0,Peace Now
55,1986,0.0,,0.0,Peace Now
55,1987,0.0,,0.0,Peace Now
55,1988,0.0,,0.0,Peace Now
55,1989,0.0,,0.0,Peace Now
55,1990,0.0,,0.0,Peace Now
55,1991,0.0,,0.0,Peace Now
55,1992,0.0,,0.0,Peace Now
55,1993,0.0,,0.0,Peace Now
55,1994,0.0,,0.0,Peace Now
55,1995,0.0,,0.0,Peace Now
55,1996,78.0,78.0,78.0,Peace Now
55,1997,84.0,84.0,84.0,Peace Now
55,1998,97.0,100.0,97.0,Peace Now
55,1999,107.0,107.0,107.0,Peace Now
55,2000,114.0,114.0,114.0,Peace Now
55,2001,133.0,133.0,133.0,Peace Now
55,2002,139.0,139.0,139.0,Peace Now
55,2003,136.0,136.0,136.0,Peace Now
55,2004,141.0,141.0,141.0,Peace Now
55,2005,156.0,156.0,156.0,Peace Now
55,2006,175.0,175.0,175.0,Peace Now
55,2007,187.0,187.0,187.0,Peace Now
55,2008,227.0,227.0,227.0,Peace Now
55,2009,118.0,118.0,118.0,Peace Now
55,2010,139.0,139.0,139.0,Peace Now
55,2011,167.0,167.0,167.0,Peace Now
55,2012,195.0,195.0,195.0,Peace Now
55,2013,225.0,225.0,225.0,Peace Now
55,2014,249.0,250.0,249.0,Peace Now
55,2015,279.0,279.0,279.0,Peace Now
55,2016,321.0,321.0,321.0,Peace Now
55,2017,327.0,327.0,327.0,Peace Now
55,2018,348.0,,348.0,Peace Now
55,2019,359.0,,359.0,Peace Now
55,2020,323.0,,323.0,Peace Now
55,2021,296.0,,296.0,Peace Now
55,2022,261.0,,261.0,Peace Now
55,2023,199.0,,199.0,Peace Now
55,2024,231.0,,231.0,Peace Now
56,1969,0.0,,0.0,Peace Now
56,1970,0.0,,0.0,Peace Now
56,1971,0.0,,0.0,Peace Now
56,1972,0.0,,0.0,Peace Now
56,1973,0.0,,0.0,Peace Now
56,1974,0.0,,0.0,Peace Now
56,1975,0.0,,0.0,Peace Now
56,1976,0.0,,0.0,Peace Now
56,1977,0.0,,0.0,Peace Now
56,1978,0.0,,0.0,Peace Now
56,1979,0.0,,0.0,Peace Now
56,1982,0.0,,0.0,Peace Now
56,1983,0.0,,0.0,Peace Now
56,1985,0.0,,0.0,Peace Now
56,1986,0.0,,0.0,Peace Now
56,1987,0.0,,0.0,Peace Now
56,1988,0.0,,0.0,Peace Now
56,1989,0.0,,0.0,Peace Now
56,1990,0.0,,0.0,Peace Now
56,1991,0.0,,0.0,Peace Now
56,1992,0.0,,0.0,Peace Now
56,1993,121.0,,121.0,Peace Now
56,1994,124.0,,124.0,Peace Now
56,1995,132.0,,132.0,Peace Now
56,1996,100.0,100.0,100.0,Peace Now
56,1997,109.0,109.0,109.0,Peace Now
56,1998,114.0,100.0,114.0,Peace Now
56,1999,118.0,118.0,118.0,Peace Now
56,2000,125.0,125.0,125.0,Peace Now
56,2001,122.0,122.0,122.0,Peace Now
56,2002,102.0,102.0,102.0,Peace Now
56,2003,95.0,95.0,95.0,Peace Now
56,2004,101.0,101.0,101.0,Peace Now
56,2005,99.0,99.0,99.0,Peace Now
56,2006,104.0,104.0,104.0,Peace Now
56,2007,111.0,111.0,111.0,Peace Now
56,2008,127.0,127.0,127.0,Peace Now
56,2009,107.0,107.0,107.0,Peace Now
56,2010,107.0,107.0,107.0,Peace Now
56,2011,106.0,106.0,106.0,Peace Now
56,2012,124.0,124.0,124.0,Peace Now
56,2013,126.0,126.0,126.0,Peace Now
56,2014,136.0,140.0,136.0,Peace Now
56,2015,149.0,149.0,149.0,Peace Now
56,2016,139.0,139.0,139.0,Peace Now
56,2017,164.0,164.0,164.0,Peace Now
56,2018,197.0,,197.0,Peace Now
56,2019,203.0,,203.0,Peace Now
56,2020,218.0,,218.0,Peace Now
56,2021,221.0,,221.0,Peace Now
56,2022,225.0,,225.0,Peace Now
56,2023,279.0,,279.0,Peace Now
56,2024,219.0,,219.0,Peace Now
57,1969,0.0,,0.0,Peace Now
57,1970,0.0,,0.0,Peace Now
57,1971,0.0,,0.0,Peace Now
57,1972,0.0,,0.0,Peace Now
57,1973,0.0,,0.0,Peace Now
57,1974,0.0,,0.0,Peace Now
57,1975,0.0,,0.0,Peace Now
57,1976,0.0,,0.0,Peace Now
57,1977,0.0,,0.0,Peace Now
57,1978,0.0,,0.0,Peace Now
57,1979,0.0,,0.0,Peace Now
57,1982,0.0,,0.0,Peace Now
57,1983,0.0,,0.0,Peace Now
57,1985,0.0,,0.0,Peace Now
57,1986,0.0,,0.0,Peace Now
57,1987,0.0,,0.0,Peace Now
57,1988,0.0,,0.0,Peace Now
57,1989,0.0,,0.0,Peace Now
57,1990,0.0,,0.0,Peace Now
57,1991,0.0,,0.0,Peace Now
57,1992,0.0,,0.0,Peace Now
57,1993,189.0,,189.0,Peace Now
57,1994,200.0,,200.0,Peace Now
57,1995,231.0,,231.0,Peace Now
57,1996,226.0,226.0,226.0,Peace Now
57,1997,254.0,254.0,254.0,Peace Now
57,1998,291.0,300.0,291.0,Peace Now
57,1999,328.0,328.0,328.0,Peace Now
57,2000,329.0,329.0,329.0,Peace Now
57,2001,342.0,342.0,342.0,Peace Now
57,2002,398.0,398.0,398.0,Peace Now
57,2003,440.0,440.0,440.0,Peace Now
57,2004,534.0,534.0,534.0,Peace Now
57,2005,590.0,590.0,590.0,Peace Now
57,2006,673.0,673.0,673.0,Peace Now
57,2007,743.0,743.0,743.0,Peace Now
57,2008,864.0,864.0,864.0,Peace Now
57,2009,895.0,895.0,895.0,Peace Now
57,2010,982.0,982.0,982.0,Peace Now
57,2011,1106.0,1106.0,1106.0,Peace Now
57,2012,1172.0,1172.0,1172.0,Peace Now
57,2013,1220.0,1220.0,1220.0,Peace Now
57,2014,1279.0,1280.0,1279.0,Peace Now
57,2015,1380.0,1380.0,1380.0,Peace Now
57,2016,1468.0,1468.0,1468.0,Peace Now
57,2017,1553.0,1553.0,1553.0,Peace Now
57,2018,1635.0,,1635.0,Peace Now
57,2019,1726.0,,1726.0,Peace Now
57,2020,1838.0,,1838.0,Peace Now
57,2021,2020.0,,2020.0,Peace Now
57,2022,2093.0,,2093.0,Peace Now
57,2023,2304.0,,2304.0,Peace Now
57,2024,2302.0,,2302.0,Peace Now
58,1969,0.0,,0.0,Peace Now
58,1970,0.0,,0.0,Peace Now
58,1971,0.0,,0.0,Peace Now
58,1972,0.0,,0.0,Peace Now
58,1973,0.0,,0.0,Peace Now
58,1974,0.0,,0.0,Peace Now
58,1975,0.0,,0.0,Peace Now
58,1976,0.0,,0.0,Peace Now
58,1977,0.0,,0.0,Peace Now
58,1978,0.0,,0.0,Peace Now
58,1979,0.0,,0.0,Peace Now
58,1982,211.0,,211.0,Peace Now
58,1983,0.0,,0.0,Peace Now
58,1985,256.0,,256.0,Peace Now
58,1986,249.0,,249.0,Peace Now
58,1987,278.0,,278.0,Peace Now
58,1988,285.0,,285.0,Peace Now
58,1989,351.0,,351.0,Peace Now
58,1990,351.0,,351.0,Peace Now
58,1991,417.0,,417.0,Peace Now
58,1992,467.0,,467.0,Peace Now
58,1993,544.0,,544.0,Peace Now
58,1994,605.0,,605.0,Peace Now
58,1995,682.0,,682.0,Peace Now
58,1996,632.0,632.0,632.0,Peace Now
58,1997,677.0,677.0,677.0,Peace Now
58,1998,717.0,700.0,717.0,Peace Now
58,1999,765.0,765.0,765.0,Peace Now
58,2000,822.0,822.0,822.0,Peace Now
58,2001,834.0,834.0,834.0,Peace Now
58,2002,862.0,862.0,862.0,Peace Now
58,2003,932.0,932.0,932.0,Peace Now
58,2004,960.0,960.0,960.0,Peace Now
58,2005,984.0,984.0,984.0,Peace Now
58,2006,1025.0,1025.0,1025.0,Peace Now
58,2007,1088.0,1088.0,1088.0,Peace Now
58,2008,1129.0,1129.0,1129.0,Peace Now
58,2009,1207.0,1207.0,1207.0,Peace Now
58,2010,1285.0,1285.0,1285.0,Peace Now
58,2011,1463.0,1463.0,1463.0,Peace Now
58,2012,1645.0,1645.0,1645.0,Peace Now
58,2013,1716.0,1716.0,1716.0,Peace Now
58,2014,1821.0,1820.0,1821.0,Peace Now
58,2015,1863.0,1863.0,1863.0,Peace Now
58,2016,1901.0,1901.0,1901.0,Peace Now
58,2017,2056.0,2056.0,2056.0,Peace Now
58,2018,2183.0,,2183.0,Peace Now
58,2019,2288.0,,2288.0,Peace Now
58,2020,2368.0,,2368.0,Peace Now
58,2021,2485.0,,2485.0,Peace Now
58,2022,2586.0,,2586.0,Peace Now
58,2023,2719.0,,2719.0,Peace Now
58,2024,2758.0,,2758.0,Peace Now
59,1969,0.0,,0.0,Peace Now
59,1970,0.0,,0.0,Peace Now
59,1971,0.0,,0.0,Peace Now
59,1972,0.0,,0.0,Peace Now
59,1973,0.0,,0.0,Peace Now
59,1974,0.0,,0.0,Peace Now
59,1975,0.0,,0.0,Peace Now
59,1976,0.0,,0.0,Peace Now
59,1982,0.0,,0.0,Peace Now
59,1983,129.0,,129.0,Peace Now
59,1985,259.0,,259.0,Peace Now
59,1986,261.0,,261.0,Peace Now
59,1987,275.0,,275.0,Peace Now
59,1988,351.0,,351.0,Peace Now
59,1989,410.0,,410.0,Peace Now
59,1990,486.0,,486.0,Peace Now
59,1991,590.0,,590.0,Peace Now
59,1992,665.0,,665.0,Peace Now
59,1993,752.0,,752.0,Peace Now
59,1994,805.0,,805.0,Peace Now
59,1995,865.0,,865.0,Peace Now
59,1996,896.0,896.0,896.0,Peace Now
59,1997,955.0,955.0,955.0,Peace Now
59,1998,1020.0,1000.0,1020.0,Peace Now
59,1999,1080.0,1079.0,1080.0,Peace Now
59,2000,1150.0,1150.0,1150.0,Peace Now
59,2001,1250.0,1250.0,1250.0,Peace Now
59,2002,1300.0,1300.0,1300.0,Peace Now
59,2003,1367.0,1367.0,1367.0,Peace Now
59,2004,1365.0,1365.0,1365.0,Peace Now
59,2005,1449.0,1449.0,1449.0,Peace Now
59,2006,1530.0,1530.0,1530.0,Peace Now
59,2007,1619.0,1619.0,1619.0,Peace Now
59,2008,1690.0,1690.0,1690.0,Peace Now
59,2009,1423.0,1423.0,1423.0,Peace Now
59,2010,1557.0,1557.0,1557.0,Peace Now
59,2011,1596.0,1596.0,1596.0,Peace Now
59,2012,1548.0,1548.0,1548.0,Peace Now
59,2013,1596.0,1596.0,1596.0,Peace Now
59,2014,1829.0,1830.0,1829.0,Peace Now
59,2015,1945.0,1945.0,1945.0,Peace Now
59,2016,1985.0,1985.0,1985.0,Peace Now
59,2017,2053.0,2053.0,2053.0,Peace Now
59,2018,2122.0,,2122.0,Peace Now
59,2019,2227.0,,2227.0,Peace Now
59,2020,2450.0,,2450.0,Peace Now
59,2021,2515.0,,2515.0,Peace Now
59,2022,2501.0,,2501.0,Peace Now
59,2023,2754.0,,2754.0,Peace Now
59,2024,2622.0,,2622.0,Peace Now
60,1969,0.0,,0.0,Peace Now
60,1970,0.0,,0.0,Peace Now
60,1971,0.0,,0.0,Peace Now
60,1972,0.0,,0.0,Peace Now
60,1973,0.0,,0.0,Peace Now
60,1974,0.0,,0.0,Peace Now
60,1975,0.0,,0.0,Peace Now
60,1976,0.0,,0.0,Peace Now
60,1977,0.0,,0.0,Peace Now
60,1978,0.0,,0.0,Peace Now
60,1979,0.0,,0.0,Peace Now
60,1982,0.0,,0.0,Peace Now
60,1983,0.0,,0.0,Peace Now
60,1985,0.0,,0.0,Peace Now
60,1986,0.0,,0.0,Peace Now
60,1987,0.0,,0.0,Peace Now
60,1988,0.0,,0.0,Peace Now
60,1989,0.0,,0.0,Peace Now
60,1990,0.0,,0.0,Peace Now
60,1991,258.0,,258.0,Peace Now
60,1992,398.0,,398.0,Peace Now
60,1993,551.0,,551.0,Peace Now
60,1994,663.0,,663.0,Peace Now
60,1995,727.0,,727.0,Peace Now
60,1996,928.0,928.0,928.0,Peace Now
60,1997,1040.0,1040.0,1040.0,Peace Now
60,1998,1170.0,1200.0,1170.0,Peace Now
60,1999,1260.0,1264.0,1260.0,Peace Now
60,2000,1640.0,1640.0,1640.0,Peace Now
60,2001,2410.0,2410.0,2410.0,Peace Now
60,2002,3250.0,3250.0,3250.0,Peace Now
60,2003,3819.0,3819.0,3819.0,Peace Now
60,2004,4389.0,4389.0,4389.0,Peace Now
60,2005,4919.0,4919.0,4919.0,Peace Now
60,2006,5268.0,5268.0,5268.0,Peace Now
60,2007,5627.0,5627.0,5627.0,Peace Now
60,2008,5926.0,5926.0,5926.0,Peace Now
60,2009,5811.0,5811.0,5811.0,Peace Now
60,2010,6006.0,6006.0,6006.0,Peace Now
60,2011,6340.0,6340.0,6340.0,Peace Now
60,2012,6476.0,6476.0,6476.0,Peace Now
60,2013,6694.0,6694.0,6694.0,Peace Now
60,2014,6993.0,6990.0,6993.0,Peace Now
60,2015,7313.0,7313.0,7313.0,Peace Now
60,2016,7394.0,7394.0,7394.0,Peace Now
60,2017,7687.0,7687.0,7687.0,Peace Now
60,2018,8194.0,,8194.0,Peace Now
60,2019,8542.0,,8542.0,Peace Now
60,2020,9116.0,,9116.0,Peace Now
60,2021,9524.0,,9524.0,Peace Now
60,2022,9794.0,,9794.0,Peace Now
60,2023,3763.0,,3763.0,Peace Now
60,2024,3138.0,,3138.0,Peace Now
61,1969,0.0,,0.0,Peace Now
61,1970,0.0,,0.0,Peace Now
61,1971,0.0,,0.0,Peace Now
61,1972,0.0,,0.0,Peace Now
61,1973,0.0,,0.0,Peace Now
61,1974,0.0,,0.0,Peace Now
61,1975,0.0,,0.0,Peace Now
61,1976,0.0,,0.0,Peace Now
61,1977,0.0,,0.0,Peace Now
61,1978,0.0,,0.0,Peace Now
61,1982,237.0,,237.0,Peace Now
61,1983,253.0,,253.0,Peace Now
61,1985,413.0,,413.0,Peace Now
61,1986,419.0,,419.0,Peace Now
61,1987,479.0,,479.0,Peace Now
61,1988,522.0,,522.0,Peace Now
61,1989,559.0,,559.0,Peace Now
61,1990,644.0,,644.0,Peace Now
61,1991,750.0,,750.0,Peace Now
61,1992,867.0,,867.0,Peace Now
61,1993,966.0,,966.0,Peace Now
61,1994,1010.0,,1010.0,Peace Now
61,1995,1120.0,,1120.0,Peace Now
61,1996,1280.0,1280.0,1280.0,Peace Now
61,1997,1380.0,1380.0,1380.0,Peace Now
61,1998,1430.0,1400.0,1430.0,Peace Now
61,1999,1590.0,1589.0,1590.0,Peace Now
61,2000,1690.0,1690.0,1690.0,Peace Now
61,2001,1750.0,1750.0,1750.0,Peace Now
61,2002,1790.0,1790.0,1790.0,Peace Now
61,2003,1866.0,1866.0,1866.0,Peace Now
61,2004,2006.0,2006.0,2006.0,Peace Now
61,2005,2127.0,2127.0,2127.0,Peace Now
61,2006,2312.0,2315.0,2312.0,Peace Now
61,2007,2542.0,2542.0,2542.0,Peace Now
61,2008,2686.0,2686.0,2686.0,Peace Now
61,2009,3099.0,3099.0,3099.0,Peace Now
61,2010,3286.0,3286.0,3286.0,Peace Now
61,2011,3434.0,3434.0,3434.0,Peace Now
61,2012,3527.0,3527.0,3527.0,Peace Now
61,2013,3722.0,3722.0,3722.0,Peace Now
61,2014,3952.0,3950.0,3952.0,Peace Now
61,2015,4145.0,4145.0,4145.0,Peace Now
61,2016,4271.0,4271.0,4271.0,Peace Now
61,2017,4381.0,4381.0,4381.0,Peace Now
61,2018,4513.0,,4513.0,Peace Now
61,2019,4674.0,,4674.0,Peace Now
61,2020,4785.0,,4785.0,Peace Now
61,2021,4927.0,,4927.0,Peace Now
61,2022,4957.0,,4957.0,Peace Now
61,2023,5019.0,,5019.0,Peace Now
61,2024,5123.0,,5123.0,Peace Now
62,1969,0.0,,0.0,Peace Now
62,1970,0.0,,0.0,Peace Now
62,1971,0.0,,0.0,Peace Now
62,1972,0.0,,0.0,Peace Now
62,1973,0.0,,0.0,Peace Now
62,1974,0.0,,0.0,Peace Now
62,1975,0.0,,0.0,Peace Now
62,1976,0.0,,0.0,Peace Now
62,1977,0.0,,0.0,Peace Now
62,1978,0.0,,0.0,Peace Now
62,1979,0.0,,0.0,Peace Now
62,1982,0.0,,0.0,Peace Now
62,1983,0.0,,0.0,Peace Now
62,1985,0.0,,0.0,Peace Now
62,1986,0.0,,0.0,Peace Now
62,1987,0.0,,0.0,Peace Now
62,1988,0.0,,0.0,Peace Now
62,1989,0.0,,0.0,Peace Now
62,1990,0.0,,0.0,Peace Now
62,1991,0.0,,0.0,Peace Now
62,1992,0.0,,0.0,Peace Now
62,1993,0.0,,0.0,Peace Now
62,1994,0.0,,0.0,Peace Now
62,1995,0.0,,0.0,Peace Now
62,1996,0.0,,0.0,Peace Now
62,1997,0.0,,0.0,Peace Now
62,1998,132.0,,132.0,Peace Now
62,1999,332.0,,332.0,Peace Now
62,2000,768.0,,768.0,Peace Now
62,2001,971.0,,971.0,Peace Now
62,2002,1240.0,,1240.0,Peace Now
62,2003,,1409.0,1409.0,B'Tselem
62,2004,,1600.0,1600.0,B'Tselem
62,2005,1804.0,1804.0,1804.0,Peace Now
62,2006,1917.0,1917.0,1917.0,Peace Now
62,2007,2028.0,2028.0,2028.0,Peace Now
62,2008,2172.0,2127.0,2172.0,Peace Now
62,2009,2440.0,2440.0,2440.0,Peace Now
62,2010,2509.0,2509.0,2509.0,Peace Now
62,2011,2542.0,2542.0,2542.0,Peace Now
62,2012,2644.0,2644.0,2644.0,Peace Now
62,2013,2667.0,2667.0,2667.0,Peace Now
62,2014,2668.0,2670.0,2668.0,Peace Now
62,2015,2700.0,2700.0,2700.0,Peace Now
62,2016,2678.0,2678.0,2678.0,Peace Now
62,2017,2708.0,2708.0,2708.0,Peace Now
62,2018,2664.0,,2664.0,Peace Now
62,2019,2658.0,,2658.0,Peace Now
62,2020,2614.0,,2614.0,Peace Now
62,2021,2607.0,,2607.0,Peace Now
62,2022,2604.0,,2604.0,Peace Now
62,2023,2342.0,,2342.0,Peace Now
62,2024,2550.0,,2550.0,Peace Now
63,1982,415.0,,415.0,Peace Now
63,1983,390.0,,390.0,Peace Now
63,1985,422.0,,422.0,Peace Now
63,1986,446.0,,446.0,Peace Now
63,1987,461.0,,461.0,Peace Now
63,1988,466.0,,466.0,Peace Now
63,1989,455.0,,455.0,Peace Now
63,1990,556.0,,556.0,Peace Now
63,1991,561.0,,561.0,Peace Now
63,1992,529.0,,529.0,Peace Now
63,1993,532.0,,532.0,Peace Now
63,1994,543.0,,543.0,Peace Now
63,1995,556.0,,556.0,Peace Now
63,1996,418.0,418.0,418.0,Peace Now
63,1997,400.0,400.0,400.0,Peace Now
63,1998,415.0,400.0,415.0,Peace Now
63,1999,421.0,421.0,421.0,Peace Now
63,2000,427.0,427.0,427.0,Peace Now
63,2001,402.0,402.0,402.0,Peace Now
63,2002,408.0,408.0,408.0,Peace Now
63,2003,404.0,404.0,404.0,Peace Now
63,2004,416.0,416.0,416.0,Peace Now
63,2005,422.0,422.0,422.0,Peace Now
63,2006,448.0,448.0,448.0,Peace Now
63,2007,455.0,455.0,455.0,Peace Now
63,2008,476.0,476.0,476.0,Peace Now
63,2009,818.0,818.0,818.0,Peace Now
63,2010,804.0,804.0,804.0,Peace Now
63,2011,872.0,872.0,872.0,Peace Now
63,2012,975.0,975.0,975.0,Peace Now
63,2013,1022.0,1022.0,1022.0,Peace Now
63,2014,1060.0,1060.0,1060.0,Peace Now
63,2015,1071.0,1071.0,1071.0,Peace Now
63,2016,1099.0,1099.0,1099.0,Peace Now
63,2017,1145.0,1145.0,1145.0,Peace Now
63,2018,1152.0,,1152.0,Peace Now
63,2019,1156.0,,1156.0,Peace Now
63,2020,1203.0,,1203.0,Peace Now
63,2021,1279.0,,1279.0,Peace Now
63,2022,1371.0,,1371.0,Peace Now
63,2023,1168.0,,1168.0,Peace Now
63,2024,1390.0,,1390.0,Peace Now
64,1969,0.0,,0.0,Peace Now
64,1970,0.0,,0.0,Peace Now
64,1971,0.0,,0.0,Peace Now
64,1972,0.0,,0.0,Peace Now
64,1973,0.0,,0.0,Peace Now
64,1974,0.0,,0.0,Peace Now
64,1975,0.0,,0.0,Peace Now
64,1976,0.0,,0.0,Peace Now
64,1977,0.0,,0.0,Peace Now
64,1982,0.0,,0.0,Peace Now
64,1983,82.0,,82.0,Peace Now
64,1985,0.0,,0.0,Peace Now
64,1986,0.0,,0.0,Peace Now
64,1987,0.0,,0.0,Peace Now
64,1988,0.0,,0.0,Peace Now
64,1989,0.0,,0.0,Peace Now
64,1990,0.0,,0.0,Peace Now
64,1991,233.0,,233.0,Peace Now
64,1992,270.0,,270.0,Peace Now
64,1993,280.0,,280.0,Peace Now
64,1994,261.0,,261.0,Peace Now
64,1995,294.0,,294.0,Peace Now
64,1996,276.0,276.0,276.0,Peace Now
64,1997,324.0,324.0,324.0,Peace Now
64,1998,353.0,400.0,353.0,Peace Now
64,1999,352.0,352.0,352.0,Peace Now
64,2000,347.0,347.0,347.0,Peace Now
64,2001,387.0,387.0,387.0,Peace Now
64,2002,446.0,446.0,446.0,Peace Now
64,2003,523.0,523.0,523.0,Peace Now
64,2004,593.0,593.0,593.0,Peace Now
64,2005,648.0,648.0,648.0,Peace Now
64,2006,721.0,721.0,721.0,Peace Now
64,2007,798.0,798.0,798.0,Peace Now
64,2008,867.0,867.0,867.0,Peace Now
64,2009,919.0,919.0,919.0,Peace Now
64,2010,1025.0,1025.0,1025.0,Peace Now
64,2011,1070.0,1070.0,1070.0,Peace Now
64,2012,1207.0,1207.0,1207.0,Peace Now
64,2013,916.0,916.0,916.0,Peace Now
64,2014,900.0,900.0,900.0,Peace Now
64,2015,970.0,970.0,970.0,Peace Now
64,2016,1071.0,1071.0,1071.0,Peace Now
64,2017,1166.0,1166.0,1166.0,Peace Now
64,2018,1238.0,,1238.0,Peace Now
64,2019,1312.0,,1312.0,Peace Now
64,2020,1473.0,,1473.0,Peace Now
64,2021,1522.0,,1522.0,Peace Now
64,2022,1639.0,,1639.0,Peace Now
64,2023,1606.0,,1606.0,Peace Now
64,2024,1673.0,,1673.0,Peace Now
65,1969,0.0,,0.0,Peace Now
65,1970,0.0,,0.0,Peace Now
65,1971,0.0,,0.0,Peace Now
65,1972,0.0,,0.0,Peace Now
65,1973,0.0,,0.0,Peace Now
65,1974,0.0,,0.0,Peace Now
65,1975,0.0,,0.0,Peace Now
65,1976,0.0,,0.0,Peace Now
65,1977,0.0,,0.0,Peace Now
65,1978,0.0,,0.0,Peace Now
65,1979,0.0,,0.0,Peace Now
65,1982,0.0,,0.0,Peace Now
65,1983,0.0,,0.0,Peace Now
65,1985,0.0,,0.0,Peace Now
65,1986,0.0,,0.0,Peace Now
65,1987,0.0,,0.0,Peace Now
65,1988,0.0,,0.0,Peace Now
65,1989,0.0,,0.0,Peace Now
65,1990,0.0,,0.0,Peace Now
65,1991,0.0,,0.0,Peace Now
65,1992,0.0,,0.0,Peace Now
65,1993,212.0,,212.0,Peace Now
65,1994,237.0,,237.0,Peace Now
65,1995,294.0,,294.0,Peace Now
65,1996,373.0,373.0,373.0,Peace Now
65,1997,398.0,398.0,398.0,Peace Now
65,1998,417.0,400.0,417.0,Peace Now
65,1999,422.0,422.0,422.0,Peace Now
65,2000,481.0,481.0,481.0,Peace Now
65,2001,504.0,504.0,504.0,Peace Now
65,2002,579.0,579.0,579.0,Peace Now
65,2003,623.0,623.0,623.0,Peace Now
65,2004,665.0,665.0,665.0,Peace Now
65,2005,713.0,713.0,713.0,Peace Now
65,2006,696.0,696.0,696.0,Peace Now
65,2007,729.0,729.0,729.0,Peace Now
65,2008,757.0,757.0,757.0,Peace Now
65,2009,691.0,691.0,691.0,Peace Now
65,2010,725.0,725.0,725.0,Peace Now
65,2011,756.0,756.0,756.0,Peace Now
65,2012,872.0,872.0,872.0,Peace Now
65,2013,975.0,975.0,975.0,Peace Now
65,2014,1011.0,1010.0,1011.0,Peace Now
65,2015,1036.0,1036.0,1036.0,Peace Now
65,2016,1047.0,1047.0,1047.0,Peace Now
65,2017,1037.0,1037.0,1037.0,Peace Now
65,2018,1021.0,,1021.0,Peace Now
65,2019,1001.0,,1001.0,Peace Now
65,2020,995.0,,995.0,Peace Now
65,2021,964.0,,964.0,Peace Now
65,2022,980.0,,980.0,Peace Now
65,2023,1003.0,,1003.0,Peace Now
65,2024,997.0,,997.0,Peace Now
66,1969,0.0,,0.0,Peace Now
66,1970,0.0,,0.0,Peace Now
66,1971,0.0,,0.0,Peace Now
66,1972,0.0,,0.0,Peace Now
66,1973,0.0,,0.0,Peace Now
66,1974,0.0,,0.0,Peace Now
66,1975,0.0,,0.0,Peace Now
66,1976,0.0,,0.0,Peace Now
66,1977,0.0,,0.0,Peace Now
66,1978,0.0,,0.0,Peace Now
66,1979,0.0,,0.0,Peace Now
66,1982,0.0,,0.0,Peace Now
66,1983,71.0,,71.0,Peace Now
66,1985,0.0,,0.0,Peace Now
66,1986,0.0,,0.0,Peace Now
66,1987,0.0,,0.0,Peace Now
66,1988,0.0,,0.0,Peace Now
66,1989,0.0,,0.0,Peace Now
66,1990,0.0,,0.0,Peace Now
66,1991,0.0,,0.0,Peace Now
66,1992,214.0,,214.0,Peace Now
66,1993,230.0,,230.0,Peace Now
66,1994,231.0,,231.0,Peace Now
66,1995,255.0,,255.0,Peace Now
66,1996,215.0,215.0,215.0,Peace Now
66,1997,210.0,210.0,210.0,Peace Now
66,1998,233.0,200.0,233.0,Peace Now
66,1999,252.0,252.0,252.0,Peace Now
66,2000,246.0,246.0,246.0,Peace Now
66,2001,280.0,280.0,280.0,Peace Now
66,2002,301.0,301.0,301.0,Peace Now
66,2003,321.0,321.0,321.0,Peace Now
66,2004,319.0,319.0,319.0,Peace Now
66,2005,330.0,330.0,330.0,Peace Now
66,2006,357.0,357.0,357.0,Peace Now
66,2007,378.0,378.0,378.0,Peace Now
66,2008,392.0,392.0,392.0,Peace Now
66,2009,379.0,379.0,379.0,Peace Now
66,2010,383.0,383.0,383.0,Peace Now
66,2011,394.0,394.0,394.0,Peace Now
66,2012,378.0,378.0,378.0,Peace Now
66,2013,389.0,389.0,389.0,Peace Now
66,2014,419.0,420.0,419.0,Peace Now
66,2015,407.0,407.0,407.0,Peace Now
66,2016,401.0,401.0,401.0,Peace Now
66,2017,422.0,422.0,422.0,Peace Now
66,2018,436.0,,436.0,Peace Now
66,2019,437.0,,437.0,Peace Now
66,2020,447.0,,447.0,Peace Now
66,2021,467.0,,467.0,Peace Now
66,2022,465.0,,465.0,Peace Now
66,2023,632.0,,632.0,Peace Now
66,2024,527.0,,527.0,Peace Now
67,1969,0.0,,0.0,Peace Now
67,1970,0.0,,0.0,Peace Now
67,1971,0.0,,0.0,Peace Now
67,1972,0.0,,0.0,Peace Now
67,1973,0.0,,0.0,Peace Now
67,1974,0.0,,0.0,Peace Now
67,1975,0.0,,0.0,Peace Now
67,1976,0.0,,0.0,Peace Now
67,1977,0.0,,0.0,Peace Now
67,1982,0.0,,0.0,Peace Now
67,1983,98.0,,98.0,Peace Now
67,1985,0.0,,0.0,Peace Now
67,1986,0.0,,0.0,Peace Now
67,1987,0.0,,0.0,Peace Now
67,1988,0.0,,0.0,Peace Now
67,1989,0.0,,0.0,Peace Now
67,1990,0.0,,0.0,Peace Now
67,1991,215.0,,215.0,Peace Now
67,1992,235.0,,235.0,Peace Now
67,1993,241.0,,241.0,Peace Now
67,1994,271.0,,271.0,Peace Now
67,1995,307.0,,307.0,Peace Now
67,1996,308.0,308.0,308.0,Peace Now
67,1997,307.0,307.0,307.0,Peace Now
67,1998,308.0,300.0,308.0,Peace Now
67,1999,314.0,314.0,314.0,Peace Now
67,2000,310.0,310.0,310.0,Peace Now
67,2001,295.0,295.0,295.0,Peace Now
67,2002,279.0,279.0,279.0,Peace Now
67,2003,289.0,289.0,289.0,Peace Now
67,2004,287.0,287.0,287.0,Peace Now
67,2005,303.0,303.0,303.0,Peace Now
67,2006,311.0,311.0,311.0,Peace Now
67,2007,315.0,315.0,315.0,Peace Now
67,2008,313.0,313.0,313.0,Peace Now
67,2009,281.0,281.0,281.0,Peace Now
67,2010,280.0,280.0,280.0,Peace Now
67,2011,272.0,272.0,272.0,Peace Now
67,2012,276.0,276.0,276.0,Peace Now
67,2013,272.0,272.0,272.0,Peace Now
67,2014,330.0,330.0,330.0,Peace Now
67,2015,364.0,364.0,364.0,Peace Now
67,2016,386.0,386.0,386.0,Peace Now
67,2017,393.0,393.0,393.0,Peace Now
67,2018,403.0,,403.0,Peace Now
67,2019,448.0,,448.0,Peace Now
67,2020,479.0,,479.0,Peace Now
67,2021,509.0,,509.0,Peace Now
67,2022,612.0,,612.0,Peace Now
67,2023,683.0,,683.0,Peace Now
67,2024,699.0,,699.0,Peace Now
68,1969,0.0,,0.0,Peace Now
68,1982,253.0,,253.0,Peace Now
68,1983,275.0,,275.0,Peace Now
68,1985,302.0,,302.0,Peace Now
68,1986,307.0,,307.0,Peace Now
68,1987,323.0,,323.0,Peace Now
68,1988,352.0,,352.0,Peace Now
68,1989,347.0,,347.0,Peace Now
68,1990,348.0,,348.0,Peace Now
68,1991,359.0,,359.0,Peace Now
68,1992,430.0,,430.0,Peace Now
68,1993,453.0,,453.0,Peace Now
68,1994,464.0,,464.0,Peace Now
68,1995,495.0,,495.0,Peace Now
68,1996,491.0,491.0,491.0,Peace Now
68,1997,505.0,505.0,505.0,Peace Now
68,1998,493.0,500.0,493.0,Peace Now
68,1999,494.0,494.0,494.0,Peace Now
68,2000,497.0,497.0,497.0,Peace Now
68,2001,537.0,537.0,537.0,Peace Now
68,2002,599.0,599.0,599.0,Peace Now
68,2003,712.0,712.0,712.0,Peace Now
68,2004,827.0,827.0,827.0,Peace Now
68,2005,950.0,950.0,950.0,Peace Now
68,2006,1037.0,1037.0,1037.0,Peace Now
68,2007,1169.0,1169.0,1169.0,Peace Now
68,2008,1327.0,1327.0,1327.0,Peace Now
68,2009,1593.0,1593.0,1593.0,Peace Now
68,2010,1771.0,1771.0,1771.0,Peace Now
68,2011,1929.0,1929.0,1929.0,Peace Now
68,2012,2147.0,2147.0,2147.0,Peace Now
68,2013,2274.0,2274.0,2274.0,Peace Now
68,2014,2425.0,2430.0,2425.0,Peace Now
68,2015,2517.0,2517.0,2517.0,Peace Now
68,2016,2566.0,2566.0,2566.0,Peace Now
68,2017,2589.0,2589.0,2589.0,Peace Now
68,2018,2650.0,,2650.0,Peace Now
68,2019,2669.0,,2669.0,Peace Now
68,2020,2686.0,,2686.0,Peace Now
68,2021,2694.0,,2694.0,Peace Now
68,2022,2669.0,,2669.0,Peace Now
68,2023,2590.0,,2590.0,Peace Now
68,2024,2730.0,,2730.0,Peace Now
69,2021,228.0,,228.0,Peace Now
69,2022,308.0,,308.0,Peace Now
69,2023,538.0,,538.0,Peace Now
69,2024,403.0,,403.0,Peace Now
70,1969,0.0,,0.0,Peace Now
70,1970,0.0,,0.0,Peace Now
70,1971,0.0,,0.0,Peace Now
70,1972,0.0,,0.0,Peace Now
70,1973,0.0,,0.0,Peace Now
70,1974,0.0,,0.0,Peace Now
70,1975,0.0,,0.0,Peace Now
70,1976,0.0,,0.0,Peace Now
70,1982,0.0,,0.0,Peace Now
70,1983,98.0,,98.0,Peace Now
70,1985,0.0,,0.0,Peace Now
70,1986,0.0,,0.0,Peace Now
70,1987,0.0,,0.0,Peace Now
70,1988,0.0,,0.0,Peace Now
70,1989,0.0,,0.0,Peace Now
70,1990,0.0,,0.0,Peace Now
70,1991,0.0,,0.0,Peace Now
70,1992,0.0,,0.0,Peace Now
70,1993,208.0,,208.0,Peace Now
70,1994,221.0,,221.0,Peace Now
70,1995,269.0,,269.0,Peace Now
70,1996,266.0,266.0,266.0,Peace Now
70,1997,281.0,281.0,281.0,Peace Now
70,1998,290.0,0.0,290.0,Peace Now
70,1999,280.0,280.0,280.0,Peace Now
70,2000,289.0,289.0,289.0,Peace Now
70,2001,282.0,282.0,282.0,Peace Now
70,2002,268.0,268.0,268.0,Peace Now
70,2003,298.0,298.0,298.0,Peace Now
70,2004,313.0,313.0,313.0,Peace Now
70,2005,334.0,334.0,334.0,Peace Now
70,2006,345.0,345.0,345.0,Peace Now
70,2007,332.0,332.0,332.0,Peace Now
70,2008,347.0,347.0,347.0,Peace Now
70,2009,436.0,436.0,436.0,Peace Now
70,2010,412.0,412.0,412.0,Peace Now
70,2011,435.0,435.0,435.0,Peace Now
70,2012,512.0,512.0,512.0,Peace Now
70,2013,505.0,505.0,505.0,Peace Now
70,2014,447.0,450.0,447.0,Peace Now
70,2015,439.0,439.0,439.0,Peace Now
70,2016,605.0,605.0,605.0,Peace Now
70,2017,605.0,605.0,605.0,Peace Now
70,2018,574.0,,574.0,Peace Now
70,2019,574.0,,574.0,Peace Now
70,2020,576.0,,576.0,Peace Now
70,2021,566.0,,566.0,Peace Now
70,2022,572.0,,572.0,Peace Now
70,2023,575.0,,575.0,Peace Now
70,2024,592.0,,592.0,Peace Now
71,1969,0.0,,0.0,Peace Now
71,1970,0.0,,0.0,Peace Now
71,1971,0.0,,0.0,Peace Now
71,1972,0.0,,0.0,Peace Now
71,1973,0.0,,0.0,Peace Now
71,1974,0.0,,0.0,Peace Now
71,1975,0.0,,0.0,Peace Now
71,1976,0.0,,0.0,Peace Now
71,1977,0.0,,0.0,Peace Now
71,1978,0.0,,0.0,Peace Now
71,1979,0.0,,0.0,Peace Now
71,1982,0.0,,0.0,Peace Now
71,1983,0.0,,0.0,Peace Now
71,1985,0.0,,0.0,Peace Now
71,1986,0.0,,0.0,Peace Now
71,1987,0.0,,0.0,Peace Now
71,1988,0.0,,0.0,Peace Now
71,1989,0.0,,0.0,Peace Now
71,1990,0.0,,0.0,Peace Now
71,1991,0.0,,0.0,Peace Now
71,1992,0.0,,0.0,Peace Now
71,1993,0.0,,0.0,Peace Now
71,1994,0.0,,0.0,Peace Now
71,1995,0.0,,0.0,Peace Now
71,1996,118.0,118.0,118.0,Peace Now
71,1997,122.0,122.0,122.0,Peace Now
71,1998,141.0,100.0,141.0,Peace Now
71,1999,150.0,150.0,150.0,Peace Now
71,2000,306.0,155.0,306.0,Peace Now
71,2001,153.0,153.0,153.0,Peace Now
71,2002,143.0,143.0,143.0,Peace Now
71,2003,152.0,152.0,152.0,Peace Now
71,2004,151.0,151.0,151.0,Peace Now
71,2005,150.0,150.0,150.0,Peace Now
71,2006,142.0,142.0,142.0,Peace Now
71,2007,139.0,139.0,139.0,Peace Now
71,2008,138.0,138.0,138.0,Peace Now
71,2009,137.0,137.0,137.0,Peace Now
71,2010,142.0,142.0,142.0,Peace Now
71,2011,138.0,138.0,138.0,Peace Now
71,2012,147.0,147.0,147.0,Peace Now
71,2013,150.0,150.0,150.0,Peace Now
71,2014,204.0,200.0,204.0,Peace Now
71,2015,269.0,269.0,269.0,Peace Now
71,2016,305.0,305.0,305.0,Peace Now
71,2017,335.0,335.0,335.0,Peace Now
71,2018,368.0,,368.0,Peace Now
71,2019,448.0,,448.0,Peace Now
71,2020,505.0,,505.0,Peace Now
71,2021,543.0,,543.0,Peace Now
71,2022,592.0,,592.0,Peace Now
71,2023,700.0,,700.0,Peace Now
71,2024,668.0,,668.0,Peace Now
73,1969,0.0,,0.0,Peace Now
73,1970,0.0,,0.0,Peace Now
73,1971,0.0,,0.0,Peace Now
73,1972,0.0,,0.0,Peace Now
73,1973,0.0,,0.0,Peace Now
73,1974,0.0,,0.0,Peace Now
73,1975,0.0,,0.0,Peace Now
73,1976,0.0,,0.0,Peace Now
73,1977,0.0,,0.0,Peace Now
73,1978,0.0,,0.0,Peace Now
73,1979,0.0,,0.0,Peace Now
73,1982,0.0,,0.0,Peace Now
73,1983,0.0,,0.0,Peace Now
73,1985,0.0,,0.0,Peace Now
73,1986,0.0,,0.0,Peace Now
73,1987,0.0,,0.0,Peace Now
73,1988,0.0,,0.0,Peace Now
73,1989,0.0,,0.0,Peace Now
73,1990,0.0,,0.0,Peace Now
73,1991,0.0,,0.0,Peace Now
73,1992,0.0,,0.0,Peace Now
73,1993,0.0,,0.0,Peace Now
73,1994,2400.0,,2400.0,Peace Now
73,1995,5500.0,,5500.0,Peace Now
73,1996,6150.0,6150.0,6150.0,Peace Now
73,1997,8090.0,8090.0,8090.0,Peace Now
73,1998,10500.0,10500.0,10500.0,Peace Now
73,1999,13000.0,12968.0,13000.0,Peace Now
73,2000,16400.0,16400.0,16400.0,Peace Now
73,2001,19200.0,19200.0,19200.0,Peace Now
73,2002,22000.0,22000.0,22000.0,Peace Now
73,2003,24290.0,24290.0,24290.0,Peace Now
73,2004,27386.0,27386.0,27386.0,Peace Now
73,2005,30484.0,30484.0,30484.0,Peace Now
73,2006,34482.0,34482.0,34482.0,Peace Now
73,2007,38047.0,38047.0,38047.0,Peace Now
73,2008,41869.0,41869.0,41869.0,Peace Now
73,2009,46245.0,46245.0,46245.0,Peace Now
73,2010,48639.0,48639.0,48639.0,Peace Now
73,2011,52060.0,52060.0,52060.0,Peace Now
73,2012,55494.0,55494.0,55494.0,Peace Now
73,2013,60046.0,60046.0,60046.0,Peace Now
73,2014,63187.0,63190.0,63187.0,Peace Now
73,2015,64179.0,64179.0,64179.0,Peace Now
73,2016,66847.0,66847.0,66847.0,Peace Now
73,2017,70081.0,70081.0,70081.0,Peace Now
73,2018,73080.0,,73080.0,Peace Now
73,2019,76374.0,,76374.0,Peace Now
73,2020,77967.0,,77967.0,Peace Now
73,2021,80997.0,,80997.0,Peace Now
73,2022,83356.0,,83356.0,Peace Now
73,2023,87486.0,,87486.0,Peace Now
73,2024,86816.0,,86816.0,Peace Now
74,1982,300.0,,300.0,Peace Now
74,1983,293.0,,293.0,Peace Now
74,1985,340.0,,340.0,Peace Now
74,1986,327.0,,327.0,Peace Now
74,1987,340.0,,340.0,Peace Now
74,1988,325.0,,325.0,Peace Now
74,1989,303.0,,303.0,Peace Now
74,1990,315.0,,315.0,Peace Now
74,1991,324.0,,324.0,Peace Now
74,1992,244.0,,244.0,Peace Now
74,1993,250.0,,250.0,Peace Now
74,1994,268.0,,268.0,Peace Now
74,1995,272.0,,272.0,Peace Now
74,1996,265.0,265.0,265.0,Peace Now
74,1997,283.0,283.0,283.0,Peace Now
74,1998,302.0,300.0,302.0,Peace Now
74,1999,315.0,315.0,315.0,Peace Now
74,2000,306.0,306.0,306.0,Peace Now
74,2001,302.0,302.0,302.0,Peace Now
74,2002,311.0,311.0,311.0,Peace Now
74,2003,327.0,327.0,327.0,Peace Now
74,2004,360.0,360.0,360.0,Peace Now
74,2005,362.0,362.0,362.0,Peace Now
74,2006,351.0,351.0,351.0,Peace Now
74,2007,357.0,357.0,357.0,Peace Now
74,2008,373.0,373.0,373.0,Peace Now
74,2009,377.0,377.0,377.0,Peace Now
74,2010,400.0,400.0,400.0,Peace Now
74,2011,421.0,421.0,421.0,Peace Now
74,2012,429.0,429.0,429.0,Peace Now
74,2013,436.0,436.0,436.0,Peace Now
74,2014,467.0,470.0,467.0,Peace Now
74,2015,471.0,471.0,471.0,Peace Now
74,2016,517.0,517.0,517.0,Peace Now
74,2017,537.0,537.0,537.0,Peace Now
74,2018,575.0,,575.0,Peace Now
74,2019,609.0,,609.0,Peace Now
74,2020,629.0,,629.0,Peace Now
74,2021,649.0,,649.0,Peace Now
74,2022,688.0,,688.0,Peace Now
74,2023,760.0,,760.0,Peace Now
74,2024,742.0,,742.0,Peace Now
75,1969,0.0,,0.0,Peace Now
75,1970,0.0,,0.0,Peace Now
75,1971,0.0,,0.0,Peace Now
75,1972,0.0,,0.0,Peace Now
75,1982,0.0,,0.0,Peace Now
75,1983,133.0,,133.0,Peace Now
75,1985,0.0,,0.0,Peace Now
75,1986,0.0,,0.0,Peace Now
75,1987,248.0,,248.0,Peace Now
75,1988,118.0,,118.0,Peace Now
75,1989,99.0,,99.0,Peace Now
75,1990,0.0,,0.0,Peace Now
75,1991,114.0,,114.0,Peace Now
75,1992,122.0,,122.0,Peace Now
75,1993,132.0,,132.0,Peace Now
75,1994,135.0,,135.0,Peace Now
75,1995,129.0,,129.0,Peace Now
75,1996,105.0,105.0,105.0,Peace Now
75,1997,113.0,113.0,113.0,Peace Now
75,1998,115.0,100.0,115.0,Peace Now
75,1999,120.0,120.0,120.0,Peace Now
75,2000,113.0,113.0,113.0,Peace Now
75,2001,119.0,119.0,119.0,Peace Now
75,2002,119.0,119.0,119.0,Peace Now
75,2003,125.0,125.0,125.0,Peace Now
75,2004,119.0,119.0,119.0,Peace Now
75,2005,120.0,120.0,120.0,Peace Now
75,2006,114.0,114.0,114.0,Peace Now
75,2007,112.0,112.0,112.0,Peace Now
75,2008,117.0,117.0,117.0,Peace Now
75,2009,122.0,122.0,122.0,Peace Now
75,2010,131.0,131.0,131.0,Peace Now
75,2011,116.0,116.0,116.0,Peace Now
75,2012,112.0,112.0,112.0,Peace Now
75,2013,129.0,129.0,129.0,Peace Now
75,2014,138.0,140.0,138.0,Peace Now
75,2015,141.0,141.0,141.0,Peace Now
75,2016,142.0,142.0,142.0,Peace Now
75,2017,136.0,136.0,136.0,Peace Now
75,2018,161.0,,161.0,Peace Now
75,2019,166.0,,166.0,Peace Now
75,2020,178.0,,178.0,Peace Now
75,2021,185.0,,185.0,Peace Now
75,2022,179.0,,179.0,Peace Now
75,2023,250.0,,250.0,Peace Now
75,2024,186.0,,186.0,Peace Now
76,1969,0.0,,0.0,Peace Now
76,1970,0.0,,0.0,Peace Now
76,1971,0.0,,0.0,Peace Now
76,1972,0.0,,0.0,Peace Now
76,1973,0.0,,0.0,Peace Now
76,1974,0.0,,0.0,Peace Now
76,1975,0.0,,0.0,Peace Now
76,1976,0.0,,0.0,Peace Now
76,1977,0.0,,0.0,Peace Now
76,1978,0.0,,0.0,Peace Now
76,1979,0.0,,0.0,Peace Now
76,1982,0.0,,0.0,Peace Now
76,1983,21.0,,21.0,Peace Now
76,1985,0.0,,0.0,Peace Now
76,1986,0.0,,0.0,Peace Now
76,1987,0.0,,0.0,Peace Now
76,1988,0.0,,0.0,Peace Now
76,1989,0.0,,0.0,Peace Now
76,1990,0.0,,0.0,Peace Now
76,1991,0.0,,0.0,Peace Now
76,1992,0.0,,0.0,Peace Now
76,1993,160.0,,160.0,Peace Now
76,1994,158.0,,158.0,Peace Now
76,1995,166.0,,166.0,Peace Now
76,1996,192.0,192.0,192.0,Peace Now
76,1997,218.0,218.0,218.0,Peace Now
76,1998,246.0,200.0,246.0,Peace Now
76,1999,265.0,265.0,265.0,Peace Now
76,2000,283.0,283.0,283.0,Peace Now
76,2001,300.0,300.0,300.0,Peace Now
76,2002,320.0,320.0,320.0,Peace Now
76,2003,327.0,327.0,327.0,Peace Now
76,2004,308.0,308.0,308.0,Peace Now
76,2005,347.0,347.0,347.0,Peace Now
76,2006,370.0,370.0,370.0,Peace Now
76,2007,381.0,381.0,381.0,Peace Now
76,2008,417.0,417.0,417.0,Peace Now
76,2009,368.0,368.0,368.0,Peace Now
76,2010,357.0,357.0,357.0,Peace Now
76,2011,418.0,418.0,418.0,Peace Now
76,2012,454.0,454.0,454.0,Peace Now
76,2013,461.0,461.0,461.0,Peace Now
76,2014,488.0,490.0,488.0,Peace Now
76,2015,502.0,502.0,502.0,Peace Now
76,2016,539.0,539.0,539.0,Peace Now
76,2017,560.0,560.0,560.0,Peace Now
76,2018,575.0,,575.0,Peace Now
76,2019,595.0,,595.0,Peace Now
76,2020,594.0,,594.0,Peace Now
76,2021,592.0,,592.0,Peace Now
76,2022,607.0,,607.0,Peace Now
76,2023,749.0,,749.0,Peace Now
76,2024,649.0,,649.0,Peace Now
77,1969,0.0,,0.0,Peace Now
77,1970,0.0,,0.0,Peace Now
77,1971,0.0,,0.0,Peace Now
77,1972,0.0,,0.0,Peace Now
77,1973,0.0,,0.0,Peace Now
77,1974,0.0,,0.0,Peace Now
77,1980,300.0,,300.0,Peace Now
77,1982,1700.0,,1700.0,Peace Now
77,1983,3504.0,,3504.0,Peace Now
77,1985,9340.0,,9340.0,Peace Now
77,1986,10300.0,,10300.0,Peace Now
77,1987,11100.0,,11100.0,Peace Now
77,1988,11800.0,,11800.0,Peace Now
77,1989,12700.0,,12700.0,Peace Now
77,1990,13500.0,,13500.0,Peace Now
77,1991,14600.0,,14600.0,Peace Now
77,1992,15200.0,,15200.0,Peace Now
77,1993,16900.0,,16900.0,Peace Now
77,1994,18400.0,,18400.0,Peace Now
77,1995,19300.0,,19300.0,Peace Now
77,1996,18700.0,18700.0,18700.0,Peace Now
77,1997,20300.0,20300.0,20300.0,Peace Now
77,1998,22200.0,22200.0,22200.0,Peace Now
77,1999,23800.0,23801.0,23800.0,Peace Now
77,2000,24900.0,24900.0,24900.0,Peace Now
77,2001,25800.0,25800.0,25800.0,Peace Now
77,2002,26500.0,26500.0,26500.0,Peace Now
77,2003,27259.0,27259.0,27259.0,Peace Now
77,2004,28923.0,28923.0,28923.0,Peace Now
77,2005,30162.0,30162.0,30162.0,Peace Now
77,2006,31754.0,31754.0,31754.0,Peace Now
77,2007,33019.0,33019.0,33019.0,Peace Now
77,2008,33821.0,33821.0,33821.0,Peace Now
77,2009,34324.0,34324.0,34324.0,Peace Now
77,2010,35673.0,35673.0,35673.0,Peace Now
77,2011,36089.0,36089.0,36089.0,Peace Now
77,2012,36862.0,36862.0,36862.0,Peace Now
77,2013,37138.0,37138.0,37138.0,Peace Now
77,2014,37404.0,37400.0,37404.0,Peace Now
77,2015,37525.0,37525.0,37525.0,Peace Now
77,2016,37670.0,37670.0,37670.0,Peace Now
77,2017,37817.0,37817.0,37817.0,Peace Now
77,2018,38193.0,,38193.0,Peace Now
77,2019,38154.0,,38154.0,Peace Now
77,2020,37847.0,,37847.0,Peace Now
77,2021,37555.0,,37555.0,Peace Now
77,2022,38046.0,,38046.0,Peace Now
77,2023,36680.0,,36680.0,Peace Now
77,2024,38097.0,,38097.0,Peace Now
78,1969,0.0,,0.0,Peace Now
78,1982,900.0,,900.0,Peace Now
78,1983,909.0,,909.0,Peace Now
78,1985,1110.0,,1110.0,Peace Now
78,1986,1140.0,,1140.0,Peace Now
78,1987,1230.0,,1230.0,Peace Now
78,1988,1320.0,,1320.0,Peace Now
78,1989,1300.0,,1300.0,Peace Now
78,1990,1430.0,,1430.0,Peace Now
78,1991,1540.0,,1540.0,Peace Now
78,1992,1550.0,,1550.0,Peace Now
78,1993,1480.0,,1480.0,Peace Now
78,1994,1470.0,,1470.0,Peace Now
78,1995,1590.0,,1590.0,Peace Now
78,1996,1420.0,1420.0,1420.0,Peace Now
78,1997,1420.0,1420.0,1420.0,Peace Now
78,1998,1430.0,1400.0,1430.0,Peace Now
78,1999,1460.0,1464.0,1460.0,Peace Now
78,2000,1480.0,1480.0,1480.0,Peace Now
78,2001,1390.0,1390.0,1390.0,Peace Now
78,2002,1430.0,1430.0,1430.0,Peace Now
78,2003,1443.0,1443.0,1443.0,Peace Now
78,2004,1456.0,1456.0,1456.0,Peace Now
78,2005,1423.0,1423.0,1423.0,Peace Now
78,2006,1384.0,1384.0,1384.0,Peace Now
78,2007,1377.0,1377.0,1377.0,Peace Now
78,2008,1390.0,1390.0,1390.0,Peace Now
78,2009,1270.0,1270.0,1270.0,Peace Now
78,2010,1250.0,1250.0,1250.0,Peace Now
78,2011,1197.0,1197.0,1197.0,Peace Now
78,2012,1119.0,1119.0,1119.0,Peace Now
78,2013,1098.0,1098.0,1098.0,Peace Now
78,2014,1145.0,1140.0,1145.0,Peace Now
78,2015,1206.0,1206.0,1206.0,Peace Now
78,2016,1209.0,1209.0,1209.0,Peace Now
78,2017,1205.0,1205.0,1205.0,Peace Now
78,2018,1241.0,,1241.0,Peace Now
78,2019,1261.0,,1261.0,Peace Now
78,2020,1256.0,,1256.0,Peace Now
78,2021,1318.0,,1318.0,Peace Now
78,2022,1377.0,,1377.0,Peace Now
78,2023,1695.0,,1695.0,Peace Now
78,2024,1419.0,,1419.0,Peace Now
79,1969,0.0,,0.0,Peace Now
79,1970,0.0,,0.0,Peace Now
79,1971,0.0,,0.0,Peace Now
79,1972,0.0,,0.0,Peace Now
79,1973,0.0,,0.0,Peace Now
79,1974,0.0,,0.0,Peace Now
79,1975,0.0,,0.0,Peace Now
79,1976,0.0,,0.0,Peace Now
79,1977,0.0,,0.0,Peace Now
79,1978,0.0,,0.0,Peace Now
79,1979,0.0,,0.0,Peace Now
79,1982,0.0,,0.0,Peace Now
79,1983,0.0,,0.0,Peace Now
79,1985,0.0,,0.0,Peace Now
79,1986,0.0,,0.0,Peace Now
79,1987,0.0,,0.0,Peace Now
79,1988,0.0,,0.0,Peace Now
79,1989,0.0,,0.0,Peace Now
79,1990,0.0,,0.0,Peace Now
79,1991,218.0,,218.0,Peace Now
79,1992,233.0,,233.0,Peace Now
79,1993,307.0,,307.0,Peace Now
79,1994,301.0,,301.0,Peace Now
79,1995,334.0,,334.0,Peace Now
79,1996,368.0,368.0,368.0,Peace Now
79,1997,432.0,432.0,432.0,Peace Now
79,1998,452.0,500.0,452.0,Peace Now
79,1999,447.0,447.0,447.0,Peace Now
79,2000,445.0,445.0,445.0,Peace Now
79,2001,442.0,442.0,442.0,Peace Now
79,2002,462.0,462.0,462.0,Peace Now
79,2003,497.0,497.0,497.0,Peace Now
79,2004,514.0,514.0,514.0,Peace Now
79,2005,545.0,545.0,545.0,Peace Now
79,2006,556.0,556.0,556.0,Peace Now
79,2007,559.0,559.0,559.0,Peace Now
79,2008,584.0,584.0,584.0,Peace Now
79,2009,713.0,713.0,713.0,Peace Now
79,2010,686.0,686.0,686.0,Peace Now
79,2011,720.0,720.0,720.0,Peace Now
79,2012,724.0,724.0,724.0,Peace Now
79,2013,734.0,734.0,734.0,Peace Now
79,2014,758.0,760.0,758.0,Peace Now
79,2015,766.0,766.0,766.0,Peace Now
79,2016,826.0,826.0,826.0,Peace Now
79,2017,813.0,813.0,813.0,Peace Now
79,2018,866.0,,866.0,Peace Now
79,2019,906.0,,906.0,Peace Now
79,2020,945.0,,945.0,Peace Now
79,2021,976.0,,976.0,Peace Now
79,2022,1018.0,,1018.0,Peace Now
79,2023,967.0,,967.0,Peace Now
79,2024,1084.0,,1084.0,Peace Now
80,1969,0.0,,0.0,Peace Now
80,1970,0.0,,0.0,Peace Now
80,1971,0.0,,0.0,Peace Now
80,1972,0.0,,0.0,Peace Now
80,1973,0.0,,0.0,Peace Now
80,1974,0.0,,0.0,Peace Now
80,1975,0.0,,0.0,Peace Now
80,1976,0.0,,0.0,Peace Now
80,1977,0.0,,0.0,Peace Now
80,1978,0.0,,0.0,Peace Now
80,1979,0.0,,0.0,Peace Now
80,1983,134.0,,134.0,Peace Now
80,1987,216.0,,216.0,Peace Now
80,1988,214.0,,214.0,Peace Now
80,1989,238.0,,238.0,Peace Now
80,1990,280.0,,280.0,Peace Now
80,1991,368.0,,368.0,Peace Now
80,1992,421.0,,421.0,Peace Now
80,1993,489.0,,489.0,Peace Now
80,1994,539.0,,539.0,Peace Now
80,1995,589.0,,589.0,Peace Now
80,1996,525.0,525.0,525.0,Peace Now
80,1997,624.0,624.0,624.0,Peace Now
80,1998,671.0,700.0,671.0,Peace Now
80,1999,753.0,753.0,753.0,Peace Now
80,2000,826.0,826.0,826.0,Peace Now
80,2001,905.0,905.0,905.0,Peace Now
80,2002,945.0,945.0,945.0,Peace Now
80,2003,980.0,980.0,980.0,Peace Now
80,2004,1055.0,1055.0,1055.0,Peace Now
80,2005,1126.0,1126.0,1126.0,Peace Now
80,2006,1184.0,1184.0,1184.0,Peace Now
80,2007,1229.0,1229.0,1229.0,Peace Now
80,2008,1261.0,1261.0,1261.0,Peace Now
80,2009,1079.0,1079.0,1079.0,Peace Now
80,2010,1104.0,1104.0,1104.0,Peace Now
80,2011,1172.0,1172.0,1172.0,Peace Now
80,2012,1251.0,1251.0,1251.0,Peace Now
80,2013,1287.0,1287.0,1287.0,Peace Now
80,2014,1319.0,1320.0,1319.0,Peace Now
80,2015,1351.0,1351.0,1351.0,Peace Now
80,2016,1323.0,1323.0,1323.0,Peace Now
80,2017,1402.0,1402.0,1402.0,Peace Now
80,2018,1463.0,,1463.0,Peace Now
80,2019,1529.0,,1529.0,Peace Now
80,2020,1635.0,,1635.0,Peace Now
80,2021,1691.0,,1691.0,Peace Now
80,2022,1744.0,,1744.0,Peace Now
80,2023,2131.0,,2131.0,Peace Now
80,2024,1903.0,,1903.0,Peace Now
81,1969,0.0,,0.0,Peace Now
81,1970,0.0,,0.0,Peace Now
81,1971,0.0,,0.0,Peace Now
81,1972,0.0,,0.0,Peace Now
81,1973,0.0,,0.0,Peace Now
81,1974,0.0,,0.0,Peace Now
81,1975,0.0,,0.0,Peace Now
81,1976,0.0,,0.0,Peace Now
81,1977,0.0,,0.0,Peace Now
81,1978,0.0,,0.0,Peace Now
81,1979,0.0,,0.0,Peace Now
81,1982,0.0,,0.0,Peace Now
81,1983,209.0,,209.0,Peace Now
81,1985,0.0,,0.0,Peace Now
81,1986,0.0,,0.0,Peace Now
81,1987,0.0,,0.0,Peace Now
81,1988,0.0,,0.0,Peace Now
81,1989,248.0,,248.0,Peace Now
81,1990,251.0,,251.0,Peace Now
81,1991,305.0,,305.0,Peace Now
81,1992,364.0,,364.0,Peace Now
81,1993,387.0,,387.0,Peace Now
81,1994,388.0,,388.0,Peace Now
81,1995,352.0,,352.0,Peace Now
81,1996,321.0,321.0,321.0,Peace Now
81,1997,342.0,342.0,342.0,Peace Now
81,1998,328.0,300.0,328.0,Peace Now
81,1999,342.0,342.0,342.0,Peace Now
81,2000,336.0,336.0,336.0,Peace Now
81,2001,300.0,300.0,300.0,Peace Now
81,2002,258.0,258.0,258.0,Peace Now
81,2003,299.0,299.0,299.0,Peace Now
81,2004,319.0,319.0,319.0,Peace Now
81,2005,340.0,340.0,340.0,Peace Now
81,2006,344.0,344.0,344.0,Peace Now
81,2007,326.0,326.0,326.0,Peace Now
81,2008,348.0,348.0,348.0,Peace Now
81,2009,264.0,264.0,264.0,Peace Now
81,2010,255.0,255.0,255.0,Peace Now
81,2011,264.0,264.0,264.0,Peace Now
81,2012,332.0,332.0,332.0,Peace Now
81,2013,323.0,323.0,323.0,Peace Now
81,2014,352.0,350.0,352.0,Peace Now
81,2015,384.0,384.0,384.0,Peace Now
81,2016,390.0,390.0,390.0,Peace Now
81,2017,421.0,421.0,421.0,Peace Now
81,2018,535.0,,535.0,Peace Now
81,2019,663.0,,663.0,Peace Now
81,2020,720.0,,720.0,Peace Now
81,2021,822.0,,822.0,Peace Now
81,2022,906.0,,906.0,Peace Now
81,2023,1279.0,,1279.0,Peace Now
81,2024,1190.0,,1190.0,Peace Now
82,1969,0.0,,0.0,Peace Now
82,1970,0.0,,0.0,Peace Now
82,1971,0.0,,0.0,Peace Now
82,1972,0.0,,0.0,Peace Now
82,1973,0.0,,0.0,Peace Now
82,1974,0.0,,0.0,Peace Now
82,1975,0.0,,0.0,Peace Now
82,1976,0.0,,0.0,Peace Now
82,1977,0.0,,0.0,Peace Now
82,1978,0.0,,0.0,Peace Now
82,1979,0.0,,0.0,Peace Now
82,1982,0.0,,0.0,Peace Now
82,1983,188.0,,188.0,Peace Now
82,1985,0.0,,0.0,Peace Now
82,1986,0.0,,0.0,Peace Now
82,1987,0.0,,0.0,Peace Now
82,1988,0.0,,0.0,Peace Now
82,1989,246.0,,246.0,Peace Now
82,1990,268.0,,268.0,Peace Now
82,1991,315.0,,315.0,Peace Now
82,1992,360.0,,360.0,Peace Now
82,1993,360.0,,360.0,Peace Now
82,1994,397.0,,397.0,Peace Now
82,1995,432.0,,432.0,Peace Now
82,1996,421.0,421.0,421.0,Peace Now
82,1997,440.0,440.0,440.0,Peace Now
82,1998,470.0,500.0,470.0,Peace Now
82,1999,486.0,486.0,486.0,Peace Now
82,2000,527.0,527.0,527.0,Peace Now
82,2001,504.0,504.0,504.0,Peace Now
82,2002,527.0,527.0,527.0,Peace Now
82,2003,533.0,533.0,533.0,Peace Now
82,2004,549.0,549.0,549.0,Peace Now
82,2005,574.0,574.0,574.0,Peace Now
82,2006,570.0,570.0,570.0,Peace Now
82,2007,577.0,577.0,577.0,Peace Now
82,2008,582.0,582.0,582.0,Peace Now
82,2009,789.0,789.0,789.0,Peace Now
82,2010,837.0,837.0,837.0,Peace Now
82,2011,860.0,860.0,860.0,Peace Now
82,2012,863.0,863.0,863.0,Peace Now
82,2013,935.0,935.0,935.0,Peace Now
82,2014,965.0,960.0,965.0,Peace Now
82,2015,1015.0,1015.0,1015.0,Peace Now
82,2016,1037.0,1037.0,1037.0,Peace Now
82,2017,1045.0,1045.0,1045.0,Peace Now
82,2018,1012.0,,1012.0,Peace Now
82,2019,995.0,,995.0,Peace Now
83,1969,0.0,,0.0,Peace Now
83,1970,0.0,,0.0,Peace Now
83,1971,0.0,,0.0,Peace Now
83,1972,0.0,,0.0,Peace Now
83,1973,0.0,,0.0,Peace Now
83,1974,0.0,,0.0,Peace Now
83,1975,0.0,,0.0,Peace Now
83,1976,0.0,,0.0,Peace Now
83,1977,0.0,,0.0,Peace Now
83,1978,0.0,,0.0,Peace Now
83,1979,0.0,,0.0,Peace Now
83,1982,0.0,,0.0,Peace Now
83,1983,96.0,,96.0,Peace Now
83,1985,0.0,,0.0,Peace Now
83,1986,0.0,,0.0,Peace Now
83,1987,0.0,,0.0,Peace Now
83,1988,0.0,,0.0,Peace Now
83,1989,0.0,,0.0,Peace Now
83,1990,0.0,,0.0,Peace Now
83,1991,0.0,,0.0,Peace Now
83,1992,257.0,,257.0,Peace Now
83,1993,322.0,,322.0,Peace Now
83,1994,327.0,,327.0,Peace Now
83,1995,355.0,,355.0,Peace Now
83,1996,337.0,337.0,337.0,Peace Now
83,1997,368.0,368.0,368.0,Peace Now
83,1998,404.0,400.0,404.0,Peace Now
83,1999,412.0,412.0,412.0,Peace Now
83,2000,422.0,422.0,422.0,Peace Now
83,2001,417.0,417.0,417.0,Peace Now
83,2002,420.0,420.0,420.0,Peace Now
83,2003,412.0,412.0,412.0,Peace Now
83,2004,425.0,429.0,425.0,Peace Now
83,2005,431.0,431.0,431.0,Peace Now
83,2006,462.0,462.0,462.0,Peace Now
83,2007,474.0,474.0,474.0,Peace Now
83,2008,469.0,469.0,469.0,Peace Now
83,2009,382.0,382.0,382.0,Peace Now
83,2010,379.0,379.0,379.0,Peace Now
83,2011,399.0,399.0,399.0,Peace Now
83,2012,414.0,414.0,414.0,Peace Now
83,2013,437.0,437.0,437.0,Peace Now
83,2014,478.0,480.0,478.0,Peace Now
83,2015,467.0,467.0,467.0,Peace Now
83,2016,466.0,466.0,466.0,Peace Now
83,2017,492.0,492.0,492.0,Peace Now
83,2018,512.0,,512.0,Peace Now
83,2019,550.0,,550.0,Peace Now
83,2020,603.0,,603.0,Peace Now
83,2021,634.0,,634.0,Peace Now
83,2022,696.0,,696.0,Peace Now
83,2023,796.0,,796.0,Peace Now
83,2024,722.0,,722.0,Peace Now
85,1969,0.0,,0.0,Peace Now
85,1970,0.0,,0.0,Peace Now
85,1971,0.0,,0.0,Peace Now
85,1972,0.0,,0.0,Peace Now
85,1973,0.0,,0.0,Peace Now
85,1974,0.0,,0.0,Peace Now
85,1975,0.0,,0.0,Peace Now
85,1976,0.0,,0.0,Peace Now
85,1977,0.0,,0.0,Peace Now
85,1982,0.0,,0.0,Peace Now
85,1983,159.0,,159.0,Peace Now
85,1985,273.0,,273.0,Peace Now
85,1986,315.0,,315.0,Peace Now
85,1987,338.0,,338.0,Peace Now
85,1988,388.0,,388.0,Peace Now
85,1989,398.0,,398.0,Peace Now
85,1990,433.0,,433.0,Peace Now
85,1991,514.0,,514.0,Peace Now
85,1992,561.0,,561.0,Peace Now
85,1993,623.0,,623.0,Peace Now
85,1994,678.0,,678.0,Peace Now
85,1995,762.0,,762.0,Peace Now
85,1996,938.0,938.0,938.0,Peace Now
85,1997,1040.0,1040.0,1040.0,Peace Now
85,1998,1070.0,1100.0,1070.0,Peace Now
85,1999,1160.0,1158.0,1160.0,Peace Now
85,2000,1210.0,1210.0,1210.0,Peace Now
85,2001,1310.0,1310.0,1310.0,Peace Now
85,2002,1370.0,1370.0,1370.0,Peace Now
85,2003,1430.0,1430.0,1430.0,Peace Now
85,2004,1469.0,1469.0,1469.0,Peace Now
85,2005,1536.0,1536.0,1536.0,Peace Now
85,2006,1641.0,1641.0,1641.0,Peace Now
85,2007,1701.0,1701.0,1701.0,Peace Now
85,2008,1792.0,1792.0,1792.0,Peace Now
85,2009,1754.0,1754.0,1754.0,Peace Now
85,2010,1851.0,1851.0,1851.0,Peace Now
85,2011,1946.0,1946.0,1946.0,Peace Now
85,2012,2115.0,2115.0,2115.0,Peace Now
85,2013,2164.0,2164.0,2164.0,Peace Now
85,2014,2270.0,,2270.0,Peace Now
85,2015,2307.0,2307.0,2307.0,Peace Now
85,2016,2319.0,2319.0,2319.0,Peace Now
85,2017,2394.0,2394.0,2394.0,Peace Now
85,2018,2453.0,,2453.0,Peace Now
85,2019,2560.0,,2560.0,Peace Now
85,2020,2577.0,,2577.0,Peace Now
85,2021,2638.0,,2638.0,Peace Now
85,2022,2657.0,,2657.0,Peace Now
85,2023,2895.0,,2895.0,Peace Now
85,2024,2887.0,,2887.0,Peace Now
86,1969,0.0,,0.0,Peace Now
86,1970,0.0,,0.0,Peace Now
86,1982,0.0,,0.0,Peace Now
86,1983,70.0,,70.0,Peace Now
86,1985,0.0,,0.0,Peace Now
86,1986,0.0,,0.0,Peace Now
86,1987,0.0,,0.0,Peace Now
86,1988,0.0,,0.0,Peace Now
86,1989,0.0,,0.0,Peace Now
86,1990,0.0,,0.0,Peace Now
86,1991,0.0,,0.0,Peace Now
86,1992,0.0,,0.0,Peace Now
86,1993,0.0,,0.0,Peace Now
86,1994,200.0,,200.0,Peace Now
86,1995,208.0,,208.0,Peace Now
86,1996,193.0,193.0,193.0,Peace Now
86,1997,201.0,201.0,201.0,Peace Now
86,1998,207.0,200.0,207.0,Peace Now
86,1999,208.0,208.0,208.0,Peace Now
86,2000,210.0,210.0,210.0,Peace Now
86,2001,207.0,207.0,207.0,Peace Now
86,2002,191.0,191.0,191.0,Peace Now
86,2003,193.0,193.0,193.0,Peace Now
86,2004,192.0,192.0,192.0,Peace Now
86,2005,180.0,180.0,180.0,Peace Now
86,2006,169.0,169.0,169.0,Peace Now
86,2007,171.0,171.0,171.0,Peace Now
86,2008,172.0,172.0,172.0,Peace Now
86,2009,164.0,164.0,164.0,Peace Now
86,2010,166.0,166.0,166.0,Peace Now
86,2011,164.0,164.0,164.0,Peace Now
86,2012,173.0,173.0,173.0,Peace Now
86,2013,173.0,173.0,173.0,Peace Now
86,2014,171.0,,171.0,Peace Now
86,2015,173.0,173.0,173.0,Peace Now
86,2016,174.0,174.0,174.0,Peace Now
86,2017,184.0,184.0,184.0,Peace Now
86,2018,211.0,,211.0,Peace Now
86,2019,207.0,,207.0,Peace Now
86,2020,244.0,,244.0,Peace Now
86,2021,238.0,,238.0,Peace Now
86,2022,243.0,,243.0,Peace Now
86,2023,279.0,,279.0,Peace Now
86,2024,242.0,,242.0,Peace Now
87,1969,0.0,,0.0,Peace Now
87,1982,0.0,,0.0,Peace Now
87,1983,160.0,,160.0,Peace Now
87,1985,221.0,,221.0,Peace Now
87,1986,230.0,,230.0,Peace Now
87,1987,208.0,,208.0,Peace Now
87,1988,210.0,,210.0,Peace Now
87,1989,0.0,,0.0,Peace Now
87,1990,0.0,,0.0,Peace Now
87,1991,0.0,,0.0,Peace Now
87,1992,0.0,,0.0,Peace Now
87,1993,222.0,,222.0,Peace Now
87,1994,210.0,,210.0,Peace Now
87,1995,200.0,,200.0,Peace Now
87,1996,132.0,132.0,132.0,Peace Now
87,1997,131.0,131.0,131.0,Peace Now
87,1998,135.0,100.0,135.0,Peace Now
87,1999,140.0,140.0,140.0,Peace Now
87,2000,148.0,148.0,148.0,Peace Now
87,2001,143.0,143.0,143.0,Peace Now
87,2002,142.0,142.0,142.0,Peace Now
87,2003,145.0,145.0,145.0,Peace Now
87,2004,140.0,140.0,140.0,Peace Now
87,2005,136.0,136.0,136.0,Peace Now
87,2006,142.0,142.0,142.0,Peace Now
87,2007,136.0,136.0,136.0,Peace Now
87,2008,143.0,143.0,143.0,Peace Now
87,2009,136.0,136.0,136.0,Peace Now
87,2010,141.0,141.0,141.0,Peace Now
87,2011,148.0,148.0,148.0,Peace Now
87,2012,153.0,153.0,153.0,Peace Now
87,2013,149.0,149.0,149.0,Peace Now
87,2014,149.0,150.0,149.0,Peace Now
87,2015,148.0,148.0,148.0,Peace Now
87,2016,162.0,162.0,162.0,Peace Now
87,2017,161.0,161.0,161.0,Peace Now
87,2018,170.0,,170.0,Peace Now
87,2019,184.0,,184.0,Peace Now
87,2020,180.0,,180.0,Peace Now
87,2021,263.0,,263.0,Peace Now
87,2022,297.0,,297.0,Peace Now
87,2023,434.0,,434.0,Peace Now
87,2024,364.0,,364.0,Peace Now
88,1969,0.0,,0.0,Peace Now
88,1970,0.0,,0.0,Peace Now
88,1971,0.0,,0.0,Peace Now
88,1972,0.0,,0.0,Peace Now
88,1973,0.0,,0.0,Peace Now
88,1974,0.0,,0.0,Peace Now
88,1975,0.0,,0.0,Peace Now
88,1976,0.0,,0.0,Peace Now
88,1977,0.0,,0.0,Peace Now
88,1978,0.0,,0.0,Peace Now
88,1979,0.0,,0.0,Peace Now
88,1982,0.0,,0.0,Peace Now
88,1985,0.0,,0.0,Peace Now
88,1986,0.0,,0.0,Peace Now
88,1987,0.0,,0.0,Peace Now
88,1988,0.0,,0.0,Peace Now
88,1989,0.0,,0.0,Peace Now
88,1990,0.0,,0.0,Peace Now
88,1991,0.0,,0.0,Peace Now
88,1992,0.0,,0.0,Peace Now
88,1993,0.0,,0.0,Peace Now
88,1994,0.0,,0.0,Peace Now
88,1995,0.0,,0.0,Peace Now
88,1996,0.0,,0.0,Peace Now
88,1997,0.0,,0.0,Peace Now
88,1998,0.0,,0.0,Peace Now
88,1999,0.0,,0.0,Peace Now
88,2000,0.0,,0.0,Peace Now
88,2001,0.0,,0.0,Peace Now
88,2002,0.0,,0.0,Peace Now
88,2003,0.0,,0.0,Peace Now
88,2004,0.0,,0.0,Peace Now
88,2005,0.0,,0.0,Peace Now
88,2006,0.0,,0.0,Peace Now
88,2007,0.0,,0.0,Peace Now
88,2011,72.0,,72.0,Peace Now
88,2012,135.0,135.0,135.0,Peace Now
88,2013,159.0,159.0,159.0,Peace Now
88,2014,192.0,190.0,192.0,Peace Now
88,2015,206.0,206.0,206.0,Peace Now
88,2016,253.0,253.0,253.0,Peace Now
88,2017,276.0,276.0,276.0,Peace Now
88,2018,286.0,,286.0,Peace Now
88,2019,310.0,,310.0,Peace Now
88,2020,333.0,,333.0,Peace Now
88,2021,341.0,,341.0,Peace Now
88,2022,343.0,,343.0,Peace Now
88,2023,389.0,,389.0,Peace Now
88,2024,373.0,,373.0,Peace Now
89,1969,0.0,,0.0,Peace Now
89,1970,0.0,,0.0,Peace Now
89,1971,0.0,,0.0,Peace Now
89,1972,0.0,,0.0,Peace Now
89,1973,0.0,,0.0,Peace Now
89,1974,0.0,,0.0,Peace Now
89,1975,0.0,,0.0,Peace Now
89,1976,0.0,,0.0,Peace Now
89,1977,0.0,,0.0,Peace Now
89,1978,0.0,,0.0,Peace Now
89,1979,0.0,,0.0,Peace Now
89,1982,0.0,,0.0,Peace Now
89,1983,85.0,,85.0,Peace Now
89,1985,0.0,,0.0,Peace Now
89,1986,0.0,,0.0,Peace Now
89,1987,0.0,,0.0,Peace Now
89,1988,215.0,,215.0,Peace Now
89,1989,227.0,,227.0,Peace Now
89,1990,218.0,,218.0,Peace Now
89,1991,195.0,,195.0,Peace Now
89,1992,187.0,,187.0,Peace Now
89,1993,245.0,,245.0,Peace Now
89,1994,2380.0,,2380.0,Peace Now
89,1995,4440.0,,4440.0,Peace Now
89,1996,0.0,,0.0,Peace Now
89,1997,0.0,,0.0,Peace Now
89,1998,1560.0,1600.0,1560.0,Peace Now
89,1999,1410.0,1411.0,1410.0,Peace Now
89,2000,1380.0,1380.0,1380.0,Peace Now
89,2001,1370.0,1370.0,1370.0,Peace Now
89,2002,1380.0,1380.0,1380.0,Peace Now
89,2003,1365.0,1365.0,1365.0,Peace Now
89,2004,1347.0,1347.0,1347.0,Peace Now
89,2005,1353.0,1353.0,1353.0,Peace Now
89,2006,1355.0,1355.0,1355.0,Peace Now
89,2007,1371.0,1371.0,1371.0,Peace Now
89,2008,1382.0,1382.0,1382.0,Peace Now
89,2009,457.0,457.0,457.0,Peace Now
89,2010,465.0,465.0,465.0,Peace Now
89,2011,484.0,484.0,484.0,Peace Now
89,2012,568.0,568.0,568.0,Peace Now
89,2013,607.0,607.0,607.0,Peace Now
89,2014,663.0,660.0,663.0,Peace Now
89,2015,698.0,698.0,698.0,Peace Now
89,2016,772.0,772.0,772.0,Peace Now
89,2017,802.0,802.0,802.0,Peace Now
89,2018,847.0,,847.0,Peace Now
89,2019,891.0,,891.0,Peace Now
89,2020,898.0,,898.0,Peace Now
89,2021,922.0,,922.0,Peace Now
89,2022,920.0,,920.0,Peace Now
89,2023,1144.0,,1144.0,Peace Now
89,2024,969.0,,969.0,Peace Now
90,1969,0.0,,0.0,Peace Now
90,1970,0.0,,0.0,Peace Now
90,1971,0.0,,0.0,Peace Now
90,1972,0.0,,0.0,Peace Now
90,1973,0.0,,0.0,Peace Now
90,1974,0.0,,0.0,Peace Now
90,1975,0.0,,0.0,Peace Now
90,1976,0.0,,0.0,Peace Now
90,1977,0.0,,0.0,Peace Now
90,1978,0.0,,0.0,Peace Now
90,1979,0.0,,0.0,Peace Now
90,1982,0.0,,0.0,Peace Now
90,1983,0.0,,0.0,Peace Now
90,1985,0.0,,0.0,Peace Now
90,1986,0.0,,0.0,Peace Now
90,1987,0.0,,0.0,Peace Now
90,1988,0.0,,0.0,Peace Now
90,1989,0.0,,0.0,Peace Now
90,1990,0.0,,0.0,Peace Now
90,1991,0.0,,0.0,Peace Now
90,1992,0.0,,0.0,Peace Now
90,1993,0.0,,0.0,Peace Now
90,1994,0.0,,0.0,Peace Now
90,1995,0.0,,0.0,Peace Now
90,1996,0.0,,0.0,Peace Now
90,1997,0.0,,0.0,Peace Now
90,1998,0.0,,0.0,Peace Now
90,1999,0.0,,0.0,Peace Now
90,2000,0.0,,0.0,Peace Now
90,2001,0.0,,0.0,Peace Now
90,2002,0.0,,0.0,Peace Now
90,2003,134.0,,134.0,Peace Now
90,2004,135.0,,135.0,Peace Now
90,2005,150.0,150.0,150.0,Peace Now
90,2006,172.0,172.0,172.0,Peace Now
90,2007,182.0,182.0,182.0,Peace Now
90,2008,194.0,194.0,194.0,Peace Now
90,2009,223.0,223.0,223.0,Peace Now
90,2010,245.0,245.0,245.0,Peace Now
90,2011,266.0,266.0,266.0,Peace Now
90,2012,258.0,258.0,258.0,Peace Now
90,2013,277.0,277.0,277.0,Peace Now
90,2014,271.0,270.0,271.0,Peace Now
90,2015,288.0,288.0,288.0,Peace Now
90,2016,289.0,289.0,289.0,Peace Now
90,2017,332.0,332.0,332.0,Peace Now
90,2018,356.0,,356.0,Peace Now
90,2019,352.0,,352.0,Peace Now
90,2020,376.0,,376.0,Peace Now
90,2021,468.0,,468.0,Peace Now
90,2022,514.0,,514.0,Peace Now
90,2023,534.0,,534.0,Peace Now
90,2024,566.0,,566.0,Peace Now
91,1969,0.0,,0.0,Peace Now
91,1970,0.0,,0.0,Peace Now
91,1971,0.0,,0.0,Peace Now
91,1972,0.0,,0.0,Peace Now
91,1973,0.0,,0.0,Peace Now
91,1974,0.0,,0.0,Peace Now
91,1975,0.0,,0.0,Peace Now
91,1976,0.0,,0.0,Peace Now
91,1977,0.0,,0.0,Peace Now
91,1978,0.0,,0.0,Peace Now
91,1979,0.0,,0.0,Peace Now
91,1982,0.0,,0.0,Peace Now
91,1983,69.0,,69.0,Peace Now
91,1985,0.0,,0.0,Peace Now
91,1986,0.0,,0.0,Peace Now
91,1987,0.0,,0.0,Peace Now
91,1988,0.0,,0.0,Peace Now
91,1989,0.0,,0.0,Peace Now
91,1990,252.0,,252.0,Peace Now
91,1991,326.0,,326.0,Peace Now
91,1992,391.0,,391.0,Peace Now
91,1993,491.0,,491.0,Peace Now
91,1994,576.0,,576.0,Peace Now
91,1995,655.0,,655.0,Peace Now
91,1996,603.0,603.0,603.0,Peace Now
91,1997,691.0,691.0,691.0,Peace Now
91,1998,780.0,600.0,780.0,Peace Now
91,1999,868.0,868.0,868.0,Peace Now
91,2000,933.0,933.0,933.0,Peace Now
91,2001,977.0,977.0,977.0,Peace Now
91,2002,1020.0,1020.0,1020.0,Peace Now
91,2003,1073.0,1073.0,1073.0,Peace Now
91,2004,1225.0,1225.0,1225.0,Peace Now
91,2005,1467.0,1467.0,1467.0,Peace Now
91,2006,1609.0,1609.0,1609.0,Peace Now
91,2007,1760.0,1760.0,1760.0,Peace Now
91,2008,1883.0,1883.0,1883.0,Peace Now
91,2009,1735.0,1735.0,1735.0,Peace Now
91,2010,1824.0,1824.0,1824.0,Peace Now
91,2011,1978.0,1978.0,1978.0,Peace Now
91,2012,2058.0,2058.0,2058.0,Peace Now
91,2013,2149.0,2149.0,2149.0,Peace Now
91,2014,2174.0,2170.0,2174.0,Peace Now
91,2015,2275.0,2275.0,2275.0,Peace Now
91,2016,2278.0,2278.0,2278.0,Peace Now
91,2017,2370.0,2370.0,2370.0,Peace Now
91,2018,2315.0,,2315.0,Peace Now
91,2019,2322.0,,2322.0,Peace Now
91,2020,2340.0,,2340.0,Peace Now
91,2021,2360.0,,2360.0,Peace Now
91,2022,2354.0,,2354.0,Peace Now
91,2023,2433.0,,2433.0,Peace Now
91,2024,2383.0,,2383.0,Peace Now
92,1969,0.0,,0.0,Peace Now
92,1970,0.0,,0.0,Peace Now
92,1971,0.0,,0.0,Peace Now
92,1972,0.0,,0.0,Peace Now
92,1973,0.0,,0.0,Peace Now
92,1974,0.0,,0.0,Peace Now
92,1975,0.0,,0.0,Peace Now
92,1976,0.0,,0.0,Peace Now
92,1977,0.0,,0.0,Peace Now
92,1978,0.0,,0.0,Peace Now
92,1979,0.0,,0.0,Peace Now
92,1982,0.0,,0.0,Peace Now
92,1985,0.0,,0.0,Peace Now
92,1986,0.0,,0.0,Peace Now
92,1987,0.0,,0.0,Peace Now
92,1988,0.0,,0.0,Peace Now
92,1989,0.0,,0.0,Peace Now
92,1990,0.0,,0.0,Peace Now
92,1991,0.0,,0.0,Peace Now
92,1992,0.0,,0.0,Peace Now
92,1993,0.0,,0.0,Peace Now
92,1994,0.0,,0.0,Peace Now
92,1995,0.0,,0.0,Peace Now
92,1996,0.0,,0.0,Peace Now
92,1997,0.0,,0.0,Peace Now
92,1998,0.0,,0.0,Peace Now
92,1999,0.0,,0.0,Peace Now
92,2000,0.0,,0.0,Peace Now
92,2001,0.0,,0.0,Peace Now
92,2002,0.0,,0.0,Peace Now
92,2003,0.0,,0.0,Peace Now
92,2004,0.0,,0.0,Peace Now
92,2005,0.0,,0.0,Peace Now
92,2006,0.0,,0.0,Peace Now
92,2007,0.0,,0.0,Peace Now
93,1969,0.0,,0.0,Peace Now
93,1970,0.0,,0.0,Peace Now
93,1971,0.0,,0.0,Peace Now
93,1972,0.0,,0.0,Peace Now
93,1973,0.0,,0.0,Peace Now
93,1974,0.0,,0.0,Peace Now
93,1975,0.0,,0.0,Peace Now
93,1976,0.0,,0.0,Peace Now
93,1977,0.0,,0.0,Peace Now
93,1978,0.0,,0.0,Peace Now
93,1979,0.0,,0.0,Peace Now
93,1982,0.0,,0.0,Peace Now
93,1983,0.0,,0.0,Peace Now
93,1985,0.0,,0.0,Peace Now
93,1986,0.0,,0.0,Peace Now
93,1987,0.0,,0.0,Peace Now
93,1988,0.0,,0.0,Peace Now
93,1989,0.0,,0.0,Peace Now
93,1990,0.0,,0.0,Peace Now
93,1991,0.0,,0.0,Peace Now
93,1992,223.0,,223.0,Peace Now
93,1993,261.0,,261.0,Peace Now
93,1994,270.0,,270.0,Peace Now
93,1995,286.0,,286.0,Peace Now
93,1996,309.0,309.0,309.0,Peace Now
93,1997,323.0,323.0,323.0,Peace Now
93,1998,343.0,300.0,343.0,Peace Now
93,1999,362.0,362.0,362.0,Peace Now
93,2000,385.0,385.0,385.0,Peace Now
93,2001,388.0,388.0,388.0,Peace Now
93,2002,398.0,398.0,398.0,Peace Now
93,2003,402.0,402.0,402.0,Peace Now
93,2004,414.0,414.0,414.0,Peace Now
93,2005,400.0,400.0,400.0,Peace Now
93,2006,409.0,409.0,409.0,Peace Now
93,2007,406.0,406.0,406.0,Peace Now
93,2008,410.0,410.0,410.0,Peace Now
93,2009,409.0,409.0,409.0,Peace Now
93,2010,421.0,421.0,421.0,Peace Now
93,2011,433.0,433.0,433.0,Peace Now
93,2012,437.0,437.0,437.0,Peace Now
93,2013,464.0,464.0,464.0,Peace Now
93,2014,549.0,550.0,549.0,Peace Now
93,2015,638.0,638.0,638.0,Peace Now
93,2016,690.0,690.0,690.0,Peace Now
93,2017,720.0,720.0,720.0,Peace Now
93,2018,794.0,,794.0,Peace Now
93,2019,865.0,,865.0,Peace Now
93,2020,949.0,,949.0,Peace Now
93,2021,1042.0,,1042.0,Peace Now
93,2022,1174.0,,1174.0,Peace Now
93,2023,1392.0,,1392.0,Peace Now
93,2024,1315.0,,1315.0,Peace Now
94,1969,0.0,,0.0,Peace Now
94,1970,0.0,,0.0,Peace Now
94,1971,0.0,,0.0,Peace Now
94,1972,0.0,,0.0,Peace Now
94,1973,0.0,,0.0,Peace Now
94,1974,0.0,,0.0,Peace Now
94,1975,0.0,,0.0,Peace Now
94,1976,0.0,,0.0,Peace Now
94,1977,0.0,,0.0,Peace Now
94,1978,0.0,,0.0,Peace Now
94,1979,0.0,,0.0,Peace Now
94,1982,0.0,,0.0,Peace Now
94,1983,34.0,,34.0,Peace Now
94,1985,0.0,,0.0,Peace Now
94,1986,0.0,,0.0,Peace Now
94,1987,0.0,,0.0,Peace Now
94,1988,0.0,,0.0,Peace Now
94,1989,0.0,,0.0,Peace Now
94,1990,0.0,,0.0,Peace Now
94,1991,0.0,,0.0,Peace Now
94,1992,212.0,,212.0,Peace Now
94,1993,265.0,,265.0,Peace Now
94,1994,316.0,,316.0,Peace Now
94,1995,348.0,,348.0,Peace Now
94,1996,305.0,305.0,305.0,Peace Now
94,1997,330.0,330.0,330.0,Peace Now
94,1998,435.0,400.0,435.0,Peace Now
94,1999,526.0,526.0,526.0,Peace Now
94,2000,611.0,611.0,611.0,Peace Now
94,2001,618.0,618.0,618.0,Peace Now
94,2002,615.0,615.0,615.0,Peace Now
94,2003,646.0,646.0,646.0,Peace Now
94,2004,674.0,674.0,674.0,Peace Now
94,2005,729.0,729.0,729.0,Peace Now
94,2006,782.0,782.0,782.0,Peace Now
94,2007,828.0,828.0,828.0,Peace Now
94,2008,886.0,886.0,886.0,Peace Now
94,2009,1308.0,1308.0,1308.0,Peace Now
94,2010,1413.0,1413.0,1413.0,Peace Now
94,2011,1461.0,1461.0,1461.0,Peace Now
94,2012,1561.0,1561.0,1561.0,Peace Now
94,2013,1708.0,1708.0,1708.0,Peace Now
94,2014,1836.0,1840.0,1836.0,Peace Now
94,2015,1937.0,1937.0,1937.0,Peace Now
94,2016,2052.0,2052.0,2052.0,Peace Now
94,2017,2160.0,2160.0,2160.0,Peace Now
94,2018,2250.0,,2250.0,Peace Now
94,2019,2383.0,,2383.0,Peace Now
94,2020,2590.0,,2590.0,Peace Now
94,2021,2764.0,,2764.0,Peace Now
94,2022,3094.0,,3094.0,Peace Now
94,2023,3327.0,,3327.0,Peace Now
94,2024,3524.0,,3524.0,Peace Now
96,1969,0.0,,0.0,Peace Now
96,1970,0.0,,0.0,Peace Now
96,1971,0.0,,0.0,Peace Now
96,1972,0.0,,0.0,Peace Now
96,1973,0.0,,0.0,Peace Now
96,1974,0.0,,0.0,Peace Now
96,1975,0.0,,0.0,Peace Now
96,1976,0.0,,0.0,Peace Now
96,1977,0.0,,0.0,Peace Now
96,1978,0.0,,0.0,Peace Now
96,1979,0.0,,0.0,Peace Now
96,1982,0.0,,0.0,Peace Now
96,1983,0.0,,0.0,Peace Now
96,1985,0.0,,0.0,Peace Now
96,1986,0.0,,0.0,Peace Now
96,1987,0.0,,0.0,Peace Now
96,1988,0.0,,0.0,Peace Now
96,1989,0.0,,0.0,Peace Now
96,1990,0.0,,0.0,Peace Now
96,1991,0.0,,0.0,Peace Now
96,1992,0.0,,0.0,Peace Now
96,1993,220.0,,220.0,Peace Now
96,1994,214.0,,214.0,Peace Now
96,1995,227.0,,227.0,Peace Now
96,1996,215.0,215.0,215.0,Peace Now
96,1997,230.0,230.0,230.0,Peace Now
96,1998,215.0,200.0,215.0,Peace Now
96,1999,230.0,230.0,230.0,Peace Now
96,2000,244.0,244.0,244.0,Peace Now
96,2001,221.0,221.0,221.0,Peace Now
96,2002,231.0,231.0,231.0,Peace Now
96,2003,248.0,248.0,248.0,Peace Now
96,2004,282.0,282.0,282.0,Peace Now
96,2005,264.0,264.0,264.0,Peace Now
96,2006,278.0,278.0,278.0,Peace Now
96,2007,335.0,335.0,335.0,Peace Now
96,2008,374.0,374.0,374.0,Peace Now
96,2009,392.0,392.0,392.0,Peace Now
96,2010,412.0,412.0,412.0,Peace Now
96,2011,464.0,464.0,464.0,Peace Now
96,2012,496.0,496.0,496.0,Peace Now
96,2013,548.0,548.0,548.0,Peace Now
96,2014,583.0,580.0,583.0,Peace Now
96,2015,665.0,665.0,665.0,Peace Now
96,2016,639.0,639.0,639.0,Peace Now
96,2017,663.0,663.0,663.0,Peace Now
96,2018,713.0,,713.0,Peace Now
96,2019,725.0,,725.0,Peace Now
96,2020,735.0,,735.0,Peace Now
96,2021,737.0,,737.0,Peace Now
96,2022,743.0,,743.0,Peace Now
96,2023,724.0,,724.0,Peace Now
96,2024,747.0,,747.0,Peace Now
97,1969,0.0,,0.0,Peace Now
97,1970,0.0,,0.0,Peace Now
97,1971,0.0,,0.0,Peace Now
97,1972,0.0,,0.0,Peace Now
97,1973,0.0,,0.0,Peace Now
97,1974,0.0,,0.0,Peace Now
97,1975,0.0,,0.0,Peace Now
97,1976,0.0,,0.0,Peace Now
97,1977,0.0,,0.0,Peace Now
97,1978,0.0,,0.0,Peace Now
97,1979,0.0,,0.0,Peace Now
97,1982,0.0,,0.0,Peace Now
97,1983,155.0,,155.0,Peace Now
97,1985,223.0,,223.0,Peace Now
97,1986,242.0,,242.0,Peace Now
97,1987,245.0,,245.0,Peace Now
97,1988,292.0,,292.0,Peace Now
97,1989,302.0,,302.0,Peace Now
97,1990,329.0,,329.0,Peace Now
97,1991,360.0,,360.0,Peace Now
97,1992,377.0,,377.0,Peace Now
97,1993,412.0,,412.0,Peace Now
97,1994,440.0,,440.0,Peace Now
97,1995,517.0,,517.0,Peace Now
97,1996,539.0,539.0,539.0,Peace Now
97,1997,599.0,599.0,599.0,Peace Now
97,1998,639.0,600.0,639.0,Peace Now
97,1999,666.0,666.0,666.0,Peace Now
97,2000,721.0,721.0,721.0,Peace Now
97,2001,754.0,754.0,754.0,Peace Now
97,2002,769.0,769.0,769.0,Peace Now
97,2003,806.0,806.0,806.0,Peace Now
97,2004,829.0,829.0,829.0,Peace Now
97,2005,852.0,852.0,852.0,Peace Now
97,2006,886.0,886.0,886.0,Peace Now
97,2007,912.0,912.0,912.0,Peace Now
97,2008,913.0,913.0,913.0,Peace Now
97,2009,846.0,846.0,846.0,Peace Now
97,2010,846.0,846.0,846.0,Peace Now
97,2011,884.0,884.0,884.0,Peace Now
97,2012,968.0,968.0,968.0,Peace Now
97,2013,1076.0,1076.0,1076.0,Peace Now
97,2014,1276.0,1280.0,1276.0,Peace Now
97,2015,1438.0,1438.0,1438.0,Peace Now
97,2016,1552.0,1552.0,1552.0,Peace Now
97,2017,1597.0,1597.0,1597.0,Peace Now
97,2018,1714.0,,1714.0,Peace Now
97,2019,1786.0,,1786.0,Peace Now
97,2020,1848.0,,1848.0,Peace Now
97,2021,1878.0,,1878.0,Peace Now
97,2022,2059.0,,2059.0,Peace Now
97,2023,2203.0,,2203.0,Peace Now
97,2024,2148.0,,2148.0,Peace Now
98,1969,0.0,,0.0,Peace Now
98,1970,0.0,,0.0,Peace Now
98,1971,0.0,,0.0,Peace Now
98,1972,0.0,,0.0,Peace Now
98,1973,0.0,,0.0,Peace Now
98,1974,0.0,,0.0,Peace Now
98,1975,0.0,,0.0,Peace Now
98,1976,0.0,,0.0,Peace Now
98,1977,0.0,,0.0,Peace Now
98,1978,0.0,,0.0,Peace Now
98,1979,0.0,,0.0,Peace Now
98,1982,0.0,,0.0,Peace Now
98,1985,0.0,,0.0,Peace Now
98,1986,0.0,,0.0,Peace Now
98,1987,0.0,,0.0,Peace Now
98,1988,0.0,,0.0,Peace Now
98,1989,0.0,,0.0,Peace Now
98,1990,0.0,,0.0,Peace Now
98,1991,0.0,,0.0,Peace Now
98,1992,0.0,,0.0,Peace Now
98,1993,0.0,,0.0,Peace Now
98,1994,0.0,,0.0,Peace Now
98,1995,0.0,,0.0,Peace Now
98,1996,0.0,,0.0,Peace Now
98,1997,0.0,,0.0,Peace Now
98,1998,0.0,,0.0,Peace Now
98,1999,0.0,,0.0,Peace Now
98,2000,0.0,,0.0,Peace Now
98,2001,0.0,,0.0,Peace Now
98,2002,0.0,,0.0,Peace Now
98,2003,0.0,,0.0,Peace Now
98,2004,0.0,,0.0,Peace Now
98,2005,0.0,,0.0,Peace Now
98,2006,0.0,,0.0,Peace Now
98,2007,0.0,,0.0,Peace Now
99,1969,0.0,,0.0,Peace Now
99,1970,0.0,,0.0,Peace Now
99,1971,0.0,,0.0,Peace Now
99,1972,0.0,,0.0,Peace Now
99,1973,0.0,,0.0,Peace Now
99,1974,0.0,,0.0,Peace Now
99,1975,0.0,,0.0,Peace Now
99,1976,0.0,,0.0,Peace Now
99,1982,0.0,,0.0,Peace Now
99,1983,99.0,,99.0,Peace Now
99,1985,0.0,,0.0,Peace Now
99,1986,0.0,,0.0,Peace Now
99,1987,0.0,,0.0,Peace Now
99,1988,0.0,,0.0,Peace Now
99,1989,0.0,,0.0,Peace Now
99,1990,0.0,,0.0,Peace Now
99,1991,0.0,,0.0,Peace Now
99,1992,0.0,,0.0,Peace Now
99,1993,0.0,,0.0,Peace Now
99,1994,0.0,,0.0,Peace Now
99,1995,0.0,,0.0,Peace Now
99,1996,67.0,67.0,67.0,Peace Now
99,1997,62.0,62.0,62.0,Peace Now
99,1998,58.0,100.0,58.0,Peace Now
99,1999,45.0,45.0,45.0,Peace Now
99,2000,56.0,56.0,56.0,Peace Now
99,2001,58.0,58.0,58.0,Peace Now
99,2002,56.0,56.0,56.0,Peace Now
99,2003,52.0,52.0,52.0,Peace Now
99,2004,53.0,53.0,53.0,Peace Now
99,2005,49.0,49.0,49.0,Peace Now
99,2006,52.0,52.0,52.0,Peace Now
99,2007,56.0,56.0,56.0,Peace Now
99,2008,54.0,50.0,54.0,Peace Now
99,2009,54.0,54.0,54.0,Peace Now
99,2010,52.0,52.0,52.0,Peace Now
99,2011,58.0,58.0,58.0,Peace Now
99,2012,69.0,69.0,69.0,Peace Now
99,2013,71.0,71.0,71.0,Peace Now
99,2014,81.0,80.0,81.0,Peace Now
99,2015,85.0,85.0,85.0,Peace Now
99,2016,91.0,91.0,91.0,Peace Now
99,2017,92.0,92.0,92.0,Peace Now
99,2018,92.0,,92.0,Peace Now
99,2019,101.0,,101.0,Peace Now
99,2020,105.0,,105.0,Peace Now
99,2021,104.0,,104.0,Peace Now
99,2022,109.0,,109.0,Peace Now
99,2023,146.0,,146.0,Peace Now
99,2024,128.0,,128.0,Peace Now
100,1969,0.0,,0.0,Peace Now
100,1970,0.0,,0.0,Peace Now
100,1971,0.0,,0.0,Peace Now
100,1972,0.0,,0.0,Peace Now
100,1973,0.0,,0.0,Peace Now
100,1974,0.0,,0.0,Peace Now
100,1975,0.0,,0.0,Peace Now
100,1976,0.0,,0.0,Peace Now
100,1977,0.0,,0.0,Peace Now
100,1978,0.0,,0.0,Peace Now
100,1979,0.0,,0.0,Peace Now
100,1982,0.0,,0.0,Peace Now
100,1983,0.0,,0.0,Peace Now
100,1985,0.0,,0.0,Peace Now
100,1986,0.0,,0.0,Peace Now
100,1987,0.0,,0.0,Peace Now
100,1988,0.0,,0.0,Peace Now
100,1989,0.0,,0.0,Peace Now
100,1990,0.0,,0.0,Peace Now
100,1991,0.0,,0.0,Peace Now
100,1992,0.0,,0.0,Peace Now
100,1993,139.0,,139.0,Peace Now
100,1994,149.0,,149.0,Peace Now
100,1995,140.0,,140.0,Peace Now
100,1996,127.0,127.0,127.0,Peace Now
100,1997,125.0,125.0,125.0,Peace Now
100,1998,104.0,100.0,104.0,Peace Now
100,1999,105.0,105.0,105.0,Peace Now
100,2000,137.0,137.0,137.0,Peace Now
100,2001,334.0,334.0,334.0,Peace Now
100,2002,492.0,492.0,492.0,Peace Now
100,2003,556.0,556.0,556.0,Peace Now
100,2004,600.0,600.0,600.0,Peace Now
100,2005,623.0,623.0,623.0,Peace Now
100,2006,655.0,655.0,655.0,Peace Now
100,2007,710.0,710.0,710.0,Peace Now
100,2008,749.0,749.0,749.0,Peace Now
100,2009,935.0,935.0,935.0,Peace Now
100,2010,1035.0,1035.0,1035.0,Peace Now
100,2011,1094.0,1094.0,1094.0,Peace Now
100,2012,1203.0,1203.0,1203.0,Peace Now
100,2013,1324.0,1324.0,1324.0,Peace Now
100,2014,1441.0,1440.0,1441.0,Peace Now
100,2015,1573.0,1573.0,1573.0,Peace Now
100,2016,1661.0,1661.0,1661.0,Peace Now
100,2017,1804.0,1804.0,1804.0,Peace Now
100,2018,1942.0,,1942.0,Peace Now
100,2019,2148.0,,2148.0,Peace Now
100,2020,2343.0,,2343.0,Peace Now
100,2021,2608.0,,2608.0,Peace Now
100,2022,2839.0,,2839.0,Peace Now
100,2023,2834.0,,2834.0,Peace Now
100,2024,2955.0,,2955.0,Peace Now
101,1969,0.0,,0.0,Peace Now
101,1970,0.0,,0.0,Peace Now
101,1971,0.0,,0.0,Peace Now
101,1972,0.0,,0.0,Peace Now
101,1973,0.0,,0.0,Peace Now
101,1974,0.0,,0.0,Peace Now
101,1975,0.0,,0.0,Peace Now
101,1976,0.0,,0.0,Peace Now
101,1977,0.0,,0.0,Peace Now
101,1978,0.0,,0.0,Peace Now
101,1979,0.0,,0.0,Peace Now
101,1982,0.0,,0.0,Peace Now
101,1983,23.0,,23.0,Peace Now
101,1985,0.0,,0.0,Peace Now
101,1986,0.0,,0.0,Peace Now
101,1987,0.0,,0.0,Peace Now
101,1988,0.0,,0.0,Peace Now
101,1989,0.0,,0.0,Peace Now
101,1990,0.0,,0.0,Peace Now
101,1991,0.0,,0.0,Peace Now
101,1992,0.0,,0.0,Peace Now
101,1993,106.0,,106.0,Peace Now
101,1994,122.0,,122.0,Peace Now
101,1995,129.0,,129.0,Peace Now
101,1996,131.0,131.0,131.0,Peace Now
101,1997,132.0,132.0,132.0,Peace Now
101,1998,133.0,100.0,133.0,Peace Now
101,1999,133.0,133.0,133.0,Peace Now
101,2000,127.0,127.0,127.0,Peace Now
101,2001,129.0,129.0,129.0,Peace Now
101,2002,129.0,129.0,129.0,Peace Now
101,2003,123.0,123.0,123.0,Peace Now
101,2004,127.0,127.0,127.0,Peace Now
101,2005,130.0,130.0,130.0,Peace Now
101,2006,129.0,129.0,129.0,Peace Now
101,2007,128.0,128.0,128.0,Peace Now
101,2008,122.0,122.0,122.0,Peace Now
101,2009,102.0,102.0,102.0,Peace Now
101,2010,100.0,100.0,100.0,Peace Now
101,2011,95.0,95.0,95.0,Peace Now
101,2012,98.0,98.0,98.0,Peace Now
101,2013,100.0,100.0,100.0,Peace Now
101,2014,107.0,110.0,107.0,Peace Now
101,2015,118.0,118.0,118.0,Peace Now
101,2016,116.0,116.0,116.0,Peace Now
101,2017,135.0,135.0,135.0,Peace Now
101,2018,151.0,,151.0,Peace Now
101,2019,166.0,,166.0,Peace Now
101,2020,169.0,,169.0,Peace Now
101,2021,194.0,,194.0,Peace Now
101,2022,247.0,,247.0,Peace Now
101,2023,311.0,,311.0,Peace Now
101,2024,291.0,,291.0,Peace Now
102,1969,0.0,,0.0,Peace Now
102,1970,0.0,,0.0,Peace Now
102,1971,0.0,,0.0,Peace Now
102,1972,0.0,,0.0,Peace Now
102,1973,0.0,,0.0,Peace Now
102,1974,0.0,,0.0,Peace Now
102,1975,0.0,,0.0,Peace Now
102,1976,0.0,,0.0,Peace Now
102,1977,0.0,,0.0,Peace Now
102,1978,0.0,,0.0,Peace Now
102,1979,0.0,,0.0,Peace Now
103,1969,0.0,,0.0,Peace Now
103,1970,0.0,,0.0,Peace Now
103,1971,0.0,,0.0,Peace Now
103,1972,0.0,,0.0,Peace Now
103,1973,0.0,,0.0,Peace Now
103,1974,0.0,,0.0,Peace Now
103,1975,0.0,,0.0,Peace Now
103,1982,0.0,,0.0,Peace Now
103,1983,155.0,,155.0,Peace Now
103,1985,0.0,,0.0,Peace Now
103,1986,0.0,,0.0,Peace Now
103,1987,0.0,,0.0,Peace Now
103,1988,0.0,,0.0,Peace Now
103,1989,0.0,,0.0,Peace Now
103,1990,0.0,,0.0,Peace Now
103,1991,0.0,,0.0,Peace Now
103,1992,0.0,,0.0,Peace Now
103,1993,205.0,,205.0,Peace Now
103,1994,201.0,,201.0,Peace Now
103,1995,194.0,,194.0,Peace Now
103,1996,139.0,139.0,139.0,Peace Now
103,1997,136.0,136.0,136.0,Peace Now
103,1998,145.0,100.0,145.0,Peace Now
103,1999,143.0,143.0,143.0,Peace Now
103,2000,139.0,139.0,139.0,Peace Now
103,2001,133.0,133.0,133.0,Peace Now
103,2002,132.0,132.0,132.0,Peace Now
103,2003,120.0,120.0,120.0,Peace Now
103,2004,132.0,132.0,132.0,Peace Now
103,2005,127.0,127.0,127.0,Peace Now
103,2006,125.0,125.0,125.0,Peace Now
103,2007,114.0,114.0,114.0,Peace Now
103,2008,108.0,108.0,108.0,Peace Now
103,2009,175.0,175.0,175.0,Peace Now
103,2010,186.0,186.0,186.0,Peace Now
103,2011,176.0,176.0,176.0,Peace Now
103,2012,162.0,162.0,162.0,Peace Now
103,2013,170.0,170.0,170.0,Peace Now
103,2014,179.0,180.0,179.0,Peace Now
103,2015,181.0,181.0,181.0,Peace Now
103,2016,190.0,190.0,190.0,Peace Now
103,2017,191.0,191.0,191.0,Peace Now
103,2018,199.0,,199.0,Peace Now
103,2019,212.0,,212.0,Peace Now
103,2020,222.0,,222.0,Peace Now
103,2021,220.0,,220.0,Peace Now
103,2022,214.0,,214.0,Peace Now
103,2023,214.0,,214.0,Peace Now
103,2024,211.0,,211.0,Peace Now
104,1969,0.0,,0.0,Peace Now
104,1970,0.0,,0.0,Peace Now
104,1971,0.0,,0.0,Peace Now
104,1972,0.0,,0.0,Peace Now
104,1973,0.0,,0.0,Peace Now
104,1974,0.0,,0.0,Peace Now
104,1975,0.0,,0.0,Peace Now
104,1976,0.0,,0.0,Peace Now
104,1977,0.0,,0.0,Peace Now
104,1978,0.0,,0.0,Peace Now
104,1979,0.0,,0.0,Peace Now
104,1982,0.0,,0.0,Peace Now
104,1983,0.0,,0.0,Peace Now
104,1985,0.0,,0.0,Peace Now
104,1986,0.0,,0.0,Peace Now
104,1987,0.0,,0.0,Peace Now
104,1988,0.0,,0.0,Peace Now
104,1989,0.0,,0.0,Peace Now
104,1990,0.0,,0.0,Peace Now
104,1991,203.0,,203.0,Peace Now
104,1992,234.0,,234.0,Peace Now
104,1993,260.0,,260.0,Peace Now
104,1994,269.0,,269.0,Peace Now
104,1995,282.0,,282.0,Peace Now
104,1996,359.0,359.0,359.0,Peace Now
104,1997,383.0,383.0,383.0,Peace Now
104,1998,415.0,400.0,415.0,Peace Now
104,1999,468.0,468.0,468.0,Peace Now
104,2000,482.0,482.0,482.0,Peace Now
104,2001,525.0,525.0,525.0,Peace Now
104,2002,585.0,585.0,585.0,Peace Now
104,2003,643.0,643.0,643.0,Peace Now
104,2004,663.0,663.0,663.0,Peace Now
104,2005,700.0,700.0,700.0,Peace Now
104,2006,737.0,737.0,737.0,Peace Now
104,2007,754.0,754.0,754.0,Peace Now
104,2008,792.0,792.0,792.0,Peace Now
104,2009,841.0,841.0,841.0,Peace Now
104,2010,923.0,923.0,923.0,Peace Now
104,2011,971.0,971.0,971.0,Peace Now
104,2012,950.0,950.0,950.0,Peace Now
104,2013,978.0,978.0,978.0,Peace Now
104,2014,1014.0,1010.0,1014.0,Peace Now
104,2015,1041.0,1041.0,1041.0,Peace Now
104,2016,1115.0,1115.0,1115.0,Peace Now
104,2017,1170.0,1170.0,1170.0,Peace Now
104,2018,1301.0,,1301.0,Peace Now
104,2019,1339.0,,1339.0,Peace Now
104,2020,1237.0,,1237.0,Peace Now
104,2021,1376.0,,1376.0,Peace Now
104,2022,1602.0,,1602.0,Peace Now
104,2023,1567.0,,1567.0,Peace Now
104,2024,1695.0,,1695.0,Peace Now
105,1969,0.0,,0.0,Peace Now
105,1970,0.0,,0.0,Peace Now
105,1971,0.0,,0.0,Peace Now
105,1972,0.0,,0.0,Peace Now
105,1973,0.0,,0.0,Peace Now
105,1974,0.0,,0.0,Peace Now
105,1975,0.0,,0.0,Peace Now
105,1976,0.0,,0.0,Peace Now
105,1982,0.0,,0.0,Peace Now
105,1983,0.0,,0.0,Peace Now
105,1985,236.0,,236.0,Peace Now
105,1986,256.0,,256.0,Peace Now
105,1987,278.0,,278.0,Peace Now
105,1988,296.0,,296.0,Peace Now
105,1989,298.0,,298.0,Peace Now
105,1990,312.0,,312.0,Peace Now
105,1991,319.0,,319.0,Peace Now
105,1992,325.0,,325.0,Peace Now
105,1993,326.0,,326.0,Peace Now
105,1994,329.0,,329.0,Peace Now
105,1995,340.0,,340.0,Peace Now
105,1996,305.0,305.0,305.0,Peace Now
105,1997,325.0,325.0,325.0,Peace Now
105,1998,339.0,300.0,339.0,Peace Now
105,1999,377.0,377.0,377.0,Peace Now
105,2000,410.0,410.0,410.0,Peace Now
105,2001,425.0,425.0,425.0,Peace Now
105,2002,439.0,439.0,439.0,Peace Now
105,2003,441.0,441.0,441.0,Peace Now
105,2004,443.0,443.0,443.0,Peace Now
105,2005,447.0,447.0,447.0,Peace Now
105,2006,429.0,429.0,429.0,Peace Now
105,2007,474.0,474.0,474.0,Peace Now
105,2008,465.0,465.0,465.0,Peace Now
105,2009,498.0,498.0,498.0,Peace Now
105,2010,525.0,525.0,525.0,Peace Now
105,2011,524.0,524.0,524.0,Peace Now
105,2012,542.0,542.0,542.0,Peace Now
105,2013,558.0,558.0,558.0,Peace Now
105,2014,604.0,600.0,604.0,Peace Now
105,2015,693.0,693.0,693.0,Peace Now
105,2016,818.0,818.0,818.0,Peace Now
105,2017,1010.0,1010.0,1010.0,Peace Now
105,2018,1190.0,,1190.0,Peace Now
105,2019,1331.0,,1331.0,Peace Now
105,2020,1409.0,,1409.0,Peace Now
105,2021,1426.0,,1426.0,Peace Now
105,2022,1450.0,,1450.0,Peace Now
105,2023,1437.0,,1437.0,Peace Now
105,2024,1483.0,,1483.0,Peace Now
106,1969,0.0,,0.0,Peace Now
106,1970,0.0,,0.0,Peace Now
106,1971,0.0,,0.0,Peace Now
106,1972,0.0,,0.0,Peace Now
106,1973,0.0,,0.0,Peace Now
106,1974,0.0,,0.0,Peace Now
106,1975,0.0,,0.0,Peace Now
106,1976,0.0,,0.0,Peace Now
106,1977,0.0,,0.0,Peace Now
106,1978,0.0,,0.0,Peace Now
106,1979,0.0,,0.0,Peace Now
106,2012,,245.0,245.0,B'Tselem
106,2013,245.0,,245.0,Peace Now
106,2014,284.0,280.0,284.0,Peace Now
106,2015,334.0,334.0,334.0,Peace Now
106,2016,377.0,377.0,377.0,Peace Now
106,2017,408.0,408.0,408.0,Peace Now
106,2018,458.0,,458.0,Peace Now
106,2019,519.0,,519.0,Peace Now
106,2020,577.0,,577.0,Peace Now
106,2021,665.0,,665.0,Peace Now
106,2022,716.0,,716.0,Peace Now
106,2023,842.0,,842.0,Peace Now
106,2024,719.0,,719.0,Peace Now
107,1969,0.0,,0.0,Peace Now
107,1970,0.0,,0.0,Peace Now
107,1971,0.0,,0.0,Peace Now
107,1972,0.0,,0.0,Peace Now
107,1973,0.0,,0.0,Peace Now
107,1974,0.0,,0.0,Peace Now
107,1975,0.0,,0.0,Peace Now
107,1976,0.0,,0.0,Peace Now
107,1977,0.0,,0.0,Peace Now
107,1978,0.0,,0.0,Peace Now
107,1979,0.0,,0.0,Peace Now
107,1982,0.0,,0.0,Peace Now
107,1983,0.0,,0.0,Peace Now
107,1985,0.0,,0.0,Peace Now
107,1986,0.0,,0.0,Peace Now
107,1987,0.0,,0.0,Peace Now
107,1988,0.0,,0.0,Peace Now
107,1989,0.0,,0.0,Peace Now
107,1990,0.0,,0.0,Peace Now
107,1991,0.0,,0.0,Peace Now
107,1992,0.0,,0.0,Peace Now
107,1993,0.0,,0.0,Peace Now
107,1994,0.0,,0.0,Peace Now
107,1995,0.0,,0.0,Peace Now
107,1996,351.0,,351.0,Peace Now
107,1997,476.0,,476.0,Peace Now
107,1998,516.0,,516.0,Peace Now
107,1999,623.0,,623.0,Peace Now
107,2000,686.0,,686.0,Peace Now
107,2001,763.0,,763.0,Peace Now
107,2002,810.0,,810.0,Peace Now
107,2003,870.0,,870.0,Peace Now
107,2004,0.0,,0.0,Peace Now
107,2005,0.0,,0.0,Peace Now
107,2006,0.0,,0.0,Peace Now
107,2007,0.0,,0.0,Peace Now
108,1969,0.0,,0.0,Peace Now
108,1970,0.0,,0.0,Peace Now
108,1971,0.0,,0.0,Peace Now
108,1972,0.0,,0.0,Peace Now
108,1973,0.0,,0.0,Peace Now
108,1974,0.0,,0.0,Peace Now
108,1975,0.0,,0.0,Peace Now
108,1976,0.0,,0.0,Peace Now
108,1977,0.0,,0.0,Peace Now
108,1978,0.0,,0.0,Peace Now
108,1979,0.0,,0.0,Peace Now
108,1982,0.0,,0.0,Peace Now
108,1983,72.0,,72.0,Peace Now
108,1985,0.0,,0.0,Peace Now
108,1986,0.0,,0.0,Peace Now
108,1987,0.0,,0.0,Peace Now
108,1988,0.0,,0.0,Peace Now
108,1989,0.0,,0.0,Peace Now
108,1990,0.0,,0.0,Peace Now
108,1991,0.0,,0.0,Peace Now
108,1992,0.0,,0.0,Peace Now
108,1993,213.0,,213.0,Peace Now
108,1994,230.0,,230.0,Peace Now
108,1995,253.0,,253.0,Peace Now
108,1996,242.0,242.0,242.0,Peace Now
108,1997,260.0,260.0,260.0,Peace Now
108,1998,268.0,300.0,268.0,Peace Now
108,1999,287.0,287.0,287.0,Peace Now
108,2000,302.0,302.0,302.0,Peace Now
108,2001,307.0,307.0,307.0,Peace Now
108,2002,320.0,320.0,320.0,Peace Now
108,2003,349.0,349.0,349.0,Peace Now
108,2004,350.0,350.0,350.0,Peace Now
108,2005,373.0,373.0,373.0,Peace Now
108,2006,406.0,406.0,406.0,Peace Now
108,2007,438.0,438.0,438.0,Peace Now
108,2008,469.0,469.0,469.0,Peace Now
108,2009,763.0,763.0,763.0,Peace Now
108,2010,770.0,770.0,770.0,Peace Now
108,2011,740.0,740.0,740.0,Peace Now
108,2012,775.0,775.0,775.0,Peace Now
108,2013,803.0,803.0,803.0,Peace Now
108,2014,848.0,850.0,848.0,Peace Now
108,2015,894.0,894.0,894.0,Peace Now
108,2016,875.0,875.0,875.0,Peace Now
108,2017,897.0,897.0,897.0,Peace Now
108,2018,913.0,,913.0,Peace Now
108,2019,900.0,,900.0,Peace Now
108,2020,943.0,,943.0,Peace Now
108,2021,954.0,,954.0,Peace Now
108,2022,891.0,,891.0,Peace Now
108,2023,716.0,,716.0,Peace Now
108,2024,932.0,,932.0,Peace Now
109,1969,0.0,,0.0,Peace Now
109,1970,0.0,,0.0,Peace Now
109,1971,0.0,,0.0,Peace Now
109,1972,0.0,,0.0,Peace Now
109,1973,0.0,,0.0,Peace Now
109,1974,0.0,,0.0,Peace Now
109,1975,0.0,,0.0,Peace Now
109,1976,0.0,,0.0,Peace Now
109,1977,0.0,,0.0,Peace Now
109,1978,0.0,,0.0,Peace Now
109,1979,0.0,,0.0,Peace Now
109,1982,0.0,,0.0,Peace Now
109,1983,0.0,,0.0,Peace Now
109,1985,0.0,,0.0,Peace Now
109,1986,0.0,,0.0,Peace Now
109,1987,0.0,,0.0,Peace Now
109,1988,0.0,,0.0,Peace Now
109,1989,0.0,,0.0,Peace Now
109,1990,0.0,,0.0,Peace Now
109,1991,205.0,,205.0,Peace Now
109,1992,370.0,,370.0,Peace Now
109,1993,505.0,,505.0,Peace Now
109,1994,647.0,,647.0,Peace Now
109,1995,759.0,,759.0,Peace Now
109,1996,959.0,959.0,959.0,Peace Now
109,1997,1230.0,1230.0,1230.0,Peace Now
109,1998,1520.0,1500.0,1520.0,Peace Now
109,1999,1730.0,1731.0,1730.0,Peace Now
109,2000,1900.0,1900.0,1900.0,Peace Now
109,2001,1830.0,1830.0,1830.0,Peace Now
109,2002,1960.0,1960.0,1960.0,Peace Now
109,2003,2058.0,2058.0,2058.0,Peace Now
109,2004,2308.0,2308.0,2308.0,Peace Now
109,2005,2420.0,2420.0,2420.0,Peace Now
109,2006,2530.0,2530.0,2530.0,Peace Now
109,2007,2625.0,2625.0,2625.0,Peace Now
109,2008,2771.0,2771.0,2771.0,Peace Now
109,2009,2928.0,2928.0,2928.0,Peace Now
109,2010,3108.0,3108.0,3108.0,Peace Now
109,2011,3220.0,3220.0,3220.0,Peace Now
109,2012,3521.0,3521.0,3521.0,Peace Now
109,2013,3649.0,3649.0,3649.0,Peace Now
109,2014,3947.0,3950.0,3947.0,Peace Now
109,2015,4092.0,4092.0,4092.0,Peace Now
109,2016,4233.0,4233.0,4233.0,Peace Now
109,2017,4281.0,4281.0,4281.0,Peace Now
109,2018,4311.0,,4311.0,Peace Now
109,2019,4415.0,,4415.0,Peace Now
109,2020,4600.0,,4600.0,Peace Now
109,2021,4613.0,,4613.0,Peace Now
109,2022,4701.0,,4701.0,Peace Now
109,2023,4746.0,,4746.0,Peace Now
109,2024,4814.0,,4814.0,Peace Now
110,1969,0.0,,0.0,Peace Now
110,1970,0.0,,0.0,Peace Now
110,1971,0.0,,0.0,Peace Now
110,1972,0.0,,0.0,Peace Now
110,1973,0.0,,0.0,Peace Now
110,1974,0.0,,0.0,Peace Now
110,1975,0.0,,0.0,Peace Now
110,1976,0.0,,0.0,Peace Now
110,1977,0.0,,0.0,Peace Now
110,1978,0.0,,0.0,Peace Now
110,1979,0.0,,0.0,Peace Now
110,1982,0.0,,0.0,Peace Now
110,1983,62.0,,62.0,Peace Now
110,1985,0.0,,0.0,Peace Now
110,1986,0.0,,0.0,Peace Now
110,1987,0.0,,0.0,Peace Now
110,1988,0.0,,0.0,Peace Now
110,1989,0.0,,0.0,Peace Now
110,1990,0.0,,0.0,Peace Now
110,1991,234.0,,234.0,Peace Now
110,1992,268.0,,268.0,Peace Now
110,1993,315.0,,315.0,Peace Now
110,1994,313.0,,313.0,Peace Now
110,1995,353.0,,353.0,Peace Now
110,1996,308.0,308.0,308.0,Peace Now
110,1997,339.0,339.0,339.0,Peace Now
110,1998,350.0,400.0,350.0,Peace Now
110,1999,355.0,355.0,355.0,Peace Now
110,2000,391.0,391.0,391.0,Peace Now
110,2001,408.0,408.0,408.0,Peace Now
110,2002,414.0,414.0,414.0,Peace Now
110,2003,424.0,424.0,424.0,Peace Now
110,2004,429.0,429.0,429.0,Peace Now
110,2005,684.0,684.0,684.0,Peace Now
110,2006,723.0,723.0,723.0,Peace Now
110,2007,772.0,772.0,772.0,Peace Now
110,2008,851.0,851.0,851.0,Peace Now
110,2009,458.0,458.0,458.0,Peace Now
110,2010,498.0,498.0,498.0,Peace Now
110,2011,690.0,690.0,690.0,Peace Now
110,2012,462.0,462.0,462.0,Peace Now
110,2013,737.0,737.0,737.0,Peace Now
110,2014,983.0,980.0,983.0,Peace Now
110,2015,1300.0,1300.0,1300.0,Peace Now
110,2016,1643.0,1643.0,1643.0,Peace Now
110,2017,2133.0,2133.0,2133.0,Peace Now
110,2018,2739.0,,2739.0,Peace Now
110,2019,3398.0,,3398.0,Peace Now
110,2020,3828.0,,3828.0,Peace Now
110,2021,4279.0,,4279.0,Peace Now
110,2022,4647.0,,4647.0,Peace Now
110,2023,5253.0,,5253.0,Peace Now
110,2024,5018.0,,5018.0,Peace Now
111,1969,0.0,,0.0,Peace Now
111,1970,0.0,,0.0,Peace Now
111,1971,0.0,,0.0,Peace Now
111,1972,0.0,,0.0,Peace Now
111,1973,0.0,,0.0,Peace Now
111,1974,0.0,,0.0,Peace Now
111,1975,0.0,,0.0,Peace Now
111,1976,0.0,,0.0,Peace Now
111,1977,0.0,,0.0,Peace Now
111,1978,0.0,,0.0,Peace Now
111,1979,0.0,,0.0,Peace Now
111,1982,0.0,,0.0,Peace Now
111,1983,42.0,,42.0,Peace Now
111,1985,0.0,,0.0,Peace Now
111,1986,0.0,,0.0,Peace Now
111,1987,0.0,,0.0,Peace Now
111,1988,0.0,,0.0,Peace Now
111,1989,0.0,,0.0,Peace Now
111,1990,224.0,,224.0,Peace Now
111,1991,330.0,,330.0,Peace Now
111,1992,381.0,,381.0,Peace Now
111,1993,396.0,,396.0,Peace Now
111,1994,472.0,,472.0,Peace Now
111,1995,523.0,,523.0,Peace Now
111,1996,561.0,561.0,561.0,Peace Now
111,1997,587.0,587.0,587.0,Peace Now
111,1998,627.0,600.0,627.0,Peace Now
111,1999,672.0,672.0,672.0,Peace Now
111,2000,698.0,698.0,698.0,Peace Now
111,2001,706.0,706.0,706.0,Peace Now
111,2002,721.0,721.0,721.0,Peace Now
111,2003,726.0,726.0,726.0,Peace Now
111,2004,739.0,739.0,739.0,Peace Now
111,2005,762.0,762.0,762.0,Peace Now
111,2006,808.0,808.0,808.0,Peace Now
111,2007,854.0,854.0,854.0,Peace Now
111,2008,925.0,925.0,925.0,Peace Now
111,2009,827.0,827.0,827.0,Peace Now
111,2010,893.0,893.0,893.0,Peace Now
111,2011,1033.0,1033.0,1033.0,Peace Now
111,2012,1132.0,1132.0,1132.0,Peace Now
111,2013,1190.0,1190.0,1190.0,Peace Now
111,2014,1214.0,1210.0,1214.0,Peace Now
111,2015,1286.0,1286.0,1286.0,Peace Now
111,2016,1329.0,1329.0,1329.0,Peace Now
111,2017,1391.0,1391.0,1391.0,Peace Now
111,2018,1378.0,,1378.0,Peace Now
111,2019,1421.0,,1421.0,Peace Now
111,2020,1441.0,,1441.0,Peace Now
111,2021,1441.0,,1441.0,Peace Now
111,2022,1467.0,,1467.0,Peace Now
111,2023,1513.0,,1513.0,Peace Now
111,2024,1434.0,,1434.0,Peace Now
112,2016,198.0,,198.0,Peace Now
112,2017,209.0,,209.0,Peace Now
112,2018,208.0,,208.0,Peace Now
112,2019,238.0,,238.0,Peace Now
112,2020,264.0,,264.0,Peace Now
112,2021,368.0,,368.0,Peace Now
112,2022,318.0,,318.0,Peace Now
113,1969,0.0,,0.0,Peace Now
113,1970,0.0,,0.0,Peace Now
113,1971,0.0,,0.0,Peace Now
113,1972,0.0,,0.0,Peace Now
113,1973,0.0,,0.0,Peace Now
113,1974,0.0,,0.0,Peace Now
113,1975,0.0,,0.0,Peace Now
113,1976,0.0,,0.0,Peace Now
113,1977,0.0,,0.0,Peace Now
113,1978,0.0,,0.0,Peace Now
113,1979,0.0,,0.0,Peace Now
113,1982,0.0,,0.0,Peace Now
113,1983,0.0,,0.0,Peace Now
113,1985,1510.0,,1510.0,Peace Now
113,1986,1730.0,,1730.0,Peace Now
113,1987,1960.0,,1960.0,Peace Now
113,1988,2280.0,,2280.0,Peace Now
113,1989,2480.0,,2480.0,Peace Now
113,1990,2590.0,,2590.0,Peace Now
113,1991,2900.0,,2900.0,Peace Now
113,1992,3150.0,,3150.0,Peace Now
113,1993,3240.0,,3240.0,Peace Now
113,1994,3360.0,,3360.0,Peace Now
113,1995,3500.0,,3500.0,Peace Now
113,1996,3110.0,3110.0,3110.0,Peace Now
113,1997,3260.0,3260.0,3260.0,Peace Now
113,1998,3290.0,3300.0,3290.0,Peace Now
113,1999,3150.0,3152.0,3150.0,Peace Now
113,2000,3040.0,3040.0,3040.0,Peace Now
113,2001,2700.0,2700.0,2700.0,Peace Now
113,2002,2350.0,2350.0,2350.0,Peace Now
113,2003,2455.0,2455.0,2455.0,Peace Now
113,2004,2585.0,2585.0,2585.0,Peace Now
113,2005,2583.0,2583.0,2583.0,Peace Now
113,2006,2678.0,2678.0,2678.0,Peace Now
113,2007,2775.0,2775.0,2775.0,Peace Now
113,2008,2890.0,2890.0,2890.0,Peace Now
113,2009,2901.0,2901.0,2901.0,Peace Now
113,2010,2948.0,2948.0,2948.0,Peace Now
113,2011,2952.0,2952.0,2952.0,Peace Now
113,2012,3013.0,3013.0,3013.0,Peace Now
113,2013,3115.0,3115.0,3115.0,Peace Now
113,2014,3197.0,3200.0,3197.0,Peace Now
113,2015,3253.0,3253.0,3253.0,Peace Now
113,2016,3309.0,3309.0,3309.0,Peace Now
113,2017,3440.0,3440.0,3440.0,Peace Now
113,2018,3693.0,,3693.0,Peace Now
113,2019,3906.0,,3906.0,Peace Now
113,2020,4128.0,,4128.0,Peace Now
113,2021,4372.0,,4372.0,Peace Now
113,2022,4656.0,,4656.0,Peace Now
113,2023,5451.0,,5451.0,Peace Now
113,2024,5142.0,,5142.0,Peace Now
114,1969,0.0,,0.0,Peace Now
114,1970,0.0,,0.0,Peace Now
114,1971,0.0,,0.0,Peace Now
114,1972,0.0,,0.0,Peace Now
114,1973,0.0,,0.0,Peace Now
114,1974,0.0,,0.0,Peace Now
114,1975,0.0,,0.0,Peace Now
114,1976,0.0,,0.0,Peace Now
114,1977,0.0,,0.0,Peace Now
114,1978,0.0,,0.0,Peace Now
114,1979,0.0,,0.0,Peace Now
114,1982,0.0,,0.0,Peace Now
114,1983,89.0,,89.0,Peace Now
114,1985,0.0,,0.0,Peace Now
114,1986,0.0,,0.0,Peace Now
114,1987,0.0,,0.0,Peace Now
114,1988,0.0,,0.0,Peace Now
114,1989,0.0,,0.0,Peace Now
114,1990,277.0,,277.0,Peace Now
114,1991,321.0,,321.0,Peace Now
114,1992,338.0,,338.0,Peace Now
114,1993,339.0,,339.0,Peace Now
114,1994,345.0,,345.0,Peace Now
114,1995,333.0,,333.0,Peace Now
114,1996,396.0,396.0,396.0,Peace Now
114,1997,424.0,424.0,424.0,Peace Now
114,1998,449.0,400.0,449.0,Peace Now
114,1999,504.0,504.0,504.0,Peace Now
114,2000,500.0,500.0,500.0,Peace Now
114,2001,498.0,498.0,498.0,Peace Now
114,2002,492.0,492.0,492.0,Peace Now
114,2003,473.0,473.0,473.0,Peace Now
114,2004,468.0,468.0,468.0,Peace Now
114,2005,538.0,538.0,538.0,Peace Now
114,2006,571.0,571.0,571.0,Peace Now
114,2007,569.0,569.0,569.0,Peace Now
114,2008,568.0,568.0,568.0,Peace Now
114,2009,566.0,566.0,566.0,Peace Now
114,2010,604.0,604.0,604.0,Peace Now
114,2011,620.0,620.0,620.0,Peace Now
114,2012,662.0,662.0,662.0,Peace Now
114,2013,684.0,684.0,684.0,Peace Now
114,2014,691.0,690.0,691.0,Peace Now
114,2015,711.0,711.0,711.0,Peace Now
114,2016,749.0,749.0,749.0,Peace Now
114,2017,800.0,800.0,800.0,Peace Now
114,2018,859.0,,859.0,Peace Now
114,2019,891.0,,891.0,Peace Now
114,2020,925.0,,925.0,Peace Now
114,2021,983.0,,983.0,Peace Now
114,2022,1062.0,,1062.0,Peace Now
114,2023,1172.0,,1172.0,Peace Now
114,2024,1146.0,,1146.0,Peace Now
115,1969,0.0,,0.0,Peace Now
115,1970,0.0,,0.0,Peace Now
115,1971,0.0,,0.0,Peace Now
115,1972,0.0,,0.0,Peace Now
115,1973,0.0,,0.0,Peace Now
115,1974,0.0,,0.0,Peace Now
115,1982,475.0,,475.0,Peace Now
115,1983,508.0,,508.0,Peace Now
115,1985,660.0,,660.0,Peace Now
115,1986,770.0,,770.0,Peace Now
115,1987,791.0,,791.0,Peace Now
115,1988,817.0,,817.0,Peace Now
115,1989,846.0,,846.0,Peace Now
115,1990,936.0,,936.0,Peace Now
115,1991,1020.0,,1020.0,Peace Now
115,1992,1160.0,,1160.0,Peace Now
115,1993,1210.0,,1210.0,Peace Now
115,1994,1270.0,,1270.0,Peace Now
115,1995,1330.0,,1330.0,Peace Now
115,1996,1310.0,1310.0,1310.0,Peace Now
115,1997,1420.0,1420.0,1420.0,Peace Now
115,1998,1800.0,1800.0,1800.0,Peace Now
115,1999,1870.0,1870.0,1870.0,Peace Now
115,2000,1880.0,1880.0,1880.0,Peace Now
115,2001,2020.0,2020.0,2020.0,Peace Now
115,2002,2060.0,2060.0,2060.0,Peace Now
115,2003,2214.0,2214.0,2214.0,Peace Now
115,2004,2264.0,2264.0,2264.0,Peace Now
115,2005,2384.0,2384.0,2384.0,Peace Now
115,2006,2531.0,2531.0,2531.0,Peace Now
115,2007,2664.0,2664.0,2664.0,Peace Now
115,2008,2735.0,2735.0,2735.0,Peace Now
115,2009,3183.0,3183.0,3183.0,Peace Now
115,2010,3296.0,3296.0,3296.0,Peace Now
115,2011,3400.0,3400.0,3400.0,Peace Now
115,2012,3489.0,3489.0,3489.0,Peace Now
115,2013,3552.0,3552.0,3552.0,Peace Now
115,2014,3137.0,3140.0,3137.0,Peace Now
115,2015,3189.0,3189.0,3189.0,Peace Now
115,2016,3605.0,3605.0,3605.0,Peace Now
115,2017,3607.0,3607.0,3607.0,Peace Now
115,2018,3039.0,,3039.0,Peace Now
115,2019,3043.0,,3043.0,Peace Now
115,2020,3012.0,,3012.0,Peace Now
115,2021,3025.0,,3025.0,Peace Now
115,2022,3497.0,,3497.0,Peace Now
115,2023,3191.0,,3191.0,Peace Now
115,2024,3488.0,,3488.0,Peace Now
116,1969,0.0,,0.0,Peace Now
116,1970,0.0,,0.0,Peace Now
116,1971,0.0,,0.0,Peace Now
116,1972,0.0,,0.0,Peace Now
116,1973,0.0,,0.0,Peace Now
116,1974,0.0,,0.0,Peace Now
116,1975,0.0,,0.0,Peace Now
116,1976,0.0,,0.0,Peace Now
116,1977,0.0,,0.0,Peace Now
116,1978,0.0,,0.0,Peace Now
116,1979,0.0,,0.0,Peace Now
116,1982,0.0,,0.0,Peace Now
116,1983,0.0,,0.0,Peace Now
116,1985,0.0,,0.0,Peace Now
116,1986,0.0,,0.0,Peace Now
116,1987,0.0,,0.0,Peace Now
116,1988,0.0,,0.0,Peace Now
116,1989,0.0,,0.0,Peace Now
116,1990,0.0,,0.0,Peace Now
116,1991,0.0,,0.0,Peace Now
116,1992,0.0,,0.0,Peace Now
116,1993,217.0,,217.0,Peace Now
116,1994,237.0,,237.0,Peace Now
116,1995,269.0,,269.0,Peace Now
116,1996,350.0,350.0,350.0,Peace Now
116,1997,428.0,428.0,428.0,Peace Now
116,1998,464.0,500.0,464.0,Peace Now
116,1999,500.0,500.0,500.0,Peace Now
116,2000,525.0,525.0,525.0,Peace Now
116,2001,575.0,575.0,575.0,Peace Now
116,2002,606.0,606.0,606.0,Peace Now
116,2003,617.0,617.0,617.0,Peace Now
116,2004,627.0,627.0,627.0,Peace Now
116,2005,642.0,642.0,642.0,Peace Now
116,2006,679.0,679.0,679.0,Peace Now
116,2007,704.0,704.0,704.0,Peace Now
116,2008,716.0,716.0,716.0,Peace Now
116,2009,731.0,731.0,731.0,Peace Now
116,2010,760.0,760.0,760.0,Peace Now
116,2011,806.0,806.0,806.0,Peace Now
116,2012,864.0,864.0,864.0,Peace Now
116,2013,1225.0,1225.0,1225.0,Peace Now
116,2014,1550.0,1550.0,1550.0,Peace Now
116,2015,1822.0,1822.0,1822.0,Peace Now
116,2016,2022.0,2022.0,2022.0,Peace Now
116,2017,2204.0,2204.0,2204.0,Peace Now
116,2018,2292.0,,2292.0,Peace Now
116,2019,2427.0,,2427.0,Peace Now
116,2020,2460.0,,2460.0,Peace Now
116,2021,2518.0,,2518.0,Peace Now
117,1969,0.0,,0.0,Peace Now
117,1970,0.0,,0.0,Peace Now
117,1971,0.0,,0.0,Peace Now
117,1972,0.0,,0.0,Peace Now
117,1973,0.0,,0.0,Peace Now
117,1974,0.0,,0.0,Peace Now
117,1975,0.0,,0.0,Peace Now
117,1976,0.0,,0.0,Peace Now
117,1977,0.0,,0.0,Peace Now
117,1978,0.0,,0.0,Peace Now
117,1979,0.0,,0.0,Peace Now
117,1982,0.0,,0.0,Peace Now
117,1983,0.0,,0.0,Peace Now
117,1985,0.0,,0.0,Peace Now
117,1986,0.0,,0.0,Peace Now
117,1987,0.0,,0.0,Peace Now
117,1988,0.0,,0.0,Peace Now
117,1989,0.0,,0.0,Peace Now
117,1990,0.0,,0.0,Peace Now
117,1991,0.0,,0.0,Peace Now
117,1992,216.0,,216.0,Peace Now
117,1993,216.0,,216.0,Peace Now
117,1994,230.0,,230.0,Peace Now
117,1995,315.0,,315.0,Peace Now
117,1996,432.0,432.0,432.0,Peace Now
117,1997,484.0,484.0,484.0,Peace Now
117,1998,507.0,500.0,507.0,Peace Now
117,1999,553.0,553.0,553.0,Peace Now
117,2000,560.0,560.0,560.0,Peace Now
117,2001,571.0,571.0,571.0,Peace Now
117,2002,619.0,619.0,619.0,Peace Now
117,2003,698.0,698.0,698.0,Peace Now
117,2004,692.0,692.0,692.0,Peace Now
117,2005,747.0,747.0,747.0,Peace Now
117,2006,752.0,752.0,752.0,Peace Now
117,2007,763.0,763.0,763.0,Peace Now
117,2008,758.0,758.0,758.0,Peace Now
117,2009,802.0,802.0,802.0,Peace Now
117,2010,787.0,787.0,787.0,Peace Now
117,2011,846.0,846.0,846.0,Peace Now
117,2012,927.0,927.0,927.0,Peace Now
117,2013,953.0,953.0,953.0,Peace Now
117,2014,862.0,860.0,862.0,Peace Now
117,2015,909.0,909.0,909.0,Peace Now
117,2016,976.0,976.0,976.0,Peace Now
117,2017,1003.0,1003.0,1003.0,Peace Now
117,2018,1037.0,,1037.0,Peace Now
117,2019,1044.0,,1044.0,Peace Now
117,2020,980.0,,980.0,Peace Now
117,2021,994.0,,994.0,Peace Now
117,2022,1041.0,,1041.0,Peace Now
117,2023,1016.0,,1016.0,Peace Now
117,2024,1049.0,,1049.0,Peace Now
118,1969,0.0,,0.0,Peace Now
118,1970,0.0,,0.0,Peace Now
118,1971,0.0,,0.0,Peace Now
118,1972,0.0,,0.0,Peace Now
118,1973,0.0,,0.0,Peace Now
118,1974,0.0,,0.0,Peace Now
118,1975,0.0,,0.0,Peace Now
118,1976,0.0,,0.0,Peace Now
118,1977,0.0,,0.0,Peace Now
118,1978,0.0,,0.0,Peace Now
118,1979,0.0,,0.0,Peace Now
118,1982,0.0,,0.0,Peace Now
118,1983,0.0,,0.0,Peace Now
118,1985,0.0,,0.0,Peace Now
118,1986,0.0,,0.0,Peace Now
118,1987,0.0,,0.0,Peace Now
118,1988,0.0,,0.0,Peace Now
118,1989,0.0,,0.0,Peace Now
118,1990,0.0,,0.0,Peace Now
118,1991,265.0,,265.0,Peace Now
118,1992,323.0,,323.0,Peace Now
118,1993,342.0,,342.0,Peace Now
118,1994,421.0,,421.0,Peace Now
118,1995,498.0,,498.0,Peace Now
118,1996,633.0,633.0,633.0,Peace Now
118,1997,710.0,710.0,710.0,Peace Now
118,1998,747.0,700.0,747.0,Peace Now
118,1999,834.0,834.0,834.0,Peace Now
118,2000,885.0,885.0,885.0,Peace Now
118,2001,899.0,899.0,899.0,Peace Now
118,2002,1010.0,1010.0,1010.0,Peace Now
118,2003,1088.0,1088.0,1088.0,Peace Now
118,2004,1219.0,1219.0,1219.0,Peace Now
118,2005,1113.0,1113.0,1113.0,Peace Now
118,2006,1116.0,1116.0,1116.0,Peace Now
118,2007,1168.0,1168.0,1168.0,Peace Now
118,2008,1227.0,1227.0,1227.0,Peace Now
118,2009,1096.0,1096.0,1096.0,Peace Now
118,2010,1185.0,1185.0,1185.0,Peace Now
118,2011,1246.0,1246.0,1246.0,Peace Now
118,2012,1315.0,1315.0,1315.0,Peace Now
118,2013,1371.0,1371.0,1371.0,Peace Now
118,2014,1475.0,1480.0,1475.0,Peace Now
118,2015,1622.0,1622.0,1622.0,Peace Now
118,2016,1682.0,1682.0,1682.0,Peace Now
118,2017,1746.0,1746.0,1746.0,Peace Now
118,2018,1910.0,,1910.0,Peace Now
118,2019,2009.0,,2009.0,Peace Now
118,2020,2044.0,,2044.0,Peace Now
118,2021,2098.0,,2098.0,Peace Now
118,2022,2084.0,,2084.0,Peace Now
118,2023,2214.0,,2214.0,Peace Now
118,2024,2114.0,,2114.0,Peace Now
119,1969,0.0,,0.0,Peace Now
119,1970,0.0,,0.0,Peace Now
119,1971,0.0,,0.0,Peace Now
119,1972,0.0,,0.0,Peace Now
119,1973,0.0,,0.0,Peace Now
119,1974,0.0,,0.0,Peace Now
119,1975,0.0,,0.0,Peace Now
119,1976,0.0,,0.0,Peace Now
119,1977,0.0,,0.0,Peace Now
119,1978,0.0,,0.0,Peace Now
119,1979,0.0,,0.0,Peace Now
119,1982,0.0,,0.0,Peace Now
119,1983,0.0,,0.0,Peace Now
119,1985,0.0,,0.0,Peace Now
119,1986,0.0,,0.0,Peace Now
119,1987,0.0,,0.0,Peace Now
119,1988,0.0,,0.0,Peace Now
119,1989,0.0,,0.0,Peace Now
119,1990,0.0,,0.0,Peace Now
119,1991,0.0,,0.0,Peace Now
119,1992,0.0,,0.0,Peace Now
119,1993,104.0,,104.0,Peace Now
119,1994,98.0,,98.0,Peace Now
119,1995,121.0,,121.0,Peace Now
119,1996,238.0,238.0,238.0,Peace Now
119,1997,256.0,256.0,256.0,Peace Now
119,1998,267.0,300.0,267.0,Peace Now
119,1999,266.0,266.0,266.0,Peace Now
119,2000,304.0,304.0,304.0,Peace Now
119,2001,339.0,339.0,339.0,Peace Now
119,2002,355.0,355.0,355.0,Peace Now
119,2003,376.0,376.0,376.0,Peace Now
119,2004,377.0,377.0,377.0,Peace Now
119,2005,375.0,375.0,375.0,Peace Now
119,2006,392.0,392.0,392.0,Peace Now
119,2007,396.0,396.0,396.0,Peace Now
119,2008,421.0,421.0,421.0,Peace Now
119,2009,370.0,370.0,370.0,Peace Now
119,2010,380.0,380.0,380.0,Peace Now
119,2011,380.0,380.0,380.0,Peace Now
119,2012,398.0,398.0,398.0,Peace Now
119,2013,431.0,431.0,431.0,Peace Now
119,2014,423.0,420.0,423.0,Peace Now
119,2015,432.0,432.0,432.0,Peace Now
119,2016,548.0,548.0,548.0,Peace Now
119,2017,561.0,561.0,561.0,Peace Now
119,2018,586.0,,586.0,Peace Now
119,2019,635.0,,635.0,Peace Now
119,2020,678.0,,678.0,Peace Now
119,2021,729.0,,729.0,Peace Now
119,2022,743.0,,743.0,Peace Now
119,2023,622.0,,622.0,Peace Now
119,2024,757.0,,757.0,Peace Now
120,1969,0.0,,0.0,Peace Now
120,1970,0.0,,0.0,Peace Now
120,1971,0.0,,0.0,Peace Now
120,1972,0.0,,0.0,Peace Now
120,1973,0.0,,0.0,Peace Now
120,1974,0.0,,0.0,Peace Now
120,1975,0.0,,0.0,Peace Now
120,1976,0.0,,0.0,Peace Now
120,1977,0.0,,0.0,Peace Now
120,1978,0.0,,0.0,Peace Now
120,1979,0.0,,0.0,Peace Now
120,1982,0.0,,0.0,Peace Now
120,1983,209.0,,209.0,Peace Now
120,1985,322.0,,322.0,Peace Now
120,1986,343.0,,343.0,Peace Now
120,1987,411.0,,411.0,Peace Now
120,1988,444.0,,444.0,Peace Now
120,1989,506.0,,506.0,Peace Now
120,1990,536.0,,536.0,Peace Now
120,1991,673.0,,673.0,Peace Now
120,1992,727.0,,727.0,Peace Now
120,1993,751.0,,751.0,Peace Now
120,1994,778.0,,778.0,Peace Now
120,1995,864.0,,864.0,Peace Now
120,1996,867.0,867.0,867.0,Peace Now
120,1997,910.0,910.0,910.0,Peace Now
120,1998,994.0,1000.0,994.0,Peace Now
120,1999,1030.0,1031.0,1030.0,Peace Now
120,2000,1090.0,1090.0,1090.0,Peace Now
120,2001,1070.0,1070.0,1070.0,Peace Now
120,2002,1180.0,1180.0,1180.0,Peace Now
120,2003,1278.0,1278.0,1278.0,Peace Now
120,2004,1388.0,1388.0,1388.0,Peace Now
120,2005,1464.0,1464.0,1464.0,Peace Now
120,2006,1489.0,1489.0,1489.0,Peace Now
120,2007,1545.0,1545.0,1545.0,Peace Now
120,2008,1623.0,1623.0,1623.0,Peace Now
120,2009,1563.0,1563.0,1563.0,Peace Now
120,2010,1658.0,1658.0,1658.0,Peace Now
120,2011,1693.0,1693.0,1693.0,Peace Now
120,2012,1728.0,1728.0,1728.0,Peace Now
120,2013,1775.0,1775.0,1775.0,Peace Now
120,2014,1904.0,1900.0,1904.0,Peace Now
120,2015,1902.0,1902.0,1902.0,Peace Now
120,2016,1847.0,1847.0,1847.0,Peace Now
120,2017,1848.0,1848.0,1848.0,Peace Now
120,2018,1903.0,,1903.0,Peace Now
120,2019,1881.0,,1881.0,Peace Now
120,2020,2037.0,,2037.0,Peace Now
120,2021,2077.0,,2077.0,Peace Now
120,2022,2086.0,,2086.0,Peace Now
120,2023,2208.0,,2208.0,Peace Now
120,2024,2155.0,,2155.0,Peace Now
121,1969,0.0,,0.0,Peace Now
121,1970,0.0,,0.0,Peace Now
121,1971,0.0,,0.0,Peace Now
121,1972,0.0,,0.0,Peace Now
121,1973,0.0,,0.0,Peace Now
121,1974,0.0,,0.0,Peace Now
121,1982,0.0,,0.0,Peace Now
121,1983,191.0,,191.0,Peace Now
121,1985,232.0,,232.0,Peace Now
121,1986,242.0,,242.0,Peace Now
121,1987,246.0,,246.0,Peace Now
121,1988,274.0,,274.0,Peace Now
121,1989,286.0,,286.0,Peace Now
121,1990,295.0,,295.0,Peace Now
121,1991,295.0,,295.0,Peace Now
121,1992,292.0,,292.0,Peace Now
121,1993,309.0,,309.0,Peace Now
121,1994,311.0,,311.0,Peace Now
121,1995,315.0,,315.0,Peace Now
121,1996,233.0,233.0,233.0,Peace Now
121,1997,238.0,238.0,238.0,Peace Now
121,1998,224.0,200.0,224.0,Peace Now
121,1999,228.0,228.0,228.0,Peace Now
121,2000,224.0,224.0,224.0,Peace Now
121,2001,220.0,220.0,220.0,Peace Now
121,2002,216.0,216.0,216.0,Peace Now
121,2003,213.0,213.0,213.0,Peace Now
121,2004,215.0,215.0,215.0,Peace Now
121,2005,215.0,215.0,215.0,Peace Now
121,2006,214.0,214.0,214.0,Peace Now
121,2007,217.0,217.0,217.0,Peace Now
121,2008,211.0,211.0,211.0,Peace Now
121,2009,205.0,205.0,205.0,Peace Now
121,2010,214.0,214.0,214.0,Peace Now
121,2011,209.0,209.0,209.0,Peace Now
121,2012,216.0,216.0,216.0,Peace Now
121,2013,223.0,223.0,223.0,Peace Now
121,2014,244.0,240.0,244.0,Peace Now
121,2015,250.0,250.0,250.0,Peace Now
121,2016,257.0,257.0,257.0,Peace Now
121,2017,262.0,262.0,262.0,Peace Now
121,2018,283.0,,283.0,Peace Now
121,2019,304.0,,304.0,Peace Now
121,2020,322.0,,322.0,Peace Now
121,2021,361.0,,361.0,Peace Now
121,2022,371.0,,371.0,Peace Now
121,2023,534.0,,534.0,Peace Now
121,2024,393.0,,393.0,Peace Now
122,1969,0.0,,0.0,Peace Now
122,1970,0.0,,0.0,Peace Now
122,1971,0.0,,0.0,Peace Now
122,1972,0.0,,0.0,Peace Now
122,1973,0.0,,0.0,Peace Now
122,1974,0.0,,0.0,Peace Now
122,1975,0.0,,0.0,Peace Now
122,1976,0.0,,0.0,Peace Now
122,1977,0.0,,0.0,Peace Now
122,1978,0.0,,0.0,Peace Now
122,1979,0.0,,0.0,Peace Now
122,1982,0.0,,0.0,Peace Now
122,1983,0.0,,0.0,Peace Now
122,1985,0.0,,0.0,Peace Now
122,1986,0.0,,0.0,Peace Now
122,1987,0.0,,0.0,Peace Now
122,1988,0.0,,0.0,Peace Now
122,1989,0.0,,0.0,Peace Now
122,1990,0.0,,0.0,Peace Now
122,1991,0.0,,0.0,Peace Now
122,1992,0.0,,0.0,Peace Now
122,1993,474.0,,474.0,Peace Now
122,1994,542.0,,542.0,Peace Now
122,1995,566.0,,566.0,Peace Now
122,1996,693.0,693.0,693.0,Peace Now
122,1997,731.0,731.0,731.0,Peace Now
122,1998,759.0,800.0,759.0,Peace Now
122,1999,794.0,794.0,794.0,Peace Now
122,2000,857.0,857.0,857.0,Peace Now
122,2001,890.0,890.0,890.0,Peace Now
122,2002,997.0,997.0,997.0,Peace Now
122,2003,1040.0,1040.0,1040.0,Peace Now
122,2004,1048.0,1048.0,1048.0,Peace Now
122,2005,1043.0,1043.0,1043.0,Peace Now
122,2006,1082.0,1082.0,1082.0,Peace Now
122,2007,1143.0,1143.0,1143.0,Peace Now
122,2008,1181.0,1181.0,1181.0,Peace Now
122,2009,1129.0,1129.0,1129.0,Peace Now
122,2010,1251.0,1251.0,1251.0,Peace Now
122,2011,1338.0,1338.0,1338.0,Peace Now
122,2012,1484.0,1484.0,1484.0,Peace Now
122,2013,1622.0,1622.0,1622.0,Peace Now
122,2014,1815.0,1820.0,1815.0,Peace Now
122,2015,1976.0,1976.0,1976.0,Peace Now
122,2016,2087.0,2087.0,2087.0,Peace Now
122,2017,2188.0,2188.0,2188.0,Peace Now
122,2018,2369.0,,2369.0,Peace Now
122,2019,2406.0,,2406.0,Peace Now
122,2020,2433.0,,2433.0,Peace Now
122,2021,2489.0,,2489.0,Peace Now
122,2022,2553.0,,2553.0,Peace Now
122,2023,2568.0,,2568.0,Peace Now
122,2024,2700.0,,2700.0,Peace Now
123,1969,0.0,,0.0,Peace Now
123,1970,0.0,,0.0,Peace Now
123,1971,0.0,,0.0,Peace Now
123,1972,0.0,,0.0,Peace Now
123,1973,0.0,,0.0,Peace Now
123,1974,0.0,,0.0,Peace Now
123,1975,0.0,,0.0,Peace Now
123,1976,0.0,,0.0,Peace Now
123,1982,810.0,,810.0,Peace Now
123,1983,811.0,,811.0,Peace Now
123,1985,1110.0,,1110.0,Peace Now
123,1986,1240.0,,1240.0,Peace Now
123,1987,1390.0,,1390.0,Peace Now
123,1988,1490.0,,1490.0,Peace Now
123,1989,1570.0,,1570.0,Peace Now
123,1990,1680.0,,1680.0,Peace Now
123,1991,1850.0,,1850.0,Peace Now
123,1992,1970.0,,1970.0,Peace Now
123,1993,2050.0,,2050.0,Peace Now
123,1994,2130.0,,2130.0,Peace Now
123,1995,2200.0,,2200.0,Peace Now
123,1996,2150.0,2150.0,2150.0,Peace Now
123,1997,2330.0,2330.0,2330.0,Peace Now
123,1998,2400.0,2400.0,2400.0,Peace Now
123,1999,2540.0,2541.0,2540.0,Peace Now
123,2000,2660.0,2660.0,2660.0,Peace Now
123,2001,2740.0,2740.0,2740.0,Peace Now
123,2002,2800.0,2800.0,2800.0,Peace Now
123,2003,2934.0,2934.0,2934.0,Peace Now
123,2004,3010.0,3010.0,3010.0,Peace Now
123,2005,3087.0,3087.0,3087.0,Peace Now
123,2006,3208.0,3208.0,3208.0,Peace Now
123,2007,3382.0,3382.0,3382.0,Peace Now
123,2008,3463.0,3463.0,3463.0,Peace Now
123,2009,3774.0,3774.0,3774.0,Peace Now
123,2010,3877.0,3877.0,3877.0,Peace Now
123,2011,3904.0,3904.0,3904.0,Peace Now
123,2012,4124.0,4124.0,4124.0,Peace Now
123,2013,4174.0,4174.0,4174.0,Peace Now
123,2014,4187.0,4190.0,4187.0,Peace Now
123,2015,4338.0,4338.0,4338.0,Peace Now
123,2016,4323.0,4323.0,4323.0,Peace Now
123,2017,4481.0,4481.0,4481.0,Peace Now
123,2018,4596.0,,4596.0,Peace Now
123,2019,4545.0,,4545.0,Peace Now
123,2020,4586.0,,4586.0,Peace Now
123,2021,4590.0,,4590.0,Peace Now
123,2022,4548.0,,4548.0,Peace Now
123,2023,4539.0,,4539.0,Peace Now
123,2024,4600.0,,4600.0,Peace Now
124,1969,0.0,,0.0,Peace Now
124,1970,0.0,,0.0,Peace Now
124,1971,0.0,,0.0,Peace Now
124,1972,0.0,,0.0,Peace Now
124,1973,0.0,,0.0,Peace Now
124,1974,0.0,,0.0,Peace Now
124,1975,0.0,,0.0,Peace Now
124,1976,0.0,,0.0,Peace Now
124,1977,0.0,,0.0,Peace Now
124,1978,0.0,,0.0,Peace Now
124,1979,0.0,,0.0,Peace Now
124,1982,0.0,,0.0,Peace Now
124,1983,0.0,,0.0,Peace Now
124,1985,0.0,,0.0,Peace Now
124,1986,0.0,,0.0,Peace Now
124,1987,0.0,,0.0,Peace Now
124,1988,0.0,,0.0,Peace Now
124,1989,0.0,,0.0,Peace Now
124,1990,0.0,,0.0,Peace Now
124,1991,0.0,,0.0,Peace Now
124,1992,0.0,,0.0,Peace Now
124,1993,185.0,,185.0,Peace Now
124,1994,198.0,,198.0,Peace Now
124,1995,220.0,,220.0,Peace Now
124,1996,292.0,292.0,292.0,Peace Now
124,1997,319.0,319.0,319.0,Peace Now
124,1998,371.0,400.0,371.0,Peace Now
124,1999,393.0,393.0,393.0,Peace Now
124,2000,447.0,447.0,447.0,Peace Now
124,2001,538.0,528.0,538.0,Peace Now
124,2002,585.0,585.0,585.0,Peace Now
124,2003,624.0,624.0,624.0,Peace Now
124,2004,658.0,658.0,658.0,Peace Now
124,2005,728.0,728.0,728.0,Peace Now
124,2006,782.0,782.0,782.0,Peace Now
124,2007,801.0,801.0,801.0,Peace Now
124,2008,852.0,852.0,852.0,Peace Now
124,2009,960.0,960.0,960.0,Peace Now
124,2010,1028.0,1028.0,1028.0,Peace Now
124,2011,1138.0,1138.0,1138.0,Peace Now
124,2012,1246.0,1246.0,1246.0,Peace Now
124,2013,1294.0,1294.0,1294.0,Peace Now
124,2014,1384.0,1380.0,1384.0,Peace Now
124,2015,1490.0,1490.0,1490.0,Peace Now
124,2016,1555.0,1555.0,1555.0,Peace Now
124,2017,1590.0,1590.0,1590.0,Peace Now
124,2018,1565.0,,1565.0,Peace Now
124,2019,1599.0,,1599.0,Peace Now
124,2020,1619.0,,1619.0,Peace Now
124,2021,1617.0,,1617.0,Peace Now
124,2022,1649.0,,1649.0,Peace Now
124,2023,1535.0,,1535.0,Peace Now
124,2024,1624.0,,1624.0,Peace Now
125,1982,0.0,,0.0,Peace Now
125,1983,102.0,,102.0,Peace Now
125,1985,0.0,,0.0,Peace Now
125,1986,0.0,,0.0,Peace Now
125,1987,0.0,,0.0,Peace Now
125,1988,0.0,,0.0,Peace Now
125,1989,0.0,,0.0,Peace Now
125,1990,245.0,,245.0,Peace Now
125,1991,242.0,,242.0,Peace Now
125,1992,222.0,,222.0,Peace Now
125,1993,228.0,,228.0,Peace Now
125,1994,247.0,,247.0,Peace Now
125,1995,256.0,,256.0,Peace Now
125,1996,248.0,248.0,248.0,Peace Now
125,1997,265.0,265.0,265.0,Peace Now
125,1998,256.0,300.0,256.0,Peace Now
125,1999,262.0,262.0,262.0,Peace Now
125,2000,260.0,260.0,260.0,Peace Now
125,2001,264.0,264.0,264.0,Peace Now
125,2002,257.0,257.0,257.0,Peace Now
125,2003,260.0,260.0,260.0,Peace Now
125,2004,260.0,260.0,260.0,Peace Now
125,2005,271.0,271.0,271.0,Peace Now
125,2006,266.0,266.0,266.0,Peace Now
125,2007,274.0,274.0,274.0,Peace Now
125,2008,281.0,281.0,281.0,Peace Now
125,2009,300.0,300.0,300.0,Peace Now
125,2010,306.0,306.0,306.0,Peace Now
125,2011,324.0,328.0,324.0,Peace Now
125,2012,360.0,360.0,360.0,Peace Now
125,2013,374.0,374.0,374.0,Peace Now
125,2014,390.0,390.0,390.0,Peace Now
125,2015,394.0,394.0,394.0,Peace Now
125,2016,386.0,386.0,386.0,Peace Now
125,2017,399.0,399.0,399.0,Peace Now
125,2018,416.0,,416.0,Peace Now
125,2019,437.0,,437.0,Peace Now
125,2020,464.0,,464.0,Peace Now
125,2021,489.0,,489.0,Peace Now
125,2022,490.0,,490.0,Peace Now
125,2023,550.0,,550.0,Peace Now
125,2024,514.0,,514.0,Peace Now
126,1969,0.0,,0.0,Peace Now
126,1970,0.0,,0.0,Peace Now
126,1971,0.0,,0.0,Peace Now
126,1980,3000.0,,3000.0,Peace Now
126,1981,3100.0,,3100.0,Peace Now
126,1982,3340.0,,3340.0,Peace Now
126,1983,2867.0,,2867.0,Peace Now
126,1985,3670.0,,3670.0,Peace Now
126,1986,3600.0,,3600.0,Peace Now
126,1987,3700.0,,3700.0,Peace Now
126,1988,3750.0,,3750.0,Peace Now
126,1989,3870.0,,3870.0,Peace Now
126,1990,4290.0,,4290.0,Peace Now
126,1991,4670.0,,4670.0,Peace Now
126,1992,4910.0,,4910.0,Peace Now
126,1993,5070.0,,5070.0,Peace Now
126,1994,5120.0,,5120.0,Peace Now
126,1995,5220.0,,5220.0,Peace Now
126,1996,5810.0,5810.0,5810.0,Peace Now
126,1997,6030.0,6030.0,6030.0,Peace Now
126,1998,6190.0,6200.0,6190.0,Peace Now
126,1999,6240.0,6243.0,6240.0,Peace Now
126,2000,6380.0,6380.0,6380.0,Peace Now
126,2001,6440.0,6440.0,6440.0,Peace Now
126,2002,6580.0,6580.0,6580.0,Peace Now
126,2003,6605.0,6605.0,6605.0,Peace Now
126,2004,6651.0,6651.0,6651.0,Peace Now
126,2005,6819.0,6819.0,6819.0,Peace Now
126,2006,6958.0,6958.0,6958.0,Peace Now
126,2007,7039.0,7039.0,7039.0,Peace Now
126,2008,7226.0,7226.0,7226.0,Peace Now
126,2009,7096.0,7096.0,7096.0,Peace Now
126,2010,7248.0,7248.0,7248.0,Peace Now
126,2011,7433.0,7433.0,7433.0,Peace Now
126,2012,7593.0,7593.0,7593.0,Peace Now
126,2013,7166.0,7166.0,7166.0,Peace Now
126,2014,6951.0,6950.0,6951.0,Peace Now
126,2015,7109.0,7108.0,7109.0,Peace Now
126,2016,7272.0,7272.0,7272.0,Peace Now
126,2017,7339.0,7339.0,7339.0,Peace Now
126,2018,7323.0,,7323.0,Peace Now
126,2019,7326.0,,7326.0,Peace Now
126,2020,7338.0,,7338.0,Peace Now
126,2021,7498.0,,7498.0,Peace Now
126,2022,7490.0,,7490.0,Peace Now
126,2023,7572.0,,7572.0,Peace Now
126,2024,7601.0,,7601.0,Peace Now
127,1969,0.0,,0.0,Peace Now
127,1970,0.0,,0.0,Peace Now
127,1971,0.0,,0.0,Peace Now
127,1972,0.0,,0.0,Peace Now
127,1973,0.0,,0.0,Peace Now
127,1974,0.0,,0.0,Peace Now
127,1975,0.0,,0.0,Peace Now
127,1976,0.0,,0.0,Peace Now
127,1977,0.0,,0.0,Peace Now
127,1978,0.0,,0.0,Peace Now
127,1979,0.0,,0.0,Peace Now
127,1982,0.0,,0.0,Peace Now
127,1983,0.0,,0.0,Peace Now
127,1985,0.0,,0.0,Peace Now
127,1986,0.0,,0.0,Peace Now
127,1987,0.0,,0.0,Peace Now
127,1988,0.0,,0.0,Peace Now
127,1989,0.0,,0.0,Peace Now
127,1990,0.0,,0.0,Peace Now
127,1991,0.0,,0.0,Peace Now
127,1992,0.0,,0.0,Peace Now
127,1993,194.0,,194.0,Peace Now
127,1994,159.0,,159.0,Peace Now
127,1995,157.0,,157.0,Peace Now
127,1996,179.0,179.0,179.0,Peace Now
127,1997,190.0,190.0,190.0,Peace Now
127,1998,224.0,200.0,224.0,Peace Now
127,1999,240.0,240.0,240.0,Peace Now
127,2000,299.0,299.0,299.0,Peace Now
127,2001,306.0,306.0,306.0,Peace Now
127,2002,344.0,344.0,344.0,Peace Now
127,2003,384.0,384.0,384.0,Peace Now
127,2004,419.0,419.0,419.0,Peace Now
127,2005,438.0,438.0,438.0,Peace Now
127,2006,472.0,472.0,472.0,Peace Now
127,2007,479.0,479.0,479.0,Peace Now
127,2008,545.0,545.0,545.0,Peace Now
127,2009,634.0,634.0,634.0,Peace Now
127,2010,690.0,690.0,690.0,Peace Now
127,2011,744.0,744.0,744.0,Peace Now
127,2012,749.0,749.0,749.0,Peace Now
127,2013,758.0,758.0,758.0,Peace Now
127,2014,824.0,820.0,824.0,Peace Now
127,2015,865.0,865.0,865.0,Peace Now
127,2016,910.0,910.0,910.0,Peace Now
127,2017,929.0,929.0,929.0,Peace Now
127,2018,937.0,,937.0,Peace Now
127,2019,958.0,,958.0,Peace Now
127,2020,964.0,,964.0,Peace Now
127,2021,991.0,,991.0,Peace Now
127,2022,1009.0,,1009.0,Peace Now
127,2023,880.0,,880.0,Peace Now
127,2024,999.0,,999.0,Peace Now
128,1969,0.0,,0.0,Peace Now
128,1970,0.0,,0.0,Peace Now
128,1971,0.0,,0.0,Peace Now
128,1972,0.0,,0.0,Peace Now
128,1973,0.0,,0.0,Peace Now
128,1974,0.0,,0.0,Peace Now
128,1975,0.0,,0.0,Peace Now
128,1976,0.0,,0.0,Peace Now
128,1977,0.0,,0.0,Peace Now
128,1982,605.0,,605.0,Peace Now
128,1983,636.0,,636.0,Peace Now
128,1985,1490.0,,1490.0,Peace Now
128,1986,1970.0,,1970.0,Peace Now
128,1987,2610.0,,2610.0,Peace Now
128,1988,2930.0,,2930.0,Peace Now
128,1989,3240.0,,3240.0,Peace Now
128,1990,3520.0,,3520.0,Peace Now
128,1991,3770.0,,3770.0,Peace Now
128,1992,4100.0,,4100.0,Peace Now
128,1993,4330.0,,4330.0,Peace Now
128,1994,4820.0,,4820.0,Peace Now
128,1995,5040.0,,5040.0,Peace Now
128,1996,5000.0,5000.0,5000.0,Peace Now
128,1997,5290.0,5290.0,5290.0,Peace Now
128,1998,5370.0,5400.0,5370.0,Peace Now
128,1999,5590.0,5585.0,5590.0,Peace Now
128,2000,5890.0,5890.0,5890.0,Peace Now
128,2001,6040.0,6040.0,6040.0,Peace Now
128,2002,6100.0,6100.0,6100.0,Peace Now
128,2003,6093.0,6093.0,6093.0,Peace Now
128,2004,6170.0,6170.0,6170.0,Peace Now
128,2005,6280.0,6280.0,6280.0,Peace Now
128,2006,6333.0,6333.0,6333.0,Peace Now
128,2007,6439.0,6439.0,6439.0,Peace Now
128,2008,6559.0,6559.0,6559.0,Peace Now
128,2009,6210.0,6210.0,6210.0,Peace Now
128,2010,6284.0,6284.0,6284.0,Peace Now
128,2011,6449.0,6449.0,6449.0,Peace Now
128,2012,6570.0,6570.0,6570.0,Peace Now
128,2013,6560.0,6560.0,6560.0,Peace Now
128,2014,6650.0,6650.0,6650.0,Peace Now
128,2015,6905.0,6905.0,6905.0,Peace Now
128,2016,7102.0,7102.0,7102.0,Peace Now
128,2017,7369.0,7369.0,7369.0,Peace Now
128,2018,7713.0,,7713.0,Peace Now
128,2019,8135.0,,8135.0,Peace Now
128,2020,9417.0,,9417.0,Peace Now
128,2021,9662.0,,9662.0,Peace Now
128,2022,9920.0,,9920.0,Peace Now
128,2023,10354.0,,10354.0,Peace Now
128,2024,10179.0,,10179.0,Peace Now
129,1982,0.0,,0.0,Peace Now
129,1983,210.0,,210.0,Peace Now
129,1985,235.0,,235.0,Peace Now
129,1986,232.0,,232.0,Peace Now
129,1987,248.0,,248.0,Peace Now
129,1988,261.0,,261.0,Peace Now
129,1989,279.0,,279.0,Peace Now
129,1990,269.0,,269.0,Peace Now
129,1991,246.0,,246.0,Peace Now
129,1992,232.0,,232.0,Peace Now
129,1993,245.0,,245.0,Peace Now
129,1994,269.0,,269.0,Peace Now
129,1995,269.0,,269.0,Peace Now
129,1996,251.0,251.0,251.0,Peace Now
129,1997,292.0,292.0,292.0,Peace Now
129,1998,299.0,300.0,299.0,Peace Now
129,1999,290.0,290.0,290.0,Peace Now
129,2000,265.0,265.0,265.0,Peace Now
129,2001,244.0,244.0,244.0,Peace Now
129,2002,247.0,247.0,247.0,Peace Now
129,2003,263.0,263.0,263.0,Peace Now
129,2004,298.0,298.0,298.0,Peace Now
129,2005,364.0,364.0,364.0,Peace Now
129,2006,422.0,422.0,422.0,Peace Now
129,2007,470.0,470.0,470.0,Peace Now
129,2008,550.0,550.0,550.0,Peace Now
129,2009,555.0,555.0,555.0,Peace Now
129,2010,606.0,606.0,606.0,Peace Now
129,2011,730.0,730.0,730.0,Peace Now
129,2012,855.0,855.0,855.0,Peace Now
129,2013,908.0,908.0,908.0,Peace Now
129,2014,910.0,910.0,910.0,Peace Now
129,2015,915.0,915.0,915.0,Peace Now
129,2016,934.0,934.0,934.0,Peace Now
129,2017,934.0,934.0,934.0,Peace Now
129,2018,926.0,,926.0,Peace Now
129,2019,933.0,,933.0,Peace Now
129,2020,947.0,,947.0,Peace Now
129,2021,948.0,,948.0,Peace Now
129,2022,978.0,,978.0,Peace Now
129,2023,1115.0,,1115.0,Peace Now
129,2024,1056.0,,1056.0,Peace Now
130,1969,0.0,,0.0,Peace Now
130,1970,0.0,,0.0,Peace Now
130,1971,0.0,,0.0,Peace Now
130,1972,0.0,,0.0,Peace Now
130,1973,0.0,,0.0,Peace Now
130,1974,0.0,,0.0,Peace Now
130,1975,0.0,,0.0,Peace Now
130,1976,0.0,,0.0,Peace Now
130,1977,0.0,,0.0,Peace Now
130,1978,0.0,,0.0,Peace Now
130,1979,0.0,,0.0,Peace Now
130,1982,0.0,,0.0,Peace Now
130,1983,0.0,,0.0,Peace Now
130,1985,0.0,,0.0,Peace Now
130,1986,0.0,,0.0,Peace Now
130,1987,0.0,,0.0,Peace Now
130,1988,0.0,,0.0,Peace Now
130,1989,0.0,,0.0,Peace Now
130,1990,0.0,,0.0,Peace Now
130,1991,0.0,,0.0,Peace Now
130,1992,0.0,,0.0,Peace Now
130,1993,0.0,,0.0,Peace Now
130,1994,108.0,,108.0,Peace Now
130,1995,145.0,,145.0,Peace Now
130,1996,221.0,221.0,221.0,Peace Now
130,1997,282.0,282.0,282.0,Peace Now
130,1998,332.0,300.0,332.0,Peace Now
130,1999,389.0,389.0,389.0,Peace Now
130,2000,504.0,504.0,504.0,Peace Now
130,2001,552.0,552.0,552.0,Peace Now
130,2002,633.0,633.0,633.0,Peace Now
130,2003,703.0,703.0,703.0,Peace Now
130,2004,738.0,738.0,738.0,Peace Now
130,2005,827.0,827.0,827.0,Peace Now
130,2006,909.0,909.0,909.0,Peace Now
130,2007,989.0,989.0,989.0,Peace Now
130,2008,1075.0,1075.0,1075.0,Peace Now
130,2009,1113.0,1113.0,1113.0,Peace Now
130,2010,1262.0,1262.0,1262.0,Peace Now
130,2011,1395.0,1395.0,1395.0,Peace Now
130,2012,1545.0,1545.0,1545.0,Peace Now
130,2013,1682.0,1682.0,1682.0,Peace Now
130,2014,1805.0,1810.0,1805.0,Peace Now
130,2015,1974.0,1974.0,1974.0,Peace Now
130,2016,2181.0,2181.0,2181.0,Peace Now
130,2017,2389.0,2389.0,2389.0,Peace Now
130,2018,2466.0,,2466.0,Peace Now
130,2019,2632.0,,2632.0,Peace Now
130,2020,2786.0,,2786.0,Peace Now
130,2021,2908.0,,2908.0,Peace Now
130,2022,2950.0,,2950.0,Peace Now
130,2023,3195.0,,3195.0,Peace Now
130,2024,3060.0,,3060.0,Peace Now
131,1969,0.0,,0.0,Peace Now
131,1970,0.0,,0.0,Peace Now
131,1971,0.0,,0.0,Peace Now
131,1972,0.0,,0.0,Peace Now
131,1973,0.0,,0.0,Peace Now
131,1974,0.0,,0.0,Peace Now
131,1975,0.0,,0.0,Peace Now
131,1982,0.0,,0.0,Peace Now
131,1983,102.0,,102.0,Peace Now
131,1985,0.0,,0.0,Peace Now
131,1986,0.0,,0.0,Peace Now
131,1987,0.0,,0.0,Peace Now
131,1988,0.0,,0.0,Peace Now
131,1989,0.0,,0.0,Peace Now
131,1990,0.0,,0.0,Peace Now
131,1991,0.0,,0.0,Peace Now
131,1992,0.0,,0.0,Peace Now
131,1993,152.0,,152.0,Peace Now
131,1994,158.0,,158.0,Peace Now
131,1995,163.0,,163.0,Peace Now
131,1996,115.0,115.0,115.0,Peace Now
131,1997,127.0,127.0,127.0,Peace Now
131,1998,127.0,100.0,127.0,Peace Now
131,1999,133.0,133.0,133.0,Peace Now
131,2000,141.0,141.0,141.0,Peace Now
131,2001,131.0,131.0,131.0,Peace Now
131,2002,122.0,122.0,122.0,Peace Now
131,2003,118.0,118.0,118.0,Peace Now
131,2004,115.0,115.0,115.0,Peace Now
131,2005,117.0,117.0,117.0,Peace Now
131,2006,128.0,128.0,128.0,Peace Now
131,2007,126.0,126.0,126.0,Peace Now
131,2008,122.0,122.0,122.0,Peace Now
131,2009,150.0,150.0,150.0,Peace Now
131,2010,157.0,157.0,157.0,Peace Now
131,2011,153.0,153.0,153.0,Peace Now
131,2012,154.0,154.0,154.0,Peace Now
131,2013,148.0,148.0,148.0,Peace Now
131,2014,153.0,150.0,153.0,Peace Now
131,2015,162.0,162.0,162.0,Peace Now
131,2016,165.0,165.0,165.0,Peace Now
131,2017,168.0,168.0,168.0,Peace Now
131,2018,169.0,,169.0,Peace Now
131,2019,175.0,,175.0,Peace Now
131,2020,170.0,,170.0,Peace Now
131,2021,171.0,,171.0,Peace Now
131,2022,170.0,,170.0,Peace Now
131,2023,154.0,,154.0,Peace Now
131,2024,175.0,,175.0,Peace Now
132,1969,0.0,,0.0,Peace Now
132,1970,0.0,,0.0,Peace Now
132,1971,0.0,,0.0,Peace Now
132,1972,0.0,,0.0,Peace Now
132,1973,0.0,,0.0,Peace Now
132,1974,0.0,,0.0,Peace Now
132,1975,0.0,,0.0,Peace Now
132,1976,0.0,,0.0,Peace Now
132,1977,0.0,,0.0,Peace Now
132,1978,0.0,,0.0,Peace Now
132,1979,0.0,,0.0,Peace Now
132,1982,0.0,,0.0,Peace Now
132,1985,0.0,,0.0,Peace Now
132,1986,0.0,,0.0,Peace Now
132,1987,0.0,,0.0,Peace Now
132,1988,0.0,,0.0,Peace Now
132,1989,0.0,,0.0,Peace Now
132,1990,0.0,,0.0,Peace Now
132,1991,0.0,,0.0,Peace Now
132,1992,0.0,,0.0,Peace Now
132,1993,0.0,,0.0,Peace Now
132,1994,0.0,,0.0,Peace Now
132,1995,0.0,,0.0,Peace Now
132,1996,0.0,,0.0,Peace Now
132,1997,0.0,,0.0,Peace Now
132,1998,0.0,,0.0,Peace Now
132,1999,0.0,,0.0,Peace Now
132,2000,0.0,,0.0,Peace Now
132,2001,0.0,,0.0,Peace Now
132,2002,0.0,,0.0,Peace Now
132,2003,0.0,,0.0,Peace Now
132,2004,0.0,,0.0,Peace Now
132,2005,0.0,,0.0,Peace Now
132,2006,0.0,,0.0,Peace Now
132,2007,0.0,,0.0,Peace Now
132,2012,110.0,110.0,110.0,Peace Now
132,2013,131.0,131.0,131.0,Peace Now
132,2014,157.0,160.0,157.0,Peace Now
132,2015,168.0,168.0,168.0,Peace Now
132,2016,196.0,196.0,196.0,Peace Now
132,2017,207.0,207.0,207.0,Peace Now
132,2018,212.0,,212.0,Peace Now
132,2019,228.0,,228.0,Peace Now
132,2020,242.0,,242.0,Peace Now
132,2021,262.0,,262.0,Peace Now
132,2022,275.0,,275.0,Peace Now
132,2023,311.0,,311.0,Peace Now
132,2024,289.0,,289.0,Peace Now
133,1969,0.0,,0.0,Peace Now
133,1970,0.0,,0.0,Peace Now
133,1971,0.0,,0.0,Peace Now
133,1972,0.0,,0.0,Peace Now
133,1973,0.0,,0.0,Peace Now
133,1974,0.0,,0.0,Peace Now
133,1975,0.0,,0.0,Peace Now
133,1976,0.0,,0.0,Peace Now
133,1977,0.0,,0.0,Peace Now
133,1978,0.0,,0.0,Peace Now
133,1979,0.0,,0.0,Peace Now
133,1982,0.0,,0.0,Peace Now
133,1985,0.0,,0.0,Peace Now
133,1986,0.0,,0.0,Peace Now
133,1987,0.0,,0.0,Peace Now
133,1988,0.0,,0.0,Peace Now
133,1989,0.0,,0.0,Peace Now
133,1990,0.0,,0.0,Peace Now
133,1991,0.0,,0.0,Peace Now
133,1992,0.0,,0.0,Peace Now
133,1993,0.0,,0.0,Peace Now
133,1994,0.0,,0.0,Peace Now
133,1995,0.0,,0.0,Peace Now
133,1996,0.0,,0.0,Peace Now
133,1997,0.0,,0.0,Peace Now
133,1998,0.0,,0.0,Peace Now
133,1999,0.0,,0.0,Peace Now
133,2000,0.0,,0.0,Peace Now
133,2001,0.0,,0.0,Peace Now
133,2002,0.0,,0.0,Peace Now
133,2003,0.0,,0.0,Peace Now
133,2004,0.0,,0.0,Peace Now
133,2005,0.0,,0.0,Peace Now
133,2006,0.0,,0.0,Peace Now
133,2007,0.0,,0.0,Peace Now
133,2013,414.0,414.0,414.0,Peace Now
133,2014,529.0,530.0,529.0,Peace Now
133,2015,583.0,583.0,583.0,Peace Now
133,2016,668.0,668.0,668.0,Peace Now
133,2017,747.0,747.0,747.0,Peace Now
133,2018,790.0,,790.0,Peace Now
133,2019,802.0,,802.0,Peace Now
133,2020,906.0,,906.0,Peace Now
133,2021,975.0,,975.0,Peace Now
133,2022,1062.0,,1062.0,Peace Now
133,2023,1189.0,,1189.0,Peace Now
133,2024,1175.0,,1175.0,Peace Now
134,1969,0.0,,0.0,Peace Now
134,1970,0.0,,0.0,Peace Now
134,1971,0.0,,0.0,Peace Now
134,1972,0.0,,0.0,Peace Now
134,1973,0.0,,0.0,Peace Now
134,1974,0.0,,0.0,Peace Now
134,1975,0.0,,0.0,Peace Now
134,1976,0.0,,0.0,Peace Now
134,1982,0.0,,0.0,Peace Now
134,1983,51.0,,51.0,Peace Now
134,1985,0.0,,0.0,Peace Now
134,1986,0.0,,0.0,Peace Now
134,1987,0.0,,0.0,Peace Now
134,1988,0.0,,0.0,Peace Now
134,1989,0.0,,0.0,Peace Now
134,1990,0.0,,0.0,Peace Now
134,1991,0.0,,0.0,Peace Now
134,1992,0.0,,0.0,Peace Now
134,1993,0.0,,0.0,Peace Now
134,1994,111.0,,111.0,Peace Now
134,1995,105.0,,105.0,Peace Now
134,1996,90.0,90.0,90.0,Peace Now
134,1997,103.0,103.0,103.0,Peace Now
134,1998,99.0,100.0,99.0,Peace Now
134,1999,100.0,100.0,100.0,Peace Now
134,2000,120.0,120.0,120.0,Peace Now
134,2001,125.0,125.0,125.0,Peace Now
134,2002,131.0,131.0,131.0,Peace Now
134,2003,129.0,129.0,129.0,Peace Now
134,2004,148.0,148.0,148.0,Peace Now
134,2005,150.0,150.0,150.0,Peace Now
134,2006,153.0,153.0,153.0,Peace Now
134,2007,158.0,158.0,158.0,Peace Now
134,2008,171.0,171.0,171.0,Peace Now
134,2009,164.0,164.0,164.0,Peace Now
134,2010,177.0,177.0,177.0,Peace Now
134,2011,181.0,181.0,181.0,Peace Now
134,2012,174.0,174.0,174.0,Peace Now
134,2013,185.0,185.0,185.0,Peace Now
134,2014,183.0,180.0,183.0,Peace Now
134,2015,213.0,213.0,213.0,Peace Now
134,2016,224.0,224.0,224.0,Peace Now
134,2017,265.0,265.0,265.0,Peace Now
134,2018,308.0,,308.0,Peace Now
134,2019,329.0,,329.0,Peace Now
134,2020,352.0,,352.0,Peace Now
134,2021,384.0,,384.0,Peace Now
134,2022,408.0,,408.0,Peace Now
134,2023,499.0,,499.0,Peace Now
134,2024,445.0,,445.0,Peace Now
135,1969,0.0,,0.0,Peace Now
135,1970,0.0,,0.0,Peace Now
135,1971,0.0,,0.0,Peace Now
135,1972,0.0,,0.0,Peace Now
135,1973,0.0,,0.0,Peace Now
135,1974,0.0,,0.0,Peace Now
135,1975,0.0,,0.0,Peace Now
135,1976,0.0,,0.0,Peace Now
135,1982,0.0,,0.0,Peace Now
135,1983,86.0,,86.0,Peace Now
135,1985,0.0,,0.0,Peace Now
135,1986,0.0,,0.0,Peace Now
135,1987,0.0,,0.0,Peace Now
135,1988,0.0,,0.0,Peace Now
135,1989,0.0,,0.0,Peace Now
135,1990,0.0,,0.0,Peace Now
135,1991,0.0,,0.0,Peace Now
135,1992,361.0,,361.0,Peace Now
135,1993,399.0,,399.0,Peace Now
135,1994,406.0,,406.0,Peace Now
135,1995,426.0,,426.0,Peace Now
135,1996,389.0,389.0,389.0,Peace Now
135,1997,390.0,390.0,390.0,Peace Now
135,1998,434.0,400.0,434.0,Peace Now
135,1999,474.0,474.0,474.0,Peace Now
135,2000,499.0,499.0,499.0,Peace Now
135,2001,725.0,510.0,725.0,Peace Now
135,2002,509.0,509.0,509.0,Peace Now
135,2003,512.0,512.0,512.0,Peace Now
135,2004,536.0,536.0,536.0,Peace Now
135,2005,561.0,561.0,561.0,Peace Now
135,2006,565.0,565.0,565.0,Peace Now
135,2007,619.0,619.0,619.0,Peace Now
135,2008,602.0,602.0,602.0,Peace Now
135,2009,616.0,616.0,616.0,Peace Now
135,2010,632.0,632.0,632.0,Peace Now
135,2011,566.0,566.0,566.0,Peace Now
135,2012,572.0,572.0,572.0,Peace Now
135,2013,544.0,544.0,544.0,Peace Now
135,2014,564.0,560.0,564.0,Peace Now
135,2015,598.0,598.0,598.0,Peace Now
135,2016,625.0,625.0,625.0,Peace Now
135,2017,675.0,675.0,675.0,Peace Now
135,2018,687.0,,687.0,Peace Now
135,2019,700.0,,700.0,Peace Now
135,2020,698.0,,698.0,Peace Now
135,2021,715.0,,715.0,Peace Now
135,2022,707.0,,707.0,Peace Now
135,2023,707.0,,707.0,Peace Now
135,2024,688.0,,688.0,Peace Now
136,1969,0.0,,0.0,Peace Now
136,1970,0.0,,0.0,Peace Now
136,1971,0.0,,0.0,Peace Now
136,1972,0.0,,0.0,Peace Now
136,1973,0.0,,0.0,Peace Now
136,1974,0.0,,0.0,Peace Now
136,1975,0.0,,0.0,Peace Now
136,1976,0.0,,0.0,Peace Now
136,1977,0.0,,0.0,Peace Now
136,1978,0.0,,0.0,Peace Now
136,1979,0.0,,0.0,Peace Now
137,1969,0.0,,0.0,Peace Now
137,1970,0.0,,0.0,Peace Now
137,1971,0.0,,0.0,Peace Now
137,1972,0.0,,0.0,Peace Now
137,1973,0.0,,0.0,Peace Now
137,1974,0.0,,0.0,Peace Now
137,1975,0.0,,0.0,Peace Now
137,1976,0.0,,0.0,Peace Now
137,1982,220.0,,220.0,Peace Now
137,1983,267.0,,267.0,Peace Now
137,1985,341.0,,341.0,Peace Now
137,1986,361.0,,361.0,Peace Now
137,1987,385.0,,385.0,Peace Now
137,1988,402.0,,402.0,Peace Now
137,1989,419.0,,419.0,Peace Now
137,1990,476.0,,476.0,Peace Now
137,1991,536.0,,536.0,Peace Now
137,1992,559.0,,559.0,Peace Now
137,1993,613.0,,613.0,Peace Now
137,1994,606.0,,606.0,Peace Now
137,1995,619.0,,619.0,Peace Now
137,1996,574.0,574.0,574.0,Peace Now
137,1997,592.0,592.0,592.0,Peace Now
137,1998,592.0,600.0,592.0,Peace Now
137,1999,569.0,569.0,569.0,Peace Now
137,2000,573.0,573.0,573.0,Peace Now
137,2001,525.0,525.0,525.0,Peace Now
137,2002,563.0,563.0,563.0,Peace Now
137,2003,604.0,604.0,604.0,Peace Now
137,2004,539.0,539.0,539.0,Peace Now
137,2005,606.0,606.0,606.0,Peace Now
137,2006,631.0,631.0,631.0,Peace Now
137,2007,650.0,650.0,650.0,Peace Now
137,2008,692.0,692.0,692.0,Peace Now
137,2009,712.0,712.0,712.0,Peace Now
137,2010,688.0,688.0,688.0,Peace Now
137,2011,728.0,728.0,728.0,Peace Now
137,2012,745.0,745.0,745.0,Peace Now
137,2013,784.0,784.0,784.0,Peace Now
137,2014,863.0,860.0,863.0,Peace Now
137,2015,879.0,879.0,879.0,Peace Now
137,2016,897.0,897.0,897.0,Peace Now
137,2017,900.0,900.0,900.0,Peace Now
137,2018,929.0,,929.0,Peace Now
137,2019,977.0,,977.0,Peace Now
137,2020,1031.0,,1031.0,Peace Now
137,2021,1050.0,,1050.0,Peace Now
137,2022,1083.0,,1083.0,Peace Now
137,2023,1110.0,,1110.0,Peace Now
137,2024,1112.0,,1112.0,Peace Now
138,1969,0.0,,0.0,Peace Now
138,1970,0.0,,0.0,Peace Now
138,1971,0.0,,0.0,Peace Now
138,1972,0.0,,0.0,Peace Now
138,1973,0.0,,0.0,Peace Now
138,1974,0.0,,0.0,Peace Now
138,1975,0.0,,0.0,Peace Now
138,1976,0.0,,0.0,Peace Now
138,1977,0.0,,0.0,Peace Now
138,1978,0.0,,0.0,Peace Now
138,1982,0.0,,0.0,Peace Now
138,1983,0.0,,0.0,Peace Now
138,1985,0.0,,0.0,Peace Now
138,1986,0.0,,0.0,Peace Now
138,1987,0.0,,0.0,Peace Now
138,1988,0.0,,0.0,Peace Now
138,1989,0.0,,0.0,Peace Now
138,1990,0.0,,0.0,Peace Now
138,1991,0.0,,0.0,Peace Now
138,1992,230.0,,230.0,Peace Now
138,1993,252.0,,252.0,Peace Now
138,1994,258.0,,258.0,Peace Now
138,1995,279.0,,279.0,Peace Now
138,1996,330.0,330.0,330.0,Peace Now
138,1997,348.0,348.0,348.0,Peace Now
138,1998,370.0,400.0,370.0,Peace Now
138,1999,400.0,400.0,400.0,Peace Now
138,2000,399.0,399.0,399.0,Peace Now
138,2001,449.0,449.0,449.0,Peace Now
138,2002,487.0,487.0,487.0,Peace Now
138,2003,507.0,507.0,507.0,Peace Now
138,2004,517.0,517.0,517.0,Peace Now
138,2005,516.0,516.0,516.0,Peace Now
138,2006,536.0,636.0,536.0,Peace Now
138,2007,542.0,542.0,542.0,Peace Now
138,2008,538.0,538.0,538.0,Peace Now
138,2009,493.0,493.0,493.0,Peace Now
138,2010,494.0,494.0,494.0,Peace Now
138,2011,508.0,508.0,508.0,Peace Now
138,2012,512.0,512.0,512.0,Peace Now
138,2013,540.0,540.0,540.0,Peace Now
138,2014,544.0,540.0,544.0,Peace Now
138,2015,553.0,553.0,553.0,Peace Now
138,2016,608.0,608.0,608.0,Peace Now
138,2017,652.0,652.0,652.0,Peace Now
138,2018,645.0,,645.0,Peace Now
138,2019,666.0,,666.0,Peace Now
138,2020,665.0,,665.0,Peace Now
138,2021,677.0,,677.0,Peace Now
138,2022,702.0,,702.0,Peace Now
138,2023,731.0,,731.0,Peace Now
138,2024,699.0,,699.0,Peace Now
139,1969,0.0,,0.0,Peace Now
139,1970,0.0,,0.0,Peace Now
139,1971,0.0,,0.0,Peace Now
139,1972,0.0,,0.0,Peace Now
139,1973,0.0,,0.0,Peace Now
139,1974,0.0,,0.0,Peace Now
139,1975,0.0,,0.0,Peace Now
139,1976,0.0,,0.0,Peace Now
139,1977,0.0,,0.0,Peace Now
139,1978,0.0,,0.0,Peace Now
139,1982,340.0,,340.0,Peace Now
139,1983,325.0,,325.0,Peace Now
139,1985,447.0,,447.0,Peace Now
139,1986,505.0,,505.0,Peace Now
139,1987,562.0,,562.0,Peace Now
139,1988,608.0,,608.0,Peace Now
139,1989,627.0,,627.0,Peace Now
139,1990,673.0,,673.0,Peace Now
139,1991,749.0,,749.0,Peace Now
139,1992,809.0,,809.0,Peace Now
139,1993,866.0,,866.0,Peace Now
139,1994,915.0,,915.0,Peace Now
139,1995,1010.0,,1010.0,Peace Now
139,1996,1250.0,1250.0,1250.0,Peace Now
139,1997,1360.0,1360.0,1360.0,Peace Now
139,1998,1450.0,1500.0,1450.0,Peace Now
139,1999,1490.0,1490.0,1490.0,Peace Now
139,2000,1580.0,1580.0,1580.0,Peace Now
139,2001,1620.0,1620.0,1620.0,Peace Now
139,2002,1710.0,1710.0,1710.0,Peace Now
139,2003,1810.0,1810.0,1810.0,Peace Now
139,2004,1825.0,1825.0,1825.0,Peace Now
139,2005,1945.0,1945.0,1945.0,Peace Now
139,2006,2068.0,2068.0,2068.0,Peace Now
139,2007,2171.0,2171.0,2171.0,Peace Now
139,2008,2303.0,2303.0,2303.0,Peace Now
139,2009,2005.0,2005.0,2005.0,Peace Now
139,2010,2172.0,2172.0,2172.0,Peace Now
139,2011,2407.0,2407.0,2407.0,Peace Now
139,2012,2706.0,2706.0,2706.0,Peace Now
139,2013,2948.0,2948.0,2948.0,Peace Now
139,2014,3113.0,3110.0,3113.0,Peace Now
139,2015,3379.0,3379.0,3379.0,Peace Now
139,2016,3727.0,3727.0,3727.0,Peace Now
139,2017,3988.0,3988.0,3988.0,Peace Now
139,2018,4153.0,,4153.0,Peace Now
139,2019,4356.0,,4356.0,Peace Now
139,2020,4483.0,,4483.0,Peace Now
139,2021,4783.0,,4783.0,Peace Now
139,2022,5072.0,,5072.0,Peace Now
139,2023,5737.0,,5737.0,Peace Now
139,2024,5458.0,,5458.0,Peace Now
140,1969,0.0,,0.0,Peace Now
140,1970,0.0,,0.0,Peace Now
140,1971,0.0,,0.0,Peace Now
140,1972,0.0,,0.0,Peace Now
140,1973,0.0,,0.0,Peace Now
140,1974,0.0,,0.0,Peace Now
140,1975,0.0,,0.0,Peace Now
140,1976,0.0,,0.0,Peace Now
140,1977,0.0,,0.0,Peace Now
140,1978,0.0,,0.0,Peace Now
140,1979,0.0,,0.0,Peace Now
140,1982,0.0,,0.0,Peace Now
140,1983,0.0,,0.0,Peace Now
140,1985,0.0,,0.0,Peace Now
140,1986,0.0,,0.0,Peace Now
140,1987,0.0,,0.0,Peace Now
140,1988,0.0,,0.0,Peace Now
140,1989,0.0,,0.0,Peace Now
140,1990,0.0,,0.0,Peace Now
140,1991,0.0,,0.0,Peace Now
140,1992,0.0,,0.0,Peace Now
140,1993,0.0,,0.0,Peace Now
140,1994,0.0,,0.0,Peace Now
140,1995,0.0,,0.0,Peace Now
140,1996,221.0,221.0,221.0,Peace Now
140,1997,237.0,237.0,237.0,Peace Now
140,1998,273.0,300.0,273.0,Peace Now
140,1999,263.0,263.0,263.0,Peace Now
140,2000,296.0,296.0,296.0,Peace Now
140,2001,336.0,336.0,336.0,Peace Now
140,2002,340.0,340.0,340.0,Peace Now
140,2003,357.0,357.0,357.0,Peace Now
140,2004,344.0,344.0,344.0,Peace Now
140,2005,349.0,349.0,349.0,Peace Now
140,2006,368.0,368.0,368.0,Peace Now
140,2007,370.0,370.0,370.0,Peace Now
140,2008,376.0,376.0,376.0,Peace Now
140,2009,304.0,304.0,304.0,Peace Now
140,2010,316.0,316.0,316.0,Peace Now
140,2011,315.0,315.0,315.0,Peace Now
140,2012,375.0,375.0,375.0,Peace Now
140,2013,404.0,404.0,404.0,Peace Now
140,2014,475.0,470.0,475.0,Peace Now
140,2015,538.0,538.0,538.0,Peace Now
140,2016,592.0,592.0,592.0,Peace Now
140,2017,649.0,649.0,649.0,Peace Now
140,2018,714.0,,714.0,Peace Now
140,2019,741.0,,741.0,Peace Now
140,2020,812.0,,812.0,Peace Now
140,2021,886.0,,886.0,Peace Now
140,2022,938.0,,938.0,Peace Now
140,2023,1015.0,,1015.0,Peace Now
140,2024,1008.0,,1008.0,Peace Now
141,1969,0.0,,0.0,Peace Now
141,1970,0.0,,0.0,Peace Now
141,1971,0.0,,0.0,Peace Now
141,1972,0.0,,0.0,Peace Now
141,1973,0.0,,0.0,Peace Now
141,1974,0.0,,0.0,Peace Now
141,1975,0.0,,0.0,Peace Now
141,1976,0.0,,0.0,Peace Now
141,1977,0.0,,0.0,Peace Now
141,1978,0.0,,0.0,Peace Now
141,1979,0.0,,0.0,Peace Now
141,1982,0.0,,0.0,Peace Now
141,1985,0.0,,0.0,Peace Now
141,1986,0.0,,0.0,Peace Now
141,1987,0.0,,0.0,Peace Now
141,1988,0.0,,0.0,Peace Now
141,1989,0.0,,0.0,Peace Now
141,1990,0.0,,0.0,Peace Now
141,1991,0.0,,0.0,Peace Now
141,1992,0.0,,0.0,Peace Now
141,1993,0.0,,0.0,Peace Now
141,1994,0.0,,0.0,Peace Now
141,1995,0.0,,0.0,Peace Now
141,1996,0.0,,0.0,Peace Now
141,1997,0.0,,0.0,Peace Now
141,1998,0.0,,0.0,Peace Now
141,1999,0.0,,0.0,Peace Now
141,2000,0.0,,0.0,Peace Now
141,2001,0.0,,0.0,Peace Now
141,2002,0.0,,0.0,Peace Now
141,2003,0.0,,0.0,Peace Now
141,2004,0.0,,0.0,Peace Now
141,2005,0.0,,0.0,Peace Now
141,2006,0.0,,0.0,Peace Now
141,2007,0.0,,0.0,Peace Now
142,2022,8820.0,,8820.0,Peace Now
142,2023,8839.0,,8839.0,Peace Now
142,2024,9027.0,,9027.0,Peace Now
143,1969,0.0,,0.0,Peace Now
143,1970,0.0,,0.0,Peace Now
143,1971,0.0,,0.0,Peace Now
143,1972,0.0,,0.0,Peace Now
143,1973,0.0,,0.0,Peace Now
143,1974,0.0,,0.0,Peace Now
143,1975,0.0,,0.0,Peace Now
143,1976,0.0,,0.0,Peace Now
143,1977,0.0,,0.0,Peace Now
143,1978,0.0,,0.0,Peace Now
143,1979,0.0,,0.0,Peace Now
143,1982,0.0,,0.0,Peace Now
143,1983,7.0,,7.0,Peace Now
143,1985,228.0,,228.0,Peace Now
143,1986,371.0,,371.0,Peace Now
143,1987,562.0,,562.0,Peace Now
143,1988,725.0,,725.0,Peace Now
143,1989,905.0,,905.0,Peace Now
143,1990,1160.0,,1160.0,Peace Now
143,1991,1390.0,,1390.0,Peace Now
143,1992,1610.0,,1610.0,Peace Now
143,1993,1810.0,,1810.0,Peace Now
143,1994,2010.0,,2010.0,Peace Now
143,1995,2260.0,,2260.0,Peace Now
143,1996,2430.0,2430.0,2430.0,Peace Now
143,1997,2740.0,2740.0,2740.0,Peace Now
143,1998,3030.0,3000.0,3030.0,Peace Now
143,1999,3220.0,3223.0,3220.0,Peace Now
143,2000,3380.0,3380.0,3380.0,Peace Now
143,2001,3510.0,3510.0,3510.0,Peace Now
143,2002,3650.0,3650.0,3650.0,Peace Now
143,2003,3692.0,3692.0,3692.0,Peace Now
143,2004,3685.0,3685.0,3685.0,Peace Now
143,2005,3709.0,3709.0,3709.0,Peace Now
143,2006,3773.0,3773.0,3773.0,Peace Now
143,2007,3931.0,3931.0,3931.0,Peace Now
143,2008,4084.0,4084.0,4084.0,Peace Now
143,2009,4493.0,4493.0,4493.0,Peace Now
143,2010,4727.0,4727.0,4727.0,Peace Now
143,2011,4930.0,4930.0,4930.0,Peace Now
143,2012,5100.0,5100.0,5100.0,Peace Now
143,2013,5259.0,5259.0,5259.0,Peace Now
143,2014,5451.0,5450.0,5451.0,Peace Now
143,2015,5638.0,5638.0,5638.0,Peace Now
143,2016,5811.0,5811.0,5811.0,Peace Now
143,2017,5921.0,5921.0,5921.0,Peace Now
143,2018,6011.0,,6011.0,Peace Now
143,2019,6040.0,,6040.0,Peace Now
143,2020,6056.0,,6056.0,Peace Now
143,2021,6124.0,,6124.0,Peace Now
144,1969,0.0,,0.0,Peace Now
144,1970,0.0,,0.0,Peace Now
144,1971,0.0,,0.0,Peace Now
144,1972,0.0,,0.0,Peace Now
144,1973,0.0,,0.0,Peace Now
144,1974,0.0,,0.0,Peace Now
144,1975,0.0,,0.0,Peace Now
144,1976,0.0,,0.0,Peace Now
144,1977,0.0,,0.0,Peace Now
144,1978,0.0,,0.0,Peace Now
144,1979,0.0,,0.0,Peace Now
144,1982,0.0,,0.0,Peace Now
144,1983,110.0,,110.0,Peace Now
144,1985,0.0,,0.0,Peace Now
144,1986,0.0,,0.0,Peace Now
144,1987,0.0,,0.0,Peace Now
144,1988,291.0,,291.0,Peace Now
144,1989,307.0,,307.0,Peace Now
144,1990,336.0,,336.0,Peace Now
144,1991,351.0,,351.0,Peace Now
144,1992,379.0,,379.0,Peace Now
144,1993,393.0,,393.0,Peace Now
144,1994,409.0,,409.0,Peace Now
144,1995,455.0,,455.0,Peace Now
144,1996,413.0,413.0,413.0,Peace Now
144,1997,439.0,439.0,439.0,Peace Now
144,1998,447.0,400.0,447.0,Peace Now
144,1999,468.0,468.0,468.0,Peace Now
144,2000,497.0,497.0,497.0,Peace Now
144,2001,522.0,522.0,522.0,Peace Now
144,2002,539.0,539.0,539.0,Peace Now
144,2003,524.0,524.0,524.0,Peace Now
144,2004,509.0,509.0,509.0,Peace Now
144,2005,527.0,527.0,527.0,Peace Now
144,2006,536.0,536.0,536.0,Peace Now
144,2007,525.0,525.0,525.0,Peace Now
144,2008,546.0,546.0,546.0,Peace Now
144,2009,614.0,614.0,614.0,Peace Now
144,2010,661.0,661.0,661.0,Peace Now
144,2011,686.0,686.0,686.0,Peace Now
144,2012,724.0,724.0,724.0,Peace Now
144,2013,744.0,744.0,744.0,Peace Now
144,2014,779.0,780.0,779.0,Peace Now
144,2015,851.0,851.0,851.0,Peace Now
144,2016,864.0,864.0,864.0,Peace Now
144,2017,936.0,936.0,936.0,Peace Now
144,2018,972.0,,972.0,Peace Now
144,2019,961.0,,961.0,Peace Now
144,2020,1018.0,,1018.0,Peace Now
144,2021,1081.0,,1081.0,Peace Now
144,2022,1128.0,,1128.0,Peace Now
144,2023,1147.0,,1147.0,Peace Now
144,2024,1149.0,,1149.0,Peace Now
145,1969,0.0,,0.0,Peace Now
145,1970,0.0,,0.0,Peace Now
145,1971,0.0,,0.0,Peace Now
145,1972,0.0,,0.0,Peace Now
145,1973,0.0,,0.0,Peace Now
145,1974,0.0,,0.0,Peace Now
145,1975,0.0,,0.0,Peace Now
145,1976,0.0,,0.0,Peace Now
145,1977,0.0,,0.0,Peace Now
145,1982,0.0,,0.0,Peace Now
145,1983,0.0,,0.0,Peace Now
145,1985,0.0,,0.0,Peace Now
145,1986,0.0,,0.0,Peace Now
145,1987,0.0,,0.0,Peace Now
145,1988,0.0,,0.0,Peace Now
145,1989,0.0,,0.0,Peace Now
145,1990,248.0,,248.0,Peace Now
145,1991,269.0,,269.0,Peace Now
145,1992,271.0,,271.0,Peace Now
145,1993,284.0,,284.0,Peace Now
145,1994,290.0,,290.0,Peace Now
145,1995,291.0,,291.0,Peace Now
145,1996,263.0,263.0,263.0,Peace Now
145,1997,283.0,283.0,283.0,Peace Now
145,1998,298.0,300.0,298.0,Peace Now
145,1999,307.0,307.0,307.0,Peace Now
145,2000,308.0,308.0,308.0,Peace Now
145,2001,303.0,303.0,303.0,Peace Now
145,2002,303.0,303.0,303.0,Peace Now
145,2003,298.0,298.0,298.0,Peace Now
145,2004,296.0,296.0,296.0,Peace Now
145,2005,281.0,281.0,281.0,Peace Now
145,2006,282.0,252.0,282.0,Peace Now
145,2007,290.0,290.0,290.0,Peace Now
145,2008,282.0,282.0,282.0,Peace Now
145,2009,233.0,233.0,233.0,Peace Now
145,2010,234.0,234.0,234.0,Peace Now
145,2011,236.0,236.0,236.0,Peace Now
145,2012,228.0,228.0,228.0,Peace Now
145,2013,226.0,226.0,226.0,Peace Now
145,2014,232.0,230.0,232.0,Peace Now
145,2015,247.0,247.0,247.0,Peace Now
145,2016,262.0,262.0,262.0,Peace Now
145,2017,266.0,266.0,266.0,Peace Now
145,2018,283.0,,283.0,Peace Now
145,2019,276.0,,276.0,Peace Now
145,2020,287.0,,287.0,Peace Now
145,2021,302.0,,302.0,Peace Now
145,2022,310.0,,310.0,Peace Now
145,2023,420.0,,420.0,Peace Now
145,2024,321.0,,321.0,Peace Now
146,1969,0.0,,0.0,Peace Now
146,1970,0.0,,0.0,Peace Now
146,1971,0.0,,0.0,Peace Now
146,1972,0.0,,0.0,Peace Now
146,1973,0.0,,0.0,Peace Now
146,1974,0.0,,0.0,Peace Now
146,1975,0.0,,0.0,Peace Now
146,1976,0.0,,0.0,Peace Now
146,1977,0.0,,0.0,Peace Now
146,1978,0.0,,0.0,Peace Now
146,1979,0.0,,0.0,Peace Now
146,1982,0.0,,0.0,Peace Now
146,1983,0.0,,0.0,Peace Now
146,1985,0.0,,0.0,Peace Now
146,1986,0.0,,0.0,Peace Now
146,1987,0.0,,0.0,Peace Now
146,1988,0.0,,0.0,Peace Now
146,1989,0.0,,0.0,Peace Now
146,1990,0.0,,0.0,Peace Now
146,1991,0.0,,0.0,Peace Now
146,1992,0.0,,0.0,Peace Now
146,1993,73.0,,73.0,Peace Now
146,1994,80.0,,80.0,Peace Now
146,1995,83.0,,83.0,Peace Now
146,1996,69.0,69.0,69.0,Peace Now
146,1997,88.0,88.0,88.0,Peace Now
146,1998,96.0,100.0,96.0,Peace Now
146,1999,101.0,101.0,101.0,Peace Now
146,2000,97.0,97.0,97.0,Peace Now
146,2001,93.0,93.0,93.0,Peace Now
146,2002,76.0,76.0,76.0,Peace Now
146,2003,127.0,127.0,127.0,Peace Now
146,2004,141.0,141.0,141.0,Peace Now
146,2005,152.0,152.0,152.0,Peace Now
146,2006,167.0,167.0,167.0,Peace Now
146,2007,192.0,192.0,192.0,Peace Now
146,2008,176.0,176.0,176.0,Peace Now
146,2009,217.0,217.0,217.0,Peace Now
146,2010,241.0,241.0,241.0,Peace Now
146,2011,262.0,262.0,262.0,Peace Now
146,2012,241.0,241.0,241.0,Peace Now
146,2013,261.0,261.0,261.0,Peace Now
146,2014,278.0,280.0,278.0,Peace Now
146,2015,336.0,336.0,336.0,Peace Now
146,2016,362.0,362.0,362.0,Peace Now
146,2017,391.0,391.0,391.0,Peace Now
146,2018,432.0,,432.0,Peace Now
146,2019,445.0,,445.0,Peace Now
146,2020,478.0,,478.0,Peace Now
146,2021,520.0,,520.0,Peace Now
146,2022,540.0,,540.0,Peace Now
146,2023,581.0,,581.0,Peace Now
146,2024,574.0,,574.0,Peace Now
147,1969,0.0,,0.0,Peace Now
147,1970,0.0,,0.0,Peace Now
147,1971,0.0,,0.0,Peace Now
147,1972,0.0,,0.0,Peace Now
147,1973,0.0,,0.0,Peace Now
147,1974,0.0,,0.0,Peace Now
147,1975,0.0,,0.0,Peace Now
147,1976,0.0,,0.0,Peace Now
147,1982,0.0,,0.0,Peace Now
147,1983,188.0,,188.0,Peace Now
147,1985,279.0,,279.0,Peace Now
147,1986,303.0,,303.0,Peace Now
147,1987,360.0,,360.0,Peace Now
147,1988,372.0,,372.0,Peace Now
147,1989,400.0,,400.0,Peace Now
147,1990,474.0,,474.0,Peace Now
147,1991,558.0,,558.0,Peace Now
147,1992,630.0,,630.0,Peace Now
147,1993,714.0,,714.0,Peace Now
147,1994,776.0,,776.0,Peace Now
147,1995,813.0,,813.0,Peace Now
147,1996,825.0,825.0,825.0,Peace Now
147,1997,869.0,869.0,869.0,Peace Now
147,1998,906.0,900.0,906.0,Peace Now
147,1999,948.0,948.0,948.0,Peace Now
147,2000,980.0,980.0,980.0,Peace Now
147,2001,998.0,998.0,998.0,Peace Now
147,2002,1040.0,1040.0,1040.0,Peace Now
147,2003,1116.0,1116.0,1116.0,Peace Now
147,2004,1179.0,1179.0,1179.0,Peace Now
147,2005,1243.0,1243.0,1243.0,Peace Now
147,2006,1343.0,1343.0,1343.0,Peace Now
147,2007,1455.0,1455.0,1455.0,Peace Now
147,2008,1635.0,1635.0,1635.0,Peace Now
147,2009,1596.0,1596.0,1596.0,Peace Now
147,2010,1808.0,1808.0,1808.0,Peace Now
147,2011,2157.0,2157.0,2157.0,Peace Now
147,2012,2518.0,2518.0,2518.0,Peace Now
147,2013,2752.0,2752.0,2752.0,Peace Now
147,2014,3200.0,3200.0,3200.0,Peace Now
147,2015,3495.0,3495.0,3495.0,Peace Now
147,2016,3633.0,3633.0,3633.0,Peace Now
147,2017,3750.0,3750.0,3750.0,Peace Now
147,2018,3882.0,,3882.0,Peace Now
147,2019,4076.0,,4076.0,Peace Now
147,2020,4168.0,,4168.0,Peace Now
147,2021,4315.0,,4315.0,Peace Now
147,2022,4326.0,,4326.0,Peace Now
147,2023,4688.0,,4688.0,Peace Now
147,2024,4503.0,,4503.0,Peace Now
148,2022,6692.0,,6692.0,Peace Now
148,2023,6692.0,,6692.0,Peace Now
148,2024,6916.0,,6916.0,Peace Now
158,1997,,37167.0,37167.0,B'Tselem
158,1998,,37339.0,37339.0,B'Tselem
158,1999,,37673.0,37673.0,B'Tselem
158,2000,,37934.0,37934.0,B'Tselem
158,2002,,38992.0,38992.0,B'Tselem
158,2003,,39383.0,39383.0,B'Tselem
158,2004,,40027.0,40027.0,B'Tselem
158,2005,,40367.0,40367.0,B'Tselem
158,2006,,40837.0,40837.0,B'Tselem
158,2007,,41448.0,41448.0,B'Tselem
158,2008,,42246.0,42246.0,B'Tselem
158,2009,,40395.0,40395.0,B'Tselem
158,2010,,41410.0,41410.0,B'Tselem
158,2011,,41724.0,41724.0,B'Tselem
158,2012,,42430.0,42430.0,B'Tselem
158,2013,,43270.0,43270.0,B'Tselem
158,2014,,44090.0,44090.0,B'Tselem
158,2015,,44980.0,44980.0,B'Tselem
158,2016,,46150.0,46150.0,B'Tselem
159,1997,,31150.0,31150.0,B'Tselem
159,1998,,32475.0,32475.0,B'Tselem
159,1999,,34789.0,34789.0,B'Tselem
159,2000,,36469.0,36469.0,B'Tselem
159,2002,,38684.0,38684.0,B'Tselem
159,2003,,39747.0,39747.0,B'Tselem
159,2004,,40665.0,40665.0,B'Tselem
159,2005,,41208.0,41208.0,B'Tselem
159,2006,,41653.0,41653.0,B'Tselem
159,2007,,41882.0,41882.0,B'Tselem
159,2008,,42115.0,42115.0,B'Tselem
159,2009,,39748.0,39748.0,B'Tselem
159,2010,,40402.0,40402.0,B'Tselem
159,2011,,37794.0,37794.0,B'Tselem
159,2012,,40240.0,40240.0,B'Tselem
159,2013,,40760.0,40760.0,B'Tselem
159,2014,,40650.0,40650.0,B'Tselem
159,2015,,41220.0,41220.0,B'Tselem
159,2016,,41930.0,41930.0,B'Tselem
160,1997,,26604.0,26604.0,B'Tselem
160,1998,,27068.0,27068.0,B'Tselem
160,1999,,27459.0,27459.0,B'Tselem
160,2000,,27637.0,27637.0,B'Tselem
160,2002,,27569.0,27569.0,B'Tselem
160,2003,,27425.0,27425.0,B'Tselem
160,2004,,27309.0,27309.0,B'Tselem
160,2005,,27258.0,27258.0,B'Tselem
160,2006,,27173.0,27173.0,B'Tselem
160,2007,,27087.0,27087.0,B'Tselem
160,2008,,26929.0,26929.0,B'Tselem
160,2009,,28980.0,28980.0,B'Tselem
160,2010,,29559.0,29559.0,B'Tselem
160,2011,,29567.0,29567.0,B'Tselem
160,2012,,29420.0,29420.0,B'Tselem
160,2013,,29920.0,29920.0,B'Tselem
160,2014,,30320.0,30320.0,B'Tselem
160,2015,,30820.0,30820.0,B'Tselem
160,2016,,30900.0,30900.0,B'Tselem
161,1997,,19960.0,19960.0,B'Tselem
161,1998,,20031.0,20031.0,B'Tselem
161,1999,,20209.0,20209.0,B'Tselem
161,2000,,20288.0,20288.0,B'Tselem
161,2002,,20250.0,20250.0,B'Tselem
161,2003,,20306.0,20306.0,B'Tselem
161,2004,,20218.0,20218.0,B'Tselem
161,2005,,20156.0,20156.0,B'Tselem
161,2006,,20149.0,20149.0,B'Tselem
161,2007,,20230.0,20230.0,B'Tselem
161,2008,,20383.0,20383.0,B'Tselem
161,2009,,18605.0,18605.0,B'Tselem
161,2010,,19703.0,19703.0,B'Tselem
161,2011,,19477.0,19477.0,B'Tselem
161,2012,,20380.0,20380.0,B'Tselem
161,2013,,20690.0,20690.0,B'Tselem
161,2014,,21260.0,21260.0,B'Tselem
161,2015,,21780.0,21780.0,B'Tselem
161,2016,,22350.0,22350.0,B'Tselem
162,2003,,2152.0,2152.0,B'Tselem
162,2004,,2925.0,2925.0,B'Tselem
162,2005,,4234.0,4234.0,B'Tselem
162,2006,,5697.0,5697.0,B'Tselem
162,2007,,7236.0,7236.0,B'Tselem
162,2008,,9331.0,9331.0,B'Tselem
162,2009,,11877.0,11877.0,B'Tselem
162,2010,,9811.0,9811.0,B'Tselem
162,2011,,13887.0,13887.0,B'Tselem
162,2012,,16470.0,16470.0,B'Tselem
162,2013,,18130.0,18130.0,B'Tselem
162,2014,,18940.0,18940.0,B'Tselem
162,2015,,19950.0,19950.0,B'Tselem
162,2016,,20660.0,20660.0,B'Tselem
163,1997,,6098.0,6098.0,B'Tselem
163,1998,,8759.0,8759.0,B'Tselem
163,1999,,10330.0,10330.0,B'Tselem
163,2000,,11348.0,11348.0,B'Tselem
163,2002,,12822.0,12822.0,B'Tselem
163,2003,,12822.0,12822.0,B'Tselem
163,2004,,13888.0,13888.0,B'Tselem
163,2005,,14318.0,14318.0,B'Tselem
163,2006,,14658.0,14658.0,B'Tselem
163,2007,,14911.0,14911.0,B'Tselem
163,2008,,15123.0,15123.0,B'Tselem
163,2009,,14245.0,14245.0,B'Tselem
163,2010,,14554.0,14554.0,B'Tselem
163,2011,,14512.0,14512.0,B'Tselem
163,2012,,15140.0,15140.0,B'Tselem
163,2013,,15100.0,15100.0,B'Tselem
163,2014,,15070.0,15070.0,B'Tselem
163,2015,,15070.0,15070.0,B'Tselem
163,2016,,14770.0,14770.0,B'Tselem
164,1997,,13348.0,13348.0,B'Tselem
164,1998,,13184.0,13184.0,B'Tselem
164,1999,,13050.0,13050.0,B'Tselem
164,2000,,12845.0,12845.0,B'Tselem
164,2002,,12591.0,12591.0,B'Tselem
164,2003,,12439.0,12439.0,B'Tselem
164,2004,,12238.0,12238.0,B'Tselem
164,2005,,12158.0,12158.0,B'Tselem
164,2006,,12078.0,12078.0,B'Tselem
164,2007,,12241.0,12241.0,B'Tselem
164,2008,,12186.0,12186.0,B'Tselem
164,2009,,13727.0,13727.0,B'Tselem
164,2010,,13984.0,13984.0,B'Tselem
164,2011,,13757.0,13757.0,B'Tselem
164,2012,,13660.0,13660.0,B'Tselem
164,2013,,13850.0,13850.0,B'Tselem
164,2014,,14010.0,14010.0,B'Tselem
164,2015,,14380.0,14380.0,B'Tselem
164,2016,,14450.0,14450.0,B'Tselem
165,1997,,8599.0,8599.0,B'Tselem
165,1998,,8469.0,8469.0,B'Tselem
165,1999,,8347.0,8347.0,B'Tselem
165,2000,,8193.0,8193.0,B'Tselem
165,2002,,7867.0,7867.0,B'Tselem
165,2003,,6628.0,6628.0,B'Tselem
165,2004,,6630.0,6630.0,B'Tselem
165,2005,,6589.0,6589.0,B'Tselem
165,2006,,6724.0,6724.0,B'Tselem
165,2007,,6897.0,6897.0,B'Tselem
165,2008,,7099.0,7099.0,B'Tselem
165,2009,,7677.0,7677.0,B'Tselem
165,2010,,7406.0,7406.0,B'Tselem
165,2011,,7657.0,7657.0,B'Tselem
165,2012,,6090.0,6090.0,B'Tselem
165,2013,,6020.0,6020.0,B'Tselem
165,2014,,7940.0,7940.0,B'Tselem
165,2015,,8020.0,8020.0,B'Tselem
165,2016,,8620.0,8620.0,B'Tselem
166,1997,,6341.0,6341.0,B'Tselem
166,1998,,6046.0,6046.0,B'Tselem
166,1999,,5922.0,5922.0,B'Tselem
166,2000,,5829.0,5829.0,B'Tselem
166,2002,,5994.0,5994.0,B'Tselem
166,2003,,6081.0,6081.0,B'Tselem
166,2004,,6139.0,6139.0,B'Tselem
166,2005,,6164.0,6164.0,B'Tselem
166,2006,,6200.0,6200.0,B'Tselem
166,2007,,6176.0,6176.0,B'Tselem
166,2008,,6219.0,6219.0,B'Tselem
166,2009,,6301.0,6301.0,B'Tselem
166,2010,,6517.0,6517.0,B'Tselem
166,2011,,6669.0,6669.0,B'Tselem
166,2012,,6770.0,6770.0,B'Tselem
166,2013,,6860.0,6860.0,B'Tselem
166,2014,,6960.0,6960.0,B'Tselem
166,2015,,3140.0,3140.0,B'Tselem
166,2016,,3180.0,3180.0,B'Tselem
167,1997,,3666.0,3666.0,B'Tselem
167,1998,,3589.0,3589.0,B'Tselem
167,1999,,3646.0,3646.0,B'Tselem
167,2000,,3645.0,3645.0,B'Tselem
167,2002,,3617.0,3617.0,B'Tselem
167,2003,,3664.0,3664.0,B'Tselem
167,2004,,3647.0,3647.0,B'Tselem
167,2005,,3675.0,3675.0,B'Tselem
167,2006,,3765.0,3765.0,B'Tselem
167,2007,,3735.0,3735.0,B'Tselem
167,2008,,3732.0,3732.0,B'Tselem
167,2009,,2610.0,2610.0,B'Tselem
167,2010,,2720.0,2720.0,B'Tselem
167,2011,,2050.0,2050.0,B'Tselem
167,2012,,2940.0,2940.0,B'Tselem
167,2013,,3040.0,3040.0,B'Tselem
167,2014,,3080.0,3080.0,B'Tselem
167,2015,,3260.0,3260.0,B'Tselem
167,2016,,3240.0,3240.0,B'Tselem
168,1997,,2282.0,2282.0,B'Tselem
168,1998,,2306.0,2306.0,B'Tselem
168,1999,,2288.0,2288.0,B'Tselem
168,2000,,2279.0,2279.0,B'Tselem
168,2002,,2348.0,2348.0,B'Tselem
168,2003,,2387.0,2387.0,B'Tselem
168,2004,,2451.0,2451.0,B'Tselem
168,2005,,2476.0,2476.0,B'Tselem
168,2006,,2546.0,2546.0,B'Tselem
168,2007,,2555.0,2555.0,B'Tselem
168,2008,,2485.0,2485.0,B'Tselem
168,2009,,2481.0,2481.0,B'Tselem
168,2010,,3105.0,3105.0,B'Tselem
168,2011,,3329.0,3329.0,B'Tselem
168,2012,,3350.0,3350.0,B'Tselem
168,2013,,2820.0,2820.0,B'Tselem
168,2014,,2900.0,2900.0,B'Tselem
168,2015,,2960.0,2960.0,B'Tselem
168,2016,,3020.0,3020.0,B'Tselem
484,2003,,,344.0,CBS
484,2004,,,337.0,CBS
484,2005,,,357.0,CBS
484,2006,,,418.0,CBS
484,2007,,,463.0,CBS
484,2008,,,410.0,CBS
484,2009,,,443.0,CBS
484,2010,,,491.0,CBS
484,2011,,,528.0,CBS
484,2012,,,583.0,CBS
484,2013,,,583.0,CBS
484,2014,,,601.0,CBS
484,2015,,,633.0,CBS
484,2016,,,681.0,CBS
484,2017,,,700.0,CBS
484,2018,,,714.0,CBS
484,2019,,,725.0,CBS
484,2020,,,740.0,CBS
484,2021,,,811.0,CBS
484,2022,,,876.0,CBS
484,2023,,,1023.0,CBS
484,2024,,,1079.0,CBS
485,2003,,,96.0,CBS
485,2004,,,93.0,CBS
485,2005,,,95.0,CBS
485,2006,,,103.0,CBS
485,2007,,,103.0,CBS
485,2008,,,87.0,CBS
485,2009,,,85.0,CBS
485,2010,,,84.0,CBS
485,2011,,,90.0,CBS
485,2012,,,93.0,CBS
485,2013,,,104.0,CBS
485,2014,,,109.0,CBS
485,2015,,,118.0,CBS
485,2016,,,126.0,CBS
485,2017,,,131.0,CBS
485,2018,,,139.0,CBS
485,2019,,,155.0,CBS
485,2020,,,155.0,CBS
485,2021,,,176.0,CBS
485,2022,,,192.0,CBS
485,2023,,,292.0,CBS
485,2024,,,314.0,CBS
486,2003,,,249.0,CBS
486,2004,,,258.0,CBS
486,2005,,,254.0,CBS
486,2006,,,243.0,CBS
486,2007,,,238.0,CBS
486,2008,,,277.0,CBS
486,2009,,,296.0,CBS
486,2010,,,306.0,CBS
486,2011,,,284.0,CBS
486,2012,,,276.0,CBS
486,2013,,,291.0,CBS
486,2014,,,304.0,CBS
486,2015,,,321.0,CBS
486,2016,,,335.0,CBS
486,2017,,,352.0,CBS
486,2018,,,343.0,CBS
486,2019,,,343.0,CBS
486,2020,,,349.0,CBS
486,2021,,,369.0,CBS
486,2022,,,376.0,CBS
486,2023,,,366.0,CBS
486,2024,,,374.0,CBS
487,2003,,,273.0,CBS
487,2004,,,267.0,CBS
487,2005,,,269.0,CBS
487,2006,,,274.0,CBS
487,2007,,,271.0,CBS
487,2008,,,262.0,CBS
487,2009,,,271.0,CBS
487,2010,,,277.0,CBS
487,2011,,,306.0,CBS
487,2012,,,308.0,CBS
487,2013,,,318.0,CBS
487,2014,,,323.0,CBS
487,2015,,,338.0,CBS
487,2016,,,372.0,CBS
487,2017,,,381.0,CBS
487,2018,,,392.0,CBS
487,2019,,,398.0,CBS
487,2020,,,416.0,CBS
487,2021,,,442.0,CBS
487,2022,,,470.0,CBS
487,2023,,,546.0,CBS
487,2024,,,621.0,CBS
488,2003,,,251.0,CBS
488,2004,,,251.0,CBS
488,2005,,,255.0,CBS
488,2006,,,271.0,CBS
488,2007,,,286.0,CBS
488,2008,,,278.0,CBS
488,2009,,,278.0,CBS
488,2010,,,291.0,CBS
488,2011,,,310.0,CBS
488,2012,,,343.0,CBS
488,2013,,,365.0,CBS
488,2014,,,359.0,CBS
488,2015,,,368.0,CBS
488,2016,,,422.0,CBS
488,2017,,,439.0,CBS
488,2018,,,445.0,CBS
488,2019,,,457.0,CBS
488,2020,,,447.0,CBS
488,2021,,,472.0,CBS
488,2022,,,518.0,CBS
488,2023,,,492.0,CBS
488,2024,,,512.0,CBS
489,2003,,,240.0,CBS
489,2004,,,247.0,CBS
489,2005,,,256.0,CBS
489,2006,,,264.0,CBS
489,2007,,,272.0,CBS
489,2008,,,245.0,CBS
489,2009,,,250.0,CBS
489,2010,,,255.0,CBS
489,2011,,,251.0,CBS
489,2012,,,277.0,CBS
489,2013,,,302.0,CBS
489,2014,,,328.0,CBS
489,2015,,,350.0,CBS
489,2016,,,382.0,CBS
489,2017,,,375.0,CBS
489,2018,,,401.0,CBS
489,2019,,,433.0,CBS
489,2020,,,464.0,CBS
489,2021,,,484.0,CBS
489,2022,,,496.0,CBS
489,2023,,,606.0,CBS
489,2024,,,593.0,CBS
490,2003,,,347.0,CBS
490,2004,,,379.0,CBS
490,2005,,,384.0,CBS
490,2006,,,414.0,CBS
490,2007,,,462.0,CBS
490,2008,,,454.0,CBS
490,2009,,,446.0,CBS
490,2010,,,467.0,CBS
490,2011,,,501.0,CBS
490,2012,,,528.0,CBS
490,2013,,,530.0,CBS
490,2014,,,526.0,CBS
490,2015,,,503.0,CBS
490,2016,,,513.0,CBS
490,2017,,,536.0,CBS
490,2018,,,531.0,CBS
490,2019,,,532.0,CBS
490,2020,,,515.0,CBS
490,2021,,,502.0,CBS
490,2022,,,499.0,CBS
490,2023,,,486.0,CBS
490,2024,,,475.0,CBS
491,2003,,,230.0,CBS
491,2004,,,235.0,CBS
491,2005,,,210.0,CBS
491,2006,,,215.0,CBS
491,2007,,,216.0,CBS
491,2008,,,222.0,CBS
491,2009,,,223.0,CBS
491,2010,,,234.0,CBS
491,2011,,,255.0,CBS
491,2012,,,256.0,CBS
491,2013,,,252.0,CBS
491,2014,,,259.0,CBS
491,2015,,,277.0,CBS
491,2016,,,292.0,CBS
491,2017,,,295.0,CBS
491,2018,,,329.0,CBS
491,2019,,,344.0,CBS
491,2020,,,345.0,CBS
491,2021,,,356.0,CBS
491,2022,,,387.0,CBS
491,2023,,,393.0,CBS
491,2024,,,402.0,CBS
492,2003,,,5214.0,CBS
492,2004,,,5315.0,CBS
492,2005,,,5439.0,CBS
492,2006,,,5559.0,CBS
492,2007,,,5665.0,CBS
492,2008,,,5718.0,CBS
492,2009,,,5824.0,CBS
492,2010,,,5927.0,CBS
492,2011,,,5989.0,CBS
492,2012,,,6124.0,CBS
492,2013,,,6170.0,CBS
492,2014,,,6238.0,CBS
492,2015,,,6329.0,CBS
492,2016,,,6431.0,CBS
492,2017,,,6485.0,CBS
492,2018,,,6528.0,CBS
492,2019,,,6610.0,CBS
492,2020,,,6665.0,CBS
492,2021,,,6752.0,CBS
492,2022,,,6805.0,CBS
492,2023,,,6886.0,CBS
492,2024,,,6983.0,CBS
493,2003,,,938.0,CBS
493,2004,,,971.0,CBS
493,2005,,,991.0,CBS
493,2006,,,1021.0,CBS
493,2007,,,1036.0,CBS
493,2008,,,918.0,CBS
493,2009,,,930.0,CBS
493,2010,,,968.0,CBS
493,2011,,,965.0,CBS
493,2012,,,1010.0,CBS
493,2013,,,1031.0,CBS
493,2014,,,1047.0,CBS
493,2015,,,1040.0,CBS
493,2016,,,1024.0,CBS
493,2017,,,1049.0,CBS
493,2018,,,1070.0,CBS
493,2019,,,1085.0,CBS
493,2020,,,1120.0,CBS
493,2021,,,1129.0,CBS
493,2022,,,1152.0,CBS
493,2023,,,1258.0,CBS
493,2024,,,1244.0,CBS
494,2003,,,363.0,CBS
494,2004,,,398.0,CBS
494,2005,,,397.0,CBS
494,2006,,,436.0,CBS
494,2007,,,452.0,CBS
494,2008,,,529.0,CBS
494,2009,,,537.0,CBS
494,2010,,,532.0,CBS
494,2011,,,557.0,CBS
494,2012,,,572.0,CBS
494,2013,,,577.0,CBS
494,2014,,,636.0,CBS
494,2015,,,662.0,CBS
494,2016,,,700.0,CBS
494,2017,,,690.0,CBS
494,2018,,,703.0,CBS
494,2019,,,707.0,CBS
494,2020,,,740.0,CBS
494,2021,,,728.0,CBS
494,2022,,,723.0,CBS
494,2023,,,763.0,CBS
494,2024,,,804.0,CBS
495,2003,,,168.0,CBS
495,2004,,,192.0,CBS
495,2005,,,226.0,CBS
495,2006,,,215.0,CBS
495,2007,,,204.0,CBS
495,2008,,,213.0,CBS
495,2009,,,218.0,CBS
495,2010,,,221.0,CBS
495,2011,,,222.0,CBS
495,2012,,,226.0,CBS
495,2013,,,233.0,CBS
495,2014,,,257.0,CBS
495,2015,,,264.0,CBS
495,2016,,,272.0,CBS
495,2017,,,279.0,CBS
495,2018,,,283.0,CBS
495,2019,,,280.0,CBS
495,2020,,,289.0,CBS
495,2021,,,309.0,CBS
495,2022,,,321.0,CBS
495,2023,,,323.0,CBS
495,2024,,,357.0,CBS
496,2003,,,400.0,CBS
496,2004,,,439.0,CBS
496,2005,,,461.0,CBS
496,2006,,,482.0,CBS
496,2007,,,510.0,CBS
496,2008,,,534.0,CBS
496,2009,,,583.0,CBS
496,2010,,,622.0,CBS
496,2011,,,683.0,CBS
496,2012,,,742.0,CBS
496,2013,,,785.0,CBS
496,2014,,,815.0,CBS
496,2015,,,827.0,CBS
496,2016,,,852.0,CBS
496,2017,,,839.0,CBS
496,2018,,,823.0,CBS
496,2019,,,810.0,CBS
496,2020,,,854.0,CBS
496,2021,,,876.0,CBS
496,2022,,,889.0,CBS
496,2023,,,910.0,CBS
496,2024,,,885.0,CBS
497,2003,,,1262.0,CBS
497,2004,,,1262.0,CBS
497,2005,,,1273.0,CBS
497,2006,,,1312.0,CBS
497,2007,,,1369.0,CBS
497,2008,,,1337.0,CBS
497,2009,,,1353.0,CBS
497,2010,,,1362.0,CBS
497,2011,,,1457.0,CBS
497,2012,,,1236.0,CBS
497,2013,,,1280.0,CBS
497,2014,,,1719.0,CBS
497,2015,,,1739.0,CBS
497,2016,,,1877.0,CBS
497,2017,,,1904.0,CBS
497,2018,,,2057.0,CBS
497,2019,,,2055.0,CBS
497,2020,,,2007.0,CBS
497,2021,,,2071.0,CBS
497,2022,,,2175.0,CBS
497,2023,,,1938.0,CBS
497,2024,,,1956.0,CBS
498,2003,,,312.0,CBS
498,2004,,,344.0,CBS
498,2005,,,347.0,CBS
498,2006,,,352.0,CBS
498,2007,,,353.0,CBS
498,2008,,,438.0,CBS
498,2009,,,448.0,CBS
498,2010,,,466.0,CBS
498,2011,,,525.0,CBS
498,2012,,,549.0,CBS
498,2013,,,566.0,CBS
498,2014,,,570.0,CBS
498,2015,,,601.0,CBS
498,2016,,,662.0,CBS
498,2017,,,668.0,CBS
498,2018,,,705.0,CBS
498,2019,,,745.0,CBS
498,2020,,,770.0,CBS
498,2021,,,802.0,CBS
498,2022,,,860.0,CBS
498,2023,,,855.0,CBS
498,2024,,,895.0,CBS
499,2003,,,277.0,CBS
499,2004,,,285.0,CBS
499,2005,,,302.0,CBS
499,2006,,,319.0,CBS
499,2007,,,333.0,CBS
499,2008,,,323.0,CBS
499,2009,,,333.0,CBS
499,2010,,,352.0,CBS
499,2011,,,372.0,CBS
499,2012,,,380.0,CBS
499,2013,,,387.0,CBS
499,2014,,,394.0,CBS
499,2015,,,419.0,CBS
499,2016,,,450.0,CBS
499,2017,,,459.0,CBS
499,2018,,,461.0,CBS
499,2019,,,461.0,CBS
499,2020,,,470.0,CBS
499,2021,,,465.0,CBS
499,2022,,,486.0,CBS
499,2023,,,511.0,CBS
499,2024,,,543.0,CBS
500,2003,,,233.0,CBS
500,2004,,,239.0,CBS
500,2005,,,285.0,CBS
500,2006,,,306.0,CBS
500,2007,,,312.0,CBS
500,2008,,,311.0,CBS
500,2009,,,312.0,CBS
500,2010,,,307.0,CBS
500,2011,,,312.0,CBS
500,2012,,,319.0,CBS
500,2013,,,328.0,CBS
500,2014,,,347.0,CBS
500,2015,,,357.0,CBS
500,2016,,,387.0,CBS
500,2017,,,400.0,CBS
500,2018,,,421.0,CBS
500,2019,,,434.0,CBS
500,2020,,,455.0,CBS
500,2021,,,478.0,CBS
500,2022,,,492.0,CBS
500,2023,,,520.0,CBS
500,2024,,,544.0,CBS
501,2003,,,347.0,CBS
501,2004,,,325.0,CBS
501,2005,,,329.0,CBS
501,2006,,,336.0,CBS
501,2007,,,339.0,CBS
501,2008,,,275.0,CBS
501,2009,,,280.0,CBS
501,2010,,,276.0,CBS
501,2011,,,298.0,CBS
501,2012,,,309.0,CBS
501,2013,,,320.0,CBS
501,2014,,,323.0,CBS
501,2015,,,344.0,CBS
501,2016,,,383.0,CBS
501,2017,,,398.0,CBS
501,2018,,,434.0,CBS
501,2019,,,459.0,CBS
501,2020,,,473.0,CBS
501,2021,,,459.0,CBS
501,2022,,,481.0,CBS
501,2023,,,530.0,CBS
501,2024,,,568.0,CBS
502,2003,,,8440.0,CBS
502,2004,,,8633.0,CBS
502,2005,,,8847.0,CBS
502,2006,,,9023.0,CBS
502,2007,,,9180.0,CBS
502,2008,,,9474.0,CBS
502,2009,,,9631.0,CBS
502,2010,,,9833.0,CBS
502,2011,,,9927.0,CBS
502,2012,,,10190.0,CBS
502,2013,,,10340.0,CBS
502,2014,,,10485.0,CBS
502,2015,,,10643.0,CBS
502,2016,,,10804.0,CBS
502,2017,,,10930.0,CBS
502,2018,,,11044.0,CBS
502,2019,,,11180.0,CBS
502,2020,,,11267.0,CBS
502,2021,,,11404.0,CBS
502,2022,,,11458.0,CBS
502,2023,,,11221.0,CBS
502,2024,,,11264.0,CBS
503,2003,,,47.0,CBS
503,2004,,,44.0,CBS
503,2005,,,52.0,CBS
503,2006,,,56.0,CBS
503,2007,,,65.0,CBS
503,2008,,,120.0,CBS
503,2009,,,112.0,CBS
503,2010,,,111.0,CBS
503,2011,,,108.0,CBS
503,2012,,,111.0,CBS
503,2013,,,151.0,CBS
503,2014,,,198.0,CBS
503,2015,,,211.0,CBS
503,2016,,,244.0,CBS
503,2017,,,266.0,CBS
503,2018,,,287.0,CBS
503,2019,,,299.0,CBS
503,2020,,,289.0,CBS
503,2021,,,324.0,CBS
503,2022,,,336.0,CBS
503,2023,,,355.0,CBS
503,2024,,,379.0,CBS
504,2003,,,3105.0,CBS
504,2004,,,3168.0,CBS
504,2005,,,3235.0,CBS
504,2006,,,3318.0,CBS
504,2007,,,3385.0,CBS
504,2008,,,3021.0,CBS
504,2009,,,3097.0,CBS
504,2010,,,3144.0,CBS
504,2011,,,3249.0,CBS
504,2012,,,3345.0,CBS
504,2013,,,3375.0,CBS
504,2014,,,3447.0,CBS
504,2015,,,3520.0,CBS
504,2016,,,3557.0,CBS
504,2017,,,3592.0,CBS
504,2018,,,3650.0,CBS
504,2019,,,3714.0,CBS
504,2020,,,3753.0,CBS
504,2021,,,3812.0,CBS
504,2022,,,3869.0,CBS
504,2023,,,4185.0,CBS
504,2024,,,4205.0,CBS
505,2003,,,291.0,CBS
505,2004,,,306.0,CBS
505,2005,,,309.0,CBS
505,2006,,,340.0,CBS
505,2007,,,357.0,CBS
505,2008,,,375.0,CBS
505,2009,,,381.0,CBS
505,2010,,,372.0,CBS
505,2011,,,395.0,CBS
505,2012,,,390.0,CBS
505,2013,,,385.0,CBS
505,2014,,,401.0,CBS
505,2015,,,441.0,CBS
505,2016,,,472.0,CBS
505,2017,,,488.0,CBS
505,2018,,,515.0,CBS
505,2019,,,557.0,CBS
505,2020,,,559.0,CBS
505,2021,,,573.0,CBS
505,2022,,,596.0,CBS
505,2023,,,652.0,CBS
505,2024,,,734.0,CBS
506,2003,,,353.0,CBS
506,2004,,,411.0,CBS
506,2005,,,469.0,CBS
506,2006,,,495.0,CBS
506,2007,,,497.0,CBS
506,2008,,,570.0,CBS
506,2009,,,586.0,CBS
506,2010,,,598.0,CBS
506,2011,,,630.0,CBS
506,2012,,,642.0,CBS
506,2013,,,643.0,CBS
506,2014,,,661.0,CBS
506,2015,,,675.0,CBS
506,2016,,,701.0,CBS
506,2017,,,701.0,CBS
506,2018,,,724.0,CBS
506,2019,,,743.0,CBS
506,2020,,,743.0,CBS
506,2021,,,754.0,CBS
506,2022,,,741.0,CBS
506,2023,,,789.0,CBS
506,2024,,,817.0,CBS
507,2003,,,263.0,CBS
507,2004,,,291.0,CBS
507,2005,,,303.0,CBS
507,2006,,,334.0,CBS
507,2007,,,350.0,CBS
507,2008,,,398.0,CBS
507,2009,,,422.0,CBS
507,2010,,,424.0,CBS
507,2011,,,427.0,CBS
507,2012,,,435.0,CBS
507,2013,,,473.0,CBS
507,2014,,,510.0,CBS
507,2015,,,534.0,CBS
507,2016,,,574.0,CBS
507,2017,,,594.0,CBS
507,2018,,,618.0,CBS
507,2019,,,632.0,CBS
507,2020,,,637.0,CBS
507,2021,,,669.0,CBS
507,2022,,,713.0,CBS
507,2023,,,740.0,CBS
507,2024,,,742.0,CBS
508,2003,,,465.0,CBS
508,2004,,,484.0,CBS
508,2005,,,504.0,CBS
508,2006,,,510.0,CBS
508,2007,,,529.0,CBS
508,2008,,,563.0,CBS
508,2009,,,605.0,CBS
508,2010,,,631.0,CBS
508,2011,,,659.0,CBS
508,2012,,,783.0,CBS
508,2013,,,809.0,CBS
508,2014,,,830.0,CBS
508,2015,,,858.0,CBS
508,2016,,,862.0,CBS
508,2017,,,900.0,CBS
508,2018,,,931.0,CBS
508,2019,,,965.0,CBS
508,2020,,,995.0,CBS
508,2021,,,1026.0,CBS
508,2022,,,1059.0,CBS
508,2023,,,1153.0,CBS
508,2024,,,1192.0,CBS
509,2003,,,161.0,CBS
509,2004,,,167.0,CBS
509,2005,,,173.0,CBS
509,2006,,,174.0,CBS
509,2007,,,175.0,CBS
509,2008,,,125.0,CBS
509,2009,,,124.0,CBS
509,2010,,,117.0,CBS
509,2011,,,110.0,CBS
509,2012,,,114.0,CBS
509,2013,,,122.0,CBS
509,2014,,,130.0,CBS
509,2015,,,124.0,CBS
509,2016,,,115.0,CBS
509,2017,,,118.0,CBS
509,2018,,,115.0,CBS
509,2019,,,110.0,CBS
509,2020,,,127.0,CBS
509,2021,,,141.0,CBS
509,2022,,,140.0,CBS
509,2023,,,227.0,CBS
509,2024,,,226.0,CBS
510,2003,,,47.0,CBS
510,2005,,,48.0,CBS
510,2006,,,80.0,CBS
510,2007,,,111.0,CBS
510,2008,,,170.0,CBS
510,2009,,,218.0,CBS
510,2010,,,236.0,CBS
510,2011,,,265.0,CBS
510,2012,,,311.0,CBS
510,2013,,,365.0,CBS
510,2014,,,560.0,CBS
510,2015,,,567.0,CBS
510,2016,,,688.0,CBS
510,2017,,,702.0,CBS
510,2018,,,686.0,CBS
510,2019,,,713.0,CBS
510,2020,,,871.0,CBS
510,2021,,,910.0,CBS
510,2022,,,958.0,CBS
510,2023,,,750.0,CBS
510,2024,,,770.0,CBS
512,2003,,,1905.0,CBS
512,2004,,,1961.0,CBS
512,2005,,,2009.0,CBS
512,2006,,,2065.0,CBS
512,2007,,,2129.0,CBS
512,2008,,,2119.0,CBS
512,2009,,,2169.0,CBS
512,2010,,,2219.0,CBS
512,2011,,,2244.0,CBS
512,2012,,,2301.0,CBS
512,2013,,,2361.0,CBS
512,2014,,,2415.0,CBS
512,2015,,,2484.0,CBS
512,2016,,,2517.0,CBS
512,2017,,,2559.0,CBS
512,2018,,,2607.0,CBS
512,2019,,,2659.0,CBS
512,2020,,,2702.0,CBS
512,2021,,,2745.0,CBS
512,2022,,,2806.0,CBS
512,2023,,,2692.0,CBS
512,2024,,,2739.0,CBS
513,2003,,,212.0,CBS
513,2004,,,214.0,CBS
513,2005,,,229.0,CBS
513,2006,,,216.0,CBS
513,2007,,,213.0,CBS
513,2008,,,213.0,CBS
513,2009,,,212.0,CBS
513,2010,,,213.0,CBS
513,2011,,,210.0,CBS
513,2012,,,230.0,CBS
513,2013,,,252.0,CBS
513,2014,,,280.0,CBS
513,2015,,,280.0,CBS
513,2016,,,296.0,CBS
513,2017,,,322.0,CBS
513,2018,,,348.0,CBS
513,2019,,,371.0,CBS
513,2020,,,386.0,CBS
513,2021,,,426.0,CBS
513,2022,,,462.0,CBS
513,2023,,,543.0,CBS
513,2024,,,534.0,CBS
514,2003,,,1758.0,CBS
514,2004,,,1803.0,CBS
514,2005,,,1846.0,CBS
514,2006,,,1893.0,CBS
514,2007,,,1940.0,CBS
514,2008,,,1693.0,CBS
514,2009,,,1735.0,CBS
514,2010,,,1765.0,CBS
514,2011,,,1805.0,CBS
514,2012,,,1871.0,CBS
514,2013,,,1892.0,CBS
514,2014,,,1920.0,CBS
514,2015,,,1945.0,CBS
514,2016,,,1988.0,CBS
514,2017,,,2033.0,CBS
514,2018,,,2063.0,CBS
514,2019,,,2098.0,CBS
514,2020,,,2139.0,CBS
514,2021,,,2172.0,CBS
514,2022,,,2190.0,CBS
514,2023,,,2444.0,CBS
514,2024,,,2470.0,CBS
515,2003,,,335.0,CBS
515,2004,,,341.0,CBS
515,2005,,,353.0,CBS
515,2006,,,371.0,CBS
515,2007,,,373.0,CBS
515,2008,,,321.0,CBS
515,2009,,,330.0,CBS
515,2010,,,334.0,CBS
515,2011,,,333.0,CBS
515,2012,,,342.0,CBS
515,2013,,,344.0,CBS
515,2014,,,333.0,CBS
515,2015,,,359.0,CBS
515,2016,,,400.0,CBS
515,2017,,,423.0,CBS
515,2018,,,452.0,CBS
515,2019,,,500.0,CBS
515,2020,,,512.0,CBS
515,2021,,,537.0,CBS
515,2022,,,578.0,CBS
515,2023,,,682.0,CBS
515,2024,,,734.0,CBS
516,2003,,,57.0,CBS
516,2004,,,58.0,CBS
516,2005,,,71.0,CBS
516,2006,,,106.0,CBS
516,2007,,,154.0,CBS
516,2008,,,147.0,CBS
516,2009,,,151.0,CBS
516,2010,,,163.0,CBS
516,2011,,,180.0,CBS
516,2012,,,181.0,CBS
516,2013,,,189.0,CBS
516,2014,,,217.0,CBS
516,2015,,,224.0,CBS
516,2016,,,249.0,CBS
516,2017,,,277.0,CBS
516,2018,,,298.0,CBS
516,2019,,,319.0,CBS
516,2020,,,336.0,CBS
516,2021,,,390.0,CBS
516,2022,,,404.0,CBS
516,2023,,,412.0,CBS
516,2024,,,415.0,CBS
517,2003,,,6288.0,CBS
517,2004,,,6357.0,CBS
517,2005,,,6535.0,CBS
517,2006,,,6479.0,CBS
517,2007,,,6444.0,CBS
517,2008,,,6456.0,CBS
517,2009,,,6529.0,CBS
517,2010,,,6719.0,CBS
517,2011,,,6607.0,CBS
517,2012,,,6725.0,CBS
517,2013,,,6736.0,CBS
517,2014,,,6829.0,CBS
517,2015,,,6913.0,CBS
517,2016,,,6998.0,CBS
517,2017,,,7127.0,CBS
517,2018,,,7132.0,CBS
517,2019,,,7297.0,CBS
517,2020,,,7500.0,CBS
517,2021,,,7606.0,CBS
517,2022,,,7876.0,CBS
517,2023,,,7956.0,CBS
517,2024,,,8012.0,CBS
518,2003,,,494.0,CBS
518,2004,,,501.0,CBS
518,2005,,,524.0,CBS
518,2006,,,517.0,CBS
518,2007,,,526.0,CBS
518,2008,,,630.0,CBS
518,2009,,,649.0,CBS
518,2010,,,660.0,CBS
518,2011,,,655.0,CBS
518,2012,,,692.0,CBS
518,2013,,,707.0,CBS
518,2014,,,722.0,CBS
518,2015,,,763.0,CBS
518,2016,,,796.0,CBS
518,2017,,,819.0,CBS
518,2018,,,784.0,CBS
518,2019,,,799.0,CBS
518,2020,,,842.0,CBS
518,2021,,,863.0,CBS
518,2022,,,878.0,CBS
518,2023,,,961.0,CBS
518,2024,,,979.0,CBS
519,2003,,,478.0,CBS
519,2004,,,472.0,CBS
519,2005,,,480.0,CBS
519,2006,,,478.0,CBS
519,2007,,,487.0,CBS
519,2008,,,427.0,CBS
519,2009,,,446.0,CBS
519,2010,,,453.0,CBS
519,2011,,,453.0,CBS
519,2012,,,478.0,CBS
519,2013,,,485.0,CBS
519,2014,,,476.0,CBS
519,2015,,,489.0,CBS
519,2016,,,509.0,CBS
519,2017,,,543.0,CBS
519,2018,,,550.0,CBS
519,2019,,,552.0,CBS
519,2020,,,531.0,CBS
519,2021,,,544.0,CBS
519,2022,,,572.0,CBS
519,2023,,,847.0,CBS
519,2024,,,872.0,CBS
520,2022,,,87.0,CBS
520,2023,,,102.0,CBS
520,2024,,,111.0,CBS
521,2003,,,459.0,CBS
521,2004,,,483.0,CBS
521,2005,,,487.0,CBS
521,2006,,,500.0,CBS
521,2007,,,517.0,CBS
521,2008,,,560.0,CBS
521,2009,,,565.0,CBS
521,2010,,,568.0,CBS
521,2011,,,579.0,CBS
521,2012,,,616.0,CBS
521,2013,,,627.0,CBS
521,2014,,,615.0,CBS
521,2015,,,637.0,CBS
521,2016,,,630.0,CBS
521,2017,,,634.0,CBS
521,2018,,,704.0,CBS
521,2019,,,705.0,CBS
521,2020,,,755.0,CBS
521,2021,,,784.0,CBS
521,2022,,,820.0,CBS
521,2023,,,804.0,CBS
521,2024,,,815.0,CBS
522,2003,,,230.0,CBS
522,2004,,,230.0,CBS
522,2005,,,229.0,CBS
522,2006,,,230.0,CBS
522,2007,,,225.0,CBS
522,2008,,,191.0,CBS
522,2009,,,189.0,CBS
522,2010,,,196.0,CBS
522,2011,,,198.0,CBS
522,2012,,,203.0,CBS
522,2013,,,222.0,CBS
522,2014,,,232.0,CBS
522,2015,,,256.0,CBS
522,2016,,,249.0,CBS
522,2017,,,255.0,CBS
522,2018,,,263.0,CBS
522,2019,,,276.0,CBS
522,2020,,,305.0,CBS
522,2021,,,316.0,CBS
522,2022,,,343.0,CBS
522,2023,,,435.0,CBS
522,2024,,,452.0,CBS
