knesset,name_he,cbs_semel,valid_votes,eligible,voters,right_bloc_votes,right_bloc_share,top_party,top_party_share,he_join_key,turnout,settlement_id
18,מעטפות כפולות,0,184391,,186919,119014,0.6454436496358282,בז''ב,1.0137099966918126,מעטפות כפולות,,
18,שחר,7,283,,283,228,0.8056537102473498,בז''ב,1.3816254416961131,שחר,,
18,תירוש,10,176,,179,169,0.9602272727272727,בז''ב,1.5681818181818181,תירוש,,
18,"ניר ח""ן",11,198,,198,122,0.6161616161616161,בז''ב,1.606060606060606,ניר ח ן,,
18,חצבה,13,307,,308,177,0.5765472312703583,בז''ב,1.4039087947882736,חצבה,,
18,נועם,15,195,,198,184,0.9435897435897436,בז''ב,1.558974358974359,נועם,,
18,בית ניר,16,171,,171,49,0.28654970760233917,בז''ב,1.3801169590643274,בית ניר,,
18,שדה משה,18,248,,249,145,0.5846774193548387,בז''ב,1.3185483870967742,שדה משה,,
18,מקווה ישראל,22,124,,127,68,0.5483870967741935,בז''ב,1.5161290322580645,מקווה ישראל,,
18,אמציה,23,192,,192,175,0.9114583333333334,בז''ב,1.34375,אמציה,,
18,לכיש,24,332,,334,137,0.4126506024096386,בז''ב,1.2108433734939759,לכיש,,
18,ראש פינה,26,1310,,1323,815,0.6221374045801527,בז''ב,1.4916030534351146,ראש פינה,,
18,שדות מיכה,27,160,,162,116,0.725,בז''ב,1.575,שדות מיכה,,
18,מזכרת בתיה,28,4752,,4791,3284,0.6910774410774411,בז''ב,1.4114057239057238,מזכרת בתיה,,
18,יסוד המעלה,29,670,,678,441,0.6582089552238806,בז''ב,1.4761194029850746,יסוד המעלה,,
18,אופקים,31,10027,,10177,7410,0.7390046873441707,בז''ב,1.7267378079186197,אופקים,,
18,עוצם,32,255,,256,239,0.9372549019607843,בז''ב,1.4980392156862745,עוצם,,
18,בת שלמה,33,237,,239,152,0.6413502109704642,בז''ב,1.3924050632911393,בת שלמה,,
18,גדות,35,224,,225,96,0.42857142857142855,בז''ב,1.7544642857142858,גדות,,
18,שדה דוד,36,190,,192,163,0.8578947368421053,בז''ב,1.605263157894737,שדה דוד,,
18,איתן,37,193,,196,182,0.9430051813471503,בז''ב,1.4352331606217616,איתן,,
18,גפן,39,165,,167,146,0.8848484848484849,בז''ב,1.412121212121212,גפן,,
18,אליכין,41,1456,,1467,1198,0.8228021978021978,בז''ב,1.4292582417582418,אליכין,,
18,מטולה,43,769,,773,487,0.6332899869960988,בז''ב,1.5916775032509753,מטולה,,
18,זוהר,44,195,,197,167,0.8564102564102564,בז''ב,1.4564102564102563,זוהר,,
18,יבנאל,46,1363,,1379,1137,0.8341892883345561,בז''ב,1.4856933235509904,יבנאל,,
18,כפר תבור,47,1457,,1463,916,0.6286890871654084,בז''ב,1.421413864104324,כפר תבור,,
18,מנחמיה,48,522,,525,395,0.7567049808429118,בז''ב,1.706896551724138,מנחמיה,,
18,אילניה,49,256,,257,184,0.71875,בז''ב,1.5,אילניה,,
18,לוזית,52,134,,134,98,0.7313432835820896,בז''ב,1.7313432835820894,לוזית,,
18,עתלית,53,2443,,2475,1774,0.7261563651248465,בז''ב,1.5730659025787965,עתלית,,
18,נוגה,55,176,,176,99,0.5625,בז''ב,1.8011363636363635,נוגה,,
18,כנרת (קבוצה),57,392,,393,174,0.44387755102040816,בז''ב,1.4821428571428572,כנרת קבוצה,,
18,מצפה,58,91,,91,67,0.7362637362637363,בז''ב,1.4835164835164836,מצפה,,
18,נחושה,59,127,,127,117,0.9212598425196851,בז''ב,1.4015748031496063,נחושה,,
18,דגניה א',62,332,,334,140,0.42168674698795183,בז''ב,1.4698795180722892,דגניה א,,
18,כנרת (מושבה),63,279,,282,176,0.6308243727598566,בז''ב,1.4157706093189963,כנרת מושבה,,
18,"יד רמב""ם",64,485,,487,413,0.8515463917525773,בז''ב,1.4,יד רמב ם,,
18,מגדל,65,618,,619,507,0.8203883495145631,בז''ב,1.7087378640776698,מגדל,,
18,מרחביה (קיבוץ),66,408,,410,194,0.47549019607843135,בז''ב,1.4191176470588236,מרחביה קיבוץ,,
18,אור הנר,67,281,,283,155,0.5516014234875445,בז''ב,1.4483985765124556,אור הנר,,
18,ניר עוז,69,234,,235,101,0.43162393162393164,בז''ב,1.3461538461538463,ניר עוז,,
18,אשדוד,70,94776,,96363,63011,0.6648413100362961,בז''ב,1.6562948425761796,אשדוד,,
18,אשבול,71,149,,149,85,0.5704697986577181,בז''ב,1.436241610738255,אשבול,,
18,גן שמואל,72,607,,608,151,0.2487644151565074,בז''ב,1.3509060955518946,גן שמואל,,
18,עין הוד,74,236,,236,112,0.4745762711864407,בז''ב,1.4618644067796611,עין הוד,,
18,כפר גלעדי,76,345,,350,148,0.4289855072463768,בז''ב,1.617391304347826,כפר גלעדי,,
18,איילת השחר,77,534,,536,271,0.5074906367041199,בז''ב,1.4831460674157304,איילת השחר,,
18,קרית ענבים,78,207,,208,77,0.3719806763285024,בז''ב,1.3429951690821256,קרית ענבים,,
18,דגניה ב',79,306,,308,117,0.38235294117647056,בז''ב,1.4411764705882353,דגניה ב,,
18,נהלל,80,443,,445,271,0.6117381489841986,בז''ב,1.3702031602708804,נהלל,,
18,עין חרוד (מאוחד),82,473,,475,188,0.3974630021141649,בז''ב,1.4164904862579282,עין חרוד מאוחד,,
18,תל יוסף,84,249,,250,112,0.4497991967871486,בז''ב,1.4497991967871486,תל יוסף,,
18,כפר יחזקאל,85,436,,437,241,0.5527522935779816,בז''ב,1.2408256880733946,כפר יחזקאל,,
18,גבע,86,371,,371,140,0.37735849056603776,בז''ב,1.2857142857142858,גבע,,
18,עין חרוד (איחוד),89,384,,387,191,0.4973958333333333,בז''ב,1.4140625,עין חרוד איחוד,,
18,חפצי-בה,90,258,,259,88,0.34108527131782945,בז''ב,1.4767441860465116,חפצי בה,,
18,גיניגר,92,296,,299,104,0.35135135135135137,בז''ב,1.489864864864865,גיניגר,,
18,בלפוריה,94,176,,177,105,0.5965909090909091,בז''ב,1.3806818181818181,בלפוריה,,
18,בית אלפא,95,356,,358,103,0.2893258426966292,בז''ב,1.5084269662921348,בית אלפא,,
18,יגור,96,866,,871,254,0.29330254041570436,בז''ב,1.4122401847575057,יגור,,
18,מרחביה (מושב),97,387,,388,228,0.5891472868217055,בז''ב,1.2919896640826873,מרחביה מושב,,
18,"כפר מל""ל",98,222,,222,131,0.5900900900900901,בז''ב,1.2747747747747749,כפר מל ל,,
18,מצפה רמון,99,1840,,1889,1120,0.6086956521739131,בז''ב,1.8255434782608695,מצפה רמון,,
18,מאיר שפיה,102,40,,40,20,0.5,בז''ב,2.375,מאיר שפיה,,
18,תל עדשים,103,455,,460,289,0.6351648351648351,בז''ב,1.2307692307692308,תל עדשים,,
18,מזרע,104,465,,467,137,0.2946236559139785,בז''ב,1.4301075268817205,מזרע,,
18,כפר גדעון,106,99,,99,91,0.9191919191919192,בז''ב,1.4747474747474747,כפר גדעון,,
18,כפר סילבר,107,61,,61,36,0.5901639344262295,בז''ב,1.6065573770491803,כפר סילבר,,
18,כפר חסידים א',112,357,,363,283,0.7927170868347339,בז''ב,1.3557422969187676,כפר חסידים א,,
18,אדירים,113,153,,154,136,0.8888888888888888,בז''ב,1.2810457516339868,אדירים,,
18,חופית,115,512,,515,284,0.5546875,בז''ב,1.3515625,חופית,,
18,רמת ישי,122,3249,,3256,2206,0.6789781471221914,בז''ב,1.3755001538935057,רמת ישי,,
18,שריד,126,420,,422,158,0.3761904761904762,בז''ב,1.4952380952380953,שריד,,
18,רמת רחל,127,223,,226,110,0.49327354260089684,בז''ב,1.3946188340807175,רמת רחל,,
18,גת רימון,128,131,,133,84,0.6412213740458015,בז''ב,1.3587786259541985,גת רימון,,
18,משמר העמק,130,591,,592,204,0.34517766497461927,בז''ב,1.3553299492385786,משמר העמק,,
18,כפר ברוך,132,175,,177,119,0.68,בז''ב,1.4342857142857144,כפר ברוך,,
18,גבת,133,463,,465,181,0.39092872570194387,בז''ב,1.3174946004319654,גבת,,
18,יפעת,134,456,,461,156,0.34210526315789475,בז''ב,1.4517543859649122,יפעת,,
18,רמת דוד,135,236,,238,107,0.4533898305084746,בז''ב,1.6440677966101696,רמת דוד,,
18,עין שמר,139,410,,415,145,0.35365853658536583,בז''ב,1.4439024390243902,עין שמר,,
18,כפר יהושע,140,454,,457,222,0.4889867841409692,בז''ב,1.2378854625550662,כפר יהושע,,
18,ברק,141,165,,165,108,0.6545454545454545,בז''ב,1.5151515151515151,ברק,,
18,שדה יעקב,142,330,,330,286,0.8666666666666667,בז''ב,1.2181818181818183,שדה יעקב,,
18,בית זרע,143,377,,378,130,0.3448275862068966,בז''ב,1.509283819628647,בית זרע,,
18,גן שלמה,144,277,,278,119,0.4296028880866426,בז''ב,1.3285198555956679,גן שלמה,,
18,גדיש,145,172,,174,150,0.872093023255814,בז''ב,1.5406976744186047,גדיש,,
18,דבורה,146,141,,141,95,0.6737588652482269,בז''ב,1.6595744680851063,דבורה,,
18,גבעת ברנר,147,885,,894,271,0.30621468926553674,בז''ב,1.4824858757062147,גבעת ברנר,,
18,תל מונד,154,4852,,4890,3523,0.7260923330585326,בז''ב,1.3948887056883759,תל מונד,,
18,באר טוביה,155,456,,456,203,0.4451754385964912,בז''ב,1.2346491228070176,באר טוביה,,
18,עיינות,156,34,,34,15,0.4411764705882353,בז''ב,1.911764705882353,עיינות,,
18,עין ורד,157,650,,656,338,0.52,בז''ב,1.2584615384615385,עין ורד,,
18,נען,158,782,,788,279,0.3567774936061381,בז''ב,1.4028132992327367,נען,,
18,בית חנן,159,353,,355,212,0.6005665722379604,בז''ב,1.339943342776204,בית חנן,,
18,חולדה,160,210,,210,107,0.5095238095238095,בז''ב,1.3761904761904762,חולדה,,
18,חירות,162,652,,656,340,0.5214723926380368,בז''ב,1.187116564417178,חירות,,
18,תימורים,163,399,,399,252,0.631578947368421,בז''ב,1.3433583959899749,תימורים,,
18,מלאה,164,167,,167,142,0.8502994011976048,בז''ב,1.341317365269461,מלאה,,
18,ניר יפה,165,212,,213,139,0.6556603773584906,בז''ב,1.6132075471698113,ניר יפה,,
18,גן יבנה,166,7832,,7902,5865,0.7488508682328907,בז''ב,1.4194330949948928,גן יבנה,,
18,עין החורש,167,507,,507,116,0.22879684418145957,בז''ב,1.2899408284023668,עין החורש,,
18,כפר יונה,168,7039,,7117,5320,0.7557891745986646,בז''ב,1.5328881943457877,כפר יונה,,
18,כפר יעבץ,170,322,,328,281,0.8726708074534162,בז''ב,1.4223602484472049,כפר יעבץ,,
18,פרדסיה,171,3266,,3286,2400,0.7348438456827924,בז''ב,1.3570116350275567,פרדסיה,,
18,גבעת חיים (מאוחד),173,621,,624,236,0.38003220611916266,בז''ב,1.3735909822866346,גבעת חיים מאוחד,,
18,נטעים,174,301,,301,174,0.5780730897009967,בז''ב,1.26578073089701,נטעים,,
18,אביחיל,175,671,,675,361,0.5380029806259314,בז''ב,1.3174366616989568,אביחיל,,
18,אפיקים,176,678,,688,207,0.3053097345132743,בז''ב,1.491150442477876,אפיקים,,
18,"כפר ביל""ו",177,596,,601,309,0.5184563758389261,בז''ב,1.2802013422818792,כפר ביל ו,,
18,רמת יוחנן,178,467,,469,144,0.3083511777301927,בז''ב,1.4582441113490363,רמת יוחנן,,
18,אבן יהודה,182,5319,,5352,3612,0.6790750141003948,בז''ב,1.4115435232186502,אבן יהודה,,
18,ירקונה,183,202,,203,119,0.5891089108910891,בז''ב,1.2722772277227723,ירקונה,,
18,רמת הכובש,184,429,,430,190,0.4428904428904429,בז''ב,1.3496503496503496,רמת הכובש,,
18,נעורים,186,57,,58,38,0.6666666666666666,בז''ב,2.2280701754385963,נעורים,,
18,כפר הס,187,645,,647,329,0.5100775193798449,בז''ב,1.2790697674418605,כפר הס,,
18,אשדות יעקב  (מאוח,188,248,,248,92,0.3709677419354839,בז''ב,1.5685483870967742,אשדות יעקב מאוח,,
18,כפר פינס,189,259,,261,243,0.9382239382239382,בז''ב,1.1814671814671815,כפר פינס,,
18,כפר ויתקין,190,902,,906,472,0.5232815964523282,בז''ב,1.311529933481153,כפר ויתקין,,
18,הדר עם,191,293,,295,176,0.6006825938566553,בז''ב,1.3310580204778157,הדר עם,,
18,כפר החורש,192,295,,298,115,0.3898305084745763,בז''ב,1.3796610169491526,כפר החורש,,
18,כפר חיים,193,316,,318,159,0.5031645569620253,בז''ב,1.3069620253164558,כפר חיים,,
18,משמר השרון,194,289,,291,58,0.20069204152249134,בז''ב,1.5397923875432526,משמר השרון,,
18,קדימה-צורן,195,7541,,7615,5381,0.7135658400742607,בז''ב,1.4090969367457897,קדימה צורן,,
18,גיבתון,196,173,,173,92,0.5317919075144508,בז''ב,1.277456647398844,גיבתון,,
18,מעברות,197,549,,554,182,0.331511839708561,בז''ב,1.313296903460838,מעברות,,
18,צופית,198,548,,550,283,0.5164233576642335,בז''ב,1.2664233576642336,צופית,,
18,אשדות יעקב  (איחו,199,320,,322,150,0.46875,בז''ב,1.45,אשדות יעקב איחו,,
18,בית ינאי,200,186,,190,99,0.532258064516129,בז''ב,1.510752688172043,בית ינאי,,
18,בית עובד,202,191,,192,105,0.5497382198952879,בז''ב,1.356020942408377,בית עובד,,
18,אלישיב,204,299,,305,267,0.8929765886287625,בז''ב,1.294314381270903,אלישיב,,
18,חגלה,205,324,,327,142,0.4382716049382716,בז''ב,1.2067901234567902,חגלה,,
18,רמות השבים,206,690,,696,423,0.6130434782608696,בז''ב,1.3347826086956522,רמות השבים,,
18,"גבעת ח""ן",207,243,,243,127,0.522633744855967,בז''ב,1.2674897119341564,גבעת ח ן,,
18,מוצא עילית,208,409,,411,198,0.4841075794621027,בז''ב,1.528117359413203,מוצא עילית,,
18,משמרות,213,177,,178,70,0.3954802259887006,בז''ב,1.3502824858757063,משמרות,,
18,"כפר הרא""ה",217,498,,499,458,0.9196787148594378,בז''ב,1.2108433734939759,כפר הרא ה,,
18,גני עם,218,151,,151,91,0.6026490066225165,בז''ב,1.2384105960264902,גני עם,,
18,חיבת ציון,219,294,,295,187,0.6360544217687075,בז''ב,1.2789115646258504,חיבת ציון,,
18,כפר ביאליק,220,277,,278,152,0.5487364620938628,בז''ב,1.483754512635379,כפר ביאליק,,
18,עין עירון,223,247,,248,151,0.611336032388664,בז''ב,1.3522267206477734,עין עירון,,
18,שושנת העמקים (רסק,224,261,,267,213,0.8160919540229885,בז''ב,1.7011494252873562,שושנת העמקים רסק,,
18,גן השומרון,225,372,,375,222,0.5967741935483871,בז''ב,1.3844086021505377,גן השומרון,,
18,גני תקווה,229,6925,,6982,5166,0.7459927797833935,בז''ב,1.4005776173285198,גני תקווה,,
18,מעש,230,477,,479,309,0.6477987421383647,בז''ב,1.2955974842767295,מעש,,
18,שפיים,232,617,,618,235,0.38087520259319285,בז''ב,1.320907617504052,שפיים,,
18,כפר ידידיה,233,355,,357,179,0.504225352112676,בז''ב,1.236619718309859,כפר ידידיה,,
18,ביצרון,234,576,,577,375,0.6510416666666666,בז''ב,1.2465277777777777,ביצרון,,
18,חבצלת השרון,235,232,,233,137,0.5905172413793104,בז''ב,1.4525862068965518,חבצלת השרון,,
18,שער העמקים,237,404,,408,127,0.31435643564356436,בז''ב,1.3267326732673268,שער העמקים,,
18,גן חיים,239,391,,393,193,0.4936061381074169,בז''ב,1.2634271099744245,גן חיים,,
18,יקנעם עילית,240,8724,,8847,5883,0.6743466299862448,בז''ב,1.5494039431453461,יקנעם עילית,,
18,יקנעם (מושבה),241,675,,678,401,0.5940740740740741,בז''ב,1.3496296296296297,יקנעם מושבה,,
18,בית השיטה,242,623,,625,187,0.3001605136436597,בז''ב,1.4606741573033708,בית השיטה,,
18,נתיבות,246,10891,,11034,8900,0.8171885042695803,בז''ב,1.5122578275640437,נתיבות,,
18,רשפון,247,588,,590,348,0.5918367346938775,בז''ב,1.3282312925170068,רשפון,,
18,בית שערים,248,376,,379,207,0.550531914893617,בז''ב,1.3324468085106382,בית שערים,,
18,כפר סירקין,249,597,,600,403,0.6750418760469011,בז''ב,1.2663316582914572,כפר סירקין,,
18,הזורע,250,580,,583,260,0.4482758620689655,בז''ב,1.4948275862068965,הזורע,,
18,ביתן אהרן,252,90,,90,54,0.6,בז''ב,1.5444444444444445,ביתן אהרן,,
18,חולתה,253,267,,270,95,0.35580524344569286,בז''ב,1.3745318352059925,חולתה,,
18,כפר המכבי,254,177,,177,87,0.4915254237288136,בז''ב,1.4915254237288136,כפר המכבי,,
18,כפר חיטים,255,264,,265,158,0.5984848484848485,בז''ב,1.4772727272727273,כפר חיטים,,
18,ניר דוד (תל עמל),256,401,,404,148,0.3690773067331671,בז''ב,1.341645885286783,ניר דוד תל עמל,,
18,נופך,257,188,,188,160,0.851063829787234,בז''ב,1.3670212765957446,נופך,,
18,שדה נחום,259,165,,165,92,0.5575757575757576,בז''ב,1.5212121212121212,שדה נחום,,
18,גינוסר,262,287,,288,164,0.5714285714285714,בז''ב,1.602787456445993,גינוסר,,
18,מסדה,263,155,,155,65,0.41935483870967744,בז''ב,1.5483870967741935,מסדה,,
18,שער הגולן,264,369,,369,148,0.4010840108401084,בז''ב,1.3577235772357723,שער הגולן,,
18,בית יוסף,265,172,,172,135,0.7848837209302325,בז''ב,1.686046511627907,בית יוסף,,
18,כפר שמריהו,267,1072,,1085,717,0.6688432835820896,בז''ב,1.5326492537313432,כפר שמריהו,,
18,טירת צבי,268,389,,391,332,0.8534704370179949,בז''ב,1.2853470437017995,טירת צבי,,
18,מולדת,269,471,,472,268,0.5690021231422505,בז''ב,1.335456475583864,מולדת,,
18,עין השופט,270,487,,492,146,0.2997946611909651,בז''ב,1.5831622176591376,עין השופט,,
18,מעוז חיים,272,283,,283,98,0.3462897526501767,בז''ב,1.547703180212014,מעוז חיים,,
18,עין גב,273,293,,295,151,0.515358361774744,בז''ב,1.5255972696245734,עין גב,,
18,כפר מנחם,274,452,,455,148,0.3274336283185841,בז''ב,1.3893805309734513,כפר מנחם,,
18,צור משה,276,1167,,1176,729,0.6246786632390745,בז''ב,1.2527849185946873,צור משה,,
18,אושה,278,211,,212,83,0.3933649289099526,בז''ב,1.5355450236966826,אושה,,
18,חניתה,280,331,,333,130,0.39274924471299094,בז''ב,1.6586102719033233,חניתה,,
18,פקיעין חדשה,281,170,,171,113,0.6647058823529411,בז''ב,1.4411764705882353,פקיעין חדשה,,
18,שבי ציון,282,441,,443,298,0.6757369614512472,בז''ב,1.473922902494331,שבי ציון,,
18,שדה ורבורג,284,593,,598,364,0.6138279932546374,בז''ב,1.3035413153456998,שדה ורבורג,,
18,אלונים,285,346,,350,141,0.407514450867052,בז''ב,1.4450867052023122,אלונים,,
18,מעלה החמישה,286,233,,235,105,0.45064377682403434,בז''ב,1.7124463519313304,מעלה החמישה,,
18,תל יצחק,287,501,,520,318,0.6347305389221557,בז''ב,1.2654690618762474,תל יצחק,,
18,בית יהושע,288,476,,477,317,0.6659663865546218,בז''ב,1.2352941176470589,בית יהושע,,
18,עין המפרץ,289,469,,469,139,0.29637526652452023,בז''ב,1.3646055437100213,עין המפרץ,,
18,מעין צבי,290,359,,364,155,0.43175487465181056,בז''ב,1.501392757660167,מעין צבי,,
18,שרונה,292,299,,304,175,0.5852842809364549,בז''ב,1.3110367892976589,שרונה,,
18,שדה יואב,293,151,,153,64,0.423841059602649,בז''ב,1.4105960264900663,שדה יואב,,
18,אילון,294,550,,555,207,0.37636363636363634,בז''ב,1.3072727272727274,אילון,,
18,כפר רופין,295,267,,267,96,0.3595505617977528,בז''ב,1.4794007490636705,כפר רופין,,
18,נווה איתן,296,141,,141,58,0.41134751773049644,בז''ב,1.524822695035461,נווה איתן,,
18,כפר מסריק,297,373,,373,109,0.29222520107238603,בז''ב,1.3136729222520107,כפר מסריק,,
18,מסילות,298,296,,296,112,0.3783783783783784,בז''ב,1.6452702702702702,מסילות,,
18,דליה,300,478,,482,153,0.3200836820083682,בז''ב,1.397489539748954,דליה,,
18,בית עוזיאל,301,251,,254,188,0.749003984063745,בז''ב,1.4940239043824701,בית עוזיאל,,
18,דפנה,302,393,,400,188,0.47837150127226463,בז''ב,1.3893129770992367,דפנה,,
18,דן,303,300,,300,102,0.34,בז''ב,1.4166666666666667,דן,,
18,שדה אליהו,304,367,,369,328,0.8937329700272479,בז''ב,1.4959128065395095,שדה אליהו,,
18,גשר,305,301,,302,103,0.34219269102990035,בז''ב,1.5083056478405317,גשר,,
18,שדמות דבורה,306,274,,276,153,0.5583941605839416,בז''ב,1.364963503649635,שדמות דבורה,,
18,הזורעים,307,307,,308,289,0.9413680781758957,בז''ב,1.296416938110749,הזורעים,,
18,מחניים,308,223,,226,77,0.3452914798206278,בז''ב,1.493273542600897,מחניים,,
18,נהורה,309,517,,524,415,0.8027079303675049,בז''ב,1.4990328820116054,נהורה,,
18,כפר גליקסון,310,188,,189,89,0.4734042553191489,בז''ב,1.4414893617021276,כפר גליקסון,,
18,גן שורק,311,160,,161,98,0.6125,בז''ב,1.41875,גן שורק,,
18,נווה ים,312,127,,128,88,0.6929133858267716,בז''ב,1.3779527559055118,נווה ים,,
18,אפק,313,280,,281,109,0.3892857142857143,בז''ב,1.4142857142857144,אפק,,
18,נגבה,315,337,,339,131,0.3887240356083086,בז''ב,1.5074183976261128,נגבה,,
18,כפר נטר,316,480,,484,305,0.6354166666666666,בז''ב,1.23125,כפר נטר,,
18,בית אורן,317,157,,157,70,0.445859872611465,בז''ב,1.7070063694267517,בית אורן,,
18,עמיעוז,318,125,,129,84,0.672,בז''ב,1.64,עמיעוז,,
18,עמיר,319,336,,338,99,0.29464285714285715,בז''ב,1.4375,עמיר,,
18,כפר ורבורג,320,504,,505,303,0.6011904761904762,בז''ב,1.2797619047619047,כפר ורבורג,,
18,בית הלל,322,295,,297,172,0.5830508474576271,בז''ב,1.505084745762712,בית הלל,,
18,שאר ישוב,324,196,,198,127,0.6479591836734694,בז''ב,1.4744897959183674,שאר ישוב,,
18,מצובה,325,309,,311,142,0.459546925566343,בז''ב,1.5695792880258899,מצובה,,
18,בית יצחק-שער חפר,326,1102,,1106,639,0.5798548094373865,בז''ב,1.2867513611615244,בית יצחק שער חפר,,
18,שדות ים,327,437,,439,201,0.459954233409611,בז''ב,1.3295194508009154,שדות ים,,
18,שדה נחמיה,329,311,,311,149,0.4790996784565916,בז''ב,1.4244372990353698,שדה נחמיה,,
18,אלומות,330,137,,137,54,0.39416058394160586,בז''ב,1.635036496350365,אלומות,,
18,ניר צבי,331,649,,656,411,0.6332819722650231,בז''ב,1.2573189522342065,ניר צבי,,
18,קבוצת יבנה,334,423,,424,347,0.8203309692671394,בז''ב,1.4066193853427895,קבוצת יבנה,,
18,רמת השופט,335,362,,364,131,0.36187845303867405,בז''ב,1.5248618784530388,רמת השופט,,
18,דורות,336,314,,317,170,0.5414012738853503,בז''ב,1.4968152866242037,דורות,,
18,איבים,338,18,,18,18,1.0,בז''ב,7.555555555555555,איבים,,
18,רמת צבי,339,253,,254,130,0.5138339920948617,בז''ב,1.3675889328063242,רמת צבי,,
18,גת (קיבוץ),340,253,,256,96,0.3794466403162055,בז''ב,1.5296442687747036,גת קיבוץ,,
18,גברעם,342,185,,186,91,0.4918918918918919,בז''ב,1.4108108108108108,גברעם,,
18,חמדיה,343,192,,196,89,0.4635416666666667,בז''ב,1.5052083333333333,חמדיה,,
18,מענית,344,340,,342,124,0.36470588235294116,בז''ב,1.3352941176470587,מענית,,
18,כפר סאלד,345,282,,285,93,0.32978723404255317,בז''ב,1.49645390070922,כפר סאלד,,
18,גליל ים,346,212,,213,80,0.37735849056603776,בז''ב,1.3396226415094339,גליל ים,,
18,מנרה,347,123,,125,37,0.3008130081300813,בז''ב,1.6260162601626016,מנרה,,
18,ניר עם,348,189,,190,88,0.4656084656084656,בז''ב,1.6984126984126984,ניר עם,,
18,ניצן,351,193,,193,169,0.8756476683937824,בז''ב,1.3523316062176165,ניצן,,
18,גבולות,352,145,,146,47,0.32413793103448274,בז''ב,1.7586206896551724,גבולות,,
18,רביבים,354,399,,401,141,0.3533834586466165,בז''ב,1.6491228070175439,רביבים,,
18,חורשים,355,159,,159,62,0.389937106918239,בז''ב,1.5723270440251573,חורשים,,
18,הגושרים,356,344,,347,148,0.43023255813953487,בז''ב,1.441860465116279,הגושרים,,
18,כפר בלום,357,356,,359,163,0.45786516853932585,בז''ב,1.6095505617977528,כפר בלום,,
18,יד מרדכי,358,403,,405,151,0.3746898263027295,בז''ב,1.6054590570719602,יד מרדכי,,
18,ניצנים,359,255,,258,137,0.5372549019607843,בז''ב,1.423529411764706,ניצנים,,
18,"גבעת ניל""י",360,234,,237,173,0.7393162393162394,בז''ב,1.3803418803418803,גבעת ניל י,,
18,רוחמה,362,297,,299,111,0.37373737373737376,בז''ב,1.5016835016835017,רוחמה,,
18,חפץ חיים,363,240,,240,232,0.9666666666666667,בז''ב,1.1958333333333333,חפץ חיים,,
18,כפר אוריה,364,236,,238,149,0.6313559322033898,בז''ב,1.3432203389830508,כפר אוריה,,
18,בית קשת,365,183,,185,73,0.3989071038251366,בז''ב,1.5628415300546448,בית קשת,,
18,שמיר,366,393,,393,148,0.37659033078880405,בז''ב,1.491094147582697,שמיר,,
18,עין העמק,367,322,,323,236,0.7329192546583851,בז''ב,1.4937888198757765,עין העמק,,
18,ביריה,368,335,,336,280,0.835820895522388,בז''ב,1.4955223880597015,ביריה,,
18,גלעד (אבן יצחק),369,238,,240,110,0.46218487394957986,בז''ב,1.4369747899159664,גלעד אבן יצחק,,
18,גזר,370,159,,159,73,0.4591194968553459,בז''ב,2.069182389937107,גזר,,
18,רמות נפתלי,372,255,,255,129,0.5058823529411764,בז''ב,1.4666666666666666,רמות נפתלי,,
18,בית הלוי,373,331,,333,180,0.5438066465256798,בז''ב,1.3081570996978853,בית הלוי,,
18,חוקוק,374,188,,189,54,0.2872340425531915,בז''ב,1.7340425531914894,חוקוק,,
18,מגל,375,403,,404,220,0.5459057071960298,בז''ב,1.2406947890818858,מגל,,
18,עברון,376,457,,461,94,0.20568927789934355,בז''ב,1.3260393873085339,עברון,,
18,המעפיל,377,316,,320,118,0.37341772151898733,בז''ב,1.4272151898734178,המעפיל,,
18,משגב עם,378,125,,125,37,0.296,בז''ב,1.616,משגב עם,,
18,גאולים,379,412,,416,282,0.6844660194174758,בז''ב,1.424757281553398,גאולים,,
18,להבות הבשן,380,299,,303,100,0.33444816053511706,בז''ב,1.4682274247491638,להבות הבשן,,
18,מכמורת,382,659,,661,343,0.5204855842185129,בז''ב,1.4962063732928679,מכמורת,,
18,"עין הנצי""ב",383,324,,325,282,0.8703703703703703,בז''ב,1.2932098765432098,עין הנצי ב,,
18,עמיעד,385,278,,278,142,0.5107913669064749,בז''ב,1.70863309352518,עמיעד,,
18,בני דרור,386,715,,724,457,0.6391608391608392,בז''ב,1.3748251748251747,בני דרור,,
18,כפר מונש,387,464,,471,268,0.5775862068965517,בז''ב,1.3448275862068966,כפר מונש,,
18,כפר קיש,388,181,,182,106,0.585635359116022,בז''ב,1.4640883977900552,כפר קיש,,
18,בצרה,389,491,,491,302,0.615071283095723,בז''ב,1.3034623217922607,בצרה,,
18,רגבה,390,522,,526,280,0.5363984674329502,בז''ב,1.339080459770115,רגבה,,
18,גלאון,393,245,,247,61,0.24897959183673468,בז''ב,1.473469387755102,גלאון,,
18,שובל,394,373,,378,143,0.38337801608579086,בז''ב,1.5067024128686326,שובל,,
18,משמר הנגב,395,392,,392,151,0.3852040816326531,בז''ב,1.6887755102040816,משמר הנגב,,
18,נבטים,396,349,,353,198,0.5673352435530086,בז''ב,1.4355300859598854,נבטים,,
18,חצרים,397,531,,533,225,0.423728813559322,בז''ב,1.3728813559322033,חצרים,,
18,שרשרת,398,143,,145,129,0.9020979020979021,בז''ב,1.5664335664335665,שרשרת,,
18,בארי,399,578,,583,145,0.2508650519031142,בז''ב,1.3096885813148789,בארי,,
18,אבן שמואל,400,264,,264,257,0.9734848484848485,בז''ב,1.246212121212121,אבן שמואל,,
18,ניר יצחק,402,356,,356,81,0.22752808988764045,בז''ב,1.4410112359550562,ניר יצחק,,
18,אורים,403,246,,247,95,0.3861788617886179,בז''ב,1.670731707317073,אורים,,
18,נווה אילן,405,192,,194,110,0.5729166666666666,בז''ב,1.7552083333333333,נווה אילן,,
18,חצור-אשדוד,406,423,,425,133,0.3144208037825059,בז''ב,1.425531914893617,חצור אשדוד,,
18,דברת,407,161,,161,82,0.5093167701863354,בז''ב,1.5403726708074534,דברת,,
18,נאות מרדכי,408,314,,314,128,0.40764331210191085,בז''ב,1.4617834394904459,נאות מרדכי,,
18,יחיעם,409,257,,258,84,0.32684824902723736,בז''ב,1.4630350194552528,יחיעם,,
18,צאלים,413,247,,252,91,0.3684210526315789,בז''ב,1.48582995951417,צאלים,,
18,קלחים,414,147,,147,90,0.6122448979591837,בז''ב,1.489795918367347,קלחים,,
18,שוקדה,415,125,,125,113,0.904,בז''ב,1.464,שוקדה,,
18,מעין ברוך,416,219,,219,84,0.3835616438356164,בז''ב,1.54337899543379,מעין ברוך,,
18,יקום,417,376,,379,115,0.3058510638297872,בז''ב,1.3058510638297873,יקום,,
18,בני ציון,418,525,,526,357,0.68,בז''ב,1.262857142857143,בני ציון,,
18,סעד,419,424,,424,332,0.7830188679245284,בז''ב,1.25,סעד,,
18,משאבי שדה,421,301,,302,113,0.3754152823920266,בז''ב,1.5282392026578073,משאבי שדה,,
18,חרב לאת,422,349,,353,234,0.670487106017192,בז''ב,1.2893982808022924,חרב לאת,,
18,העוגן,423,400,,404,145,0.3625,בז''ב,1.4125,העוגן,,
18,גבים,424,209,,212,79,0.37799043062200954,בז''ב,1.3349282296650717,גבים,,
18,משמרת,425,430,,434,243,0.5651162790697675,בז''ב,1.2348837209302326,משמרת,,
18,עין כרמל,426,262,,264,80,0.3053435114503817,בז''ב,1.3511450381679388,עין כרמל,,
18,כפר גלים,427,49,,50,27,0.5510204081632653,בז''ב,1.6122448979591837,כפר גלים,,
18,ברור חיל,428,294,,296,126,0.42857142857142855,בז''ב,1.6904761904761905,ברור חיל,,
18,אלוני אבא,429,344,,347,199,0.5784883720930233,בז''ב,1.194767441860465,אלוני אבא,,
18,בית לחם הגלילית,430,388,,390,234,0.6030927835051546,בז''ב,1.327319587628866,בית לחם הגלילית,,
18,דלתון,431,344,,349,304,0.8837209302325582,בז''ב,1.5901162790697674,דלתון,,
18,שמרת,432,255,,255,62,0.24313725490196078,בז''ב,1.407843137254902,שמרת,,
18,נחשולים,433,277,,280,138,0.4981949458483754,בז''ב,1.3465703971119134,נחשולים,,
18,החותרים,434,331,,335,137,0.41389728096676737,בז''ב,1.404833836858006,החותרים,,
18,נצר סרני,435,420,,421,143,0.3404761904761905,בז''ב,1.3571428571428572,נצר סרני,,
18,עין דור,436,403,,404,158,0.3920595533498759,בז''ב,1.7320099255583126,עין דור,,
18,רשפים,437,269,,270,79,0.2936802973977695,בז''ב,1.3271375464684014,רשפים,,
18,שלוחות,439,264,,265,226,0.8560606060606061,בז''ב,1.4621212121212122,שלוחות,,
18,יסודות,440,231,,236,227,0.9826839826839827,בז''ב,1.103896103896104,יסודות,,
18,גדעונה,442,100,,100,83,0.83,בז''ב,1.62,גדעונה,,
18,כפר הנשיא,443,341,,342,144,0.4222873900293255,בז''ב,1.8093841642228738,כפר הנשיא,,
18,רגבים,444,207,,209,90,0.43478260869565216,בז''ב,1.6618357487922706,רגבים,,
18,רמות מנשה,445,442,,446,166,0.3755656108597285,בז''ב,1.3506787330316743,רמות מנשה,,
18,אודים,446,466,,467,309,0.6630901287553648,בז''ב,1.2875536480686696,אודים,,
18,נורדיה,447,1120,,1128,798,0.7125,בז''ב,1.375,נורדיה,,
18,בני עטרות,448,399,,399,231,0.5789473684210527,בז''ב,1.1904761904761905,בני עטרות,,
18,נחלים,449,657,,664,637,0.969558599695586,בז''ב,1.1613394216133943,נחלים,,
18,בארות יצחק,450,261,,261,227,0.8697318007662835,בז''ב,1.4137931034482758,בארות יצחק,,
18,יזרעאל,452,334,,339,161,0.4820359281437126,בז''ב,1.6796407185628743,יזרעאל,,
18,יפתח,453,290,,290,135,0.46551724137931033,בז''ב,1.796551724137931,יפתח,,
18,סער,454,241,,241,81,0.3360995850622407,בז''ב,1.5809128630705394,סער,,
18,שורש,456,349,,352,203,0.5816618911174785,בז''ב,1.3868194842406876,שורש,,
18,גזית,457,408,,408,142,0.3480392156862745,בז''ב,1.3774509803921569,גזית,,
18,רמת רזיאל,460,273,,273,146,0.5347985347985348,בז''ב,1.326007326007326,רמת רזיאל,,
18,טל שחר,462,442,,445,238,0.5384615384615384,בז''ב,1.3031674208144797,טל שחר,,
18,געתון,463,266,,269,82,0.3082706766917293,בז''ב,1.593984962406015,געתון,,
18,הראל,464,60,,62,11,0.18333333333333332,בז''ב,2.45,הראל,,
18,צובה,465,372,,373,102,0.27419354838709675,בז''ב,1.4381720430107527,צובה,,
18,בית דגן,466,3007,,3042,2479,0.8244097106750915,בז''ב,1.4512803458596608,בית דגן,,
18,קרית עקרון,469,4397,,4471,3358,0.7637025244484876,בז''ב,1.66863770752786,קרית עקרון,,
18,אבו גוש,472,1503,,1553,195,0.12974051896207583,בז''ב,2.3127079174983365,אבו גוש,,
18,אבו סנאן,473,4111,,4203,725,0.1763561177329117,בז''ב,1.7385064461201654,אבו סנאן,,
18,דחי,475,137,,143,3,0.021897810218978103,בז''ב,2.591240875912409,דחי,,
18,אכסאל,478,2718,,2766,53,0.01949963208241354,בז''ב,2.4852832965415748,אכסאל,,
18,בית ג'ן,480,4678,,4710,2050,0.43822146216331764,בז''ב,1.4151346729371526,בית ג ן,,
18,מגאר,481,4252,,4365,1143,0.26881467544684856,בז''ב,2.791157102539981,מגאר,,
18,בועיינה-נוג'ידאת,482,2463,,2516,70,0.028420625253755584,בז''ב,1.8160779537149818,בועיינה נוג ידאת,,
18,ג'ולס,485,1862,,1876,1027,0.5515574650912997,בז''ב,1.9194414607948442,ג ולס,,
18,ג'ש (גוש חלב),487,705,,729,136,0.19290780141843972,בז''ב,2.8978723404255318,ג ש גוש חלב,,
18,דבוריה,489,3221,,3254,42,0.013039428748835765,בז''ב,1.5945358584290592,דבוריה,,
18,דייר חנא,492,3991,,4001,158,0.039589075419694315,בז''ב,1.3575544976196443,דייר חנא,,
18,עיר כרמל,494,7630,,7735,3319,0.43499344692005243,בז''ב,2.261205766710354,עיר כרמל,,
18,חורפיש,496,2301,,2325,590,0.2564102564102564,בז''ב,1.4793568013906997,חורפיש,,
18,טייבה (בעמק),497,614,,621,9,0.014657980456026058,בז''ב,1.3794788273615635,טייבה בעמק,,
18,טורעאן,498,3843,,3904,183,0.047619047619047616,בז''ב,1.7639864689045017,טורעאן,,
18,יפיע,499,4274,,4355,207,0.04843238184370613,בז''ב,2.2751520823584466,יפיע,,
18,ירכא,502,5062,,5176,2183,0.4312524693796918,בז''ב,1.5294350059265112,ירכא,,
18,כאבול,504,4605,,4639,27,0.005863192182410423,בז''ב,1.2549402823018458,כאבול,,
18,כאוכב אבו אל-היג',505,1463,,1478,9,0.006151742993848257,בז''ב,1.299384825700615,כאוכב אבו אל היג,,
18,כפר יאסיף,507,4053,,4115,116,0.028620774734764372,בז''ב,1.5141870219590428,כפר יאסיף,,
18,כפר כמא,508,499,,535,223,0.4468937875751503,בז''ב,4.138276553106213,כפר כמא,,
18,כפר כנא,509,5897,,5964,197,0.03340681702560624,בז''ב,1.7413939291165,כפר כנא,,
18,כפר מנדא,510,5458,,5607,651,0.11927445950897765,בז''ב,1.507695126419934,כפר מנדא,,
18,עילוט,511,1470,,1515,91,0.06190476190476191,בז''ב,2.4870748299319727,עילוט,,
18,כפר מצר,512,563,,580,105,0.18650088809946713,בז''ב,2.2841918294849024,כפר מצר,,
18,עין ראפה,514,189,,194,7,0.037037037037037035,בז''ב,2.3703703703703702,עין ראפה,,
18,שגור,516,12748,,12834,389,0.030514590524003765,בז''ב,1.3659397552557264,שגור,,
18,מזרעה,517,1263,,1284,35,0.027711797307996833,בז''ב,1.7688044338875692,מזרעה,,
18,מעיליא,518,1313,,1344,187,0.14242193450114243,בז''ב,1.6115765422696116,מעיליא,,
18,משהד,520,1987,,2010,85,0.042778057372924005,בז''ב,2.007549068948163,משהד,,
18,עין נקובא,521,385,,436,15,0.03896103896103896,בז''ב,2.6623376623376624,עין נקובא,,
18,נחף,522,4093,,4116,296,0.07231859271927682,בז''ב,1.4339115563156608,נחף,,
18,ניין,523,530,,545,18,0.033962264150943396,בז''ב,1.7830188679245282,ניין,,
18,נאעורה,524,592,,596,5,0.008445945945945946,בז''ב,1.7905405405405406,נאעורה,,
18,סאג'ור,525,1261,,1272,554,0.4393338620142744,בז''ב,1.7739888977002378,סאג ור,,
18,סולם,526,944,,954,54,0.057203389830508475,בז''ב,1.6239406779661016,סולם,,
18,שזור,527,154,,156,83,0.538961038961039,בז''ב,1.5714285714285714,שזור,,
18,עוזייר,528,448,,456,29,0.06473214285714286,בז''ב,2.970982142857143,עוזייר,,
18,אעבלין,529,4242,,4309,258,0.06082036775106082,בז''ב,1.613154172560113,אעבלין,,
18,עיילבון,530,2319,,2344,176,0.07589478223372143,בז''ב,1.3846485554118155,עיילבון,,
18,עראבה,531,7719,,7728,115,0.014898302888975257,בז''ב,1.5066718486850628,עראבה,,
18,עין מאהל,532,3538,,3562,106,0.029960429621254947,בז''ב,1.8015828151498021,עין מאהל,,
18,פסוטה,535,800,,807,255,0.31875,בז''ב,2.735,פסוטה,,
18,פקיעין (בוקייעה),536,2154,,2179,269,0.12488393686165274,בז''ב,1.6188486536675952,פקיעין בוקייעה,,
18,פוריידיס,537,2508,,2524,419,0.16706539074960128,בז''ב,2.5566188197767143,פוריידיס,,
18,שעב,538,2194,,2215,141,0.06426618049225159,בז''ב,1.5998176845943481,שעב,,
18,רומאנה,539,403,,403,3,0.007444168734491315,בז''ב,1.1563275434243176,רומאנה,,
18,ריחאניה,540,441,,453,77,0.1746031746031746,בז''ב,1.7346938775510203,ריחאניה,,
18,ג'סר א-זרקא,541,1418,,1437,31,0.021861777150916785,בז''ב,4.550775740479549,ג סר א זרקא,,
18,ריינה,542,3898,,3973,207,0.05310415597742432,בז''ב,2.2047203694202153,ריינה,,
18,ראמה,543,2560,,2626,482,0.18828125,בז''ב,2.079296875,ראמה,,
18,עין אל-אסד,546,233,,235,97,0.41630901287553645,בז''ב,2.218884120171674,עין אל אסד,,
18,טמרה (יזרעאל),547,504,,508,52,0.10317460317460317,בז''ב,1.4702380952380953,טמרה יזרעאל,,
18,גנות הדר,549,403,,404,294,0.7295285359801489,בז''ב,1.2531017369727047,גנות הדר,,
18,ניר בנים,553,345,,346,199,0.5768115942028985,בז''ב,1.336231884057971,ניר בנים,,
18,שדמה,555,214,,217,131,0.6121495327102804,בז''ב,1.4345794392523366,שדמה,,
18,בוסתן הגליל,559,282,,284,160,0.5673758865248227,בז''ב,1.3794326241134751,בוסתן הגליל,,
18,בית אלעזרי,562,643,,646,442,0.687402799377916,בז''ב,1.3670295489891136,בית אלעזרי,,
18,משמר דוד,563,88,,88,50,0.5681818181818182,בז''ב,1.5454545454545454,משמר דוד,,
18,רבדים,564,271,,271,84,0.30996309963099633,בז''ב,1.4612546125461254,רבדים,,
18,אזור,565,5206,,5293,3698,0.7103342297349212,בז''ב,1.6208221283134845,אזור,,
18,צרעה,567,503,,512,194,0.3856858846918489,בז''ב,1.588469184890656,צרעה,,
18,מעונה,570,344,,345,197,0.5726744186046512,בז''ב,1.3343023255813953,מעונה,,
18,בית גמליאל,571,507,,512,464,0.9151873767258383,בז''ב,1.3057199211045365,בית גמליאל,,
18,בית העמק,572,311,,315,83,0.26688102893890675,בז''ב,1.495176848874598,בית העמק,,
18,מבקיעים,573,158,,158,115,0.7278481012658228,בז''ב,1.5126582278481013,מבקיעים,,
18,גשר הזיו,574,632,,632,339,0.5363924050632911,בז''ב,1.4272151898734178,גשר הזיו,,
18,יסעור,575,193,,193,74,0.38341968911917096,בז''ב,1.6321243523316062,יסעור,,
18,כברי,576,524,,526,163,0.3110687022900763,בז''ב,1.3854961832061068,כברי,,
18,יד בנימין,577,979,,981,957,0.9775280898876404,בז''ב,1.13585291113381,יד בנימין,,
18,סאסא,578,283,,283,112,0.3957597173144876,בז''ב,1.4911660777385158,סאסא,,
18,כפר ראש הנקרה,579,514,,515,245,0.4766536964980545,בז''ב,1.4202334630350195,כפר ראש הנקרה,,
18,"כרם מהר""ל",580,373,,374,199,0.5335120643431636,בז''ב,1.2546916890080428,כרם מהר ל,,
18,כפר הנגיד,582,512,,513,341,0.666015625,בז''ב,1.375,כפר הנגיד,,
18,זיקים,584,245,,245,124,0.5061224489795918,בז''ב,1.6938775510204083,זיקים,,
18,לביא,585,396,,399,368,0.9292929292929293,בז''ב,1.27020202020202,לביא,,
18,מגידו,586,331,,332,163,0.49244712990936557,בז''ב,1.2507552870090635,מגידו,,
18,סביון,587,2062,,2081,1344,0.6517943743937924,בז''ב,1.4864209505334627,סביון,,
18,בני ראם,588,521,,526,493,0.946257197696737,בז''ב,1.3128598848368522,בני ראם,,
18,בצת,589,198,,200,127,0.6414141414141414,בז''ב,1.404040404040404,בצת,,
18,נווה אור,590,211,,211,79,0.3744075829383886,בז''ב,1.4928909952606635,נווה אור,,
18,עשרת,591,645,,651,407,0.6310077519379845,בז''ב,1.2852713178294575,עשרת,,
18,בני דרום,592,253,,253,238,0.9407114624505929,בז''ב,1.1699604743083003,בני דרום,,
18,ערוגות,593,433,,435,269,0.6212471131639723,בז''ב,1.2909930715935334,ערוגות,,
18,צפריה,594,281,,283,257,0.9145907473309609,בז''ב,1.2241992882562278,צפריה,,
18,לוחמי הגיטאות,595,293,,296,110,0.37542662116040953,בז''ב,1.4573378839590443,לוחמי הגיטאות,,
18,מלכיה,596,239,,240,94,0.39330543933054396,בז''ב,1.5104602510460252,מלכיה,,
18,פלמחים,597,317,,318,136,0.42902208201892744,בז''ב,1.5993690851735016,פלמחים,,
18,בית קמה,598,279,,281,134,0.48028673835125446,בז''ב,1.3870967741935485,בית קמה,,
18,פרוד,599,156,,157,58,0.3717948717948718,בז''ב,1.6987179487179487,פרוד,,
18,נירים,602,254,,255,82,0.3228346456692913,בז''ב,1.4291338582677164,נירים,,
18,אלקוש,603,176,,176,117,0.6647727272727273,בז''ב,1.4204545454545454,אלקוש,,
18,בית עריף,604,388,,390,331,0.8530927835051546,בז''ב,1.3762886597938144,בית עריף,,
18,כפר שמאי,605,152,,153,125,0.8223684210526315,בז''ב,1.6644736842105263,כפר שמאי,,
18,מזור,606,534,,536,356,0.6666666666666666,בז''ב,1.2902621722846441,מזור,,
18,מירון,607,232,,235,218,0.9396551724137931,בז''ב,1.5474137931034482,מירון,,
18,כפר חושן,609,299,,300,176,0.5886287625418061,בז''ב,1.4849498327759196,כפר חושן,,
18,סתריה,610,494,,495,283,0.5728744939271255,בז''ב,1.325910931174089,סתריה,,
18,צרופה,612,412,,415,316,0.7669902912621359,בז''ב,1.337378640776699,צרופה,,
18,ציפורי,613,348,,348,186,0.5344827586206896,בז''ב,1.3591954022988506,ציפורי,,
18,שומרה,614,175,,177,62,0.35428571428571426,בז''ב,1.4914285714285713,שומרה,,
18,קדרון,615,750,,751,433,0.5773333333333334,בז''ב,1.28,קדרון,,
18,רינתיה,616,429,,430,290,0.675990675990676,בז''ב,1.3333333333333333,רינתיה,,
18,ברקאי,617,260,,263,57,0.21923076923076923,בז''ב,1.6076923076923078,ברקאי,,
18,חדיד,618,319,,321,286,0.896551724137931,בז''ב,1.3197492163009403,חדיד,,
18,בית גוברין,619,154,,154,73,0.474025974025974,בז''ב,1.3376623376623376,בית גוברין,,
18,משואות יצחק,620,376,,379,344,0.9148936170212766,בז''ב,1.2234042553191489,משואות יצחק,,
18,עין צורים,622,586,,587,536,0.9146757679180887,בז''ב,1.2372013651877134,עין צורים,,
18,יראון,623,234,,238,89,0.3803418803418803,בז''ב,1.6282051282051282,יראון,,
18,ג'לג'וליה,627,2716,,2746,28,0.010309278350515464,בז''ב,1.6354933726067746,ג לג וליה,,
18,כפר ברא,633,839,,839,29,0.03456495828367104,בז''ב,1.6865315852205005,כפר ברא,,
18,כפר קאסם,634,7352,,7397,194,0.026387377584330796,בז''ב,1.3698313384113165,כפר קאסם,,
18,מוקייבלה,635,917,,929,61,0.06652126499454744,בז''ב,1.836423118865867,מוקייבלה,,
18,צנדלה,636,411,,418,1,0.0024330900243309003,בז''ב,2.2262773722627736,צנדלה,,
18,ערערה,637,5386,,5429,28,0.0051986632008912,בז''ב,1.7957668028221314,ערערה,,
18,קלנסווה,638,5714,,5776,28,0.004900245012250612,בז''ב,1.7238361918095906,קלנסווה,,
18,מצר,648,284,,284,93,0.3274647887323944,בז''ב,1.3838028169014085,מצר,,
18,מייסר,649,349,,355,5,0.014326647564469915,בז''ב,2.667621776504298,מייסר,,
18,אבטין,652,691,,695,20,0.02894356005788712,בז''ב,1.939218523878437,אבטין,,
18,כפר קרע,654,6315,,6363,179,0.028345209817893905,בז''ב,1.4489311163895486,כפר קרע,,
18,שייח' דנון,658,877,,907,7,0.00798175598631699,בז''ב,1.573546180159635,שייח דנון,,
18,שער אפרים,661,597,,609,467,0.7822445561139029,בז''ב,1.3802345058626466,שער אפרים,,
18,חוסן,662,382,,385,290,0.7591623036649214,בז''ב,1.4031413612565444,חוסן,,
18,טירת יהודה,663,447,,448,423,0.9463087248322147,בז''ב,1.3154362416107384,טירת יהודה,,
18,כרם בן זמרה,664,231,,231,177,0.7662337662337663,בז''ב,1.3896103896103895,כרם בן זמרה,,
18,תקומה,665,313,,317,263,0.8402555910543131,בז''ב,1.2651757188498403,תקומה,,
18,עומר,666,4162,,4178,2472,0.5939452186448823,בז''ב,1.370975492551658,עומר,,
18,ברעם,667,288,,288,86,0.2986111111111111,בז''ב,1.6111111111111112,ברעם,,
18,מפלסים,668,335,,335,157,0.46865671641791046,בז''ב,1.4656716417910447,מפלסים,,
18,משמר איילון,670,230,,233,142,0.6173913043478261,בז''ב,1.3695652173913044,משמר איילון,,
18,בית נקופה,672,270,,274,184,0.6814814814814815,בז''ב,1.348148148148148,בית נקופה,,
18,כפר טרומן,673,400,,402,265,0.6625,בז''ב,1.1275,כפר טרומן,,
18,לימן,674,335,,335,225,0.6716417910447762,בז''ב,1.3522388059701493,לימן,,
18,הבונים,675,152,,153,89,0.5855263157894737,בז''ב,1.605263157894737,הבונים,,
18,עין השלושה,676,185,,187,105,0.5675675675675675,בז''ב,1.6432432432432433,עין השלושה,,
18,הסוללים,677,410,,411,243,0.5926829268292683,בז''ב,1.2609756097560976,הסוללים,,
18,מעגן,678,174,,178,80,0.45977011494252873,בז''ב,1.6954022988505748,מעגן,,
18,אביאל,679,335,,335,248,0.7402985074626866,בז''ב,1.2835820895522387,אביאל,,
18,אומץ,680,247,,251,140,0.5668016194331984,בז''ב,1.4008097165991902,אומץ,,
18,גבעת שמואל,681,10525,,10607,8485,0.8061757719714965,בז''ב,1.3549643705463184,גבעת שמואל,,
18,אליקים,682,345,,349,306,0.8869565217391304,בז''ב,1.4086956521739131,אליקים,,
18,גבע כרמל,683,466,,468,262,0.5622317596566524,בז''ב,1.3304721030042919,גבע כרמל,,
18,היוגב,684,351,,353,180,0.5128205128205128,בז''ב,1.396011396011396,היוגב,,
18,בניה,685,454,,456,291,0.6409691629955947,בז''ב,1.2400881057268722,בניה,,
18,נווה ימין,686,599,,603,460,0.7679465776293823,בז''ב,1.4290484140233723,נווה ימין,,
18,עין איילה,687,437,,438,287,0.6567505720823799,בז''ב,1.2723112128146452,עין איילה,,
18,עלמה,688,314,,316,273,0.8694267515923567,בז''ב,1.60828025477707,עלמה,,
18,מגדים,689,479,,482,357,0.7453027139874739,בז''ב,1.3152400835073068,מגדים,,
18,כפר אחים,690,315,,316,226,0.7174603174603175,בז''ב,1.4285714285714286,כפר אחים,,
18,שפיר,692,293,,294,234,0.7986348122866894,בז''ב,1.3139931740614335,שפיר,,
18,"נתיב הל""ה",693,253,,255,81,0.3201581027667984,בז''ב,1.3715415019762847,נתיב הל ה,,
18,מעגן מיכאל,694,922,,927,291,0.3156182212581345,בז''ב,1.4164859002169197,מעגן מיכאל,,
18,מגן,695,302,,304,93,0.3079470198675497,בז''ב,1.3576158940397351,מגן,,
18,"כפר חב""ד",696,1948,,1960,1902,0.9763860369609856,בז''ב,1.5441478439425051,כפר חב ד,,
18,בארותיים,697,410,,413,280,0.6829268292682927,בז''ב,1.2902439024390244,בארותיים,,
18,בורגתה,698,491,,494,343,0.6985743380855397,בז''ב,1.3604887983706722,בורגתה,,
18,ניר ישראל,699,384,,388,244,0.6354166666666666,בז''ב,1.375,ניר ישראל,,
18,חצב,700,453,,458,339,0.7483443708609272,בז''ב,1.565121412803532,חצב,,
18,ארבל,701,218,,218,129,0.591743119266055,בז''ב,1.4587155963302751,ארבל,,
18,האון,702,90,,91,43,0.4777777777777778,בז''ב,1.7222222222222223,האון,,
18,גבעת עוז,703,264,,265,121,0.4583333333333333,בז''ב,1.4090909090909092,גבעת עוז,,
18,נחשונים,705,216,,219,85,0.39351851851851855,בז''ב,1.3888888888888888,נחשונים,,
18,גיאה,706,337,,339,236,0.7002967359050445,בז''ב,1.4629080118694362,גיאה,,
18,כפר דניאל,707,241,,242,134,0.5560165975103735,בז''ב,1.2489626556016598,כפר דניאל,,
18,עמקה,708,292,,297,257,0.8801369863013698,בז''ב,1.4794520547945205,עמקה,,
18,תפרח,709,674,,677,668,0.9910979228486647,בז''ב,1.2062314540059347,תפרח,,
18,בית זית,710,663,,664,360,0.5429864253393665,בז''ב,1.3785822021116139,בית זית,,
18,עזריה,711,417,,420,337,0.8081534772182254,בז''ב,1.3669064748201438,עזריה,,
18,בן עמי,712,368,,370,199,0.5407608695652174,בז''ב,1.2853260869565217,בן עמי,,
18,רעים,713,234,,234,96,0.41025641025641024,בז''ב,1.3846153846153846,רעים,,
18,ארז,714,227,,227,91,0.4008810572687225,בז''ב,1.4889867841409692,ארז,,
18,להבות חביבה,715,196,,198,68,0.3469387755102041,בז''ב,1.510204081632653,להבות חביבה,,
18,אייל,716,243,,245,103,0.42386831275720166,בז''ב,1.2921810699588476,אייל,,
18,חגור,717,425,,426,313,0.7364705882352941,בז''ב,1.331764705882353,חגור,,
18,ירחיב,718,342,,350,285,0.8333333333333334,בז''ב,1.523391812865497,ירחיב,,
18,תל קציר,719,160,,160,78,0.4875,בז''ב,1.525,תל קציר,,
18,ניר גלים,720,315,,320,297,0.9428571428571428,בז''ב,1.2285714285714286,ניר גלים,,
18,שדה אילן,721,233,,239,214,0.9184549356223176,בז''ב,1.240343347639485,שדה אילן,,
18,מגשימים,722,421,,424,294,0.6983372921615202,בז''ב,1.3182897862232779,מגשימים,,
18,בית הגדי,723,297,,299,272,0.9158249158249159,בז''ב,1.3703703703703705,בית הגדי,,
18,הודיה,726,274,,276,206,0.7518248175182481,בז''ב,1.7007299270072993,הודיה,,
18,תלמי יחיאל,727,311,,313,208,0.6688102893890675,בז''ב,1.527331189710611,תלמי יחיאל,,
18,משמר השבעה,729,409,,410,280,0.684596577017115,בז''ב,1.3202933985330074,משמר השבעה,,
18,אליפלט,730,227,,229,194,0.8546255506607929,בז''ב,1.6475770925110131,אליפלט,,
18,מישר,731,322,,324,187,0.5807453416149069,בז''ב,1.2546583850931676,מישר,,
18,משמר הירדן,732,257,,259,191,0.7431906614785992,בז''ב,1.4474708171206225,משמר הירדן,,
18,גן יאשיה,734,405,,408,242,0.5975308641975309,בז''ב,1.2493827160493827,גן יאשיה,,
18,רמות מאיר,735,326,,327,215,0.6595092024539877,בז''ב,1.4386503067484662,רמות מאיר,,
18,גילת,736,490,,493,366,0.746938775510204,בז''ב,1.4612244897959183,גילת,,
18,עולש,737,464,,466,308,0.6637931034482759,בז''ב,1.293103448275862,עולש,,
18,דור,738,199,,201,111,0.5577889447236181,בז''ב,1.35678391959799,דור,,
18,שדה עוזיהו,739,497,,501,430,0.8651911468812877,בז''ב,1.5130784708249496,שדה עוזיהו,,
18,אשתאול,740,415,,417,312,0.7518072289156627,בז''ב,1.3590361445783132,אשתאול,,
18,שואבה,741,298,,299,181,0.6073825503355704,בז''ב,1.2718120805369129,שואבה,,
18,מסילת ציון,742,401,,402,279,0.6957605985037406,בז''ב,1.2967581047381547,מסילת ציון,,
18,כפר שמואל,743,399,,401,242,0.606516290726817,בז''ב,1.2531328320802004,כפר שמואל,,
18,תלמי יפה,744,143,,144,97,0.6783216783216783,בז''ב,1.4055944055944056,תלמי יפה,,
18,גמזו,745,466,,469,439,0.9420600858369099,בז''ב,1.1866952789699572,גמזו,,
18,ברכיה,746,478,,482,462,0.9665271966527197,בז''ב,1.2803347280334727,ברכיה,,
18,בית שקמה,747,266,,269,209,0.7857142857142857,בז''ב,1.7518796992481203,בית שקמה,,
18,מסלול,748,211,,212,133,0.6303317535545023,בז''ב,1.4597156398104265,מסלול,,
18,פטיש,749,346,,350,275,0.7947976878612717,בז''ב,1.453757225433526,פטיש,,
18,פדויים,750,152,,155,118,0.7763157894736842,בז''ב,1.6644736842105263,פדויים,,
18,בית מאיר,751,298,,298,265,0.889261744966443,בז''ב,1.2651006711409396,בית מאיר,,
18,תעוז,752,255,,257,217,0.8509803921568627,בז''ב,1.411764705882353,תעוז,,
18,ינוב,753,364,,369,294,0.8076923076923077,בז''ב,1.4972527472527473,ינוב,,
18,גורן,755,238,,241,158,0.6638655462184874,בז''ב,1.4243697478991597,גורן,,
18,בית עזרא,756,491,,492,342,0.6965376782077393,בז''ב,1.3828920570264767,בית עזרא,,
18,מצליח,757,540,,555,415,0.7685185185185185,בז''ב,1.5777777777777777,מצליח,,
18,יד חנה,758,146,,148,87,0.5958904109589042,בז''ב,1.404109589041096,יד חנה,,
18,יציץ,759,257,,262,199,0.77431906614786,בז''ב,1.8326848249027237,יציץ,,
18,בן זכאי,760,338,,342,301,0.8905325443786982,בז''ב,1.3550295857988166,בן זכאי,,
18,שובה,761,208,,210,173,0.8317307692307693,בז''ב,1.4615384615384615,שובה,,
18,בטחה,762,351,,354,319,0.9088319088319088,בז''ב,1.3817663817663817,בטחה,,
18,שתולים,763,696,,700,571,0.8204022988505747,בז''ב,1.4655172413793103,שתולים,,
18,כפר מרדכי,764,287,,290,157,0.5470383275261324,בז''ב,1.264808362369338,כפר מרדכי,,
18,משגב דב,765,327,,327,238,0.72782874617737,בז''ב,1.308868501529052,משגב דב,,
18,קוממיות,766,122,,124,122,1.0,בז''ב,1.819672131147541,קוממיות,,
18,פורת,767,378,,385,338,0.8941798941798942,בז''ב,1.843915343915344,פורת,,
18,כרמיה,768,266,,270,153,0.575187969924812,בז''ב,1.593984962406015,כרמיה,,
18,ניר עציון,769,278,,281,229,0.8237410071942446,בז''ב,1.460431654676259,ניר עציון,,
18,מבוא ביתר,771,179,,180,128,0.7150837988826816,בז''ב,1.558659217877095,מבוא ביתר,,
18,אמונים,772,413,,417,319,0.7723970944309927,בז''ב,1.450363196125908,אמונים,,
18,עמיקם,773,280,,282,189,0.675,בז''ב,1.2857142857142858,עמיקם,,
18,צוריאל,774,157,,158,110,0.7006369426751592,בז''ב,1.5222929936305734,צוריאל,,
18,יד נתן,775,217,,218,128,0.5898617511520737,בז''ב,1.4285714285714286,יד נתן,,
18,מחסיה,776,176,,177,155,0.8806818181818182,בז''ב,1.5056818181818181,מחסיה,,
18,נחשון,777,280,,280,77,0.275,בז''ב,1.3178571428571428,נחשון,,
18,תרום,778,263,,266,239,0.908745247148289,בז''ב,1.376425855513308,תרום,,
18,עמינדב,779,339,,341,229,0.6755162241887905,בז''ב,1.3893805309734513,עמינדב,,
18,אורה,780,442,,445,323,0.7307692307692307,בז''ב,1.3665158371040724,אורה,,
18,אבן ספיר,783,294,,296,190,0.6462585034013606,בז''ב,1.5204081632653061,אבן ספיר,,
18,בית נחמיה,784,373,,375,263,0.7050938337801609,בז''ב,1.3780160857908847,בית נחמיה,,
18,אחיהוד,785,329,,333,289,0.878419452887538,בז''ב,1.3799392097264438,אחיהוד,,
18,כפר זיתים,786,213,,218,172,0.8075117370892019,בז''ב,1.619718309859155,כפר זיתים,,
18,גבעת יערים,787,514,,518,364,0.708171206225681,בז''ב,1.367704280155642,גבעת יערים,,
18,זיתן,788,540,,543,442,0.8185185185185185,בז''ב,1.2722222222222221,זיתן,,
18,רנן,789,174,,174,103,0.5919540229885057,בז''ב,1.7873563218390804,רנן,,
18,משען,791,353,,358,322,0.9121813031161473,בז''ב,1.5297450424929178,משען,,
18,נתיב השיירה,792,280,,283,121,0.43214285714285716,בז''ב,1.3714285714285714,נתיב השיירה,,
18,גבעתי,793,356,,357,278,0.7808988764044944,בז''ב,1.5617977528089888,גבעתי,,
18,עגור,794,170,,176,137,0.8058823529411765,בז''ב,1.4705882352941178,עגור,,
18,יערה,795,315,,317,233,0.7396825396825397,בז''ב,1.2444444444444445,יערה,,
18,צלפון,796,326,,326,273,0.8374233128834356,בז''ב,1.450920245398773,צלפון,,
18,אחיעזר,797,676,,677,659,0.9748520710059172,בז''ב,1.3062130177514792,אחיעזר,,
18,יגל,798,348,,353,300,0.8620689655172413,בז''ב,1.4022988505747127,יגל,,
18,זכריה,799,393,,395,315,0.8015267175572519,בז''ב,1.3944020356234097,זכריה,,
18,בית חנניה,800,344,,346,215,0.625,בז''ב,1.308139534883721,בית חנניה,,
18,חמד,801,337,,337,306,0.9080118694362018,בז''ב,1.2077151335311573,חמד,,
18,"גבעת כ""ח",802,259,,261,217,0.8378378378378378,בז''ב,1.5675675675675675,גבעת כ ח,,
18,יושיביה,803,145,,146,126,0.8689655172413793,בז''ב,1.393103448275862,יושיביה,,
18,אחיסמך,804,507,,511,448,0.883629191321499,בז''ב,1.4792899408284024,אחיסמך,,
18,ישעי,805,339,,341,320,0.943952802359882,בז''ב,1.3008849557522124,ישעי,,
18,עין יהב,806,349,,349,180,0.5157593123209169,בז''ב,1.3123209169054442,עין יהב,,
18,חניאל,807,444,,444,295,0.6644144144144144,בז''ב,1.3581081081081081,חניאל,,
18,ניר אליהו,808,243,,244,111,0.4567901234567901,בז''ב,1.4197530864197532,ניר אליהו,,
18,נחם,809,245,,246,224,0.9142857142857143,בז''ב,1.4408163265306122,נחם,,
18,עופר,810,230,,235,131,0.5695652173913044,בז''ב,1.3434782608695652,עופר,,
18,יכיני,811,262,,267,216,0.8244274809160306,בז''ב,1.4885496183206106,יכיני,,
18,שלומי,812,2745,,2799,1770,0.644808743169399,בז''ב,1.6357012750455373,שלומי,,
18,עין יעקב,813,364,,366,239,0.6565934065934066,בז''ב,1.3818681318681318,עין יעקב,,
18,תלמים,814,338,,342,311,0.9201183431952663,בז''ב,1.4142011834319526,תלמים,,
18,זבדיאל,815,255,,256,236,0.9254901960784314,בז''ב,1.3450980392156864,זבדיאל,,
18,זנוח,816,183,,186,154,0.8415300546448088,בז''ב,1.6721311475409837,זנוח,,
18,עזריקם,817,493,,494,422,0.8559837728194726,בז''ב,1.462474645030426,עזריקם,,
18,זרחיה,818,278,,280,252,0.9064748201438849,בז''ב,1.39568345323741,זרחיה,,
18,אביגדור,819,403,,405,238,0.5905707196029777,בז''ב,1.3225806451612903,אביגדור,,
18,חלץ,820,226,,226,194,0.8584070796460177,בז''ב,1.5530973451327434,חלץ,,
18,אחוזם,821,239,,242,222,0.9288702928870293,בז''ב,1.4184100418410042,אחוזם,,
18,מטע,822,271,,273,174,0.6420664206642066,בז''ב,1.4907749077490775,מטע,,
18,בר גיורא,823,232,,235,168,0.7241379310344828,בז''ב,1.4008620689655173,בר גיורא,,
18,כוכב מיכאל,824,368,,371,233,0.6331521739130435,בז''ב,1.4456521739130435,כוכב מיכאל,,
18,נס הרים,825,277,,281,226,0.8158844765342961,בז''ב,1.5848375451263539,נס הרים,,
18,עוזה,826,244,,247,238,0.9754098360655737,בז''ב,1.6229508196721312,עוזה,,
18,נווה מבטח,827,312,,313,189,0.6057692307692307,בז''ב,1.4455128205128205,נווה מבטח,,
18,ישרש,828,397,,398,293,0.7380352644836272,בז''ב,1.4433249370277077,ישרש,,
18,מבטחים,829,199,,200,91,0.457286432160804,בז''ב,1.728643216080402,מבטחים,,
18,ירוחם,831,3315,,3393,2396,0.7227752639517345,בז''ב,1.8184012066365007,ירוחם,,
18,גנות,836,243,,244,187,0.7695473251028807,בז''ב,1.3703703703703705,גנות,,
18,עזריאל,837,335,,338,294,0.8776119402985074,בז''ב,1.2985074626865671,עזריאל,,
18,פדיה,838,302,,302,236,0.7814569536423841,בז''ב,1.4205298013245033,פדיה,,
18,פתחיה,839,391,,393,317,0.8107416879795396,בז''ב,1.4424552429667519,פתחיה,,
18,כיסופים,840,133,,133,48,0.3609022556390977,בז''ב,1.7218045112781954,כיסופים,,
18,אלישמע,841,445,,451,350,0.7865168539325843,בז''ב,1.4719101123595506,אלישמע,,
18,געש,842,388,,389,114,0.29381443298969073,בז''ב,1.342783505154639,געש,,
18,מרגליות,843,151,,154,90,0.5960264900662252,בז''ב,1.9072847682119205,מרגליות,,
18,נחל עוז,844,179,,179,78,0.43575418994413406,בז''ב,1.5865921787709498,נחל עוז,,
18,כפר עזה,845,450,,450,317,0.7044444444444444,בז''ב,1.3755555555555556,כפר עזה,,
18,שפר,846,124,,125,79,0.6370967741935484,בז''ב,1.7096774193548387,שפר,,
18,בית רבן,848,166,,166,164,0.9879518072289156,בז''ב,1.4036144578313252,בית רבן,,
18,דבירה,849,240,,242,105,0.4375,בז''ב,1.3625,דבירה,,
18,אחיטוב,850,402,,403,280,0.6965174129353234,בז''ב,1.492537313432836,אחיטוב,,
18,ניצני עוז,851,409,,413,287,0.7017114914425427,בז''ב,1.3887530562347188,ניצני עוז,,
18,גונן,852,203,,204,93,0.458128078817734,בז''ב,1.6305418719211822,גונן,,
18,גאליה,853,564,,567,393,0.6968085106382979,בז''ב,1.3528368794326242,גאליה,,
18,רחוב,854,170,,172,158,0.9294117647058824,בז''ב,1.4764705882352942,רחוב,,
18,שעלבים,856,338,,338,322,0.9526627218934911,בז''ב,1.150887573964497,שעלבים,,
18,כפר אביב,857,379,,379,257,0.6781002638522428,בז''ב,1.287598944591029,כפר אביב,,
18,נווה ירק,858,603,,606,407,0.6749585406301825,בז''ב,1.2404643449419568,נווה ירק,,
18,כסלון,859,151,,154,122,0.8079470198675497,בז''ב,1.5231788079470199,כסלון,,
18,שדה אליעזר,861,324,,328,241,0.7438271604938271,בז''ב,1.5308641975308641,שדה אליעזר,,
18,גני יוחנן,862,318,,319,214,0.6729559748427673,בז''ב,1.4591194968553458,גני יוחנן,,
18,גינתון,863,403,,405,266,0.6600496277915633,בז''ב,1.2580645161290323,גינתון,,
18,בקוע,864,264,,266,231,0.875,בז''ב,1.3446969696969697,בקוע,,
18,שיבולים,865,172,,174,158,0.9186046511627907,בז''ב,1.3953488372093024,שיבולים,,
18,יטבתה,866,361,,364,129,0.3573407202216066,בז''ב,1.6509695290858726,יטבתה,,
18,אלוני יצחק,868,22,,22,12,0.5454545454545454,בז''ב,5.2727272727272725,אלוני יצחק,,
18,גבעת השלושה,870,291,,295,105,0.36082474226804123,בז''ב,1.402061855670103,גבעת השלושה,,
18,עינת,871,341,,344,153,0.44868035190615835,בז''ב,1.284457478005865,עינת,,
18,גאולי תימן,872,202,,204,151,0.7475247524752475,בז''ב,1.311881188118812,גאולי תימן,,
18,שלווה,873,223,,224,204,0.9147982062780269,בז''ב,1.5829596412556053,שלווה,,
18,מגדל העמק,874,11400,,11628,7294,0.6398245614035087,בז''ב,1.7257894736842105,מגדל העמק,,
18,בית חירות,877,385,,390,216,0.561038961038961,בז''ב,1.2623376623376623,בית חירות,,
18,עין שריד,880,592,,599,442,0.7466216216216216,בז''ב,1.4189189189189189,עין שריד,,
18,שדה בוקר,885,276,,276,121,0.4384057971014493,בז''ב,1.4782608695652173,שדה בוקר,,
18,"כפר הרי""ף",888,352,,353,233,0.6619318181818182,בז''ב,1.3153409090909092,כפר הרי ף,,
18,כפר חסידים ב',889,91,,92,72,0.7912087912087912,בז''ב,1.3736263736263736,כפר חסידים ב,,
18,כפר הנוער הדתי,890,32,,32,31,0.96875,בז''ב,1.96875,כפר הנוער הדתי,,
18,עבדון,892,261,,262,142,0.5440613026819924,בז''ב,1.4061302681992338,עבדון,,
18,שבלי - אום אל-גנם,913,994,,1016,56,0.056338028169014086,בז''ב,3.046277665995976,שבלי אום אל גנם,,
18,ישע,916,147,,149,99,0.673469387755102,בז''ב,1.380952380952381,ישע,,
18,שגב,917,488,,490,256,0.5245901639344263,בז''ב,1.348360655737705,שגב,,
18,גבעת ישעיהו,919,232,,234,144,0.6206896551724138,בז''ב,1.3922413793103448,גבעת ישעיהו,,
18,שער מנשה,921,4,,5,2,0.5,בז''ב,34.25,שער מנשה,,
18,רכסים,922,3441,,3470,3265,0.9488520778843359,בז''ב,1.3022377215925602,רכסים,,
18,נווה אבות,926,2,,2,1,0.5,בז''ב,31.0,נווה אבות,,
18,מסעודין אל-עזאזמה,939,1246,,1296,52,0.04173354735152488,בז''ב,3.5313001605136436,מסעודין אל עזאזמה,,
18,סואעד (חמרייה),942,49,,50,14,0.2857142857142857,בז''ב,1.6734693877551021,סואעד חמרייה,,
18,בסמת טבעון,944,1240,,1284,111,0.08951612903225807,בז''ב,3.1516129032258067,בסמת טבעון,,
18,הוזייל (שבט),956,99,,100,12,0.12121212121212122,בז''ב,7.575757575757576,הוזייל שבט,,
18,עוקבי (בנו עוקבה),957,57,,58,3,0.05263157894736842,בז''ב,3.0701754385964914,עוקבי בנו עוקבה,,
18,אסד (שבט),960,28,,33,0,0.0,בז''ב,10.321428571428571,אסד שבט,,
18,אבו רוקייק (שבט),961,654,,678,13,0.019877675840978593,בז''ב,5.1880733944954125,אבו רוקייק שבט,,
18,טובא-זנגריה,962,1121,,1164,123,0.10972346119536129,בז''ב,2.909009812667261,טובא זנגריה,,
18,אעצם (שבט),963,837,,867,38,0.04540023894862605,בז''ב,3.5424133811230587,אעצם שבט,,
18,קודייראת א-צאנע(ש,964,191,,192,14,0.07329842931937172,בז''ב,4.87434554973822,קודייראת א צאנע ש,,
18,אטרש (שבט),965,150,,159,14,0.09333333333333334,בז''ב,8.186666666666667,אטרש שבט,,
18,אבו רובייעה (שבט),966,475,,497,30,0.06315789473684211,בז''ב,5.326315789473684,אבו רובייעה שבט,,
18,אבו ג'ווייעד (שבט,967,396,,398,5,0.012626262626262626,בז''ב,2.9166666666666665,אבו ג ווייעד שבט,,
18,אבו קורינאת (שבט),968,518,,531,52,0.10038610038610038,בז''ב,4.081081081081081,אבו קורינאת שבט,,
18,עטאוונה (שבט),969,7,,8,2,0.2857142857142857,בז''ב,15.571428571428571,עטאוונה שבט,,
18,תראבין א-צאנע (שב,970,33,,35,1,0.030303030303030304,בז''ב,19.03030303030303,תראבין א צאנע שב,,
18,קוואעין (שבט),972,35,,35,3,0.08571428571428572,בז''ב,7.828571428571428,קוואעין שבט,,
18,זרזיר,975,1267,,1317,288,0.22730860299921074,בז''ב,2.909234411996843,זרזיר,,
18,ג'נאביב (שבט),976,61,,64,16,0.26229508196721313,בז''ב,4.213114754098361,ג נאביב שבט,,
18,כעביה-טבאש-חג'אג',978,1092,,1130,241,0.2206959706959707,בז''ב,2.3324175824175826,כעביה טבאש חג אג,,
18,ח'ואלד (שבט),986,56,,58,2,0.03571428571428571,בז''ב,2.6785714285714284,ח ואלד שבט,,
18,ראס עלי,990,161,,164,15,0.09316770186335403,בז''ב,1.670807453416149,ראס עלי,,
18,חמאם,993,325,,343,29,0.08923076923076922,בז''ב,2.5353846153846153,חמאם,,
18,מנשית זבדה,994,327,,331,44,0.1345565749235474,בז''ב,1.7217125382262997,מנשית זבדה,,
18,רומת הייב,997,258,,262,84,0.32558139534883723,בז''ב,3.748062015503876,רומת הייב,,
18,ביר אל-מכסור,998,1217,,1249,185,0.15201314708299096,בז''ב,3.751848808545604,ביר אל מכסור,,
18,מבשרת ציון,1015,11892,,11982,8130,0.6836528758829465,בז''ב,1.4711570803901783,מבשרת ציון,,
18,אור עקיבא,1020,6913,,7036,4621,0.6684507449732389,בז''ב,1.9823520902647187,אור עקיבא,,
18,חרוצים,1024,367,,368,248,0.6757493188010899,בז''ב,1.4959128065395095,חרוצים,,
18,שדרות,1031,8223,,8382,5624,0.6839353034172443,בז''ב,1.941748753496291,שדרות,,
18,קרית מלאכי,1034,8346,,8519,6787,0.8132039300263599,בז''ב,1.809968847352025,קרית מלאכי,,
18,נצאצרה (שבט),1041,56,,58,2,0.03571428571428571,בז''ב,4.392857142857143,נצאצרה שבט,,
18,גיזו,1043,86,,86,58,0.6744186046511628,בז''ב,1.3953488372093024,גיזו,,
18,שתולה,1045,122,,122,81,0.6639344262295082,בז''ב,1.5655737704918034,שתולה,,
18,אוהד,1046,153,,154,92,0.6013071895424836,בז''ב,1.4509803921568627,אוהד,,
18,חזון,1047,205,,205,189,0.9219512195121952,בז''ב,1.3609756097560977,חזון,,
18,בית חשמונאי,1050,770,,775,570,0.7402597402597403,בז''ב,1.3376623376623376,בית חשמונאי,,
18,תלמי אליהו,1051,111,,115,73,0.6576576576576577,בז''ב,1.990990990990991,תלמי אליהו,,
18,קטורה,1052,201,,204,93,0.4626865671641791,בז''ב,2.0348258706467663,קטורה,,
18,תל שבע,1054,2068,,2155,216,0.10444874274661509,בז''ב,2.8085106382978724,תל שבע,,
18,שדה ניצן,1058,192,,192,82,0.4270833333333333,בז''ב,1.75,שדה ניצן,,
18,כסיפה,1059,1824,,1863,99,0.054276315789473686,בז''ב,2.816885964912281,כסיפה,,
18,לקיה,1060,1963,,2013,35,0.01782985226693836,בז''ב,2.3005603667855326,לקיה,,
18,נצרת עילית,1061,20562,,21178,9123,0.44368252115552964,בז''ב,1.91323801186655,נצרת עילית,,
18,מעלות-תרשיחא,1063,10027,,10353,4551,0.45387453874538747,בז''ב,1.6584222598982747,מעלות תרשיחא,,
18,אמירים,1064,297,,299,153,0.5151515151515151,בז''ב,1.4276094276094276,אמירים,,
18,זמרת,1065,179,,179,172,0.9608938547486033,בז''ב,1.2737430167597765,זמרת,,
18,"בני עי""ש",1066,3632,,3729,1774,0.4884361233480176,בז''ב,1.5388215859030836,בני עי ש,,
18,"דוב""ב",1067,197,,198,137,0.6954314720812182,בז''ב,1.6446700507614214,דוב ב,,
18,אדמית,1068,102,,103,27,0.2647058823529412,בז''ב,2.2549019607843137,אדמית,,
18,רם-און,1069,397,,398,225,0.5667506297229219,בז''ב,1.2040302267002518,רם און,,
18,אביעזר,1070,243,,248,175,0.720164609053498,בז''ב,1.448559670781893,אביעזר,,
18,נווה מיכאל,1071,178,,179,152,0.8539325842696629,בז''ב,1.5449438202247192,נווה מיכאל,,
18,גן הדרום,1072,224,,225,172,0.7678571428571429,בז''ב,1.28125,גן הדרום,,
18,גבעת שפירא,1077,116,,116,69,0.5948275862068966,בז''ב,1.3706896551724137,גבעת שפירא,,
18,צפרירים,1079,152,,155,88,0.5789473684210527,בז''ב,1.625,צפרירים,,
18,מבועים,1080,447,,454,303,0.6778523489932886,בז''ב,1.5078299776286352,מבועים,,
18,אבן מנחם,1081,176,,181,52,0.29545454545454547,בז''ב,1.3636363636363635,אבן מנחם,,
18,מעגלים,1082,469,,469,433,0.9232409381663113,בז''ב,1.415778251599147,מעגלים,,
18,תושיה,1083,132,,134,129,0.9772727272727273,בז''ב,1.1515151515151516,תושיה,,
18,בן שמן (כפר נוער),1084,171,,171,102,0.5964912280701754,בז''ב,1.4385964912280702,בן שמן כפר נוער,,
18,כרם שלום,1085,28,,28,13,0.4642857142857143,בז''ב,2.7142857142857144,כרם שלום,,
18,כרם יבנה (ישיבה),1094,152,,152,152,1.0,בז''ב,1.138157894736842,כרם יבנה ישיבה,,
18,כפר מימון,1095,316,,316,300,0.9493670886075949,בז''ב,1.1455696202531647,כפר מימון,,
18,מרכז שפירא,1098,967,,975,928,0.9596690796277145,בז''ב,1.21923474663909,מרכז שפירא,,
18,צוקי ים,1102,101,,101,52,0.5148514851485149,בז''ב,1.3465346534653466,צוקי ים,,
18,גני הדר,1103,144,,144,90,0.625,בז''ב,1.3263888888888888,גני הדר,,
18,פוריה - כפר עבודה,1104,130,,134,111,0.8538461538461538,בז''ב,1.5461538461538462,פוריה כפר עבודה,,
18,פוריה - נווה עובד,1105,453,,454,361,0.7969094922737306,בז''ב,1.6269315673289184,פוריה נווה עובד,,
18,אומן,1108,147,,148,79,0.5374149659863946,בז''ב,1.782312925170068,אומן,,
18,חבר,1110,133,,134,81,0.6090225563909775,בז''ב,1.6165413533834587,חבר,,
18,יודפת,1112,267,,267,118,0.4419475655430712,בז''ב,1.303370786516854,יודפת,,
18,צור הדסה,1113,1956,,1970,1233,0.6303680981595092,בז''ב,1.3512269938650308,צור הדסה,,
18,שריגים (לי-און),1114,426,,426,222,0.5211267605633803,בז''ב,1.4225352112676057,שריגים לי און,,
18,אביבים,1115,204,,205,119,0.5833333333333334,בז''ב,1.5392156862745099,אביבים,,
18,אדרת,1123,271,,271,239,0.8819188191881919,בז''ב,1.3690036900369005,אדרת,,
18,נאות הכיכר,1124,160,,160,103,0.64375,בז''ב,1.71875,נאות הכיכר,,
18,אלמגור,1125,157,,157,81,0.5159235668789809,בז''ב,1.4267515923566878,אלמגור,,
18,אילות,1126,146,,147,65,0.4452054794520548,בז''ב,1.7945205479452055,אילות,,
18,מעלה גלבוע,1127,184,,184,153,0.8315217391304348,בז''ב,1.2282608695652173,מעלה גלבוע,,
18,מי עמי,1128,281,,282,145,0.5160142348754448,בז''ב,0.7046263345195729,מי עמי,,
18,גרופית,1129,157,,159,86,0.5477707006369427,בז''ב,1.89171974522293,גרופית,,
18,כפר רוזנואלד (זרע,1130,119,,119,74,0.6218487394957983,בז''ב,1.6638655462184875,כפר רוזנואלד זרע,,
18,שניר,1132,252,,252,125,0.49603174603174605,בז''ב,1.4246031746031746,שניר,,
18,ורדון,1133,120,,124,83,0.6916666666666667,בז''ב,1.5333333333333334,ורדון,,
18,צוחר,1136,195,,196,148,0.7589743589743589,בז''ב,1.7128205128205127,צוחר,,
18,קרית יערים,1137,1196,,1204,1166,0.9749163879598662,בז''ב,1.4690635451505016,קרית יערים,,
18,יעד,1138,346,,346,156,0.4508670520231214,בז''ב,1.239884393063584,יעד,,
18,כרמיאל,1139,23041,,23494,12704,0.5513649581181372,בז''ב,1.6867323466863418,כרמיאל,,
18,מדרשת בן גוריון,1140,531,,532,204,0.384180790960452,בז''ב,1.344632768361582,מדרשת בן גוריון,,
18,מבוא מודיעים,1141,94,,99,85,0.9042553191489362,בז''ב,1.7553191489361701,מבוא מודיעים,,
18,אלומה,1145,205,,206,203,0.9902439024390244,בז''ב,1.2341463414634146,אלומה,,
18,עלומים,1146,233,,233,218,0.9356223175965666,בז''ב,1.3047210300429184,עלומים,,
18,נטועה,1147,148,,148,89,0.6013513513513513,בז''ב,1.4189189189189189,נטועה,,
18,צור נתן,1148,148,,148,113,0.7635135135135135,בז''ב,1.3918918918918919,צור נתן,,
18,עזר,1149,399,,399,289,0.7243107769423559,בז''ב,1.3959899749373434,עזר,,
18,צופר,1150,219,,220,135,0.6164383561643836,בז''ב,1.3242009132420092,צופר,,
18,פארן,1151,235,,235,140,0.5957446808510638,בז''ב,1.4638297872340424,פארן,,
18,אשלים,1152,142,,144,89,0.6267605633802817,בז''ב,1.5845070422535212,אשלים,,
18,מגן שאול,1155,160,,160,97,0.60625,בז''ב,1.69375,מגן שאול,,
18,סמר,1156,180,,180,60,0.3333333333333333,בז''ב,1.6111111111111112,סמר,,
18,אחווה,1157,145,,146,89,0.6137931034482759,בז''ב,1.2551724137931035,אחווה,,
18,יהל,1158,91,,92,55,0.6043956043956044,בז''ב,2.120879120879121,יהל,,
18,שכניה,1160,324,,324,153,0.4722222222222222,בז''ב,1.287037037037037,שכניה,,
18,רהט,1161,7657,,7874,1180,0.15410735274911846,בז''ב,2.5123416481650778,רהט,,
18,בית רימון,1162,148,,148,123,0.831081081081081,בז''ב,1.2027027027027026,בית רימון,,
18,מורן,1163,132,,133,74,0.5606060606060606,בז''ב,1.371212121212121,מורן,,
18,שילת,1165,208,,208,112,0.5384615384615384,בז''ב,1.3317307692307692,שילת,,
18,כפר רות,1166,128,,128,89,0.6953125,בז''ב,1.4609375,כפר רות,,
18,קיסריה,1167,2244,,2258,1558,0.6942959001782532,בז''ב,1.5062388591800357,קיסריה,,
18,הוואשלה (שבט),1169,351,,357,9,0.02564102564102564,בז''ב,2.809116809116809,הוואשלה שבט,,
18,סייד (שבט),1170,218,,231,48,0.22018348623853212,בז''ב,5.068807339449541,סייד שבט,,
18,לוטם,1171,169,,174,69,0.40828402366863903,בז''ב,1.4792899408284024,לוטם,,
18,תובל,1172,160,,161,54,0.3375,בז''ב,1.5125,תובל,,
18,לפידות,1173,93,,93,33,0.3548387096774194,בז''ב,1.3763440860215055,לפידות,,
18,מנוף,1174,317,,317,174,0.5488958990536278,בז''ב,1.3753943217665616,מנוף,,
18,עידן,1175,148,,149,83,0.5608108108108109,בז''ב,1.7972972972972974,עידן,,
18,ספיר,1176,170,,172,102,0.6,בז''ב,1.6529411764705881,ספיר,,
18,טללים,1177,93,,93,64,0.6881720430107527,בז''ב,1.5268817204301075,טללים,,
18,מורשת,1178,463,,463,455,0.9827213822894169,בז''ב,1.1900647948164147,מורשת,,
18,קורנית,1179,337,,341,163,0.4836795252225519,בז''ב,1.2997032640949555,קורנית,,
18,צביה,1180,160,,160,97,0.60625,בז''ב,1.3375,צביה,,
18,טל-אל,1181,473,,475,303,0.6405919661733616,בז''ב,1.2684989429175475,טל אל,,
18,אלון הגליל,1182,423,,423,200,0.4728132387706856,בז''ב,1.3475177304964538,אלון הגליל,,
18,כליל,1183,174,,177,35,0.20114942528735633,בז''ב,1.3735632183908046,כליל,,
18,מתת,1184,79,,79,42,0.5316455696202531,בז''ב,1.5063291139240507,מתת,,
18,הושעיה,1186,727,,730,651,0.8954607977991746,בז''ב,1.2640990371389271,הושעיה,,
18,אשחר,1188,245,,247,112,0.45714285714285713,בז''ב,1.3142857142857143,אשחר,,
18,מצפה נטופה,1190,323,,323,287,0.8885448916408669,בז''ב,1.2198142414860682,מצפה נטופה,,
18,בר יוחאי,1191,206,,208,204,0.9902912621359223,בז''ב,1.4174757281553398,בר יוחאי,,
18,ערערה-בנגב,1192,2664,,2709,64,0.024024024024024024,בז''ב,1.7338588588588588,ערערה בנגב,,
18,נאות סמדר,1197,159,,159,75,0.4716981132075472,בז''ב,1.7610062893081762,נאות סמדר,,
18,עדי,1199,892,,898,633,0.7096412556053812,בז''ב,1.2791479820627802,עדי,,
18,מודיעין-מכבים-רעו,1200,31781,,31971,22624,0.7118718731317454,בז''ב,1.329221862118876,מודיעין מכבים רעו,,
18,כמון,1201,267,,269,131,0.49063670411985016,בז''ב,1.3408239700374531,כמון,,
18,מכמנים,1202,154,,154,77,0.5,בז''ב,1.3181818181818181,מכמנים,,
18,הררית,1203,145,,145,66,0.45517241379310347,בז''ב,1.4482758620689655,הררית,,
18,גילון,1204,478,,479,287,0.600418410041841,בז''ב,1.301255230125523,גילון,,
18,מנות,1205,175,,177,124,0.7085714285714285,בז''ב,1.3771428571428572,מנות,,
18,גיתה,1206,109,,110,51,0.46788990825688076,בז''ב,1.4954128440366972,גיתה,,
18,לבון,1207,179,,183,110,0.6145251396648045,בז''ב,1.3798882681564246,לבון,,
18,הילה,1208,313,,315,143,0.45686900958466453,בז''ב,1.2875399361022364,הילה,,
18,חרשים,1209,117,,117,39,0.3333333333333333,בז''ב,1.3418803418803418,חרשים,,
18,כחל,1210,178,,178,103,0.5786516853932584,בז''ב,1.4157303370786516,כחל,,
18,עמוקה,1212,110,,110,48,0.43636363636363634,בז''ב,1.5636363636363637,עמוקה,,
18,טפחות,1214,160,,160,143,0.89375,בז''ב,1.29375,טפחות,,
18,גורנות הגליל,1219,97,,97,60,0.6185567010309279,בז''ב,1.7010309278350515,גורנות הגליל,,
18,אבירים,1220,110,,110,46,0.41818181818181815,בז''ב,1.2727272727272727,אבירים,,
18,צורית,1221,416,,418,260,0.625,בז''ב,1.21875,צורית,,
18,"מצפה אבי""ב",1222,337,,337,211,0.6261127596439169,בז''ב,1.2640949554896141,מצפה אבי ב,,
18,שדי אברהם,1223,123,,123,74,0.6016260162601627,בז''ב,1.4552845528455285,שדי אברהם,,
18,כוכב יאיר,1224,5625,,5648,3909,0.6949333333333333,בז''ב,1.3377777777777777,כוכב יאיר,,
18,יובלים,1226,664,,664,342,0.5150602409638554,בז''ב,1.2921686746987953,יובלים,,
18,יתד,1227,298,,299,242,0.8120805369127517,בז''ב,1.1946308724832215,יתד,,
18,רקפת,1228,402,,403,220,0.5472636815920398,בז''ב,1.2139303482587065,רקפת,,
18,כלנית,1229,110,,110,104,0.9454545454545454,בז''ב,1.4454545454545455,כלנית,,
18,לבנים,1230,183,,184,113,0.6174863387978142,בז''ב,1.453551912568306,לבנים,,
18,פרי גן,1231,75,,76,46,0.6133333333333333,בז''ב,1.56,פרי גן,,
18,יבול,1232,278,,278,226,0.8129496402877698,בז''ב,1.20863309352518,יבול,,
18,שקף,1233,284,,286,238,0.8380281690140845,בז''ב,1.2852112676056338,שקף,,
18,קבועה (שבט),1234,255,,258,1,0.00392156862745098,בז''ב,1.7921568627450981,קבועה שבט,,
18,שורשים,1235,159,,159,86,0.5408805031446541,בז''ב,1.5345911949685536,שורשים,,
18,נירית,1236,631,,635,375,0.5942947702060222,בז''ב,1.2614896988906497,נירית,,98.0
18,תלמי יוסף,1237,135,,135,75,0.5555555555555556,בז''ב,1.525925925925926,תלמי יוסף,,
18,סופה,1238,117,,119,61,0.5213675213675214,בז''ב,1.393162393162393,סופה,,
18,חולית,1239,53,,54,31,0.5849056603773585,בז''ב,1.7169811320754718,חולית,,
18,עין הבשור,1240,448,,448,251,0.5602678571428571,בז''ב,1.2767857142857142,עין הבשור,,
18,דקל,1241,155,,155,82,0.5290322580645161,בז''ב,1.6,דקל,,
18,נתיב העשרה,1242,414,,415,282,0.6811594202898551,בז''ב,1.2995169082125604,נתיב העשרה,,
18,תמרת,1244,916,,926,452,0.49344978165938863,בז''ב,1.3591703056768558,תמרת,,
18,סלמה,1245,605,,622,112,0.18512396694214875,בז''ב,2.452892561983471,סלמה,,
18,עראמשה,1246,293,,321,44,0.15017064846416384,בז''ב,2.733788395904437,עראמשה,,
18,קציר-חריש,1247,1506,,1524,918,0.6095617529880478,בז''ב,1.4893758300132802,קציר חריש,,
18,הרדוף,1249,202,,202,37,0.18316831683168316,בז''ב,1.3366336633663367,הרדוף,,
18,עין תמר,1251,78,,78,53,0.6794871794871795,בז''ב,1.4743589743589745,עין תמר,,
18,כורזים,1252,237,,239,140,0.5907172995780591,בז''ב,1.4261603375527425,כורזים,,
18,אמנון,1253,133,,134,75,0.5639097744360902,בז''ב,1.699248120300752,אמנון,,
18,נטף,1254,202,,202,82,0.40594059405940597,בז''ב,1.3712871287128714,נטף,,
18,לוטן,1255,83,,84,43,0.5180722891566265,בז''ב,1.5903614457831325,לוטן,,
18,אשרת,1256,212,,216,165,0.7783018867924528,בז''ב,1.5330188679245282,אשרת,,
18,חנתון,1257,131,,132,74,0.5648854961832062,בז''ב,1.4885496183206106,חנתון,,
18,מסד,1258,243,,246,105,0.43209876543209874,בז''ב,1.4156378600823045,מסד,,
18,נווה שלום,1259,109,,110,4,0.03669724770642202,בז''ב,1.275229357798165,נווה שלום,,
18,כפר ורדים,1263,3059,,3071,1838,0.6008499509643674,בז''ב,1.3746322327558025,כפר ורדים,,
18,כרמי יוסף,1264,1060,,1064,664,0.6264150943396226,בז''ב,1.3264150943396227,כרמי יוסף,,
18,שומריה,1265,204,,205,200,0.9803921568627451,בז''ב,1.1715686274509804,שומריה,,
18,מיתר,1268,3717,,3730,2549,0.6857680925477536,בז''ב,1.3656174334140436,מיתר,,
18,להבים,1271,3028,,3035,1906,0.6294583883751651,בז''ב,1.3652575957727873,להבים,,
18,חלוץ,1272,156,,156,86,0.5512820512820513,בז''ב,1.4615384615384615,חלוץ,,
18,גן נר,1274,1080,,1087,746,0.6907407407407408,בז''ב,1.4601851851851853,גן נר,,
18,אבטליון,1275,133,,133,83,0.6240601503759399,בז''ב,1.2781954887218046,אבטליון,,
18,ניצני סיני,1280,214,,215,134,0.6261682242990654,בז''ב,1.719626168224299,ניצני סיני,,
18,מירב,1282,186,,186,180,0.967741935483871,בז''ב,1.1290322580645162,מירב,,
18,תל תאומים,1283,133,,133,118,0.8872180451127819,בז''ב,1.669172932330827,תל תאומים,,
18,נופית,1284,1355,,1359,900,0.6642066420664207,בז''ב,1.2383763837638377,נופית,,
18,כרכום,1285,288,,288,173,0.6006944444444444,בז''ב,1.3993055555555556,כרכום,,
18,שגב-שלום,1286,1163,,1209,30,0.025795356835769563,בז''ב,2.2734307824591573,שגב שלום,,
18,שני,1287,177,,177,92,0.519774011299435,בז''ב,1.887005649717514,שני,,141.0
18,גבעת אלה,1288,948,,952,551,0.5812236286919831,בז''ב,1.4324894514767932,גבעת אלה,,
18,זמר,1290,1655,,1689,42,0.025377643504531724,בז''ב,2.0193353474320244,זמר,,
18,ג'דיידה-מכר,1292,5047,,5118,54,0.010699425401228452,בז''ב,2.093520903507034,ג דיידה מכר,,
18,גבעת אבני,1293,986,,988,710,0.7200811359026369,בז''ב,1.4330628803245435,גבעת אבני,,
18,אור הגנוז,1294,100,,100,99,0.99,בז''ב,1.53,אור הגנוז,,
18,יאנוח-ג'ת,1295,1998,,2023,1039,0.52002002002002,בז''ב,1.6736736736736737,יאנוח ג ת,,
18,כסרא-סמיע,1296,2688,,2732,496,0.18452380952380953,בז''ב,1.4977678571428572,כסרא סמיע,,
18,כפר חנניה,1297,202,,204,155,0.7673267326732673,בז''ב,1.3564356435643565,כפר חנניה,,
18,חורה,1303,1190,,1254,63,0.052941176470588235,בז''ב,3.6134453781512605,חורה,,
18,שוהם,1304,8726,,8782,6428,0.7366490946596379,בז''ב,1.2732065092826037,שוהם,,
18,אלעד,1309,11549,,11600,11481,0.9941120443328427,בז''ב,1.2156896701013076,אלעד,,
18,לפיד,1310,1047,,1054,734,0.7010506208213945,בז''ב,1.2817574021012417,לפיד,,
18,אבשלום,1311,89,,93,15,0.16853932584269662,בז''ב,1.6067415730337078,אבשלום,,
18,פוריה עילית,1313,325,,329,223,0.6861538461538461,בז''ב,1.5353846153846153,פוריה עילית,,
18,נווה זיו,1314,239,,242,147,0.6150627615062761,בז''ב,1.393305439330544,נווה זיו,,
18,מתן,1315,1463,,1477,951,0.6500341763499659,בז''ב,1.2583732057416268,מתן,,
18,דמיידה,1317,113,,115,4,0.035398230088495575,בז''ב,1.9292035398230087,דמיידה,,
18,בת חפר,1319,2324,,2338,1615,0.6949225473321858,בז''ב,1.3373493975903614,בת חפר,,
18,עין חוד,1320,45,,46,3,0.06666666666666667,בז''ב,2.511111111111111,עין חוד,,
18,ח'ואלד,1321,106,,112,11,0.10377358490566038,בז''ב,1.8584905660377358,ח ואלד,,
18,בת הדר,1323,192,,194,128,0.6666666666666666,בז''ב,1.546875,בת הדר,,
18,"בסמ""ה",1326,2224,,2280,33,0.014838129496402877,בז''ב,1.9820143884892085,בסמ ה,,
18,מעלה עירון,1327,3056,,3103,56,0.01832460732984293,בז''ב,2.2601439790575917,מעלה עירון,,
18,אחוזת ברק,1330,678,,682,459,0.6769911504424779,בז''ב,1.3215339233038348,אחוזת ברק,,
18,כמאנה,1331,389,,407,123,0.3161953727506427,בז''ב,1.9280205655526992,כמאנה,,
18,חוסנייה,1332,185,,191,3,0.016216216216216217,בז''ב,1.7783783783783784,חוסנייה,,
18,נוף איילון,1333,999,,1000,990,0.990990990990991,בז''ב,1.1631631631631631,נוף איילון,,
18,ראס אל-עין,1334,95,,100,12,0.12631578947368421,בז''ב,1.7789473684210526,ראס אל עין,,
18,ערב אל נעים,1335,77,,85,15,0.19480519480519481,בז''ב,3.5064935064935066,ערב אל נעים,,
18,שמשית,1337,1022,,1026,601,0.5880626223091977,בז''ב,1.2230919765166341,שמשית,,
18,גבעות בר,1344,82,,82,51,0.6219512195121951,בז''ב,1.3170731707317074,גבעות בר,,
18,צור יצחק,1345,69,,70,49,0.7101449275362319,בז''ב,1.1159420289855073,צור יצחק,,
18,קצר א-סר,1347,257,,258,2,0.007782101167315175,בז''ב,1.5447470817120623,קצר א סר,,
18,ביר הדאג',1348,48,,51,5,0.10416666666666667,בז''ב,2.1458333333333335,ביר הדאג,,
18,דריג'את,1349,184,,199,15,0.08152173913043478,בז''ב,1.4891304347826086,דריג את,,
18,אום בטין,1358,199,,211,5,0.02512562814070352,בז''ב,2.1256281407035176,אום בטין,,
18,אל סייד,1359,62,,64,19,0.3064516129032258,בז''ב,3.0161290322580645,אל סייד,,
18,בת חן,1361,425,,432,253,0.5952941176470589,בז''ב,1.3105882352941176,בת חן,,
18,מחנה תל נוף,1412,109,,109,90,0.8256880733944955,בז''ב,1.6330275229357798,מחנה תל נוף,,
18,מחנה יפה,1415,126,,127,87,0.6904761904761905,בז''ב,1.5396825396825398,מחנה יפה,,
18,מחנה יוכבד,1416,54,,54,42,0.7777777777777778,בז''ב,1.9814814814814814,מחנה יוכבד,,
18,מחנה טלי,1418,117,,117,83,0.7094017094017094,בז''ב,1.3846153846153846,מחנה טלי,,
18,ניצן ב',1419,1113,,1126,1015,0.9119496855345912,בז''ב,1.3279424977538186,ניצן ב,,
18,תנובות,2002,349,,350,235,0.673352435530086,בז''ב,1.481375358166189,תנובות,,
18,תלמי אלעזר,2003,354,,356,254,0.7175141242937854,בז''ב,1.2937853107344632,תלמי אלעזר,,
18,שדה יצחק,2008,208,,211,128,0.6153846153846154,בז''ב,1.5288461538461537,שדה יצחק,,
18,יובל,2009,221,,223,128,0.579185520361991,בז''ב,1.5203619909502262,יובל,,
18,כפר בן נון,2010,301,,301,183,0.6079734219269103,בז''ב,1.2890365448504983,כפר בן נון,,
18,ינון,2011,420,,422,338,0.8047619047619048,בז''ב,1.5761904761904761,ינון,,
18,אורות,2012,244,,244,147,0.6024590163934426,בז''ב,1.4221311475409837,אורות,,
18,בן שמן (מושב),2013,339,,339,206,0.6076696165191741,בז''ב,1.3569321533923304,בן שמן מושב,,
18,גבעולים,2014,144,,145,128,0.8888888888888888,בז''ב,1.5069444444444444,גבעולים,,
18,שדי חמד,2015,446,,450,273,0.6121076233183856,בז''ב,1.3273542600896862,שדי חמד,,
18,רוויה,2016,123,,124,115,0.9349593495934959,בז''ב,1.5691056910569106,רוויה,,
18,גבעת חיים (איחוד),2018,581,,583,202,0.3476764199655766,בז''ב,1.359724612736661,גבעת חיים איחוד,,
18,אשל הנשיא,2021,58,,58,34,0.5862068965517241,בז''ב,1.603448275862069,אשל הנשיא,,
18,להב,2023,239,,239,59,0.24686192468619247,בז''ב,1.4267782426778242,להב,,
18,אום אל-קוטוף,2024,295,,298,4,0.013559322033898305,בז''ב,1.6915254237288135,אום אל קוטוף,,
18,ירדנה,2026,159,,161,97,0.610062893081761,בז''ב,1.6981132075471699,ירדנה,,
18,מדרך עוז,2029,264,,265,208,0.7878787878787878,בז''ב,1.4924242424242424,מדרך עוז,,
18,מנוחה,2030,181,,183,150,0.8287292817679558,בז''ב,1.5414364640883977,מנוחה,,
18,בית חלקיה,2033,225,,229,221,0.9822222222222222,בז''ב,1.2577777777777779,בית חלקיה,,
18,חצור הגלילית,2034,3898,,3931,3013,0.7729604925602873,בז''ב,1.6580297588506927,חצור הגלילית,,
18,עדנים,2035,216,,218,140,0.6481481481481481,בז''ב,1.3148148148148149,עדנים,,
18,ברקת,2038,583,,591,561,0.9622641509433962,בז''ב,1.2435677530017153,ברקת,,
18,עין גדי,2042,281,,282,138,0.49110320284697506,בז''ב,1.5587188612099645,עין גדי,,
18,בחן,2043,180,,181,90,0.5,בז''ב,1.4833333333333334,בחן,,
18,מלילות,2044,142,,143,119,0.8380281690140845,בז''ב,1.4929577464788732,מלילות,,
18,נחלה,2045,216,,219,176,0.8148148148148148,בז''ב,1.5277777777777777,נחלה,,
18,סגולה,2046,239,,240,149,0.6234309623430963,בז''ב,1.405857740585774,סגולה,,
18,ניר משה,2047,205,,206,133,0.6487804878048781,בז''ב,1.5121951219512195,ניר משה,,
18,ניר עקיבא,2048,154,,154,91,0.5909090909090909,בז''ב,1.4155844155844155,ניר עקיבא,,
18,שדה צבי,2049,150,,155,109,0.7266666666666667,בז''ב,1.4866666666666666,שדה צבי,,
18,"תלמי ביל""ו",2050,150,,152,91,0.6066666666666667,בז''ב,1.72,תלמי ביל ו,,
18,רווחה,2051,262,,264,245,0.9351145038167938,בז''ב,1.4198473282442747,רווחה,,
18,אביטל,2052,261,,263,196,0.7509578544061303,בז''ב,1.4329501915708813,אביטל,,
18,פרזון,2053,170,,172,120,0.7058823529411765,בז''ב,1.6705882352941177,פרזון,,
18,מיטב,2054,215,,217,175,0.813953488372093,בז''ב,1.5162790697674418,מיטב,,
18,מאור,2055,439,,442,311,0.7084282460136674,בז''ב,1.3781321184510251,מאור,,
18,שדי תרומות,2057,176,,176,134,0.7613636363636364,בז''ב,1.7954545454545454,שדי תרומות,,
18,"פעמי תש""ז",2059,169,,171,127,0.7514792899408284,בז''ב,1.532544378698225,פעמי תש ז,,
18,ברוש,2060,122,,123,93,0.7622950819672131,בז''ב,1.5081967213114753,ברוש,,
18,תדהר,2061,106,,106,82,0.7735849056603774,בז''ב,1.7264150943396226,תדהר,,
18,תאשור,2062,156,,156,101,0.6474358974358975,בז''ב,1.3974358974358974,תאשור,,
18,דישון,2063,206,,207,108,0.5242718446601942,בז''ב,1.4174757281553398,דישון,,
18,זרועה,2064,111,,112,103,0.9279279279279279,בז''ב,1.6396396396396395,זרועה,,
18,טירת כרמל,2100,8692,,8844,6370,0.732857800276116,בז''ב,1.7959042797975149,טירת כרמל,,
18,דימונה,2200,12092,,12398,8168,0.6754879259014225,בז''ב,2.1548957988752893,דימונה,,
18,קרית טבעון,2300,8298,,8355,4904,0.5909857797059532,בז''ב,1.4742106531694383,קרית טבעון,,
18,אור יהודה,2400,13963,,14234,10892,0.780061591348564,בז''ב,1.769318914273437,אור יהודה,,
18,נשר,2500,10927,,11112,6880,0.6296330191269333,בז''ב,1.6349409719044568,נשר,,
18,באר יעקב,2530,3573,,3627,2734,0.7651833193394906,בז''ב,1.6193674783095438,באר יעקב,,
18,גדרה,2550,7736,,7828,5852,0.7564632885211996,בז''ב,1.499612202688728,גדרה,,
18,ערד,2560,10739,,10972,5791,0.5392494645683956,בז''ב,1.8896545302169663,ערד,,
18,אילת,2600,17624,,17841,12582,0.7139128461189287,בז''ב,2.505447117566954,אילת,,
18,בית שמש,2610,23471,,23790,19617,0.8357973669634868,בז''ב,1.6441992245750074,בית שמש,,
18,קרית אונו,2620,16216,,16370,11152,0.6877158362111495,בז''ב,1.4435125801677355,קרית אונו,,
18,קרית גת,2630,22236,,22667,14851,0.6678809138334233,בז''ב,1.679303831624393,קרית גת,,
18,ראש העין,2640,17894,,18111,14011,0.7829998882306919,בז''ב,1.461719011959316,ראש העין,,
18,רמת השרון,2650,22851,,23007,15261,0.6678482342129447,בז''ב,1.4326725307426371,רמת השרון,,
18,יבנה,2660,15929,,16144,12235,0.7680959256701614,בז''ב,1.5669533555150983,יבנה,,
18,אום אל-פחם,2710,14543,,14660,94,0.006463590730935846,בז''ב,1.7079007082445163,אום אל פחם,,
18,טירה,2720,8315,,8379,218,0.026217678893565844,בז''ב,1.6293445580276609,טירה,,
18,טייבה,2730,13150,,13321,204,0.015513307984790874,בז''ב,1.5732319391634981,טייבה,,
18,קרית שמונה,2800,9220,,9355,6146,0.6665943600867679,בז''ב,1.9407809110629066,קרית שמונה,,
18,ירושלים,3000,215743,,217905,172577,0.799919348484076,בז''ב,1.639839994808638,ירושלים,,
18,חברון,3400,219,,219,214,0.9771689497716894,בז''ב,1.2420091324200913,חברון,,43.0
18,כפר עציון,3488,289,,292,255,0.8823529411764706,בז''ב,1.2698961937716262,כפר עציון,,63.0
18,נתיב הגדוד,3555,70,,70,52,0.7428571428571429,בז''ב,1.8571428571428572,נתיב הגדוד,,103.0
18,אלמוג,3556,92,,94,43,0.4673913043478261,בז''ב,1.2826086956521738,אלמוג,,9.0
18,קדומים,3557,1705,,1716,1633,0.9577712609970674,בז''ב,1.2211143695014663,קדומים,,123.0
18,תומר,3558,164,,164,109,0.6646341463414634,בז''ב,1.4634146341463414,תומר,,145.0
18,אלקנה,3560,1819,,1825,1752,0.9631665750412315,בז''ב,1.206157229246839,אלקנה,,13.0
18,מגדל עוז,3561,158,,160,152,0.9620253164556962,בז''ב,1.4303797468354431,מגדל עוז,,70.0
18,תקוע,3563,751,,757,642,0.8548601864181092,בז''ב,1.374167776298269,תקוע,,147.0
18,כוכב השחר,3564,705,,707,695,0.9858156028368794,בז''ב,1.1602836879432623,כוכב השחר,,59.0
18,רימונים,3565,278,,286,229,0.8237410071942446,בז''ב,1.5683453237410072,רימונים,,135.0
18,יפית,3566,65,,65,51,0.7846153846153846,בז''ב,1.876923076923077,יפית,,56.0
18,סלעית,3567,254,,254,189,0.7440944881889764,בז''ב,1.3700787401574803,סלעית,,105.0
18,ריחן,3568,78,,78,52,0.6666666666666666,בז''ב,1.435897435897436,ריחן,,134.0
18,מבוא דותן,3569,124,,124,102,0.8225806451612904,בז''ב,1.7983870967741935,מבוא דותן,,67.0
18,אריאל,3570,8520,,8672,5461,0.640962441314554,בז''ב,1.5586854460093897,אריאל,,17.0
18,שבי שומרון,3571,359,,362,332,0.924791086350975,בז''ב,1.3426183844011141,שבי שומרון,,137.0
18,כפר תפוח,3572,381,,382,364,0.9553805774278216,בז''ב,1.2808398950131235,כפר תפוח,,64.0
18,חלמיש,3573,543,,544,531,0.9779005524861878,בז''ב,1.276243093922652,חלמיש,,47.0
18,בית אל,3574,2409,,2420,2363,0.9809049398090494,בז''ב,1.1693648816936488,בית אל,,19.0
18,בית חורון,3575,487,,487,456,0.9363449691991786,בז''ב,1.1868583162217659,בית חורון,,23.0
18,מצפה יריחו,3576,716,,718,696,0.9720670391061452,בז''ב,1.2472067039106145,מצפה יריחו,,85.0
18,שדמות מחולה,3578,261,,261,247,0.946360153256705,בז''ב,1.206896551724138,שדמות מחולה,,138.0
18,אלון מורה,3579,621,,625,607,0.9774557165861514,בז''ב,1.2801932367149758,אלון מורה,,7.0
18,ארגמן,3598,82,,84,61,0.7439024390243902,בז''ב,1.6951219512195121,ארגמן,,16.0
18,מחולה,3599,199,,200,192,0.964824120603015,בז''ב,1.3165829145728642,מחולה,,74.0
18,קליה,3601,144,,144,97,0.6736111111111112,בז''ב,1.5763888888888888,קליה,,125.0
18,ראש צורים,3602,263,,263,246,0.935361216730038,בז''ב,1.1634980988593155,ראש צורים,,129.0
18,הר גילה,3603,255,,258,169,0.6627450980392157,בז''ב,1.3490196078431373,הר גילה,,40.0
18,אלון שבות,3604,1445,,1457,1394,0.9647058823529412,בז''ב,1.2186851211072665,אלון שבות,,8.0
18,משואה,3605,86,,86,69,0.8023255813953488,בז''ב,1.5813953488372092,משואה,,87.0
18,גלגל,3606,64,,64,39,0.609375,בז''ב,1.71875,גלגל,,36.0
18,"ייט""ב",3607,92,,92,44,0.4782608695652174,בז''ב,1.315217391304348,ייט ב,,55.0
18,מעלה אפרים,3608,585,,594,416,0.7111111111111111,בז''ב,2.0683760683760686,מעלה אפרים,,78.0
18,חמרה,3609,76,,76,56,0.7368421052631579,בז''ב,1.6710526315789473,חמרה,,49.0
18,מצפה שלם,3610,90,,91,45,0.5,בז''ב,1.4111111111111112,מצפה שלם,,86.0
18,קרית ארבע,3611,2655,,2682,2282,0.8595103578154426,בז''ב,1.4986817325800377,קרית ארבע,,126.0
18,בקעות,3612,93,,93,73,0.7849462365591398,בז''ב,1.5376344086021505,בקעות,,25.0
18,גיתית,3613,113,,113,92,0.8141592920353983,בז''ב,1.3716814159292035,גיתית,,35.0
18,מכורה,3614,72,,74,55,0.7638888888888888,בז''ב,1.5694444444444444,מכורה,,75.0
18,פצאל,3615,146,,146,99,0.678082191780822,בז''ב,1.5273972602739727,פצאל,,121.0
18,מעלה אדומים,3616,14918,,15071,11837,0.7934709746614828,בז''ב,1.5225901595388123,מעלה אדמים,,77.0
18,עופרה,3617,1227,,1241,1189,0.9690301548492257,בז''ב,1.2061939690301549,עופרה,,
18,אלעזר,3618,723,,725,686,0.9488243430152143,בז''ב,1.1632088520055326,אלעזר,,11.0
18,רועי,3619,130,,130,107,0.823076923076923,בז''ב,1.3461538461538463,רועי,,131.0
18,נירן,3620,43,,43,2,0.046511627906976744,בז''ב,1.2790697674418605,נירן,,99.0
18,מעלה שומרון,3637,301,,302,255,0.8471760797342193,בז''ב,1.3621262458471761,מעלה שומרון,,82.0
18,כפר אדומים,3638,1183,,1187,1038,0.8774302620456467,בז''ב,1.2400676246830094,כפר אדומים,,61.0
18,ורד יריחו,3639,109,,109,77,0.7064220183486238,בז''ב,1.4770642201834863,ורד יריחו,,42.0
18,קרני שומרון,3640,3283,,3322,2830,0.8620164483703929,בז''ב,1.3828815108132806,קרני שומרון,,128.0
18,שילה,3641,916,,923,900,0.982532751091703,בז''ב,1.2783842794759825,שילה,,139.0
18,חיננית,3643,348,,349,235,0.6752873563218391,בז''ב,1.2385057471264367,חיננית,,46.0
18,גבעון החדשה,3644,606,,615,434,0.7161716171617162,בז''ב,1.4257425742574257,גבעון החדשה,,32.0
18,בית הערבה,3645,36,,36,20,0.5555555555555556,בז''ב,1.3888888888888888,בית הערבה,,22.0
18,יקיר,3647,531,,531,518,0.975517890772128,בז''ב,1.2033898305084745,יקיר,,58.0
18,מתתיהו,3648,174,,175,174,1.0,בז''ב,1.235632183908046,מתתיהו,,
18,שקד,3649,290,,293,225,0.7758620689655172,בז''ב,1.3586206896551725,שקד,,144.0
18,אפרתה,3650,3811,,3823,3590,0.9420099711361847,בז''ב,1.2930989241668853,אפרתה,,15.0
18,מעלה מכמש,3651,511,,514,497,0.9726027397260274,בז''ב,1.197651663405088,מעלה מכמש,,80.0
18,בית אריה,3652,1749,,1762,1432,0.8187535734705546,בז''ב,1.3716409376786736,בית אריה,,21.0
18,מעלה עמוס,3653,107,,108,106,0.9906542056074766,בז''ב,1.588785046728972,מעלה עמוס,,81.0
18,ברקן,3654,691,,694,529,0.7655571635311144,בז''ב,1.361794500723589,ברקן,,
18,"ניל""י",3655,440,,444,322,0.7318181818181818,בז''ב,1.2818181818181817,ניל י,,97.0
18,כרמל,3656,196,,196,195,0.9948979591836735,בז''ב,1.1938775510204083,כרמל,,66.0
18,מעון,3657,150,,151,149,0.9933333333333333,בז''ב,1.28,מעון,,76.0
18,עטרת,3658,199,,200,193,0.9698492462311558,בז''ב,1.1407035175879396,עטרת,,108.0
18,פסגות,3659,736,,740,721,0.9796195652173914,בז''ב,1.1576086956521738,פסגות,,120.0
18,עמנואל,3660,1100,,1114,1082,0.9836363636363636,בז''ב,1.5254545454545454,עמנואל,,113.0
18,מבוא חורון,3709,539,,540,535,0.9925788497217068,בז''ב,1.0964749536178107,מבוא חורון,,68.0
18,ברכה,3710,562,,563,551,0.9804270462633452,בז''ב,1.2811387900355873,ברכה,,27.0
18,ענב,3712,277,,278,261,0.9422382671480144,בז''ב,1.3068592057761732,ענב,,114.0
18,"נעמ""ה",3713,61,,61,43,0.7049180327868853,בז''ב,1.5573770491803278,נעמ ה,,
18,עלמון,3715,399,,400,317,0.7944862155388471,בז''ב,1.3508771929824561,עלמון,,111.0
18,חרמש,3717,86,,88,54,0.627906976744186,בז''ב,1.7906976744186047,חרמש,,50.0
18,תלם,3719,68,,69,63,0.9264705882352942,בז''ב,1.3235294117647058,תלם,,146.0
18,שערי תקווה,3720,2083,,2102,1768,0.8487758041286606,בז''ב,1.3187710033605378,שערי תקווה,,143.0
18,אשכולות,3722,191,,196,170,0.8900523560209425,בז''ב,1.2774869109947644,אשכולות,,18.0
18,פני חבר,3723,108,,108,106,0.9814814814814815,בז''ב,1.2314814814814814,פני חבר,,119.0
18,נווה דניאל,3725,777,,779,742,0.954954954954955,בז''ב,1.2084942084942085,נווה דניאל,,91.0
18,נוקדים,3726,375,,379,249,0.664,בז''ב,1.3973333333333333,נוקדים,,94.0
18,עלי זהב,3727,335,,337,289,0.8626865671641791,בז''ב,1.346268656716418,עלי זהב,,110.0
18,גבעת זאב,3730,5262,,5314,4346,0.8259217027746104,בז''ב,1.4562903838844545,גבעת זאב,,34.0
18,טנא,3743,271,,271,224,0.8265682656826568,בז''ב,1.3837638376383763,טנא,,54.0
18,מצדות יהודה,3745,201,,203,196,0.9751243781094527,בז''ב,1.1940298507462686,מצדות יהודה,,83.0
18,קרית נטפים,3746,216,,218,208,0.9629629629629629,בז''ב,1.2453703703703705,קרית נטפים,,127.0
18,דולב,3747,503,,503,497,0.9880715705765407,בז''ב,1.1988071570576542,דולב,,38.0
18,עתניאל,3748,274,,274,270,0.9854014598540146,בז''ב,1.2372262773722629,עתניאל,,117.0
18,יצהר,3749,289,,289,284,0.9826989619377162,בז''ב,1.3910034602076125,יצהר,,57.0
18,אלפי מנשה,3750,3480,,3502,2698,0.7752873563218391,בז''ב,1.3600574712643678,אלפי מנשה,,12.0
18,מגדלים,3751,51,,51,33,0.6470588235294118,בז''ב,1.7843137254901962,מגדלים,,71.0
18,מעלה לבונה,3752,225,,226,214,0.9511111111111111,בז''ב,1.3777777777777778,מעלה לבונה,,79.0
18,אספר,3754,88,,88,87,0.9886363636363636,בז''ב,1.7159090909090908,אספר,,
18,סוסיה,3756,281,,281,275,0.9786476868327402,בז''ב,1.3060498220640568,סוסיה,,104.0
18,אדורה,3759,103,,103,89,0.8640776699029126,בז''ב,1.5048543689320388,אדורה,,3.0
18,אורנית,3760,3147,,3164,2429,0.7718462027327614,בז''ב,1.338417540514776,אורנית,,4.0
18,איתמר,3762,269,,269,264,0.9814126394052045,בז''ב,1.3345724907063197,איתמר,,5.0
18,גבע בנימין,3763,1447,,1469,1220,0.8431237042156186,בז''ב,1.414651002073255,גבע בנימין,,
18,חגי,3764,202,,203,201,0.995049504950495,בז''ב,1.1633663366336633,חגי,,44.0
18,עלי,3765,1054,,1064,984,0.9335863377609108,בז''ב,1.3444022770398483,עלי,,109.0
18,כרמי צור,3766,274,,275,268,0.9781021897810219,בז''ב,1.1824817518248176,כרמי צור,,65.0
18,נחליאל,3767,140,,141,140,1.0,בז''ב,1.3571428571428572,נחליאל,,96.0
18,פדואל,3768,461,,462,457,0.9913232104121475,בז''ב,1.17353579175705,פדואל,,118.0
18,הר אדר,3769,1614,,1621,994,0.6158612143742255,בז''ב,1.2639405204460967,הר אדר,,39.0
18,חשמונאים,3770,1344,,1347,1305,0.9709821428571429,בז''ב,1.2708333333333333,חשמונאים,,51.0
18,עץ אפרים,3778,369,,375,301,0.8157181571815718,בז''ב,1.3089430894308942,עץ אפרים,,116.0
18,כוכב יעקב,3779,2004,,2027,1968,0.9820359281437125,בז''ב,1.31686626746507,כוכב יעקב,,60.0
18,ביתר עילית,3780,9780,,9860,9740,0.9959100204498977,בז''ב,1.3311860940695297,ביתר עלית,,24.0
18,קדר,3781,326,,329,250,0.7668711656441718,בז''ב,1.3987730061349692,קדר,,124.0
18,שמעה,3784,131,,131,105,0.8015267175572519,בז''ב,1.5725190839694656,שמעה,,140.0
18,נעלה,3787,339,,341,234,0.6902654867256637,בז''ב,1.3775811209439528,נעלה,,100.0
18,טלמון,3788,822,,824,813,0.9890510948905109,בז''ב,1.0790754257907542,טלמון,,53.0
18,נופים,3790,201,,202,159,0.7910447761194029,בז''ב,1.5771144278606966,נופים,,93.0
18,צופים,3791,465,,466,413,0.8881720430107527,בז''ב,1.324731182795699,צופים,,122.0
18,אבני חפץ,3793,443,,449,438,0.9887133182844243,בז''ב,1.1512415349887133,אבני חפץ,,1.0
18,בת עין,3794,297,,298,276,0.9292929292929293,בז''ב,1.4747474747474747,בת עין,,29.0
18,רבבה,3795,363,,363,362,0.9972451790633609,בז''ב,1.0578512396694215,רבבה,,130.0
18,כפר האורנים,3796,886,,893,613,0.6918735891647856,בז''ב,1.2088036117381489,כפר האורנים,,
18,מודיעין עילית,3797,13575,,13635,13545,0.9977900552486187,בז''ב,1.1549907918968692,מודיעין עלית,,73.0
18,חיפה,4000,134710,,136506,77662,0.5765125083512731,בז''ב,1.7459579838170887,חיפה,,
18,בוקעאתא,4001,77,,78,25,0.3246753246753247,בז''ב,3.5974025974025974,בוקעאתא,,
18,אלי-עד,4002,148,,148,86,0.581081081081081,בז''ב,1.5472972972972974,אלי עד,,
18,אל-רום,4003,163,,167,82,0.5030674846625767,בז''ב,1.5337423312883436,אל רום,,
18,כפר חרוב,4004,173,,173,107,0.6184971098265896,בז''ב,1.5664739884393064,כפר חרוב,,
18,חספין,4005,445,,445,439,0.9865168539325843,בז''ב,1.2516853932584269,חספין,,
18,קשת,4006,253,,254,247,0.9762845849802372,בז''ב,1.3715415019762847,קשת,,
18,יונתן,4007,176,,177,161,0.9147727272727273,בז''ב,1.2556818181818181,יונתן,,
18,מעלה גמלא,4008,197,,198,123,0.6243654822335025,בז''ב,1.6751269035532994,מעלה גמלא,,
18,שעל,4009,143,,145,97,0.6783216783216783,בז''ב,1.3496503496503496,שעל,,
18,אודם,4010,58,,58,37,0.6379310344827587,בז''ב,1.4482758620689655,אודם,,
18,אבני איתן,4011,201,,203,188,0.9353233830845771,בז''ב,1.407960199004975,אבני איתן,,
18,אניעם,4012,232,,233,144,0.6206896551724138,בז''ב,1.3405172413793103,אניעם,,
18,אורטל,4013,121,,122,81,0.6694214876033058,בז''ב,1.462809917355372,אורטל,,
18,בני יהודה,4015,470,,472,306,0.6510638297872341,בז''ב,1.625531914893617,בני יהודה,,
18,אלוני הבשן,4017,113,,114,106,0.9380530973451328,בז''ב,1.2654867256637168,אלוני הבשן,,
18,גבעת יואב,4021,268,,268,162,0.6044776119402985,בז''ב,1.4850746268656716,גבעת יואב,,
18,גשור,4022,114,,116,63,0.5526315789473685,בז''ב,1.4385964912280702,גשור,,
18,קלע,4024,60,,60,32,0.5333333333333333,בז''ב,1.85,קלע,,
18,קדמת צבי,4025,173,,173,116,0.6705202312138728,בז''ב,1.5491329479768785,קדמת צבי,,
18,חד-נס,4026,257,,261,182,0.708171206225681,בז''ב,1.4669260700389104,חד נס,,
18,כנף,4028,143,,144,91,0.6363636363636364,בז''ב,1.2517482517482517,כנף,,
18,קצרין,4100,2923,,3028,1811,0.6195689360246323,בז''ב,1.8347588094423537,קצרין,,
18,מרום גולן,4101,276,,276,172,0.6231884057971014,בז''ב,1.536231884057971,מרום גולן,,
18,מג'דל שמס,4201,78,,81,34,0.4358974358974359,בז''ב,4.9743589743589745,מג דל שמס,,
18,מסעדה,4203,78,,78,44,0.5641025641025641,בז''ב,1.8461538461538463,מסעדה,,
18,מבוא חמה,4204,201,,201,112,0.5572139303482587,בז''ב,1.6517412935323383,מבוא חמה,,
18,אפיק,4301,148,,148,66,0.44594594594594594,בז''ב,1.6216216216216217,אפיק,,
18,"נווה אטי""ב",4303,101,,101,80,0.7920792079207921,בז''ב,1.504950495049505,נווה אטי ב,,
18,נוב,4304,315,,316,304,0.9650793650793651,בז''ב,1.2634920634920634,נוב,,
18,ע'ג'ר,4501,253,,270,125,0.49407114624505927,בז''ב,4.715415019762846,ע ג ר,,
18,עין זיוון,4503,119,,119,62,0.5210084033613446,בז''ב,1.638655462184874,עין זיוון,,
18,נאות גולן,4551,186,,189,119,0.6397849462365591,בז''ב,1.6774193548387097,נאות גולן,,
18,רמת מגשימים,4701,368,,368,327,0.8885869565217391,בז''ב,1.25,רמת מגשימים,,
18,רמות,4702,290,,291,168,0.5793103448275863,בז''ב,1.410344827586207,רמות,,
18,תל אביב - יפו,5000,224000,,226390,141928,0.6336071428571428,בז''ב,1.7142410714285714,תל אביב יפו,,
18,באקה-ג'ת,6000,9550,,9704,84,0.008795811518324608,בז''ב,2.0424083769633508,באקה ג ת,,
18,בני ברק,6100,63433,,63936,60843,0.9591695174436019,בז''ב,1.3912632226128356,בני ברק,,
18,בת ים,6200,61855,,62926,40892,0.6610944951903646,בז''ב,2.0088432624686767,בת ים,,
18,גבעתיים,6300,29284,,29566,18882,0.6447889632563858,בז''ב,1.4883212675863953,גבעתיים,,
18,הרצליה,6400,47558,,48046,32557,0.6845746246688255,בז''ב,1.5682955549013835,הרצליה,,
18,חדרה,6500,35440,,36089,24054,0.67872460496614,בז''ב,1.8126975169300226,חדרה,,
18,חולון,6600,86962,,88202,62466,0.7183137462339872,בז''ב,1.7136565396380028,חולון,,
18,טבריה,6700,16029,,16233,12287,0.7665481315116351,בז''ב,2.0,טבריה,,
18,קרית אתא,6800,24906,,25339,17311,0.695053400786959,בז''ב,1.6848550550068258,קרית אתא,,
18,כפר סבא,6900,46066,,46490,31356,0.6806755524681978,בז''ב,1.486736421655885,כפר סבא,,
18,לוד,7000,27475,,28094,15863,0.577361237488626,בז''ב,1.8461510464058235,לוד,,
18,אשקלון,7100,49795,,50644,31631,0.6352244201225022,בז''ב,1.800421729089266,אשקלון,,
18,נס ציונה,7200,17459,,17624,12343,0.7069706168738187,בז''ב,1.4492238959848789,נס ציונה,,
18,נצרת,7300,22137,,22506,761,0.03437683516284953,בז''ב,2.1249943533450786,נצרת,,
18,נתניה,7400,81367,,82783,58510,0.719087590792336,בז''ב,1.8457482763282411,נתניה,,
18,סח'נין,7500,12736,,12763,158,0.012405778894472362,בז''ב,1.2185144472361809,סח נין,,
18,עכו,7600,22244,,22718,10748,0.48318647725229275,בז''ב,1.7440208595576334,עכו,,
18,עפולה,7700,17923,,18220,12070,0.6734363666796853,בז''ב,1.8175528650337556,עפולה,,
18,פרדס חנה-כרכור,7800,13730,,13946,9232,0.6723962126729789,בז''ב,1.6562272396212674,פרדס חנה כרכור,,
18,פתח תקווה,7900,98905,,100123,70905,0.7169000556089177,בז''ב,1.5740154693898185,פתח תקווה,,
18,צפת,8000,10784,,10920,8437,0.7823627596439169,בז''ב,1.828356824925816,צפת,,
18,קרית מוצקין,8200,21656,,22032,13787,0.6366364979682305,בז''ב,1.5868581455485777,קרית מוצקין,,
18,ראשון לציון,8300,115839,,117147,80707,0.6967169951398061,בז''ב,1.579373095416915,ראשון לציון,,
18,רחובות,8400,55671,,56337,39145,0.7031488566758276,בז''ב,1.582888757162616,רחובות,,
18,רמלה,8500,25240,,25949,15942,0.6316164817749603,בז''ב,1.9020998415213946,רמלה,,
18,רמת גן,8600,74932,,75684,52232,0.6970586665243154,בז''ב,1.5917231623338493,רמת גן,,
18,רעננה,8700,39385,,39669,28904,0.7338834581693539,בז''ב,1.4877237526977276,רעננה,,
18,שפרעם,8800,10296,,10509,737,0.07158119658119658,בז''ב,2.097804972804973,שפרעם,,
18,טמרה,8900,9540,,9607,237,0.024842767295597486,בז''ב,1.729350104821803,טמרה,,
18,באר שבע,9000,77853,,79215,49516,0.6360191643225053,בז''ב,1.9037673564281403,באר שבע,,
18,נהריה,9100,25793,,26138,16474,0.6387004225952778,בז''ב,1.703562982204474,נהריה,,
18,בית שאן,9200,7051,,7157,5909,0.8380371578499504,בז''ב,1.8045667281236704,בית שאן,,
18,זכרון יעקב,9300,8709,,8768,6083,0.6984728441841773,בז''ב,1.4029165231369847,זכרון יעקב,,
18,יהוד-מונוסון,9400,14010,,14173,10163,0.7254104211277659,בז''ב,1.4588151320485367,יהוד מונוסון,,
18,קרית ביאליק,9500,20079,,20414,12926,0.6437571592210768,בז''ב,1.637930175805568,קרית ביאליק,,
18,קרית ים,9600,18821,,19246,11170,0.5934859996812072,בז''ב,1.848254609213113,קרית ים,,
18,הוד השרון,9700,24306,,24495,16832,0.6925039084999589,בז''ב,1.40092981156916,הוד השרון,,
18,בנימינה-גבעת עדה,9800,5643,,5699,3696,0.6549707602339181,בז''ב,1.3958887116781853,בנימינה גבעת עדה,,
19,תירוש,10,197,301,199,173,0.8781725888324873,שס,0.5126903553299492,תירוש,0.6611295681063123,
19,מבשרת ציון,1015,13116,18404,13192,5721,0.4361848124428179,מחל,0.263418725221104,מבשרת ציון,0.716800695500978,
19,מאיר שפיה,102,52,99,52,15,0.28846153846153844,אמת,0.25,מאיר שפיה,0.5252525252525253,
19,אור עקיבא,1020,7282,14128,7411,5417,0.7438890414721231,מחל,0.45935182642131284,אור עקיבא,0.5245611551528879,
19,חרוצים,1024,396,552,400,151,0.3813131313131313,מחל,0.23232323232323232,חרוצים,0.7246376811594203,
19,תל עדשים,103,539,707,542,146,0.27087198515769945,פה,0.2912801484230056,תל עדשים,0.7666195190947667,
19,שדרות,1031,9208,16889,9387,6649,0.7220894874022589,מחל,0.3658774978279757,שדרות,0.5558055539108295,
19,קרית מלאכי,1034,9553,15854,9710,6894,0.7216581178687324,מחל,0.2794933528734429,קרית מלאכי,0.6124637315503974,
19,מזרע,104,475,657,481,20,0.042105263157894736,אמת,0.3431578947368421,מזרע,0.7321156773211568,
19,נצאצרה (שבט),1041,243,313,247,15,0.06172839506172839,ד,0.8806584362139918,נצאצרה שבט,0.7891373801916933,
19,גיזו,1043,103,126,103,45,0.4368932038834951,מחל,0.27184466019417475,גיזו,0.8174603174603174,
19,יעף,1044,112,125,112,30,0.26785714285714285,אמת,0.26785714285714285,יעף,0.896,
19,שתולה,1045,142,219,143,80,0.5633802816901409,טב,0.19014084507042253,שתולה,0.6529680365296804,
19,אוהד,1046,162,231,163,82,0.5061728395061729,מחל,0.2839506172839506,אוהד,0.7056277056277056,
19,חזון,1047,210,287,210,193,0.919047619047619,מחל,0.3952380952380952,חזון,0.7317073170731707,
19,בית חשמונאי,1050,1042,1344,1051,446,0.42802303262955854,מחל,0.2667946257197697,בית חשמונאי,0.7819940476190477,
19,תלמי אליהו,1051,127,244,128,65,0.5118110236220472,מחל,0.25196850393700787,תלמי אליהו,0.5245901639344263,
19,קטורה,1052,199,430,200,22,0.11055276381909548,אמת,0.32663316582914576,קטורה,0.46511627906976744,
19,תל שבע,1054,2980,6981,3049,211,0.07080536912751678,עם,0.6718120805369128,תל שבע,0.43675691161724683,
19,נווה זוהר,1057,28,72,28,12,0.42857142857142855,מחל,0.25,נווה זוהר,0.3888888888888889,
19,שדה ניצן,1058,177,329,177,29,0.1638418079096045,אמת,0.2994350282485876,שדה ניצן,0.5379939209726444,
19,כסיפה,1059,2991,6039,3059,162,0.05416248746238716,ד,0.5001671681711802,כסיפה,0.5065408180162279,
19,כפר גדעון,106,114,156,114,88,0.7719298245614035,ג,0.2894736842105263,כפר גדעון,0.7307692307692307,
19,לקיה,1060,3359,5338,3410,30,0.008931229532598988,ד,0.5537362310211372,לקיה,0.6388160359685275,
19,נצרת עילית,1061,20315,39281,20850,10873,0.5352202805808516,מחל,0.4227418163918287,נצרת עילית,0.53079096764339,
19,מעלות-תרשיחא,1063,10418,17395,10663,5689,0.5460741025148781,מחל,0.3178153196390862,מעלות תרשיחא,0.6129922391491808,
19,אמירים,1064,362,485,364,68,0.1878453038674033,פה,0.24033149171270718,אמירים,0.7505154639175258,
19,זמרת,1065,187,240,190,179,0.9572192513368984,שס,0.42780748663101603,זמרת,0.7916666666666666,
19,"בני עי""ש",1066,3601,5692,3687,2324,0.645376284365454,מחל,0.4240488753124132,בני עי ש,0.6477512297962053,
19,"דוב""ב",1067,205,347,205,185,0.9024390243902439,מחל,0.43414634146341463,דוב ב,0.590778097982709,
19,אדמית,1068,115,271,116,24,0.20869565217391303,מרץ,0.30434782608695654,אדמית,0.4280442804428044,
19,רם-און,1069,457,552,457,75,0.16411378555798686,אמת,0.3522975929978118,רם און,0.8278985507246377,
19,כפר סילבר,107,56,100,56,21,0.375,פה,0.2857142857142857,כפר סילבר,0.56,
19,אביעזר,1070,359,458,363,173,0.4818941504178273,מחל,0.24233983286908078,אביעזר,0.7925764192139738,
19,נווה מיכאל,1071,236,327,238,184,0.7796610169491526,מחל,0.3813559322033898,נווה מיכאל,0.72782874617737,
19,גן הדרום,1072,239,300,240,115,0.4811715481171548,מחל,0.3472803347280335,גן הדרום,0.8,
19,גבעת שפירא,1077,147,184,147,21,0.14285714285714285,פה,0.41496598639455784,גבעת שפירא,0.7989130434782609,
19,צפרירים,1079,168,266,169,59,0.35119047619047616,אמת,0.20238095238095238,צפרירים,0.6353383458646616,
19,מבועים,1080,535,793,539,282,0.5271028037383177,מחל,0.2261682242990654,מבועים,0.6796973518284993,
19,אבן מנחם,1081,162,265,163,118,0.7283950617283951,מחל,0.37037037037037035,אבן מנחם,0.6150943396226415,
19,מעגלים,1082,638,834,639,550,0.8620689655172413,טב,0.35893416927899685,מעגלים,0.7661870503597122,
19,תושיה,1083,180,208,183,152,0.8444444444444444,טב,0.6944444444444444,תושיה,0.8798076923076923,
19,בן שמן (כפר נוער),1084,153,237,154,30,0.19607843137254902,פה,0.3137254901960784,בן שמן כפר נוער,0.6497890295358649,
19,כרם שלום,1085,36,87,38,10,0.2777777777777778,אמת,0.3611111111111111,כרם שלום,0.4367816091954023,
19,כרם יבנה (ישיבה),1094,137,151,137,125,0.9124087591240876,טב,0.7226277372262774,כרם יבנה ישיבה,0.9072847682119205,
19,כפר מימון,1095,325,367,326,281,0.8646153846153846,טב,0.683076923076923,כפר מימון,0.888283378746594,
19,מרכז שפירא,1098,1120,1374,1125,988,0.8821428571428571,טב,0.6642857142857143,מרכז שפירא,0.8187772925764192,
19,"ניר ח""ן",11,237,344,237,117,0.4936708860759494,מחל,0.2869198312236287,ניר ח ן,0.688953488372093,
19,צוקי ים,1102,104,143,105,20,0.19230769230769232,פה,0.25,צוקי ים,0.7342657342657343,
19,גני הדר,1103,158,213,159,23,0.14556962025316456,פה,0.26582278481012656,גני הדר,0.7464788732394366,
19,פוריה - כפר עבודה,1104,151,256,152,107,0.7086092715231788,מחל,0.3973509933774834,פוריה כפר עבודה,0.59375,
19,פוריה - נווה עובד,1105,545,870,550,373,0.6844036697247706,מחל,0.3724770642201835,פוריה נווה עובד,0.632183908045977,
19,אומן,1108,146,276,150,95,0.6506849315068494,מחל,0.4315068493150685,אומן,0.5434782608695652,
19,חבר,1110,144,220,145,62,0.4305555555555556,מחל,0.2222222222222222,חבר,0.6590909090909091,
19,יודפת,1112,334,427,338,18,0.05389221556886228,אמת,0.31137724550898205,יודפת,0.7915690866510539,
19,צור הדסה,1113,2629,3439,2638,958,0.36439710916698365,מחל,0.2514263978699125,צור הדסה,0.7670834544925851,
19,שריגים (לי-און),1114,478,665,479,98,0.20502092050209206,אמת,0.26569037656903766,שריגים לי און,0.7203007518796992,
19,אביבים,1115,198,315,200,182,0.9191919191919192,שס,0.37373737373737376,אביבים,0.6349206349206349,
19,כפר חסידים א',112,394,501,396,211,0.5355329949238579,טב,0.29949238578680204,כפר חסידים א,0.7904191616766467,
19,אדרת,1123,321,435,322,258,0.8037383177570093,מחל,0.40186915887850466,אדרת,0.7402298850574712,
19,נאות הכיכר,1124,132,189,133,27,0.20454545454545456,אמת,0.3106060606060606,נאות הכיכר,0.7037037037037037,
19,אלמגור,1125,204,253,204,21,0.10294117647058823,פה,0.27941176470588236,אלמגור,0.8063241106719368,
19,אילות,1126,179,261,179,29,0.16201117318435754,אמת,0.39664804469273746,אילות,0.685823754789272,
19,מעלה גלבוע,1127,212,263,213,126,0.5943396226415094,טב,0.419811320754717,מעלה גלבוע,0.8098859315589354,
19,מי עמי,1128,183,222,184,22,0.12021857923497267,אמת,0.30601092896174864,מי עמי,0.8288288288288288,
19,גרופית,1129,190,304,191,20,0.10526315789473684,אמת,0.41578947368421054,גרופית,0.6282894736842105,
19,אדירים,113,155,188,155,139,0.896774193548387,שס,0.45161290322580644,אדירים,0.824468085106383,
19,כפר רוזנואלד (זרע,1130,124,192,126,83,0.6693548387096774,מחל,0.2903225806451613,כפר רוזנואלד זרע,0.65625,
19,שניר,1132,300,398,300,29,0.09666666666666666,אמת,0.37,שניר,0.7537688442211056,
19,ורדון,1133,133,191,136,79,0.5939849624060151,מחל,0.18796992481203006,ורדון,0.7120418848167539,
19,צוחר,1136,193,337,193,104,0.538860103626943,מחל,0.23316062176165803,צוחר,0.5727002967359051,
19,קרית יערים,1137,1621,2199,1631,1527,0.9420111042566317,ג,0.7014188772362739,קרית יערים,0.7417007730786721,
19,יעד,1138,359,451,359,23,0.06406685236768803,אמת,0.39275766016713093,יעד,0.7960088691796009,
19,כרמיאל,1139,22940,39592,23372,12249,0.5339581517000872,מחל,0.38644289450741065,כרמיאל,0.5903212770256617,
19,מדרשת בן גוריון,1140,648,875,648,88,0.13580246913580246,אמת,0.3271604938271605,מדרשת בן גוריון,0.7405714285714285,
19,מבוא מודיעים,1141,118,185,118,84,0.711864406779661,טב,0.3898305084745763,מבוא מודיעים,0.6378378378378379,
19,אלומה,1145,254,285,254,250,0.984251968503937,שס,0.6614173228346457,אלומה,0.8912280701754386,
19,עלומים,1146,268,318,268,216,0.8059701492537313,טב,0.6156716417910447,עלומים,0.8427672955974843,
19,נטועה,1147,152,228,154,95,0.625,מחל,0.24342105263157895,נטועה,0.6754385964912281,
19,צור נתן,1148,155,207,155,62,0.4,פה,0.2903225806451613,צור נתן,0.748792270531401,
19,עזר,1149,459,631,461,177,0.38562091503267976,פה,0.24618736383442266,עזר,0.7305863708399366,
19,חופית,115,531,695,533,81,0.15254237288135594,אמת,0.2617702448210923,חופית,0.7669064748201438,
19,צופר,1150,215,281,217,75,0.3488372093023256,פה,0.25116279069767444,צופר,0.7722419928825622,
19,פארן,1151,257,349,257,33,0.12840466926070038,פה,0.3346303501945525,פארן,0.7363896848137536,
19,אשלים,1152,197,295,197,71,0.3604060913705584,אמת,0.22842639593908629,אשלים,0.6677966101694915,
19,כישור,1153,75,99,76,16,0.21333333333333335,אמת,0.3466666666666667,כישור,0.7676767676767676,
19,מגן שאול,1155,210,314,215,127,0.6047619047619047,מחל,0.3380952380952381,מגן שאול,0.6847133757961783,
19,סמר,1156,166,266,167,9,0.05421686746987952,אמת,0.42168674698795183,סמר,0.6278195488721805,
19,אחווה,1157,144,181,144,43,0.2986111111111111,אמת,0.2847222222222222,אחווה,0.7955801104972375,
19,יהל,1158,108,217,108,16,0.14814814814814814,אמת,0.3611111111111111,יהל,0.4976958525345622,
19,שכניה,1160,395,497,398,72,0.18227848101265823,אמת,0.3139240506329114,שכניה,0.8008048289738431,
19,רהט,1161,13242,23793,13460,456,0.034435885817852285,עם,0.5629814227458088,רהט,0.565712604547556,
19,בית רימון,1162,203,243,203,162,0.7980295566502463,טב,0.7241379310344828,בית רימון,0.8353909465020576,
19,מורן,1163,216,292,218,39,0.18055555555555555,אמת,0.35185185185185186,מורן,0.7465753424657534,
19,שילת,1165,319,374,319,59,0.18495297805642633,פה,0.2507836990595611,שילת,0.8529411764705882,
19,כפר רות,1166,152,185,152,43,0.28289473684210525,פה,0.23684210526315788,כפר רות,0.8216216216216217,
19,קיסריה,1167,2593,3948,2608,840,0.32394909371384495,פה,0.2884689548785191,קיסריה,0.6605876393110436,
19,הוואשלה (שבט),1169,447,1148,456,14,0.03131991051454139,עם,0.9038031319910514,הוואשלה שבט,0.397212543554007,
19,סייד (שבט),1170,516,1386,519,60,0.11627906976744186,עם,0.7558139534883721,סייד שבט,0.37445887445887444,
19,לוטם,1171,249,351,249,26,0.10441767068273092,אמת,0.36947791164658633,לוטם,0.7094017094017094,
19,תובל,1172,193,281,194,19,0.09844559585492228,אמת,0.33678756476683935,תובל,0.6903914590747331,
19,לפידות,1173,87,130,88,53,0.6091954022988506,מחל,0.3563218390804598,לפידות,0.676923076923077,
19,מנוף,1174,361,493,361,33,0.09141274238227147,אמת,0.2880886426592798,מנוף,0.7322515212981744,
19,עידן,1175,149,240,149,44,0.2953020134228188,פה,0.30201342281879195,עידן,0.6208333333333333,
19,ספיר,1176,169,282,172,54,0.31952662721893493,פה,0.21301775147928995,ספיר,0.6099290780141844,
19,טללים,1177,81,109,82,23,0.2839506172839506,אמת,0.3333333333333333,טללים,0.7522935779816514,
19,מורשת,1178,592,706,593,503,0.8496621621621622,טב,0.7246621621621622,מורשת,0.839943342776204,
19,קורנית,1179,428,541,433,55,0.12850467289719625,אמת,0.32242990654205606,קורנית,0.800369685767098,
19,צביה,1180,182,241,185,14,0.07692307692307693,אמת,0.27472527472527475,צביה,0.7676348547717843,
19,טל-אל,1181,549,687,553,190,0.3460837887067395,מחל,0.25136612021857924,טל אל,0.8049490538573508,
19,אלון הגליל,1182,510,664,511,46,0.09019607843137255,אמת,0.35490196078431374,אלון הגליל,0.7695783132530121,
19,כליל,1183,224,301,224,12,0.05357142857142857,מרץ,0.32142857142857145,כליל,0.7441860465116279,
19,מתת,1184,93,134,93,11,0.11827956989247312,מרץ,0.34408602150537637,מתת,0.6940298507462687,
19,הושעיה,1186,924,1126,924,677,0.7326839826839827,טב,0.564935064935065,הושעיה,0.8206039076376554,
19,אשחר,1188,363,437,363,137,0.3774104683195592,אמת,0.3140495867768595,אשחר,0.8306636155606407,
19,מצפה נטופה,1190,379,475,379,316,0.8337730870712401,טב,0.683377308707124,מצפה נטופה,0.7978947368421052,
19,בר יוחאי,1191,263,354,263,236,0.8973384030418251,טב,0.5133079847908745,בר יוחאי,0.7429378531073446,
19,ערערה-בנגב,1192,3784,5796,3798,48,0.012684989429175475,עם,0.9637949260042283,ערערה בנגב,0.65527950310559,
19,נאות סמדר,1197,191,309,191,24,0.1256544502617801,אמת,0.41361256544502617,נאות סמדר,0.6181229773462783,
19,כרמים,1198,87,111,87,27,0.3103448275862069,אמת,0.27586206896551724,כרמים,0.7837837837837838,
19,עדי,1199,933,1261,940,259,0.27759914255091106,פה,0.3429796355841372,עדי,0.7454401268834259,
19,מודיעין-מכבים-רעו,1200,39954,50968,40128,15785,0.39507934124242877,פה,0.2702357711368073,מודיעין מכבים רעו,0.7873175325694554,
19,כמון,1201,338,440,339,36,0.10650887573964497,אמת,0.4289940828402367,כמון,0.7704545454545455,
19,מכמנים,1202,190,233,190,16,0.08421052631578947,אמת,0.3368421052631579,מכמנים,0.8154506437768241,
19,הררית,1203,163,236,164,25,0.15337423312883436,אמת,0.25766871165644173,הררית,0.6949152542372882,
19,גילון,1204,629,795,629,119,0.1891891891891892,פה,0.31001589825119236,גילון,0.7911949685534592,
19,מנות,1205,198,296,200,108,0.5454545454545454,מחל,0.2676767676767677,מנות,0.6756756756756757,
19,גיתה,1206,136,184,137,45,0.33088235294117646,מחל,0.27205882352941174,גיתה,0.7445652173913043,
19,לבון,1207,242,314,242,67,0.2768595041322314,פה,0.30578512396694213,לבון,0.7707006369426752,
19,הילה,1208,312,422,314,33,0.10576923076923077,אמת,0.3782051282051282,הילה,0.7440758293838863,
19,חרשים,1209,128,177,129,6,0.046875,אמת,0.3984375,חרשים,0.7288135593220338,
19,כחל,1210,197,274,197,40,0.20304568527918782,אמת,0.3299492385786802,כחל,0.718978102189781,
19,קדרים,1211,74,105,74,5,0.06756756756756757,אמת,0.35135135135135137,קדרים,0.7047619047619048,
19,עמוקה,1212,114,167,116,14,0.12280701754385964,אמת,0.43859649122807015,עמוקה,0.6946107784431138,
19,טפחות,1214,183,224,183,170,0.9289617486338798,טב,0.47540983606557374,טפחות,0.8169642857142857,
19,גורנות הגליל,1219,78,153,80,37,0.47435897435897434,אמת,0.16666666666666666,גורנות הגליל,0.5228758169934641,
19,רמת ישי,122,3934,5197,3952,1256,0.31926792069140825,פה,0.2440264361972547,רמת ישי,0.7604387146430633,
19,אבירים,1220,126,162,127,20,0.15873015873015872,מרץ,0.25396825396825395,אבירים,0.7839506172839507,
19,צורית,1221,451,564,452,79,0.17516629711751663,אמת,0.3082039911308204,צורית,0.8014184397163121,
19,"מצפה אבי""ב",1222,422,549,423,72,0.17061611374407584,אמת,0.3175355450236967,מצפה אבי ב,0.7704918032786885,
19,שדי אברהם,1223,142,198,143,39,0.2746478873239437,אמת,0.2605633802816901,שדי אברהם,0.7222222222222222,
19,כוכב יאיר,1224,5976,7668,5995,2038,0.34103078982597057,פה,0.24180053547523428,כוכב יאיר,0.7818205529473136,
19,יובלים,1226,723,924,723,70,0.09681881051175657,אמת,0.43291839557399725,יובלים,0.7824675324675324,
19,יתד,1227,187,272,187,125,0.6684491978609626,טב,0.42780748663101603,יתד,0.6875,
19,רקפת,1228,467,588,467,79,0.16916488222698073,אמת,0.3426124197002141,רקפת,0.79421768707483,
19,כלנית,1229,122,164,122,119,0.9754098360655737,מחל,0.38524590163934425,כלנית,0.7439024390243902,
19,לבנים,1230,213,307,214,98,0.460093896713615,פה,0.2112676056338028,לבנים,0.6970684039087948,
19,פרי גן,1231,92,130,92,49,0.532608695652174,מחל,0.2717391304347826,פרי גן,0.7076923076923077,
19,יבול,1232,198,258,199,86,0.43434343434343436,טב,0.2878787878787879,יבול,0.7713178294573644,
19,שקף,1233,337,408,339,188,0.5578635014836796,טב,0.41543026706231456,שקף,0.8308823529411765,
19,קבועה (שבט),1234,165,538,170,61,0.3696969696969697,עם,0.49696969696969695,קבועה שבט,0.3159851301115242,
19,שורשים,1235,223,312,223,44,0.19730941704035873,אמת,0.26905829596412556,שורשים,0.7147435897435898,
19,נירית,1236,779,941,781,121,0.15532734274711169,פה,0.3465982028241335,נירית,0.8299681190223167,98.0
19,תלמי יוסף,1237,162,238,162,29,0.17901234567901234,אמת,0.24691358024691357,תלמי יוסף,0.680672268907563,
19,סופה,1238,120,178,120,28,0.23333333333333334,אמת,0.3416666666666667,סופה,0.6741573033707865,
19,חולית,1239,65,106,66,19,0.2923076923076923,אמת,0.4307692307692308,חולית,0.6226415094339622,
19,עין הבשור,1240,491,628,493,124,0.2525458248472505,פה,0.24439918533604887,עין הבשור,0.785031847133758,
19,דקל,1241,168,260,168,67,0.39880952380952384,פה,0.20833333333333334,דקל,0.6461538461538462,
19,נתיב העשרה,1242,458,578,458,199,0.4344978165938865,אמת,0.17248908296943233,נתיב העשרה,0.7923875432525952,
19,קציר,1243,1245,1804,1255,338,0.2714859437751004,פה,0.22650602409638554,קציר,0.6956762749445676,
19,תמרת,1244,941,1212,942,107,0.11370882040382571,אמת,0.37194473963868224,תמרת,0.7772277227722773,
19,סלמה,1245,769,1736,785,267,0.3472041612483745,עם,0.44993498049414826,סלמה,0.4521889400921659,
19,עראמשה,1246,234,881,240,66,0.28205128205128205,אמת,0.2905982905982906,עראמשה,0.2724177071509648,
19,חריש,1247,399,578,403,252,0.631578947368421,מחל,0.21804511278195488,חריש,0.6972318339100346,
19,הרדוף,1249,256,317,257,6,0.0234375,מרץ,0.47265625,הרדוף,0.8107255520504731,
19,עין תמר,1251,96,124,96,33,0.34375,פה,0.28125,עין תמר,0.7741935483870968,
19,כורזים,1252,232,327,233,54,0.23275862068965517,אמת,0.2974137931034483,כורזים,0.7125382262996942,
19,אמנון,1253,149,236,151,74,0.4966442953020134,מחל,0.22818791946308725,אמנון,0.6398305084745762,
19,נטף,1254,233,316,234,18,0.07725321888412018,מרץ,0.36909871244635195,נטף,0.740506329113924,
19,לוטן,1255,72,119,73,8,0.1111111111111111,אמת,0.3611111111111111,לוטן,0.6134453781512605,
19,אשרת,1256,232,347,233,120,0.5172413793103449,מחל,0.34051724137931033,אשרת,0.6714697406340058,
19,חנתון,1257,277,357,277,58,0.20938628158844766,אמת,0.26353790613718414,חנתון,0.7759103641456583,
19,מסד,1258,259,380,261,50,0.19305019305019305,אמת,0.4555984555984556,מסד,0.6868421052631579,
19,נווה שלום,1259,127,162,127,0,0.0,ו,0.33070866141732286,נווה שלום,0.7839506172839507,
19,שריד,126,514,722,518,44,0.08560311284046693,מרץ,0.36186770428015563,שריד,0.7174515235457064,
19,רתמים,1260,136,162,137,110,0.8088235294117647,טב,0.7132352941176471,רתמים,0.845679012345679,
19,הר עמשא,1261,81,109,81,36,0.4444444444444444,טב,0.3950617283950617,הר עמשא,0.7431192660550459,
19,צוקים,1262,92,107,93,13,0.14130434782608695,אמת,0.29347826086956524,צוקים,0.8691588785046729,
19,כפר ורדים,1263,3305,4435,3321,656,0.19848714069591528,אמת,0.26989409984871404,כפר ורדים,0.7488162344983089,
19,כרמי יוסף,1264,1109,1429,1112,235,0.21190261496844004,פה,0.27862939585211904,כרמי יוסף,0.7781665500349895,
19,שומריה,1265,252,288,252,227,0.9007936507936508,טב,0.8412698412698413,שומריה,0.875,
19,מיתר,1268,4163,5479,4184,1638,0.3934662503002642,פה,0.2152294018736488,מיתר,0.7636430005475452,
19,רמת רחל,127,245,320,246,48,0.19591836734693877,אמת,0.2816326530612245,רמת רחל,0.76875,
19,להבים,1271,3489,4547,3498,1060,0.30381198051017483,פה,0.25824018343364863,להבים,0.7692984385308995,
19,חלוץ,1272,196,287,197,17,0.08673469387755102,אמת,0.29591836734693877,חלוץ,0.686411149825784,
19,גן נר,1274,1199,1731,1204,505,0.42118432026688907,מחל,0.2718932443703086,גן נר,0.6955517042172155,
19,אבטליון,1275,146,190,147,23,0.15753424657534246,אמת,0.363013698630137,אבטליון,0.7736842105263158,
19,גת רימון,128,140,192,141,35,0.25,פה,0.2714285714285714,גת רימון,0.734375,
19,ניצני סיני,1280,188,245,188,78,0.4148936170212766,אמת,0.18617021276595744,ניצני סיני,0.7673469387755102,
19,מירב,1282,206,253,206,184,0.8932038834951457,טב,0.7330097087378641,מירב,0.8142292490118577,
19,תל תאומים,1283,177,269,178,148,0.8361581920903954,מחל,0.423728813559322,תל תאומים,0.6617100371747212,
19,נופית,1284,1519,1857,1523,310,0.20408163265306123,פה,0.3436471362738644,נופית,0.8201400107700593,
19,כרכום,1285,299,428,299,93,0.3110367892976589,אמת,0.2909698996655518,כרכום,0.6985981308411215,
19,שגב-שלום,1286,1281,3323,1308,59,0.04605776736924278,עם,0.6268540202966433,שגב שלום,0.39362022269034,
19,שני,1287,187,305,188,103,0.5508021390374331,מחל,0.31016042780748665,שני,0.6163934426229508,141.0
19,גבעת אלה,1288,1100,1451,1103,159,0.14454545454545453,אמת,0.31636363636363635,גבעת אלה,0.7601654031702274,
19,זמר,1290,2085,3814,2119,67,0.03213429256594724,עם,0.497841726618705,זמר,0.5555846879916099,
19,כמהין,1291,104,201,104,34,0.3269230769230769,אמת,0.23076923076923078,כמהין,0.5174129353233831,
19,ג'דיידה-מכר,1292,6324,11783,6384,337,0.053289057558507276,עם,0.33222643896268184,ג דיידה מכר,0.5417975048799117,
19,גבעת אבני,1293,1117,1565,1119,509,0.4556848701880036,מחל,0.24619516562220234,גבעת אבני,0.7150159744408946,
19,אור הגנוז,1294,102,161,104,95,0.9313725490196079,שס,0.45098039215686275,אור הגנוז,0.6459627329192547,
19,יאנוח-ג'ת,1295,2164,3748,2173,1666,0.7698706099815157,מחל,0.4265249537892791,יאנוח ג ת,0.5797758804695837,
19,כסרא-סמיע,1296,3407,4604,3443,2293,0.6730261226885823,מחל,0.33577927795714707,כסרא סמיע,0.7478279756733276,
19,כפר חנניה,1297,288,375,289,150,0.5208333333333334,מחל,0.24305555555555555,כפר חנניה,0.7706666666666667,
19,חצבה,13,345,461,349,94,0.27246376811594203,פה,0.23768115942028986,חצבה,0.7570498915401301,
19,משמר העמק,130,664,873,666,18,0.02710843373493976,אמת,0.4126506024096386,משמר העמק,0.7628865979381443,
19,חורה,1303,1983,5335,2021,64,0.03227433182047403,עם,0.5385779122541604,חורה,0.3788191190253046,
19,שוהם,1304,10295,12989,10329,3949,0.38358426420592523,פה,0.2970373967945605,שוהם,0.7952113326661021,
19,אלעד,1309,14301,16075,14367,13073,0.9141318788895881,שס,0.46332424305992587,אלעד,0.8937480559875584,
19,לפיד,1310,1194,1578,1197,332,0.2780569514237856,פה,0.3015075376884422,לפיד,0.7585551330798479,
19,אבשלום,1311,110,170,112,72,0.6545454545454545,מחל,0.5818181818181818,אבשלום,0.6588235294117647,
19,פוריה עילית,1313,362,617,372,177,0.4889502762430939,מחל,0.32320441988950277,פוריה עילית,0.6029173419773096,
19,נווה זיו,1314,283,368,285,114,0.4028268551236749,פה,0.26501766784452296,נווה זיו,0.7744565217391305,
19,מתן,1315,1687,2126,1697,381,0.22584469472436278,פה,0.3064611736810907,מתן,0.7982126058325494,
19,אל-עריאן,1316,78,107,78,0,0.0,ד,0.46153846153846156,אל עריאן,0.7289719626168224,
19,דמיידה,1317,126,254,132,3,0.023809523809523808,ד,0.6349206349206349,דמיידה,0.5196850393700787,
19,בת חפר,1319,2611,3428,2626,689,0.2638835695135963,פה,0.33626962849482955,בת חפר,0.766044340723454,
19,כפר ברוך,132,231,293,231,72,0.3116883116883117,פה,0.2727272727272727,כפר ברוך,0.78839590443686,
19,עין חוד,1320,103,139,108,34,0.3300970873786408,ד,0.5631067961165048,עין חוד,0.7769784172661871,
19,ח'ואלד,1321,99,232,102,14,0.1414141414141414,עם,0.6464646464646465,ח ואלד,0.4396551724137931,
19,בת הדר,1323,261,381,261,111,0.42528735632183906,מחל,0.2835249042145594,בת הדר,0.6850393700787402,
19,"בסמ""ה",1326,2754,5004,2781,132,0.04793028322440087,עם,0.35548293391430646,בסמ ה,0.5557553956834532,
19,מעלה עירון,1327,3960,7774,4009,549,0.13863636363636364,ד,0.3704545454545455,מעלה עירון,0.5156933367635709,
19,גבת,133,503,623,505,44,0.0874751491053678,אמת,0.5347912524850894,גבת,0.8105939004815409,
19,אחוזת ברק,1330,955,1277,963,350,0.36649214659685864,פה,0.2869109947643979,אחוזת ברק,0.7541111981205951,
19,כמאנה,1331,432,845,446,112,0.25925925925925924,ד,0.36342592592592593,כמאנה,0.527810650887574,
19,חוסנייה,1332,221,400,223,27,0.12217194570135746,עם,0.39819004524886875,חוסנייה,0.5575,
19,נוף איילון,1333,1258,1460,1258,1087,0.8640699523052464,טב,0.733704292527822,נוף איילון,0.8616438356164383,
19,ראס אל-עין,1334,111,217,111,26,0.23423423423423423,ד,0.38738738738738737,ראס אל עין,0.511520737327189,
19,ערב אל נעים,1335,224,341,234,111,0.4955357142857143,מחל,0.48660714285714285,ערב אל נעים,0.6862170087976539,
19,שמשית,1337,1152,1402,1155,182,0.1579861111111111,אמת,0.2838541666666667,שמשית,0.8238231098430813,
19,כדיתה,1338,50,93,50,17,0.34,ז,0.2,כדיתה,0.5376344086021505,
19,יפעת,134,511,680,512,43,0.08414872798434442,אמת,0.5205479452054794,יפעת,0.7529411764705882,
19,אבו קרינאת (יישוב,1342,54,135,59,23,0.42592592592592593,עם,0.5370370370370371,אבו קרינאת יישוב,0.43703703703703706,
19,מכחול,1343,37,148,37,4,0.10810810810810811,עם,0.5675675675675675,מכחול,0.25,
19,גבעות בר,1344,163,192,163,58,0.3558282208588957,פה,0.2392638036809816,גבעות בר,0.8489583333333334,
19,צור יצחק,1345,997,1173,997,260,0.26078234704112335,פה,0.33901705115346037,צור יצחק,0.8499573742540495,
19,תראבין א-צאנע(ישו,1346,53,154,54,36,0.6792452830188679,שס,0.6037735849056604,תראבין א צאנע ישו,0.35064935064935066,
19,קצר א-סר,1347,313,530,317,20,0.06389776357827476,עם,0.9041533546325878,קצר א סר,0.5981132075471698,
19,ביר הדאג',1348,353,526,363,8,0.0226628895184136,עם,0.8781869688385269,ביר הדאג,0.6901140684410646,
19,דריג'את,1349,208,343,211,13,0.0625,ד,0.34134615384615385,דריג את,0.6151603498542274,
19,רמת דוד,135,279,315,282,38,0.13620071684587814,אמת,0.4157706093189964,רמת דוד,0.8952380952380953,
19,אום בטין,1358,521,1058,528,68,0.13051823416506717,עם,0.7140115163147792,אום בטין,0.499054820415879,
19,אל סייד,1359,135,293,136,30,0.2222222222222222,עם,0.5777777777777777,אל סייד,0.4641638225255973,
19,בת חן,1361,398,519,402,76,0.19095477386934673,אמת,0.36180904522613067,בת חן,0.7745664739884393,
19,בני נצרים,1363,118,133,118,99,0.8389830508474576,טב,0.7796610169491526,בני נצרים,0.8872180451127819,
19,נווה,1366,168,181,168,158,0.9404761904761905,טב,0.8035714285714286,נווה,0.9281767955801105,
19,מצפה אילן,1370,92,96,92,86,0.9347826086956522,טב,0.7608695652173914,מצפה אילן,0.9583333333333334,
19,עין שמר,139,423,578,423,25,0.0591016548463357,מרץ,0.4302600472813239,עין שמר,0.7318339100346021,
19,כפר יהושע,140,553,679,558,65,0.11754068716094032,אמת,0.3688969258589512,כפר יהושע,0.8217967599410898,
19,ברק,141,202,293,205,73,0.3613861386138614,אמת,0.30198019801980197,ברק,0.6996587030716723,
19,מחנה תל נוף,1412,147,198,147,48,0.32653061224489793,פה,0.32653061224489793,מחנה תל נוף,0.7424242424242424,
19,מחנה מרים,1414,66,120,66,31,0.4696969696969697,מחל,0.3787878787878788,מחנה מרים,0.55,
19,מחנה יפה,1415,150,222,150,51,0.34,פה,0.32666666666666666,מחנה יפה,0.6756756756756757,
19,מחנה יוכבד,1416,91,124,91,37,0.4065934065934066,פה,0.3516483516483517,מחנה יוכבד,0.7338709677419355,
19,מחנה עדי,1417,126,181,129,41,0.3253968253968254,פה,0.373015873015873,מחנה עדי,0.712707182320442,
19,מחנה טלי,1418,97,162,98,34,0.35051546391752575,פה,0.27835051546391754,מחנה טלי,0.6049382716049383,
19,ניצן ב',1419,985,1360,993,810,0.8223350253807107,טב,0.4883248730964467,ניצן ב,0.7301470588235294,
19,שדה יעקב,142,446,523,447,345,0.773542600896861,טב,0.600896860986547,שדה יעקב,0.8546845124282982,
19,בית זרע,143,394,547,398,28,0.07106598984771574,מרץ,0.3629441624365482,בית זרע,0.7276051188299817,
19,גן שלמה,144,283,370,283,26,0.09187279151943463,אמת,0.4098939929328622,גן שלמה,0.7648648648648648,
19,גדיש,145,170,252,171,133,0.7823529411764706,מחל,0.4117647058823529,גדיש,0.6785714285714286,
19,דבורה,146,164,228,164,41,0.25,אמת,0.36585365853658536,דבורה,0.7192982456140351,
19,גבעת ברנר,147,1325,1758,1333,181,0.13660377358490566,אמת,0.4075471698113208,גבעת ברנר,0.7582480091012515,
19,נועם,15,212,313,214,197,0.9292452830188679,מחל,0.4009433962264151,נועם,0.6837060702875399,
19,תל מונד,154,5489,7442,5529,1927,0.3510657678994352,פה,0.3033339406084897,תל מונד,0.7429454447729105,
19,באר טוביה,155,507,610,512,78,0.15384615384615385,אמת,0.32741617357001973,באר טוביה,0.839344262295082,
19,עיינות,156,54,77,54,10,0.18518518518518517,אמת,0.24074074074074073,עיינות,0.7012987012987013,
19,עין ורד,157,800,961,802,88,0.11,פה,0.31625,עין ורד,0.8345473465140478,
19,נען,158,900,1183,900,79,0.08777777777777777,אמת,0.48444444444444446,נען,0.760777683854607,
19,בית חנן,159,388,500,391,63,0.16237113402061856,פה,0.33762886597938147,בית חנן,0.782,
19,בית ניר,16,286,349,287,9,0.03146853146853147,מרץ,0.4160839160839161,בית ניר,0.8223495702005731,
19,חולדה,160,245,335,247,40,0.16326530612244897,אמת,0.39591836734693875,חולדה,0.7373134328358208,
19,חירות,162,704,839,704,62,0.08806818181818182,אמת,0.34801136363636365,חירות,0.8390941597139452,
19,תימורים,163,452,585,455,100,0.22123893805309736,פה,0.34292035398230086,תימורים,0.7777777777777778,
19,מלאה,164,201,241,201,135,0.6716417910447762,מחל,0.32338308457711445,מלאה,0.8340248962655602,
19,ניר יפה,165,264,363,265,127,0.4810606060606061,מחל,0.24621212121212122,ניר יפה,0.7300275482093664,
19,גן יבנה,166,9757,13361,9830,4919,0.5041508660448909,מחל,0.27231731064876497,גן יבנה,0.7357233739989522,
19,עין החורש,167,509,650,511,21,0.0412573673870334,מרץ,0.4302554027504912,עין החורש,0.7861538461538462,
19,כפר יונה,168,9257,12961,9321,4002,0.432321486442692,פה,0.2521335205790213,כפר יונה,0.7191574724172518,
19,כפר יעבץ,170,338,439,345,278,0.8224852071005917,טב,0.38461538461538464,כפר יעבץ,0.785876993166287,
19,פרדסיה,171,3530,4689,3545,1083,0.3067988668555241,פה,0.30424929178470256,פרדסיה,0.7560247387502665,
19,גבעת חיים (מאוחד),173,675,872,676,68,0.10074074074074074,אמת,0.4488888888888889,גבעת חיים מאוחד,0.7752293577981652,
19,נטעים,174,373,466,376,95,0.2546916890080429,פה,0.2707774798927614,נטעים,0.8068669527896996,
19,אביחיל,175,718,952,725,153,0.21309192200557103,פה,0.26740947075208915,אביחיל,0.7615546218487395,
19,אפיקים,176,699,1027,701,61,0.08726752503576538,אמת,0.5879828326180258,אפיקים,0.682570593962999,
19,"כפר ביל""ו",177,630,813,633,104,0.16507936507936508,אמת,0.28095238095238095,כפר ביל ו,0.7785977859778598,
19,רמת יוחנן,178,527,753,529,70,0.13282732447817835,אמת,0.45351043643263755,רמת יוחנן,0.702523240371846,
19,שדה משה,18,291,380,291,89,0.30584192439862545,פה,0.2542955326460481,שדה משה,0.7657894736842106,
19,אבן יהודה,182,6760,8848,6798,2005,0.29659763313609466,פה,0.29393491124260357,אבן יהודה,0.7683092224231465,
19,ירקונה,183,214,280,214,41,0.19158878504672897,אמת,0.2570093457943925,ירקונה,0.7642857142857142,
19,רמת הכובש,184,452,602,454,55,0.12168141592920353,אמת,0.34513274336283184,רמת הכובש,0.7541528239202658,
19,נעורים,186,74,159,75,25,0.33783783783783783,מחל,0.21621621621621623,נעורים,0.4716981132075472,
19,כפר הס,187,713,909,715,78,0.1093969144460028,פה,0.3281907433380084,כפר הס,0.7865786578657866,
19,אשדות יעקב  (מאוח,188,282,413,285,38,0.1347517730496454,אמת,0.4716312056737589,אשדות יעקב מאוח,0.6900726392251816,
19,כפר פינס,189,291,339,293,240,0.8247422680412371,טב,0.697594501718213,כפר פינס,0.8643067846607669,
19,כפר ויתקין,190,1061,1330,1065,111,0.10461828463713478,אמת,0.32139491046182844,כפר ויתקין,0.8007518796992481,
19,הדר עם,191,355,426,356,54,0.15211267605633802,פה,0.352112676056338,הדר עם,0.8356807511737089,
19,כפר החורש,192,323,425,323,37,0.11455108359133127,אמת,0.4674922600619195,כפר החורש,0.76,
19,כפר חיים,193,333,417,337,40,0.12012012012012012,פה,0.32432432432432434,כפר חיים,0.8081534772182254,
19,משמר השרון,194,327,483,327,33,0.10091743119266056,אמת,0.5045871559633027,משמר השרון,0.6770186335403726,
19,קדימה-צורן,195,8791,11883,8845,3167,0.36025480605164373,פה,0.2792628824934592,קדימה צורן,0.7443406547168223,
19,גיבתון,196,187,228,188,31,0.1657754010695187,אמת,0.37433155080213903,גיבתון,0.8245614035087719,
19,מעברות,197,566,735,567,24,0.04240282685512368,מרץ,0.41872791519434627,מעברות,0.7714285714285715,
19,צופית,198,589,749,589,113,0.19185059422750425,פה,0.2920203735144312,צופית,0.7863818424566088,
19,אשדות יעקב  (איחו,199,377,547,378,68,0.18037135278514588,אמת,0.40318302387267907,אשדות יעקב איחו,0.6910420475319927,
19,בית ינאי,200,226,309,226,19,0.084070796460177,פה,0.24336283185840707,בית ינאי,0.7313915857605178,
19,תנובות,2002,405,548,409,203,0.5012345679012346,מחל,0.19753086419753085,תנובות,0.7463503649635036,
19,תלמי אלעזר,2003,407,528,410,140,0.343980343980344,מחל,0.2751842751842752,תלמי אלעזר,0.7765151515151515,
19,שדה יצחק,2008,257,364,258,85,0.33073929961089493,פה,0.2723735408560311,שדה יצחק,0.7087912087912088,
19,יובל,2009,283,382,283,138,0.4876325088339223,מחל,0.24381625441696114,יובל,0.7408376963350786,
19,כפר בן נון,2010,351,435,353,92,0.2621082621082621,פה,0.2336182336182336,כפר בן נון,0.8114942528735632,
19,ינון,2011,494,721,499,307,0.6214574898785425,מחל,0.37449392712550605,ינון,0.6920943134535368,
19,אורות,2012,285,401,285,63,0.22105263157894736,אמת,0.3368421052631579,אורות,0.7107231920199502,
19,בן שמן (מושב),2013,430,547,430,129,0.3,פה,0.23953488372093024,בן שמן מושב,0.7861060329067642,
19,גבעולים,2014,171,234,173,150,0.8771929824561403,מחל,0.42105263157894735,גבעולים,0.7393162393162394,
19,שדי חמד,2015,539,687,540,122,0.22634508348794063,פה,0.300556586270872,שדי חמד,0.7860262008733624,
19,רוויה,2016,142,210,142,128,0.9014084507042254,שס,0.4154929577464789,רוויה,0.6761904761904762,
19,גבעת חיים (איחוד),2018,656,870,657,20,0.03048780487804878,אמת,0.5304878048780488,גבעת חיים איחוד,0.7551724137931034,
19,בית עובד,202,202,251,204,28,0.13861386138613863,אמת,0.3613861386138614,בית עובד,0.8127490039840638,
19,אשל הנשיא,2021,56,87,56,19,0.3392857142857143,אמת,0.23214285714285715,אשל הנשיא,0.6436781609195402,
19,להב,2023,289,375,290,20,0.06920415224913495,מרץ,0.3217993079584775,להב,0.7733333333333333,
19,אום אל-קוטוף,2024,310,570,312,8,0.025806451612903226,עם,0.432258064516129,אום אל קוטוף,0.5473684210526316,
19,ירדנה,2026,163,273,164,120,0.7361963190184049,מחל,0.36809815950920244,ירדנה,0.6007326007326007,
19,מדרך עוז,2029,328,484,330,224,0.6829268292682927,מחל,0.3323170731707317,מדרך עוז,0.6818181818181818,
19,מנוחה,2030,225,336,226,199,0.8844444444444445,מחל,0.4088888888888889,מנוחה,0.6726190476190477,
19,בית חלקיה,2033,294,347,296,286,0.9727891156462585,ג,0.8843537414965986,בית חלקיה,0.8530259365994236,
19,חצור הגלילית,2034,4418,6799,4471,3476,0.7867813490267089,מחל,0.3338614757808963,חצור הגלילית,0.6575967053978526,
19,עדנים,2035,225,283,225,50,0.2222222222222222,פה,0.3244444444444444,עדנים,0.7950530035335689,
19,ברקת,2038,723,877,724,414,0.5726141078838174,טב,0.25587828492392806,ברקת,0.8255416191562144,
19,אלישיב,204,345,449,349,215,0.6231884057971014,מחל,0.2985507246376812,אלישיב,0.77728285077951,
19,עין גדי,2042,307,443,309,49,0.15960912052117263,אמת,0.36156351791530944,עין גדי,0.6975169300225733,
19,בחן,2043,351,445,352,44,0.12535612535612536,אמת,0.33903133903133903,בחן,0.7910112359550562,
19,מלילות,2044,174,220,178,160,0.9195402298850575,מחל,0.3333333333333333,מלילות,0.8090909090909091,
19,נחלה,2045,263,351,264,167,0.6349809885931559,טב,0.22433460076045628,נחלה,0.7521367521367521,
19,סגולה,2046,290,381,291,85,0.29310344827586204,אמת,0.3137931034482759,סגולה,0.7637795275590551,
19,ניר משה,2047,255,362,255,90,0.35294117647058826,אמת,0.23137254901960785,ניר משה,0.7044198895027625,
19,ניר עקיבא,2048,239,339,243,120,0.502092050209205,טב,0.20920502092050208,ניר עקיבא,0.7168141592920354,
19,שדה צבי,2049,201,302,203,135,0.6716417910447762,מחל,0.2835820895522388,שדה צבי,0.6721854304635762,
19,חגלה,205,357,434,358,40,0.11204481792717087,אמת,0.3473389355742297,חגלה,0.8248847926267281,
19,"תלמי ביל""ו",2050,172,272,176,133,0.7732558139534884,מחל,0.37209302325581395,תלמי ביל ו,0.6470588235294118,
19,רווחה,2051,298,396,301,260,0.87248322147651,שס,0.3087248322147651,רווחה,0.76010101010101,
19,אביטל,2052,261,376,262,178,0.6819923371647509,מחל,0.3716475095785441,אביטל,0.6968085106382979,
19,פרזון,2053,197,298,198,125,0.6345177664974619,מחל,0.4619289340101523,פרזון,0.6644295302013423,
19,מיטב,2054,232,345,234,166,0.7155172413793104,מחל,0.4224137931034483,מיטב,0.6782608695652174,
19,מאור,2055,553,714,555,202,0.36528028933092227,מחל,0.2206148282097649,מאור,0.7773109243697479,
19,שדי תרומות,2057,176,324,179,141,0.8011363636363636,מחל,0.5227272727272727,שדי תרומות,0.5524691358024691,
19,"פעמי תש""ז",2059,204,303,207,146,0.7156862745098039,שס,0.38235294117647056,פעמי תש ז,0.6831683168316832,
19,רמות השבים,206,821,1072,824,115,0.14007308160779536,פה,0.3386114494518879,רמות השבים,0.7686567164179104,
19,ברוש,2060,162,208,162,92,0.5679012345679012,צפ,0.30246913580246915,ברוש,0.7788461538461539,
19,תדהר,2061,170,237,170,90,0.5294117647058824,מחל,0.2235294117647059,תדהר,0.7172995780590717,
19,תאשור,2062,163,241,163,55,0.3374233128834356,פה,0.18404907975460122,תאשור,0.6763485477178424,
19,דישון,2063,196,308,198,146,0.7448979591836735,מחל,0.46938775510204084,דישון,0.6428571428571429,
19,זרועה,2064,134,219,136,123,0.917910447761194,מחל,0.5074626865671642,זרועה,0.6210045662100456,
19,"גבעת ח""ן",207,261,310,262,38,0.14559386973180077,אמת,0.2796934865900383,גבעת ח ן,0.8451612903225807,
19,מוצא עילית,208,478,695,479,88,0.18410041841004185,אמת,0.2510460251046025,מוצא עילית,0.6892086330935252,
19,באר אורה,21,138,170,138,42,0.30434782608695654,פה,0.26811594202898553,באר אורה,0.8117647058823529,
19,טירת כרמל,2100,9581,15839,9734,6835,0.7133910865254148,מחל,0.39286087047281076,טירת כרמל,0.6145589999368647,
19,משמרות,213,233,302,233,23,0.09871244635193133,אמת,0.38197424892703863,משמרות,0.7715231788079471,
19,"כפר הרא""ה",217,569,668,570,475,0.8347978910369068,טב,0.6590509666080844,כפר הרא ה,0.8532934131736527,
19,גני עם,218,180,204,180,35,0.19444444444444445,אמת,0.2777777777777778,גני עם,0.8823529411764706,
19,חיבת ציון,219,338,415,339,110,0.3254437869822485,אמת,0.21005917159763313,חיבת ציון,0.8168674698795181,
19,מקווה ישראל,22,113,167,113,45,0.39823008849557523,אמת,0.24778761061946902,מקווה ישראל,0.6766467065868264,
19,כפר ביאליק,220,285,406,288,72,0.25263157894736843,פה,0.2596491228070175,כפר ביאליק,0.7093596059113301,
19,דימונה,2200,13881,26763,14190,9358,0.6741589222678481,מחל,0.31777249477703334,דימונה,0.530209617755857,
19,עין עירון,223,296,361,296,28,0.0945945945945946,פה,0.2905405405405405,עין עירון,0.8199445983379502,
19,שושנת העמקים,224,307,479,308,162,0.5276872964169381,מחל,0.250814332247557,שושנת העמקים,0.6430062630480167,
19,גן השומרון,225,442,568,442,91,0.20588235294117646,פה,0.2850678733031674,גן השומרון,0.778169014084507,
19,גני תקווה,229,8170,10748,8220,3402,0.4164014687882497,פה,0.24761321909424724,גני תקווה,0.7647934499441756,
19,אמציה,23,275,341,275,215,0.7818181818181819,טב,0.6763636363636364,אמציה,0.8064516129032258,
19,מעש,230,509,652,510,141,0.2770137524557957,אמת,0.25147347740667975,מעש,0.7822085889570553,
19,קרית טבעון,2300,9158,12818,9205,2189,0.2390259882070321,אמת,0.2776807163136056,קרית טבעון,0.7181307536277111,
19,שפיים,232,682,880,684,38,0.05571847507331378,אמת,0.41348973607038125,שפיים,0.7772727272727272,
19,כפר ידידיה,233,402,478,402,39,0.09701492537313433,פה,0.30845771144278605,כפר ידידיה,0.8410041841004184,
19,ביצרון,234,626,760,629,130,0.20766773162939298,פה,0.31629392971246006,ביצרון,0.8276315789473684,
19,חבצלת השרון,235,229,343,230,59,0.2576419213973799,פה,0.2314410480349345,חבצלת השרון,0.6705539358600583,
19,שער העמקים,237,421,540,421,12,0.028503562945368172,מרץ,0.40617577197149646,שער העמקים,0.7796296296296297,
19,גן חיים,239,428,527,430,64,0.14953271028037382,פה,0.2897196261682243,גן חיים,0.8159392789373814,
19,לכיש,24,377,458,378,47,0.1246684350132626,אמת,0.3103448275862069,לכיש,0.8253275109170306,
19,יקנעם עילית,240,9849,14599,9986,5219,0.5299015128439436,מחל,0.36592547466747893,יקנעם עילית,0.6840194533872183,
19,אור יהודה,2400,16019,25851,16278,10253,0.6400524377301954,מחל,0.3286722017604095,אור יהודה,0.6296855053963096,
19,יקנעם (מושבה),241,739,952,743,111,0.15020297699594046,אמת,0.32070365358592695,יקנעם מושבה,0.7804621848739496,
19,בית השיטה,242,712,988,714,68,0.09550561797752809,אמת,0.5280898876404494,בית השיטה,0.7226720647773279,
19,נתיבות,246,13202,18214,13349,11735,0.8888804726556583,שס,0.4400090895318891,נתיבות,0.7328977709454266,
19,רשפון,247,668,861,670,121,0.18113772455089822,פה,0.3502994011976048,רשפון,0.778164924506388,
19,בית שערים,248,384,452,385,81,0.2109375,אמת,0.2526041666666667,בית שערים,0.8517699115044248,
19,כפר סירקין,249,667,844,674,138,0.20689655172413793,פה,0.30884557721139433,כפר סירקין,0.7985781990521327,
19,הזורע,250,570,850,574,21,0.03684210526315789,אמת,0.4,הזורע,0.6752941176470588,
19,נשר,2500,11823,19042,11986,6044,0.5112069694662945,מחל,0.3680960839042544,נשר,0.6294506879529461,
19,ביתן אהרן,252,97,136,98,8,0.08247422680412371,פה,0.36082474226804123,ביתן אהרן,0.7205882352941176,
19,חולתה,253,272,371,273,19,0.06985294117647059,אמת,0.47794117647058826,חולתה,0.7358490566037735,
19,באר יעקב,2530,6828,9560,6882,3352,0.4909197422378442,מחל,0.27372583479789103,באר יעקב,0.7198744769874477,
19,כפר המכבי,254,197,286,198,29,0.14720812182741116,אמת,0.36548223350253806,כפר המכבי,0.6923076923076923,
19,כפר חיטים,255,321,450,321,128,0.3987538940809969,פה,0.2087227414330218,כפר חיטים,0.7133333333333334,
19,גדרה,2550,10662,14613,10752,4920,0.4614518851997749,מחל,0.2688988932658038,גדרה,0.7357832067337302,
19,ניר דוד (תל עמל),256,431,560,433,9,0.02088167053364269,מרץ,0.3851508120649652,ניר דוד תל עמל,0.7732142857142857,
19,ערד,2560,11368,20736,11609,6411,0.5639514426460239,מחל,0.33497536945812806,ערד,0.5598476080246914,
19,נופך,257,223,318,223,145,0.6502242152466368,מחל,0.3721973094170404,נופך,0.7012578616352201,
19,שדה נחום,259,203,290,204,41,0.2019704433497537,אמת,0.33004926108374383,שדה נחום,0.7034482758620689,
19,ראש פינה,26,1509,2058,1518,422,0.27965540092776675,אמת,0.2345924453280318,ראש פינה,0.7376093294460642,
19,אילת,2600,19327,45466,19582,9816,0.5078905158586433,מחל,0.302323174833135,אילת,0.4306954647428848,
19,בית שמש,2610,29593,46313,29872,24946,0.8429696211942014,ג,0.28249923968506063,בית שמש,0.645002483104096,
19,גינוסר,262,327,484,329,49,0.14984709480122324,אמת,0.43119266055045874,גינוסר,0.6797520661157025,
19,קרית אונו,2620,18713,25378,18851,6375,0.3406722599262545,פה,0.26799551114198683,קרית אונו,0.7428087319725747,
19,מסדה,263,157,254,157,11,0.07006369426751592,אמת,0.49044585987261147,מסדה,0.6181102362204725,
19,קרית גת,2630,22922,38225,23296,16326,0.712241514702033,מחל,0.3683797225373004,קרית גת,0.6094440810987574,
19,שער הגולן,264,374,505,378,21,0.05614973262032086,אמת,0.3877005347593583,שער הגולן,0.7485148514851485,
19,ראש העין,2640,21003,28857,21144,10406,0.4954530305194496,מחל,0.2631528829214874,ראש העין,0.7327164985965277,
19,בית יוסף,265,177,321,180,140,0.7909604519774012,שס,0.3672316384180791,בית יוסף,0.5607476635514018,
19,רמת השרון,2650,25511,35000,25704,7009,0.274744227980087,פה,0.28501430755360435,רמת השרון,0.7344,
19,יבנה,2660,17599,26195,17783,10472,0.5950338087391329,מחל,0.30001704642309224,יבנה,0.6788700133613285,
19,כפר שמריהו,267,1130,1698,1144,236,0.2088495575221239,פה,0.3185840707964602,כפר שמריהו,0.673733804475854,
19,טירת צבי,268,418,532,420,307,0.7344497607655502,טב,0.6196172248803827,טירת צבי,0.7894736842105263,
19,מולדת,269,519,672,522,73,0.14065510597302505,אמת,0.41811175337186895,מולדת,0.7767857142857143,
19,שדות מיכה,27,169,262,170,143,0.8461538461538461,שס,0.46153846153846156,שדות מיכה,0.648854961832061,
19,עין השופט,270,526,828,531,30,0.057034220532319393,אמת,0.3916349809885932,עין השופט,0.6413043478260869,
19,אום אל-פחם,2710,15844,28254,16032,158,0.009972229235041655,ו,0.49684423125473365,אום אל פחם,0.5674240815459758,
19,מעוז חיים,272,265,413,267,34,0.12830188679245283,אמת,0.5584905660377358,מעוז חיים,0.6464891041162227,
19,טירה,2720,8759,15168,8924,300,0.03425048521520722,עם,0.5287133234387487,טירה,0.5883438818565401,
19,עין גב,273,277,446,279,45,0.1624548736462094,אמת,0.3898916967509025,עין גב,0.625560538116592,
19,טייבה,2730,13783,23064,13950,198,0.014365522745411013,עם,0.5658419792498005,טייבה,0.6048387096774194,
19,כפר מנחם,274,631,830,631,58,0.0919175911251981,מרץ,0.3312202852614897,כפר מנחם,0.7602409638554217,
19,צור משה,276,1337,1660,1342,241,0.18025430067314885,פה,0.34181002243829467,צור משה,0.808433734939759,
19,אושה,278,228,337,232,20,0.08771929824561403,אמת,0.4517543859649123,אושה,0.6884272997032641,
19,מזכרת בתיה,28,5821,7786,5853,2255,0.38739048273492527,פה,0.23415220752448032,מזכרת בתיה,0.7517338813254559,
19,חניתה,280,409,648,412,39,0.09535452322738386,אמת,0.4743276283618582,חניתה,0.6358024691358025,
19,קרית שמונה,2800,9878,18312,10044,6631,0.6712897347641222,מחל,0.367382061145981,קרית שמונה,0.5484927916120577,
19,פקיעין חדשה,281,168,256,169,133,0.7916666666666666,שס,0.47619047619047616,פקיעין חדשה,0.66015625,
19,שבי ציון,282,543,742,545,147,0.27071823204419887,פה,0.23941068139963168,שבי ציון,0.7345013477088949,
19,שדה ורבורג,284,758,949,762,116,0.15303430079155672,פה,0.3007915567282322,שדה ורבורג,0.8029504741833509,
19,אלונים,285,387,509,388,34,0.08785529715762273,אמת,0.5038759689922481,אלונים,0.762278978388998,
19,מעלה החמישה,286,277,423,277,27,0.09747292418772563,אמת,0.4404332129963899,מעלה החמישה,0.6548463356973995,
19,תל יצחק,287,547,664,553,92,0.16819012797074953,אמת,0.25411334552102377,תל יצחק,0.8328313253012049,
19,בית יהושע,288,514,650,517,107,0.20817120622568094,פה,0.31712062256809337,בית יהושע,0.7953846153846154,
19,עין המפרץ,289,504,645,505,14,0.027777777777777776,מרץ,0.4384920634920635,עין המפרץ,0.7829457364341085,
19,יסוד המעלה,29,797,1087,800,235,0.2948557089084065,פה,0.2584692597239649,יסוד המעלה,0.7359705611775529,
19,מעין צבי,290,424,597,426,41,0.09669811320754718,אמת,0.39858490566037735,מעין צבי,0.7135678391959799,
19,שרונה,292,339,427,340,71,0.20943952802359883,אמת,0.2861356932153392,שרונה,0.7962529274004684,
19,שדה יואב,293,207,259,207,13,0.06280193236714976,מרץ,0.34782608695652173,שדה יואב,0.7992277992277992,
19,אילון,294,567,757,569,90,0.15873015873015872,מרץ,0.37037037037037035,אילון,0.7516512549537648,
19,כפר רופין,295,269,400,270,22,0.08178438661710037,אמת,0.44609665427509293,כפר רופין,0.675,
19,נווה איתן,296,132,212,133,20,0.15151515151515152,אמת,0.3787878787878788,נווה איתן,0.6273584905660378,
19,כפר מסריק,297,372,507,373,25,0.06720430107526881,אמת,0.3870967741935484,כפר מסריק,0.7357001972386588,
19,מסילות,298,303,472,304,20,0.066006600660066,אמת,0.41254125412541254,מסילות,0.6440677966101694,
19,דליה,300,488,670,492,21,0.0430327868852459,מרץ,0.430327868852459,דליה,0.7343283582089553,
19,ירושלים,3000,241139,373238,243038,171640,0.7117886364296111,מספר קלפי,1.2025512256416424,ירושלים,0.6511609214495845,
19,בית עוזיאל,301,287,413,289,159,0.554006968641115,מחל,0.22996515679442509,בית עוזיאל,0.6997578692493946,
19,דפנה,302,436,550,436,45,0.10321100917431193,אמת,0.463302752293578,דפנה,0.7927272727272727,
19,דן,303,333,460,337,13,0.03903903903903904,מרץ,0.35135135135135137,דן,0.7326086956521739,
19,שדה אליהו,304,385,595,390,301,0.7818181818181819,טב,0.6207792207792208,שדה אליהו,0.6554621848739496,
19,גשר,305,293,440,295,36,0.12286689419795221,אמת,0.5563139931740614,גשר,0.6704545454545454,
19,שדמות דבורה,306,328,416,328,59,0.1798780487804878,אמת,0.32926829268292684,שדמות דבורה,0.7884615384615384,
19,הזורעים,307,353,452,355,302,0.8555240793201133,טב,0.6628895184135978,הזורעים,0.7853982300884956,
19,מחניים,308,283,416,285,47,0.16607773851590105,אמת,0.40636042402826855,מחניים,0.6850961538461539,
19,נהורה,309,583,840,585,363,0.6226415094339622,מחל,0.26758147512864494,נהורה,0.6964285714285714,
19,אופקים,31,10735,18364,10879,8594,0.8005589194224499,מחל,0.27238006520726593,אופקים,0.5924090612067088,
19,כפר גליקסון,310,189,263,190,14,0.07407407407407407,אמת,0.43915343915343913,כפר גליקסון,0.7224334600760456,
19,גן שורק,311,191,252,192,56,0.2931937172774869,פה,0.2879581151832461,גן שורק,0.7619047619047619,
19,נווה ים,312,162,219,162,45,0.2777777777777778,אמת,0.25308641975308643,נווה ים,0.7397260273972602,
19,אפק,313,284,398,285,28,0.09859154929577464,אמת,0.5035211267605634,אפק,0.7160804020100503,
19,נגבה,315,417,615,418,37,0.08872901678657075,אמת,0.30455635491606714,נגבה,0.6796747967479675,
19,כפר נטר,316,537,676,540,91,0.16945996275605213,פה,0.32774674115456237,כפר נטר,0.7988165680473372,
19,בית אורן,317,170,268,171,31,0.18235294117647058,אמת,0.2411764705882353,בית אורן,0.6380597014925373,
19,עמיעוז,318,119,201,121,93,0.7815126050420168,שס,0.2857142857142857,עמיעוז,0.6019900497512438,
19,עמיר,319,344,471,346,13,0.0377906976744186,מרץ,0.3691860465116279,עמיר,0.7346072186836518,
19,עוצם,32,293,387,294,278,0.9488054607508533,שס,0.7098976109215017,עוצם,0.7596899224806202,
19,כפר ורבורג,320,553,690,554,120,0.21699819168173598,אמת,0.31645569620253167,כפר ורבורג,0.8028985507246377,
19,בית הלל,322,368,498,368,55,0.14945652173913043,אמת,0.328804347826087,בית הלל,0.7389558232931727,
19,שאר ישוב,324,271,354,272,68,0.25092250922509224,פה,0.26199261992619927,שאר ישוב,0.768361581920904,
19,מצובה,325,480,721,482,95,0.19791666666666666,אמת,0.3375,מצובה,0.6685159500693482,
19,בית יצחק-שער חפר,326,1235,1565,1242,190,0.15384615384615385,פה,0.2874493927125506,בית יצחק שער חפר,0.7936102236421725,
19,שדות ים,327,475,611,478,47,0.09894736842105263,אמת,0.4231578947368421,שדות ים,0.7823240589198036,
19,שדה נחמיה,329,413,537,413,73,0.17675544794188863,אמת,0.3559322033898305,שדה נחמיה,0.7690875232774674,
19,בת שלמה,33,289,373,293,78,0.2698961937716263,אמת,0.23183391003460208,בת שלמה,0.7855227882037533,
19,אלומות,330,161,239,163,15,0.09316770186335403,אמת,0.422360248447205,אלומות,0.6820083682008368,
19,ניר צבי,331,681,865,685,125,0.18355359765051396,פה,0.2907488986784141,ניר צבי,0.791907514450867,
19,קבוצת יבנה,334,458,612,459,294,0.6419213973799127,טב,0.5109170305676856,קבוצת יבנה,0.75,
19,רמת השופט,335,435,610,437,34,0.07816091954022988,מרץ,0.3103448275862069,רמת השופט,0.7163934426229508,
19,דורות,336,361,500,365,67,0.18559556786703602,אמת,0.41274238227146814,דורות,0.73,
19,איבים,338,14,118,14,8,0.5714285714285714,מחל,0.35714285714285715,איבים,0.11864406779661017,
19,רמת צבי,339,308,387,309,67,0.21753246753246752,אמת,0.36363636363636365,רמת צבי,0.7984496124031008,
19,גת (קיבוץ),340,314,447,317,21,0.06687898089171974,אמת,0.31210191082802546,גת קיבוץ,0.70917225950783,
19,חברון,3400,247,281,247,108,0.43724696356275305,נץ,0.5182186234817814,חברון,0.8790035587188612,43.0
19,גברעם,342,217,293,217,48,0.22119815668202766,אמת,0.35944700460829493,גברעם,0.7406143344709898,
19,חמדיה,343,217,305,219,37,0.17050691244239632,אמת,0.4608294930875576,חמדיה,0.7180327868852459,
19,מענית,344,395,487,398,31,0.07848101265822785,מרץ,0.31645569620253167,מענית,0.8172484599589322,
19,כפר סאלד,345,313,431,315,18,0.05750798722044728,אמת,0.48242811501597443,כפר סאלד,0.7308584686774942,
19,גליל ים,346,246,309,246,28,0.11382113821138211,אמת,0.32113821138211385,גליל ים,0.7961165048543689,
19,מנרה,347,151,216,152,8,0.052980132450331126,אמת,0.4900662251655629,מנרה,0.7037037037037037,
19,ניר עם,348,189,330,192,34,0.17989417989417988,אמת,0.37037037037037035,ניר עם,0.5818181818181818,
19,כפר עציון,3488,323,399,326,232,0.718266253869969,טב,0.5727554179566563,כפר עציון,0.8170426065162907,63.0
19,גדות,35,228,352,228,14,0.06140350877192982,אמת,0.39035087719298245,גדות,0.6477272727272727,
19,ניצן,351,557,719,560,461,0.8276481149012568,טב,0.599640933572711,ניצן,0.7788595271210014,
19,גבולות,352,161,266,161,14,0.08695652173913043,מרץ,0.45962732919254656,גבולות,0.6052631578947368,
19,בית זיד,353,51,108,52,6,0.11764705882352941,אמת,0.45098039215686275,בית זיד,0.48148148148148145,
19,רביבים,354,420,654,424,57,0.1357142857142857,אמת,0.5261904761904762,רביבים,0.6483180428134556,
19,חורשים,355,171,264,171,19,0.1111111111111111,מרץ,0.3742690058479532,חורשים,0.6477272727272727,
19,נתיב הגדוד,3555,81,142,81,33,0.4074074074074074,פה,0.20987654320987653,נתיב הגדוד,0.5704225352112676,103.0
19,אלמוג,3556,104,140,104,13,0.125,אמת,0.5480769230769231,אלמוג,0.7428571428571429,9.0
19,קדומים,3557,1962,2302,1972,1648,0.8399592252803262,טב,0.7043832823649337,קדומים,0.8566463944396178,123.0
19,תומר,3558,182,242,182,82,0.45054945054945056,מחל,0.2967032967032967,תומר,0.7520661157024794,145.0
19,הגושרים,356,389,544,392,53,0.13624678663239073,אמת,0.390745501285347,הגושרים,0.7205882352941176,
19,אלקנה,3560,2061,2448,2064,1809,0.8777292576419214,טב,0.7248908296943232,אלקנה,0.8431372549019608,13.0
19,מגדל עוז,3561,177,252,178,165,0.9322033898305084,טב,0.8587570621468926,מגדל עוז,0.7063492063492064,70.0
19,תקוע,3563,1127,1472,1135,831,0.7373558118899733,טב,0.47471162377994675,תקוע,0.7710597826086957,147.0
19,כוכב השחר,3564,809,932,810,670,0.8281829419035847,טב,0.7391841779975278,כוכב השחר,0.869098712446352,59.0
19,רימונים,3565,282,432,282,191,0.6773049645390071,מחל,0.4716312056737589,רימונים,0.6527777777777778,135.0
19,יפית,3566,65,128,65,36,0.5538461538461539,מחל,0.4153846153846154,יפית,0.5078125,56.0
19,סלעית,3567,297,372,297,73,0.24579124579124578,פה,0.3367003367003367,סלעית,0.7983870967741935,105.0
19,ריחן,3568,89,120,89,27,0.30337078651685395,אמת,0.29213483146067415,ריחן,0.7416666666666667,134.0
19,מבוא דותן,3569,136,241,139,96,0.7058823529411765,מחל,0.45588235294117646,מבוא דותן,0.5767634854771784,67.0
19,כפר בלום,357,395,602,398,70,0.17721518987341772,אמת,0.37721518987341773,כפר בלום,0.6611295681063123,
19,אריאל,3570,9067,13997,9227,6605,0.7284658652255431,מחל,0.5342450645196868,אריאל,0.6592126884332357,17.0
19,שבי שומרון,3571,381,487,386,286,0.7506561679790026,טב,0.3858267716535433,שבי שומרון,0.7926078028747433,137.0
19,כפר תפוח,3572,501,620,504,335,0.6686626746506986,טב,0.48902195608782434,כפר תפוח,0.8129032258064516,64.0
19,חלמיש,3573,572,722,574,486,0.8496503496503497,טב,0.6958041958041958,חלמיש,0.7950138504155124,47.0
19,בית אל,3574,2653,3102,2658,2148,0.8096494534489257,טב,0.6943083301922353,בית אל,0.8568665377176016,19.0
19,בית חורון,3575,584,670,584,483,0.827054794520548,טב,0.5171232876712328,בית חורון,0.8716417910447761,23.0
19,מצפה יריחו,3576,907,1072,911,601,0.6626240352811467,טב,0.503858875413451,מצפה יריחו,0.8498134328358209,85.0
19,שדמות מחולה,3578,236,368,237,211,0.8940677966101694,טב,0.8347457627118644,שדמות מחולה,0.6440217391304348,138.0
19,אלון מורה,3579,715,885,722,503,0.7034965034965035,טב,0.5538461538461539,אלון מורה,0.8158192090395481,7.0
19,יד מרדכי,358,449,644,450,42,0.0935412026726058,מרץ,0.40089086859688194,יד מרדכי,0.6987577639751553,
19,ניצנים,359,268,359,269,24,0.08955223880597014,אמת,0.30223880597014924,ניצנים,0.7493036211699164,
19,ארגמן,3598,80,134,85,36,0.45,מחל,0.2625,ארגמן,0.6343283582089553,16.0
19,מחולה,3599,283,339,285,226,0.7985865724381626,טב,0.6713780918727915,מחולה,0.8407079646017699,74.0
19,שדה דוד,36,195,309,197,150,0.7692307692307693,שס,0.3641025641025641,שדה דוד,0.6375404530744336,
19,"גבעת ניל""י",360,298,379,300,137,0.4597315436241611,מחל,0.3959731543624161,גבעת ניל י,0.7915567282321899,
19,קליה,3601,215,295,219,87,0.4046511627906977,פה,0.22325581395348837,קליה,0.7423728813559322,125.0
19,ראש צורים,3602,389,436,391,343,0.8817480719794345,טב,0.7557840616966581,ראש צורים,0.8967889908256881,129.0
19,הר גילה,3603,499,577,501,268,0.5370741482965932,מחל,0.3186372745490982,הר גילה,0.8682842287694974,40.0
19,אלון שבות,3604,1547,1885,1559,1328,0.8584356819650937,טב,0.6968325791855203,אלון שבות,0.8270557029177719,8.0
19,משואה,3605,97,134,97,70,0.7216494845360825,מחל,0.4742268041237113,משואה,0.7238805970149254,87.0
19,גלגל,3606,70,122,70,27,0.38571428571428573,פה,0.24285714285714285,גלגל,0.5737704918032787,36.0
19,"ייט""ב",3607,120,152,120,102,0.85,מחל,0.475,ייט ב,0.7894736842105263,55.0
19,מעלה אפרים,3608,587,1178,598,321,0.5468483816013628,מחל,0.3049403747870528,מעלה אפרים,0.5076400679117148,78.0
19,חמרה,3609,80,125,80,35,0.4375,מחל,0.25,חמרה,0.64,49.0
19,מצפה שלם,3610,104,145,105,14,0.1346153846153846,אמת,0.3173076923076923,מצפה שלם,0.7241379310344828,86.0
19,קרית ארבע,3611,3096,4320,3137,2040,0.6589147286821705,טב,0.42248062015503873,קרית ארבע,0.7261574074074074,126.0
19,בקעות,3612,111,147,111,53,0.4774774774774775,מחל,0.3333333333333333,בקעות,0.7551020408163265,25.0
19,גיתית,3613,122,167,122,94,0.7704918032786885,טב,0.5901639344262295,גיתית,0.7305389221556886,35.0
19,מכורה,3614,75,106,77,27,0.36,מחל,0.28,מכורה,0.7264150943396226,75.0
19,פצאל,3615,157,224,157,84,0.535031847133758,מחל,0.3503184713375796,פצאל,0.7008928571428571,121.0
19,מעלה אדומים,3616,18049,25597,18193,13302,0.7369937392653333,מחל,0.4177516759931298,מעלה אדמים,0.7107473532054538,77.0
19,עופרה,3617,1417,1673,1418,1217,0.8588567395906845,טב,0.739590684544813,עופרה,0.8475791990436342,
19,אלעזר,3618,984,1156,987,835,0.8485772357723578,טב,0.6747967479674797,אלעזר,0.8538062283737025,11.0
19,רועי,3619,139,175,139,76,0.5467625899280576,טב,0.302158273381295,רועי,0.7942857142857143,131.0
19,רוחמה,362,309,462,310,25,0.08090614886731391,מרץ,0.44336569579288027,רוחמה,0.670995670995671,
19,נירן,3620,50,68,50,0,0.0,אמת,0.9,נירן,0.7352941176470589,99.0
19,חפץ חיים,363,314,372,314,271,0.8630573248407644,טב,0.6719745222929936,חפץ חיים,0.8440860215053764,
19,מעלה שומרון,3637,390,513,391,287,0.735897435897436,מחל,0.37435897435897436,מעלה שומרון,0.7621832358674464,82.0
19,כפר אדומים,3638,1488,1810,1490,1049,0.7049731182795699,טב,0.4025537634408602,כפר אדומים,0.8232044198895028,61.0
19,ורד יריחו,3639,139,171,142,86,0.6187050359712231,טב,0.2733812949640288,ורד יריחו,0.8304093567251462,42.0
19,כפר אוריה,364,379,488,380,134,0.35356200527704484,מחל,0.22163588390501318,כפר אוריה,0.7786885245901639,
19,קרני שומרון,3640,3477,4717,3511,2568,0.7385677308024159,טב,0.4314063848144953,קרני שומרון,0.7443290226839092,128.0
19,שילה,3641,1141,1391,1145,847,0.7423312883435583,טב,0.6021034180543383,שילה,0.8231488138030194,139.0
19,חיננית,3643,457,558,458,391,0.8555798687089715,מחל,0.4638949671772429,חיננית,0.8207885304659498,46.0
19,גבעון החדשה,3644,699,966,710,391,0.5593705293276109,מחל,0.3290414878397711,גבעון החדשה,0.7349896480331263,32.0
19,בית הערבה,3645,45,51,46,25,0.5555555555555556,מחל,0.35555555555555557,בית הערבה,0.9019607843137255,22.0
19,יקיר,3647,768,873,770,651,0.84765625,טב,0.6861979166666666,יקיר,0.8820160366552119,58.0
19,מתתיהו,3648,196,283,196,187,0.9540816326530612,ג,0.7704081632653061,מתתיהו,0.6925795053003534,
19,שקד,3649,357,477,360,187,0.5238095238095238,מחל,0.34173669467787116,שקד,0.7547169811320755,144.0
19,בית קשת,365,236,345,236,21,0.08898305084745763,אמת,0.4661016949152542,בית קשת,0.6840579710144927,
19,אפרתה,3650,4378,5622,4401,3640,0.8314298766560073,טב,0.5925079945180448,אפרתה,0.7828175026680897,15.0
19,מעלה מכמש,3651,616,704,618,489,0.7938311688311688,טב,0.6217532467532467,מעלה מכמש,0.8778409090909091,80.0
19,בית אריה,3652,2096,2811,2107,1341,0.6397900763358778,מחל,0.4174618320610687,בית אריה,0.7495553183920313,21.0
19,מעלה עמוס,3653,154,214,155,131,0.8506493506493507,ג,0.4675324675324675,מעלה עמוס,0.7242990654205608,81.0
19,ברקן,3654,787,1086,790,544,0.6912325285895807,מחל,0.4764930114358323,ברקן,0.7274401473296501,
19,"ניל""י",3655,482,640,488,302,0.6265560165975104,מחל,0.3941908713692946,ניל י,0.7625,97.0
19,כרמל,3656,208,243,208,185,0.8894230769230769,טב,0.8076923076923077,כרמל,0.8559670781893004,66.0
19,מעון,3657,170,236,170,142,0.8352941176470589,טב,0.7823529411764706,מעון,0.7203389830508474,76.0
19,עטרת,3658,213,251,213,170,0.7981220657276995,טב,0.6854460093896714,עטרת,0.848605577689243,108.0
19,פסגות,3659,794,901,798,718,0.9042821158690176,טב,0.7783375314861462,פסגות,0.8856825749167592,120.0
19,שמיר,366,441,648,442,26,0.05895691609977324,מרץ,0.30158730158730157,שמיר,0.6820987654320988,
19,עמנואל,3660,1300,1768,1305,988,0.76,שס,0.4346153846153846,עמנואל,0.7381221719457014,113.0
19,עין העמק,367,340,520,347,208,0.611764705882353,מחל,0.3735294117647059,עין העמק,0.6673076923076923,
19,ביריה,368,394,552,397,299,0.7588832487309645,מחל,0.30456852791878175,ביריה,0.7192028985507246,
19,גלעד (אבן יצחק),369,243,348,243,21,0.08641975308641975,אמת,0.49382716049382713,גלעד אבן יצחק,0.6982758620689655,
19,איתן,37,222,304,223,200,0.9009009009009009,שס,0.46396396396396394,איתן,0.7335526315789473,
19,גזר,370,176,349,176,21,0.11931818181818182,מרץ,0.2840909090909091,גזר,0.504297994269341,
19,מבוא חורון,3709,748,832,748,613,0.81951871657754,טב,0.643048128342246,מבוא חורון,0.8990384615384616,68.0
19,ברכה,3710,706,883,712,570,0.8073654390934845,מחל,0.5212464589235127,ברכה,0.8063420158550396,27.0
19,ענב,3712,358,434,358,279,0.7793296089385475,טב,0.5391061452513967,ענב,0.8248847926267281,114.0
19,"נעמ""ה",3713,76,118,76,35,0.4605263157894737,מחל,0.3157894736842105,נעמ ה,0.6440677966101694,
19,עלמון,3715,574,751,577,378,0.6585365853658537,מחל,0.4721254355400697,עלמון,0.7683089214380826,111.0
19,חרמש,3717,101,170,103,57,0.5643564356435643,מחל,0.3564356435643564,חרמש,0.6058823529411764,50.0
19,תלם,3719,95,126,95,53,0.5578947368421052,טב,0.3894736842105263,תלם,0.753968253968254,146.0
19,רמות נפתלי,372,291,403,293,119,0.40893470790378006,אמת,0.19931271477663232,רמות נפתלי,0.7270471464019851,
19,שערי תקווה,3720,2514,3240,2521,1651,0.656722354813047,טב,0.3202068416865553,שערי תקווה,0.7780864197530865,143.0
19,אשכולות,3722,256,322,258,180,0.703125,טב,0.5078125,אשכולות,0.8012422360248447,18.0
19,פני חבר,3723,136,163,136,107,0.7867647058823529,טב,0.7132352941176471,פני חבר,0.8343558282208589,119.0
19,נווה דניאל,3725,1025,1230,1028,870,0.848780487804878,טב,0.6878048780487804,נווה דניאל,0.8357723577235773,91.0
19,נוקדים,3726,606,782,610,480,0.7920792079207921,מחל,0.41254125412541254,נוקדים,0.7800511508951407,94.0
19,עלי זהב,3727,278,397,281,230,0.8273381294964028,טב,0.39568345323741005,עלי זהב,0.707808564231738,110.0
19,בית הלוי,373,388,474,389,80,0.20618556701030927,פה,0.31443298969072164,בית הלוי,0.820675105485232,
19,גבעת זאב,3730,6893,9282,6931,4858,0.7047729580734078,מחל,0.3065428695778326,גבעת זאב,0.746714070243482,34.0
19,חוקוק,374,249,381,249,30,0.12048192771084337,אמת,0.4979919678714859,חוקוק,0.6535433070866141,
19,טנא,3743,316,434,319,190,0.6012658227848101,טב,0.310126582278481,טנא,0.7350230414746544,54.0
19,ברוכין,3744,142,154,142,140,0.9859154929577465,טב,0.6619718309859155,ברוכין,0.922077922077922,26.0
19,מצדות יהודה,3745,225,261,226,187,0.8311111111111111,טב,0.7555555555555555,מצדות יהודה,0.8659003831417624,83.0
19,קרית נטפים,3746,265,312,265,221,0.8339622641509434,טב,0.5509433962264151,קרית נטפים,0.8493589743589743,127.0
19,דולב,3747,585,696,586,506,0.864957264957265,טב,0.7777777777777778,דולב,0.8419540229885057,38.0
19,עתניאל,3748,300,351,300,216,0.72,טב,0.55,עתניאל,0.8547008547008547,117.0
19,יצהר,3749,390,500,391,107,0.2743589743589744,נץ,0.7153846153846154,יצהר,0.782,57.0
19,מגל,375,571,683,573,38,0.06654991243432574,אמת,0.3432574430823117,מגל,0.8389458272327965,
19,אלפי מנשה,3750,4050,5300,4070,1873,0.4624691358024691,מחל,0.31851851851851853,אלפי מנשה,0.7679245283018868,12.0
19,מגדלים,3751,67,111,69,41,0.6119402985074627,מחל,0.373134328358209,מגדלים,0.6216216216216216,71.0
19,מעלה לבונה,3752,261,346,261,172,0.6590038314176245,טב,0.5555555555555556,מעלה לבונה,0.7543352601156069,79.0
19,אספר,3754,172,225,173,137,0.7965116279069767,ג,0.3488372093023256,אספר,0.7688888888888888,
19,סוסיה,3756,381,478,382,307,0.8057742782152231,טב,0.7349081364829396,סוסיה,0.799163179916318,104.0
19,אדורה,3759,144,179,144,87,0.6041666666666666,טב,0.3680555555555556,אדורה,0.8044692737430168,3.0
19,עברון,376,454,618,457,24,0.05286343612334802,אמת,0.43612334801762115,עברון,0.7394822006472492,
19,אורנית,3760,3979,5049,3999,1804,0.45338024629303847,פה,0.2995727569741141,אורנית,0.792038027332145,4.0
19,איתמר,3762,349,453,349,227,0.6504297994269341,טב,0.5501432664756447,איתמר,0.7704194260485652,5.0
19,גבע בנימין,3763,1789,2493,1805,1313,0.7339295695919508,מחל,0.3124650642817216,גבע בנימין,0.7240272763738468,
19,חגי,3764,214,254,214,173,0.8084112149532711,טב,0.7102803738317757,חגי,0.84251968503937,44.0
19,עלי,3765,1369,1711,1375,1201,0.8772826880934989,טב,0.7121986851716582,עלי,0.8036236119228521,109.0
19,כרמי צור,3766,383,443,384,323,0.8433420365535248,טב,0.7232375979112271,כרמי צור,0.8668171557562077,65.0
19,נחליאל,3767,195,251,195,103,0.5282051282051282,נץ,0.4358974358974359,נחליאל,0.7768924302788844,96.0
19,פדואל,3768,589,658,589,515,0.8743633276740238,טב,0.7809847198641766,פדואל,0.8951367781155015,118.0
19,הר אדר,3769,2006,2542,2015,548,0.2731804586241276,פה,0.2731804586241276,הר אדר,0.7926829268292683,39.0
19,המעפיל,377,443,566,444,28,0.06320541760722348,מרץ,0.4040632054176072,המעפיל,0.784452296819788,
19,חשמונאים,3770,1630,1987,1638,1354,0.8306748466257668,טב,0.5631901840490797,חשמונאים,0.8243583291394061,51.0
19,עץ אפרים,3778,478,601,478,350,0.7322175732217573,מחל,0.3472803347280335,עץ אפרים,0.7953410981697171,116.0
19,כוכב יעקב,3779,2456,3032,2467,2026,0.8249185667752443,שס,0.4250814332247557,כוכב יעקב,0.8136543535620053,60.0
19,משגב עם,378,131,210,132,19,0.1450381679389313,אמת,0.3969465648854962,משגב עם,0.6285714285714286,
19,ביתר עילית,3780,13997,16587,14069,12943,0.9246981496034865,ג,0.6004143745088233,ביתר עלית,0.8481943690842226,24.0
19,קדר,3781,512,698,515,370,0.72265625,מחל,0.447265625,קדר,0.7378223495702005,124.0
19,שמעה,3784,138,241,142,83,0.6014492753623188,מחל,0.34782608695652173,שמעה,0.5892116182572614,140.0
19,נעלה,3787,510,644,512,296,0.5803921568627451,מחל,0.32745098039215687,נעלה,0.7950310559006211,100.0
19,טלמון,3788,1153,1298,1157,917,0.795316565481353,טב,0.7085862966175195,טלמון,0.8913713405238829,53.0
19,גאולים,379,445,645,450,184,0.4134831460674157,אמת,0.24044943820224718,גאולים,0.6976744186046512,
19,נופים,3790,254,368,256,204,0.8031496062992126,מחל,0.5511811023622047,נופים,0.6956521739130435,93.0
19,צופים,3791,718,904,719,506,0.7047353760445683,טב,0.4025069637883008,צופים,0.7953539823008849,122.0
19,אבני חפץ,3793,640,767,644,494,0.771875,טב,0.609375,אבני חפץ,0.8396349413298566,1.0
19,בת עין,3794,460,635,464,267,0.5804347826086956,טב,0.3978260869565217,בת עין,0.7307086614173228,29.0
19,רבבה,3795,581,626,582,514,0.8846815834767642,טב,0.7951807228915663,רבבה,0.9297124600638977,130.0
19,כפר האורנים,3796,1059,1276,1062,260,0.24551463644948066,פה,0.3937677053824363,כפר האורנים,0.8322884012539185,
19,מודיעין עילית,3797,18864,20927,18979,18349,0.9726993214588634,ג,0.7703562340966921,מודיעין עלית,0.9069145123524633,73.0
19,להבות הבשן,380,387,567,387,42,0.10852713178294573,מרץ,0.4160206718346253,להבות הבשן,0.6825396825396826,
19,מכמורת,382,690,994,694,101,0.1463768115942029,אמת,0.26231884057971017,מכמורת,0.6981891348088531,
19,"עין הנצי""ב",383,334,419,337,265,0.7934131736526946,טב,0.6976047904191617,עין הנצי ב,0.8042959427207638,
19,עמיעד,385,274,416,275,20,0.072992700729927,אמת,0.43795620437956206,עמיעד,0.6610576923076923,
19,בני דרור,386,724,1032,727,170,0.23480662983425415,פה,0.2610497237569061,בני דרור,0.7044573643410853,
19,כפר מונש,387,489,610,490,72,0.147239263803681,פה,0.32719836400818,כפר מונש,0.8032786885245902,
19,כפר קיש,388,228,333,229,55,0.2412280701754386,פה,0.3026315789473684,כפר קיש,0.6876876876876877,
19,בצרה,389,550,693,551,107,0.19454545454545455,פה,0.37454545454545457,בצרה,0.7950937950937951,
19,גפן,39,181,249,182,151,0.8342541436464088,מחל,0.49171270718232046,גפן,0.7309236947791165,
19,רגבה,390,605,784,607,93,0.1537190082644628,אמת,0.428099173553719,רגבה,0.7742346938775511,
19,גלאון,393,262,388,264,14,0.05343511450381679,מרץ,0.42748091603053434,גלאון,0.6804123711340206,
19,שובל,394,382,554,384,33,0.08638743455497382,מרץ,0.3219895287958115,שובל,0.6931407942238267,
19,משמר הנגב,395,463,709,465,52,0.11231101511879049,אמת,0.5248380129589633,משמר הנגב,0.6558533145275035,
19,נבטים,396,397,518,400,192,0.4836272040302267,מחל,0.21158690176322417,נבטים,0.7722007722007722,
19,חצרים,397,559,769,559,29,0.0518783542039356,אמת,0.4865831842576029,חצרים,0.7269180754226268,
19,שרשרת,398,174,228,176,149,0.8563218390804598,טב,0.3218390804597701,שרשרת,0.7719298245614035,
19,בארי,399,626,790,630,44,0.07028753993610223,אמת,0.5271565495207667,בארי,0.7974683544303798,
19,אבן שמואל,400,414,477,418,352,0.8502415458937198,טב,0.5917874396135265,אבן שמואל,0.8763102725366876,
19,חיפה,4000,139363,240749,141085,56693,0.4068009442965493,מספר קלפי,0.9404433027417607,חיפה,0.586025279440413,
19,בוקעאתא,4001,9,331,9,8,0.8888888888888888,מחל,0.8888888888888888,בוקעאתא,0.027190332326283987,
19,אלי-עד,4002,172,239,172,48,0.27906976744186046,פה,0.23837209302325582,אלי עד,0.7196652719665272,
19,אל-רום,4003,185,285,186,17,0.0918918918918919,אמת,0.372972972972973,אל רום,0.6526315789473685,
19,כפר חרוב,4004,166,298,167,32,0.1927710843373494,אמת,0.2891566265060241,כפר חרוב,0.5604026845637584,
19,חספין,4005,527,643,527,471,0.8937381404174574,טב,0.793168880455408,חספין,0.8195956454121306,
19,קשת,4006,293,374,294,264,0.9010238907849829,טב,0.8225255972696246,קשת,0.786096256684492,
19,יונתן,4007,211,266,211,175,0.8293838862559242,טב,0.6729857819905213,יונתן,0.793233082706767,
19,מעלה גמלא,4008,242,327,243,43,0.17768595041322313,אמת,0.2727272727272727,מעלה גמלא,0.7431192660550459,
19,שעל,4009,145,206,145,61,0.4206896551724138,מחל,0.296551724137931,שעל,0.7038834951456311,
19,אודם,4010,63,94,63,21,0.3333333333333333,פה,0.19047619047619047,אודם,0.6702127659574468,
19,אבני איתן,4011,272,354,272,198,0.7279411764705882,טב,0.5661764705882353,אבני איתן,0.768361581920904,
19,אניעם,4012,260,378,260,94,0.36153846153846153,אמת,0.2423076923076923,אניעם,0.6878306878306878,
19,אורטל,4013,142,198,142,34,0.23943661971830985,פה,0.3732394366197183,אורטל,0.7171717171717171,
19,נטור,4014,120,152,121,76,0.6333333333333333,טב,0.35,נטור,0.7960526315789473,
19,בני יהודה,4015,560,852,567,197,0.3517857142857143,פה,0.23035714285714284,בני יהודה,0.6654929577464789,
19,אלוני הבשן,4017,140,168,140,123,0.8785714285714286,טב,0.7071428571428572,אלוני הבשן,0.8333333333333334,
19,ניר יצחק,402,386,564,389,9,0.023316062176165803,מרץ,0.533678756476684,ניר יצחק,0.6897163120567376,
19,גבעת יואב,4021,299,407,302,106,0.35451505016722407,מחל,0.18729096989966554,גבעת יואב,0.742014742014742,
19,גשור,4022,126,180,126,29,0.23015873015873015,אמת,0.2698412698412698,גשור,0.7,
19,קלע,4024,63,134,65,20,0.31746031746031744,פה,0.31746031746031744,קלע,0.48507462686567165,
19,קדמת צבי,4025,197,303,199,49,0.24873096446700507,אמת,0.28426395939086296,קדמת צבי,0.6567656765676567,
19,חד-נס,4026,355,520,355,152,0.428169014084507,פה,0.23943661971830985,חד נס,0.6826923076923077,
19,כנף,4028,171,227,171,55,0.3216374269005848,פה,0.3567251461988304,כנף,0.7533039647577092,
19,אורים,403,252,437,254,28,0.1111111111111111,אמת,0.46825396825396826,אורים,0.5812356979405034,
19,נווה אילן,405,423,613,423,95,0.22458628841607564,אמת,0.26004728132387706,נווה אילן,0.6900489396411092,
19,חצור-אשדוד,406,418,597,422,18,0.0430622009569378,מרץ,0.49282296650717705,חצור אשדוד,0.7068676716917923,
19,דברת,407,179,248,182,27,0.15083798882681565,אמת,0.4860335195530726,דברת,0.7338709677419355,
19,נאות מרדכי,408,342,489,344,49,0.14327485380116958,אמת,0.45614035087719296,נאות מרדכי,0.7034764826175869,
19,יחיעם,409,279,386,279,14,0.05017921146953405,מרץ,0.4050179211469534,יחיעם,0.7227979274611399,
19,אליכין,41,1676,2295,1688,1012,0.60381861575179,מחל,0.2828162291169451,אליכין,0.7355119825708061,
19,קצרין,4100,3160,5651,3233,1767,0.5591772151898734,מחל,0.3300632911392405,קצרין,0.5721111307733144,
19,מרום גולן,4101,354,483,354,72,0.2033898305084746,אמת,0.3192090395480226,מרום גולן,0.7329192546583851,
19,צאלים,413,252,363,253,31,0.12301587301587301,אמת,0.4801587301587302,צאלים,0.696969696969697,
19,קלחים,414,212,289,213,90,0.42452830188679247,אמת,0.24528301886792453,קלחים,0.7370242214532872,
19,שוקדה,415,142,194,142,130,0.9154929577464789,טב,0.4507042253521127,שוקדה,0.7319587628865979,
19,מעין ברוך,416,312,438,315,35,0.11217948717948718,אמת,0.4166666666666667,מעין ברוך,0.7191780821917808,
19,יקום,417,408,505,410,11,0.02696078431372549,מרץ,0.4068627450980392,יקום,0.8118811881188119,
19,בני ציון,418,601,757,603,115,0.1913477537437604,פה,0.33943427620632277,בני ציון,0.7965653896961691,
19,סעד,419,470,588,471,320,0.6808510638297872,טב,0.5553191489361702,סעד,0.8010204081632653,
19,מג'דל שמס,4201,103,505,103,80,0.7766990291262136,מחל,0.6990291262135923,מג דל שמס,0.20396039603960395,
19,מסעדה,4203,32,173,33,29,0.90625,מחל,0.65625,מסעדה,0.1907514450867052,
19,מבוא חמה,4204,220,347,220,29,0.1318181818181818,אמת,0.37272727272727274,מבוא חמה,0.6340057636887608,
19,משאבי שדה,421,292,459,292,27,0.09246575342465753,אמת,0.4726027397260274,משאבי שדה,0.6361655773420479,
19,חרב לאת,422,377,474,379,99,0.2625994694960212,פה,0.27586206896551724,חרב לאת,0.79957805907173,
19,העוגן,423,424,585,426,28,0.0660377358490566,מרץ,0.3608490566037736,העוגן,0.7282051282051282,
19,גבים,424,238,320,239,33,0.13865546218487396,אמת,0.40756302521008403,גבים,0.746875,
19,משמרת,425,464,576,465,88,0.1896551724137931,פה,0.35129310344827586,משמרת,0.8072916666666666,
19,עין כרמל,426,370,456,375,33,0.0891891891891892,אמת,0.3891891891891892,עין כרמל,0.8223684210526315,
19,כפר גלים,427,56,83,56,22,0.39285714285714285,מחל,0.35714285714285715,כפר גלים,0.6746987951807228,
19,ברור חיל,428,426,622,427,68,0.1596244131455399,אמת,0.44835680751173707,ברור חיל,0.6864951768488746,
19,אלוני אבא,429,462,550,462,57,0.12337662337662338,אמת,0.2943722943722944,אלוני אבא,0.84,
19,מטולה,43,868,1333,872,250,0.2880184331797235,אמת,0.2108294930875576,מטולה,0.6541635408852213,
19,בית לחם הגלילית,430,425,550,426,94,0.2211764705882353,אמת,0.27294117647058824,בית לחם הגלילית,0.7745454545454545,
19,אפיק,4301,177,264,177,31,0.1751412429378531,אמת,0.3220338983050847,אפיק,0.6704545454545454,
19,"נווה אטי""ב",4303,107,147,108,63,0.5887850467289719,מחל,0.5046728971962616,נווה אטי ב,0.7346938775510204,
19,נוב,4304,351,440,351,310,0.8831908831908832,טב,0.7378917378917379,נוב,0.7977272727272727,
19,דלתון,431,339,557,345,321,0.9469026548672567,מחל,0.4365781710914454,דלתון,0.6193895870736086,
19,שמרת,432,250,358,250,20,0.08,מרץ,0.436,שמרת,0.6983240223463687,
19,נחשולים,433,376,493,377,41,0.10904255319148937,אמת,0.3723404255319149,נחשולים,0.7647058823529411,
19,החותרים,434,371,481,373,48,0.1293800539083558,אמת,0.40700808625336926,החותרים,0.7754677754677755,
19,נצר סרני,435,430,553,431,31,0.07209302325581396,אמת,0.49534883720930234,נצר סרני,0.779385171790235,
19,עין דור,436,497,773,498,41,0.08249496981891348,מרץ,0.3641851106639839,עין דור,0.6442432082794308,
19,רשפים,437,280,366,281,16,0.05714285714285714,אמת,0.425,רשפים,0.76775956284153,
19,שלוחות,439,289,394,289,201,0.6955017301038062,טב,0.5882352941176471,שלוחות,0.733502538071066,
19,זוהר,44,185,268,187,153,0.827027027027027,מחל,0.372972972972973,זוהר,0.6977611940298507,
19,יסודות,440,274,294,274,269,0.9817518248175182,ג,0.8978102189781022,יסודות,0.9319727891156463,
19,גדעונה,442,139,206,139,86,0.6187050359712231,מחל,0.34532374100719426,גדעונה,0.6747572815533981,
19,כפר הנשיא,443,367,661,369,33,0.08991825613079019,אמת,0.34877384196185285,כפר הנשיא,0.5582450832072617,
19,רגבים,444,208,335,208,31,0.14903846153846154,אמת,0.4182692307692308,רגבים,0.6208955223880597,
19,רמות מנשה,445,591,752,597,33,0.05583756345177665,מרץ,0.3299492385786802,רמות מנשה,0.7938829787234043,
19,אודים,446,554,685,555,111,0.2003610108303249,פה,0.33574007220216606,אודים,0.8102189781021898,
19,נורדיה,447,1250,1675,1270,391,0.3128,פה,0.2888,נורדיה,0.7582089552238805,
19,בני עטרות,448,468,560,469,85,0.18162393162393162,פה,0.3055555555555556,בני עטרות,0.8375,
19,נחלים,449,726,850,731,600,0.8264462809917356,טב,0.6776859504132231,נחלים,0.86,
19,בארות יצחק,450,264,402,267,194,0.7348484848484849,טב,0.6553030303030303,בארות יצחק,0.664179104477612,
19,ע'ג'ר,4501,756,1370,766,419,0.5542328042328042,מחל,0.33465608465608465,ע ג ר,0.5591240875912409,
19,עין זיוון,4503,148,213,148,24,0.16216216216216217,אמת,0.2972972972972973,עין זיוון,0.6948356807511737,
19,יזרעאל,452,331,575,333,12,0.03625377643504532,אמת,0.5468277945619335,יזרעאל,0.5791304347826087,
19,יפתח,453,321,531,326,28,0.08722741433021806,אמת,0.4984423676012461,יפתח,0.6139359698681732,
19,סער,454,340,510,342,54,0.1588235294117647,מרץ,0.24705882352941178,סער,0.6705882352941176,
19,נאות גולן,4551,218,335,219,62,0.28440366972477066,פה,0.2706422018348624,נאות גולן,0.6537313432835821,
19,שורש,456,503,650,510,130,0.2584493041749503,אמת,0.2485089463220676,שורש,0.7846153846153846,
19,גזית,457,434,579,437,14,0.03225806451612903,מרץ,0.49539170506912444,גזית,0.7547495682210709,
19,יבנאל,46,1625,2241,1635,1129,0.6947692307692308,שס,0.4338461538461538,יבנאל,0.7295850066934404,
19,רמת רזיאל,460,325,428,328,92,0.28307692307692306,פה,0.18769230769230769,רמת רזיאל,0.7663551401869159,
19,טל שחר,462,491,636,492,114,0.23217922606924643,אמת,0.32382892057026474,טל שחר,0.7735849056603774,
19,געתון,463,313,456,313,20,0.06389776357827476,אמת,0.3610223642172524,געתון,0.6864035087719298,
19,הראל,464,91,185,91,6,0.06593406593406594,מרץ,0.34065934065934067,הראל,0.4918918918918919,
19,צובה,465,397,591,403,33,0.08312342569269521,אמת,0.6221662468513854,צובה,0.6818950930626058,
19,בית דגן,466,3414,4717,3445,1881,0.5509666080843585,מחל,0.30609256004686586,בית דגן,0.7303370786516854,
19,קרית עקרון,469,5106,7918,5176,3316,0.6494320407363886,מחל,0.3607520564042303,קרית עקרון,0.653700429401364,
19,כפר תבור,47,1846,2519,1853,568,0.3076923076923077,אמת,0.2502708559046587,כפר תבור,0.7356093687971417,
19,רמת מגשימים,4701,328,399,328,288,0.8780487804878049,טב,0.7378048780487805,רמת מגשימים,0.8220551378446115,
19,רמות,4702,321,414,324,63,0.19626168224299065,פה,0.34890965732087226,רמות,0.782608695652174,
19,אבו גוש,472,1765,3889,1844,205,0.11614730878186968,ד,0.3648725212464589,אבו גוש,0.4741578812033942,
19,אבו סנאן,473,4667,7886,4732,818,0.175273194771802,ו,0.3415470323548318,אבו סנאן,0.6000507227998986,
19,דחי,475,151,388,151,12,0.07947019867549669,ד,0.4370860927152318,דחי,0.38917525773195877,
19,אכסאל,478,3560,7715,3606,245,0.06882022471910113,ו,0.3612359550561798,אכסאל,0.467401166558652,
19,מנחמיה,48,569,902,572,310,0.5448154657293497,מחל,0.34973637961335674,מנחמיה,0.6341463414634146,
19,בית ג'ן,480,4221,7364,4266,1868,0.4425491589670694,אמת,0.2260127931769723,בית ג ן,0.5793047256925584,
19,מגאר,481,4961,13337,5117,2075,0.4182624470872808,שס,0.19250151179197741,מגאר,0.38366949089000524,
19,בועיינה-נוג'ידאת,482,3465,5143,3502,156,0.045021645021645025,ד,0.49408369408369407,בועיינה נוג ידאת,0.6809255298463932,
19,בענה,483,2985,4553,3013,172,0.0576214405360134,עם,0.47671691792294807,בענה,0.6617614759499231,
19,ג'ולס,485,2494,4008,2532,1514,0.6070569366479551,צפ,0.2578187650360866,ג ולס,0.6317365269461078,
19,ג'ש (גוש חלב),487,958,2208,981,179,0.18684759916492694,ו,0.24321503131524008,ג ש גוש חלב,0.44429347826086957,
19,דבוריה,489,3327,5754,3345,166,0.049894800120228434,עם,0.3694018635407274,דבוריה,0.5813347236704901,
19,אילניה,49,276,407,279,117,0.42391304347826086,מחל,0.29347826086956524,אילניה,0.6855036855036855,
19,דייר אל-אסד,490,4798,6674,4873,1137,0.2369737390579408,עם,0.3522300958732805,דייר אל אסד,0.7301468384776746,
19,דייר חנא,492,4986,6048,5001,350,0.07019655034095468,ו,0.34135579622944245,דייר חנא,0.8268849206349206,
19,דאלית אל-כרמל,494,6330,11066,6405,4186,0.6612954186413902,כן,0.4737756714060032,דאלית אל כרמל,0.5787999277064884,
19,חורפיש,496,2067,3845,2091,1504,0.7276245766811804,מחל,0.3478471214320271,חורפיש,0.5438231469440832,
19,טייבה (בעמק),497,605,962,625,87,0.14380165289256197,אמת,0.2793388429752066,טייבה בעמק,0.6496881496881497,
19,טורעאן,498,4481,7641,4539,259,0.05779959830395001,ו,0.48292791787547423,טורעאן,0.5940321947389086,
19,יפיע,499,5996,10933,6078,443,0.07388258839226151,ו,0.38125416944629753,יפיע,0.555931583279978,
19,תל אביב - יפו,5000,244901,394134,246890,74422,0.30388606008142066,מספר קלפי,1.180844504514069,תל אביב יפו,0.6264113220376826,
19,ירכא,502,5882,8766,6117,2938,0.49948996939816387,ו,0.3917035022101326,ירכא,0.6978097193702943,
19,כאבול,504,5026,6591,5066,107,0.021289295662554716,ו,0.32829287703939514,כאבול,0.7686238810499165,
19,כאוכב אבו אל-היג',505,1402,2119,1411,13,0.009272467902995721,עם,0.40228245363766046,כאוכב אבו אל היג,0.6658801321378008,
19,כפר יאסיף,507,4475,6760,4502,183,0.04089385474860335,ו,0.5767597765363128,כפר יאסיף,0.6659763313609467,
19,כפר כמא,508,780,2272,801,121,0.15512820512820513,אמת,0.3243589743589744,כפר כמא,0.35255281690140844,
19,כפר כנא,509,6902,11692,6995,507,0.07345696899449435,ד,0.323819182845552,כפר כנא,0.5982723229558673,
19,כפר מנדא,510,6907,9653,7051,973,0.1408715795569712,עם,0.3206891559287679,כפר מנדא,0.7304464933181395,
19,עילוט,511,1879,4168,1936,246,0.1309207025013305,ו,0.3565726450239489,עילוט,0.46449136276391556,
19,כפר מצר,512,724,1439,734,144,0.19889502762430938,ד,0.3370165745856354,כפר מצר,0.5100764419735928,
19,עין ראפה,514,255,520,263,12,0.047058823529411764,ד,0.32941176470588235,עין ראפה,0.5057692307692307,
19,מג'ד אל-כרום,516,6092,8381,6123,166,0.027248850952068287,ד,0.33749179251477346,מג ד אל כרום,0.730581076243885,
19,מזרעה,517,1573,2510,1589,103,0.06547997457088366,עם,0.44500953591862685,מזרעה,0.6330677290836654,
19,מעיליא,518,1486,2266,1501,160,0.10767160161507403,ד,0.38088829071332436,מעיליא,0.6624007060900264,
19,לוזית,52,210,295,211,163,0.7761904761904762,שס,0.36666666666666664,לוזית,0.7152542372881356,
19,משהד,520,2556,4568,2573,95,0.03716744913928013,עם,0.4722222222222222,משהד,0.5632661996497373,
19,עין נקובא,521,571,1231,611,172,0.30122591943957966,שס,0.28371278458844135,עין נקובא,0.49634443541835904,
19,נחף,522,3783,6734,3842,608,0.16071900607983083,עם,0.4234734337827121,נחף,0.5705375705375706,
19,ניין,523,782,1062,791,22,0.028132992327365727,מרץ,0.629156010230179,ניין,0.7448210922787194,
19,נאעורה,524,648,1200,659,71,0.1095679012345679,ד,0.4058641975308642,נאעורה,0.5491666666666667,
19,סאג'ור,525,1316,2517,1339,871,0.6618541033434651,מחל,0.41641337386018235,סאג ור,0.5319825188716726,
19,סולם,526,1070,1699,1094,165,0.1542056074766355,ד,0.37570093457943926,סולם,0.6439081812831077,
19,שזור,527,173,263,174,124,0.7167630057803468,מחל,0.42196531791907516,שזור,0.6615969581749049,
19,עוזייר,528,572,1536,579,44,0.07692307692307693,עם,0.4143356643356643,עוזייר,0.376953125,
19,אעבלין,529,4441,7578,4487,437,0.09840126097725738,ו,0.3609547399234407,אעבלין,0.592108735814199,
19,עתלית,53,2919,4407,2941,1316,0.45083932853717024,מחל,0.26652963343610825,עתלית,0.6673474018606762,
19,עיילבון,530,2610,3555,2636,209,0.08007662835249042,ו,0.5134099616858238,עיילבון,0.7414908579465541,
19,עראבה,531,7886,13256,7939,127,0.01610448896779102,עם,0.3800405782399188,עראבה,0.5988986119493059,
19,עין מאהל,532,4368,7224,4433,221,0.050595238095238096,עם,0.38782051282051283,עין מאהל,0.6136489479512736,
19,עספיא,534,3840,7817,3897,2220,0.578125,כן,0.3614583333333333,עספיא,0.49852884738390685,
19,פסוטה,535,1139,2347,1151,92,0.08077260755048288,ו,0.3740122914837577,פסוטה,0.4904132935662548,
19,פקיעין (בוקייעה),536,2383,3813,2412,1018,0.42719261435165756,מחל,0.35333613092740246,פקיעין בוקייעה,0.6325727773406766,
19,פוריידיס,537,3017,7192,3062,484,0.16042426251242956,עם,0.47431223069274114,פוריידיס,0.4257508342602892,
19,שעב,538,2732,3986,2747,87,0.03184480234260615,עם,0.400805270863836,שעב,0.6891620672353236,
19,רומאנה,539,411,554,413,2,0.004866180048661801,ו,0.5231143552311436,רומאנה,0.7454873646209387,
19,ריחאניה,540,415,843,424,120,0.2891566265060241,אמת,0.3373493975903614,ריחאניה,0.5029655990510083,
19,ג'סר א-זרקא,541,2976,7308,2993,298,0.10013440860215053,ד,0.38272849462365593,ג סר א זרקא,0.4095511767925561,
19,ריינה,542,5047,9572,5140,146,0.028928076084802853,ד,0.3501089756290866,ריינה,0.5369828666945257,
19,ראמה,543,3078,5722,3160,748,0.24301494476933072,ד,0.2920727745289149,ראמה,0.5522544564837469,
19,עין אל-אסד,546,228,559,230,122,0.5350877192982456,מחל,0.40350877192982454,עין אל אסד,0.41144901610017887,
19,טמרה (יזרעאל),547,410,837,422,6,0.014634146341463415,אמת,0.21951219512195122,טמרה יזרעאל,0.5041816009557945,
19,גנות הדר,549,455,575,455,134,0.2945054945054945,פה,0.34945054945054943,גנות הדר,0.7913043478260869,
19,נוגה,55,218,360,221,167,0.7660550458715596,מחל,0.3761467889908257,נוגה,0.6138888888888889,
19,ניר בנים,553,386,511,390,65,0.16839378238341968,אמת,0.3238341968911917,ניר בנים,0.7632093933463796,
19,שדמה,555,240,324,240,41,0.17083333333333334,פה,0.2875,שדמה,0.7407407407407407,
19,בוסתן הגליל,559,336,422,338,106,0.31547619047619047,אמת,0.2648809523809524,בוסתן הגליל,0.8009478672985783,
19,בית אלעזרי,562,705,955,721,247,0.350354609929078,מחל,0.21843971631205675,בית אלעזרי,0.7549738219895288,
19,משמר דוד,563,153,204,153,27,0.17647058823529413,אמת,0.3202614379084967,משמר דוד,0.75,
19,רבדים,564,313,426,313,17,0.054313099041533544,מרץ,0.48881789137380194,רבדים,0.7347417840375586,
19,אזור,565,6136,9183,6204,3023,0.49266623207301175,מחל,0.28520208604954367,אזור,0.6755962103887618,
19,צרעה,567,552,806,553,34,0.06159420289855073,אמת,0.46557971014492755,צרעה,0.6861042183622829,
19,כנרת (קבוצה),57,408,610,409,72,0.17647058823529413,אמת,0.36519607843137253,כנרת קבוצה,0.6704918032786885,
19,מעונה,570,413,578,413,199,0.48184019370460046,מחל,0.3341404358353511,מעונה,0.7145328719723183,
19,בית גמליאל,571,534,668,537,441,0.8258426966292135,טב,0.5936329588014981,בית גמליאל,0.8038922155688623,
19,בית העמק,572,314,477,316,36,0.11464968152866242,אמת,0.5,בית העמק,0.6624737945492662,
19,מבקיעים,573,185,284,187,95,0.5135135135135135,מחל,0.3081081081081081,מבקיעים,0.6584507042253521,
19,גשר הזיו,574,756,1037,759,198,0.2619047619047619,אמת,0.2843915343915344,גשר הזיו,0.7319189971070396,
19,יסעור,575,280,389,280,32,0.11428571428571428,מרץ,0.30357142857142855,יסעור,0.7197943444730077,
19,כברי,576,576,772,580,43,0.07465277777777778,אמת,0.5225694444444444,כברי,0.7512953367875648,
19,יד בנימין,577,1428,1632,1433,1188,0.8319327731092437,טב,0.5665266106442577,יד בנימין,0.8780637254901961,
19,סאסא,578,327,461,327,20,0.06116207951070336,מרץ,0.3944954128440367,סאסא,0.7093275488069414,
19,כפר ראש הנקרה,579,628,856,628,140,0.2229299363057325,אמת,0.38057324840764334,כפר ראש הנקרה,0.7336448598130841,
19,מצפה,58,103,136,105,31,0.30097087378640774,פה,0.22330097087378642,מצפה,0.7720588235294118,
19,"כרם מהר""ל",580,428,564,430,102,0.2383177570093458,אמת,0.2546728971962617,כרם מהר ל,0.7624113475177305,
19,כפר הנגיד,582,577,737,579,165,0.28596187175043325,פה,0.29636048526863085,כפר הנגיד,0.7856173677069199,
19,זיקים,584,353,550,356,49,0.1388101983002833,מרץ,0.33994334277620397,זיקים,0.6472727272727272,
19,לביא,585,390,517,391,304,0.7794871794871795,טב,0.6641025641025641,לביא,0.7562862669245648,
19,מגידו,586,432,546,435,61,0.1412037037037037,אמת,0.28935185185185186,מגידו,0.7967032967032966,
19,סביון,587,2204,3261,2216,570,0.25862068965517243,פה,0.3457350272232305,סביון,0.6795461514872738,
19,בני ראם,588,604,752,608,483,0.7996688741721855,טב,0.4155629139072848,בני ראם,0.8085106382978723,
19,בצת,589,201,276,201,68,0.3383084577114428,פה,0.2537313432835821,בצת,0.7282608695652174,
19,נחושה,59,372,430,373,300,0.8064516129032258,טב,0.5564516129032258,נחושה,0.8674418604651163,
19,נווה אור,590,212,301,213,36,0.16981132075471697,אמת,0.39622641509433965,נווה אור,0.707641196013289,
19,עשרת,591,629,820,631,125,0.1987281399046105,פה,0.29252782193958665,עשרת,0.7695121951219512,
19,בני דרום,592,278,333,280,227,0.8165467625899281,טב,0.6942446043165468,בני דרום,0.8408408408408409,
19,ערוגות,593,473,607,475,134,0.2832980972515856,אמת,0.2832980972515856,ערוגות,0.7825370675453048,
19,צפריה,594,365,432,365,291,0.7972602739726027,טב,0.5780821917808219,צפריה,0.8449074074074074,
19,לוחמי הגיטאות,595,329,435,330,27,0.08206686930091185,אמת,0.513677811550152,לוחמי הגיטאות,0.7586206896551724,
19,מלכיה,596,245,423,248,37,0.1510204081632653,אמת,0.4163265306122449,מלכיה,0.5862884160756501,
19,פלמחים,597,374,544,376,27,0.07219251336898395,אמת,0.4144385026737968,פלמחים,0.6911764705882353,
19,בית קמה,598,433,539,438,53,0.12240184757505773,מרץ,0.2702078521939954,בית קמה,0.8126159554730983,
19,פרוד,599,176,270,177,31,0.17613636363636365,אמת,0.4431818181818182,פרוד,0.6555555555555556,
19,באקה אל-גרביה,6000,6501,15360,6645,44,0.00676818950930626,עם,0.43670204583910166,באקה אל גרביה,0.4326171875,
19,נירים,602,269,379,269,12,0.04460966542750929,מרץ,0.4721189591078067,נירים,0.7097625329815304,
19,אלקוש,603,146,257,146,100,0.684931506849315,מחל,0.3767123287671233,אלקוש,0.5680933852140078,
19,בית עריף,604,474,632,477,331,0.6983122362869199,מחל,0.4704641350210971,בית עריף,0.754746835443038,
19,כפר שמאי,605,179,280,179,143,0.7988826815642458,מחל,0.3463687150837989,כפר שמאי,0.6392857142857142,
19,מזור,606,563,731,564,133,0.23623445825932504,פה,0.36589698046181174,מזור,0.771545827633379,
19,מירון,607,266,394,266,234,0.8796992481203008,טב,0.4398496240601504,מירון,0.6751269035532995,
19,כפר חושן,609,317,516,319,245,0.7728706624605678,מחל,0.24605678233438485,כפר חושן,0.6182170542635659,
19,סתריה,610,578,729,580,104,0.17993079584775087,אמת,0.3096885813148789,סתריה,0.7956104252400549,
19,בני ברק,6100,75147,96861,75482,69926,0.9305228418965494,ג,0.5984670046708451,בני ברק,0.7792816510256966,
19,צרופה,612,465,613,469,249,0.535483870967742,מחל,0.32688172043010755,צרופה,0.765089722675367,
19,ציפורי,613,416,544,416,106,0.2548076923076923,פה,0.28125,ציפורי,0.7647058823529411,
19,שומרה,614,166,278,166,107,0.6445783132530121,מחל,0.28313253012048195,שומרה,0.5971223021582733,
19,קדרון,615,834,1045,838,136,0.1630695443645084,פה,0.3369304556354916,קדרון,0.8019138755980861,
19,רינתיה,616,492,650,493,175,0.3556910569105691,מחל,0.25609756097560976,רינתיה,0.7584615384615384,
19,ברקאי,617,308,472,312,7,0.022727272727272728,מרץ,0.4772727272727273,ברקאי,0.6610169491525424,
19,חדיד,618,395,529,395,268,0.6784810126582278,מחל,0.3012658227848101,חדיד,0.7466918714555766,
19,בית גוברין,619,180,234,181,15,0.08333333333333333,אמת,0.5055555555555555,בית גוברין,0.7735042735042735,
19,דגניה א',62,358,535,362,38,0.10614525139664804,אמת,0.5279329608938548,דגניה א,0.6766355140186916,
19,משואות יצחק,620,386,465,387,317,0.8212435233160622,טב,0.7331606217616581,משואות יצחק,0.832258064516129,
19,בת ים,6200,63960,124406,65031,37707,0.5895403377110694,מספר קלפי,0.3813164477798624,בת ים,0.5227320225712586,
19,עין צורים,622,625,749,627,453,0.7248,טב,0.6336,עין צורים,0.8371161548731643,
19,יראון,623,215,374,220,20,0.09302325581395349,אמת,0.5534883720930233,יראון,0.5882352941176471,
19,ג'לג'וליה,627,3518,5011,3552,91,0.02586696986924389,עם,0.3320068220579875,ג לג וליה,0.7088405507882658,
19,ג'ת,628,2483,6554,2549,86,0.034635521546516314,עם,0.50463149416029,ג ת,0.38892279523954837,
19,כנרת (מושבה),63,312,449,316,101,0.32371794871794873,פה,0.22115384615384615,כנרת מושבה,0.7037861915367484,
19,גבעתיים,6300,32244,45344,32477,8829,0.2738183848157797,פה,0.252667162883017,גבעתיים,0.716235885673959,
19,כפר ברא,633,1012,1704,1024,23,0.022727272727272728,עם,0.4318181818181818,כפר ברא,0.6009389671361502,
19,כפר קאסם,634,9362,11756,9426,66,0.007049775688955351,עם,0.40589617603076267,כפר קאסם,0.801803334467506,
19,מוקייבלה,635,1015,1938,1053,18,0.017733990147783252,עם,0.4541871921182266,מוקייבלה,0.5433436532507739,
19,צנדלה,636,443,1030,448,3,0.006772009029345372,עם,0.5981941309255079,צנדלה,0.4349514563106796,
19,ערערה,637,5709,10824,5751,214,0.03748467332282361,עם,0.34051497635312666,ערערה,0.531319290465632,
19,קלנסווה,638,5839,11260,5923,97,0.016612433635896557,עם,0.524576126048981,קלנסווה,0.5260213143872113,
19,"יד רמב""ם",64,542,749,547,399,0.7361623616236163,מחל,0.35977859778597787,יד רמב ם,0.7303070761014686,
19,הרצליה,6400,50958,76413,51346,17753,0.3483849444640684,פה,0.26441383099807686,הרצליה,0.6719537251514794,
19,מצר,648,314,424,314,13,0.041401273885350316,מרץ,0.5382165605095541,מצר,0.7405660377358491,
19,מייסר,649,430,1048,438,84,0.19534883720930232,עם,0.4046511627906977,מייסר,0.4179389312977099,
19,מגדל,65,739,1187,742,527,0.713125845737483,מחל,0.3382949932341001,מגדל,0.6251053074978938,
19,חדרה,6500,38578,67742,39118,21495,0.5571828503292032,מחל,0.3407123230856965,חדרה,0.5774556405184376,
19,אבטין,652,618,1533,632,33,0.05339805825242718,עם,0.44336569579288027,אבטין,0.41226353555120676,
19,כפר קרע,654,6974,10487,7044,322,0.04617149412102094,ד,0.5004301691998853,כפר קרע,0.6716887575092972,
19,שייח' דנון,658,866,1619,879,97,0.11200923787528869,עם,0.4907621247113164,שייח דנון,0.5429277331686226,
19,מרחביה (קיבוץ),66,594,791,597,150,0.25252525252525254,פה,0.234006734006734,מרחביה קיבוץ,0.7547408343868521,
19,חולון,6600,93248,153529,94284,47854,0.5131906314344543,מספר קלפי,0.3916008922443377,חולון,0.6141119918712425,
19,שער אפרים,661,748,977,757,338,0.45187165775401067,מחל,0.2446524064171123,שער אפרים,0.77482088024565,
19,חוסן,662,413,589,413,256,0.6198547215496368,מחל,0.3922518159806295,חוסן,0.7011884550084889,
19,טירת יהודה,663,534,664,537,451,0.8445692883895131,טב,0.4681647940074906,טירת יהודה,0.8087349397590361,
19,כרם בן זמרה,664,250,353,250,197,0.788,מחל,0.372,כרם בן זמרה,0.7082152974504249,
19,תקומה,665,352,411,353,254,0.7215909090909091,טב,0.5,תקומה,0.8588807785888077,
19,עומר,666,4503,6091,4525,1453,0.3226737730401954,פה,0.23073506551188097,עומר,0.742899359711049,
19,ברעם,667,340,500,341,16,0.047058823529411764,מרץ,0.5205882352941177,ברעם,0.682,
19,מפלסים,668,415,572,418,79,0.19036144578313252,אמת,0.43132530120481927,מפלסים,0.7307692307692307,
19,אור הנר,67,393,512,394,80,0.2035623409669211,אמת,0.41475826972010177,אור הנר,0.76953125,
19,משמר איילון,670,280,364,281,109,0.3892857142857143,פה,0.22857142857142856,משמר איילון,0.771978021978022,
19,טבריה,6700,17705,33054,17896,13115,0.7407512002259249,מחל,0.3537983620446202,טבריה,0.5414170750892479,
19,בית נקופה,672,295,398,296,109,0.3694915254237288,מחל,0.24067796610169492,בית נקופה,0.7437185929648241,
19,כפר טרומן,673,415,509,418,166,0.4,פה,0.26024096385542167,כפר טרומן,0.8212180746561886,
19,לימן,674,361,479,363,150,0.4155124653739612,פה,0.31024930747922436,לימן,0.7578288100208769,
19,הבונים,675,201,279,202,24,0.11940298507462686,אמת,0.3482587064676617,הבונים,0.7240143369175627,
19,עין השלושה,676,188,329,197,28,0.14893617021276595,אמת,0.5106382978723404,עין השלושה,0.5987841945288754,
19,הסוללים,677,433,591,434,80,0.18475750577367206,אמת,0.3071593533487298,הסוללים,0.7343485617597293,
19,מעגן,678,190,309,191,26,0.1368421052631579,אמת,0.42105263157894735,מעגן,0.6181229773462783,
19,אביאל,679,400,493,400,108,0.27,פה,0.265,אביאל,0.8113590263691683,
19,אומץ,680,339,452,343,56,0.16519174041297935,פה,0.3274336283185841,אומץ,0.7588495575221239,
19,קרית אתא,6800,26232,43617,26595,16064,0.612381823726746,מחל,0.3549862763037511,קרית אתא,0.6097393218240594,
19,גבעת שמואל,681,12297,15870,12346,7415,0.6029925998210945,טב,0.31568675286655284,גבעת שמואל,0.7779458097038437,
19,אליקים,682,370,521,372,215,0.581081081081081,מחל,0.2972972972972973,אליקים,0.7140115163147792,
19,גבע כרמל,683,486,644,488,146,0.3004115226337449,אמת,0.23868312757201646,גבע כרמל,0.7577639751552795,
19,היוגב,684,414,523,414,61,0.1473429951690821,אמת,0.3357487922705314,היוגב,0.7915869980879541,
19,בניה,685,505,612,516,132,0.2613861386138614,פה,0.2851485148514851,בניה,0.8431372549019608,
19,נווה ימין,686,659,924,663,379,0.575113808801214,מחל,0.36722306525037934,נווה ימין,0.7175324675324676,
19,עין איילה,687,502,635,503,87,0.17330677290836655,פה,0.31673306772908366,עין איילה,0.7921259842519685,
19,עלמה,688,327,526,330,310,0.9480122324159022,מחל,0.5045871559633027,עלמה,0.6273764258555133,
19,מגדים,689,565,753,568,242,0.4283185840707965,מחל,0.21946902654867256,מגדים,0.7543160690571049,
19,ניר עוז,69,255,339,256,18,0.07058823529411765,מרץ,0.35294117647058826,ניר עוז,0.7551622418879056,
19,כפר אחים,690,353,447,355,162,0.45892351274787535,מחל,0.2776203966005666,כפר אחים,0.7941834451901566,
19,כפר סבא,6900,51659,72648,52072,18620,0.3604405815056428,פה,0.2341121585783697,כפר סבא,0.7167712806959586,
19,שפיר,692,362,444,365,233,0.643646408839779,טב,0.27624309392265195,שפיר,0.8220720720720721,
19,"נתיב הל""ה",693,305,391,306,19,0.06229508196721312,אמת,0.5573770491803278,נתיב הל ה,0.782608695652174,
19,מעגן מיכאל,694,998,1444,1001,67,0.06713426853707415,אמת,0.38877755511022044,מעגן מיכאל,0.693213296398892,
19,מגן,695,316,460,318,16,0.05063291139240506,מרץ,0.5727848101265823,מגן,0.691304347826087,
19,"כפר חב""ד",696,2380,3461,2393,1040,0.4369747899159664,נץ,0.5369747899159664,כפר חב ד,0.6914186651256862,
19,בארותיים,697,488,597,488,110,0.22540983606557377,פה,0.3360655737704918,בארותיים,0.8174204355108877,
19,בורגתה,698,566,720,570,133,0.23498233215547704,פה,0.31448763250883394,בורגתה,0.7916666666666666,
19,ניר ישראל,699,413,536,414,104,0.25181598062953997,אמת,0.27602905569007263,ניר ישראל,0.7723880597014925,
19,שחר,7,302,438,314,178,0.5894039735099338,מחל,0.25496688741721857,שחר,0.7168949771689498,
19,אשדוד,70,103274,166360,104774,74198,0.7184576950636171,מספר קלפי,0.40479694792493753,אשדוד,0.6298028372204857,
19,חצב,700,535,761,541,302,0.5644859813084112,מחל,0.2616822429906542,חצב,0.7109067017082786,
19,לוד,7000,28409,51957,28921,16368,0.5761554436974198,מחל,0.3333098665915731,לוד,0.5566333699020344,
19,ארבל,701,269,396,272,109,0.4052044609665427,מחל,0.20074349442379183,ארבל,0.6868686868686869,
19,האון,702,105,167,106,20,0.19047619047619047,אמת,0.44761904761904764,האון,0.6347305389221557,
19,גבעת עוז,703,270,407,270,37,0.13703703703703704,אמת,0.35185185185185186,גבעת עוז,0.6633906633906634,
19,נחשונים,705,209,298,210,19,0.09090909090909091,מרץ,0.3588516746411483,נחשונים,0.7046979865771812,
19,גיאה,706,399,529,401,123,0.3082706766917293,פה,0.2681704260651629,גיאה,0.7580340264650284,
19,כפר דניאל,707,351,429,351,52,0.14814814814814814,אמת,0.28205128205128205,כפר דניאל,0.8181818181818182,
19,עמקה,708,327,467,333,219,0.6697247706422018,מחל,0.3363914373088685,עמקה,0.7130620985010707,
19,תפרח,709,764,864,769,737,0.9646596858638743,ג,0.7643979057591623,תפרח,0.8900462962962963,
19,אשבול,71,188,266,189,132,0.7021276595744681,שס,0.2872340425531915,אשבול,0.7105263157894737,
19,בית זית,710,786,1033,792,200,0.2544529262086514,אמת,0.2582697201017812,בית זית,0.7666989351403679,
19,אשקלון,7100,54431,97100,55235,37265,0.684628244933953,מחל,0.4181624441954034,אשקלון,0.5688465499485067,
19,עזריה,711,496,683,498,362,0.7298387096774194,מחל,0.3911290322580645,עזריה,0.7291361639824304,
19,בן עמי,712,400,527,401,126,0.315,פה,0.22,בן עמי,0.7609108159392789,
19,רעים,713,252,330,252,13,0.051587301587301584,אמת,0.4523809523809524,רעים,0.7636363636363637,
19,ארז,714,287,388,287,36,0.1254355400696864,אמת,0.3832752613240418,ארז,0.7396907216494846,
19,להבות חביבה,715,291,392,291,29,0.09965635738831616,אמת,0.33676975945017185,להבות חביבה,0.7423469387755102,
19,אייל,716,289,361,290,25,0.08650519031141868,אמת,0.4359861591695502,אייל,0.8033240997229917,
19,חגור,717,515,661,519,158,0.3067961165048544,פה,0.29902912621359223,חגור,0.7851739788199698,
19,ירחיב,718,435,620,441,273,0.6275862068965518,מחל,0.38620689655172413,ירחיב,0.7112903225806452,
19,תל קציר,719,188,271,189,27,0.14361702127659576,אמת,0.4574468085106383,תל קציר,0.6974169741697417,
19,גן שמואל,72,637,837,638,16,0.02511773940345369,מרץ,0.5714285714285714,גן שמואל,0.7622461170848268,
19,ניר גלים,720,437,499,439,370,0.8466819221967964,טב,0.6338672768878718,ניר גלים,0.8797595190380761,
19,נס ציונה,7200,21352,28802,21555,7651,0.35832708879730235,פה,0.26929561633570626,נס ציונה,0.7483855287827235,
19,שדה אילן,721,281,344,282,228,0.8113879003558719,טב,0.6156583629893239,שדה אילן,0.8197674418604651,
19,מגשימים,722,498,646,498,164,0.3293172690763052,פה,0.2791164658634538,מגשימים,0.7708978328173375,
19,בית הגדי,723,331,443,334,304,0.918429003021148,מחל,0.3685800604229607,בית הגדי,0.7539503386004515,
19,הודיה,726,273,485,278,182,0.6666666666666666,מחל,0.42124542124542125,הודיה,0.5731958762886598,
19,תלמי יחיאל,727,354,508,356,115,0.3248587570621469,פה,0.24858757062146894,תלמי יחיאל,0.7007874015748031,
19,משמר השבעה,729,462,629,470,119,0.25757575757575757,פה,0.27056277056277056,משמר השבעה,0.7472178060413355,
19,אליפלט,730,261,410,263,202,0.7739463601532567,מחל,0.49808429118773945,אליפלט,0.6414634146341464,
19,נצרת,7300,27705,51059,28110,745,0.02689045298682548,ו,0.48789027251398664,נצרת,0.5505395718678392,
19,מישר,731,356,444,357,78,0.21910112359550563,פה,0.2893258426966292,מישר,0.8040540540540541,
19,משמר הירדן,732,276,400,279,160,0.5797101449275363,מחל,0.38405797101449274,משמר הירדן,0.6975,
19,גן יאשיה,734,459,566,462,72,0.1568627450980392,אמת,0.3137254901960784,גן יאשיה,0.8162544169611308,
19,רמות מאיר,735,366,522,367,109,0.2978142076502732,פה,0.2459016393442623,רמות מאיר,0.7030651340996169,
19,גילת,736,534,788,536,371,0.6947565543071161,מחל,0.37453183520599254,גילת,0.6802030456852792,
19,עולש,737,532,679,535,150,0.2819548872180451,פה,0.29887218045112784,עולש,0.7879234167893961,
19,דור,738,195,267,196,62,0.31794871794871793,פה,0.26666666666666666,דור,0.7340823970037453,
19,שדה עוזיהו,739,597,841,602,501,0.8391959798994975,מחל,0.4355108877721943,שדה עוזיהו,0.7158145065398336,
19,עין הוד,74,286,406,288,39,0.13636363636363635,מרץ,0.2902097902097902,עין הוד,0.7093596059113301,
19,אשתאול,740,498,641,500,276,0.5542168674698795,מחל,0.26907630522088355,אשתאול,0.7800312012480499,
19,נתניה,7400,92694,160406,93801,56284,0.6072021921591473,מספר קלפי,0.449629965262045,נתניה,0.5847723900602222,
19,שואבה,741,323,430,323,115,0.3560371517027864,מחל,0.2476780185758514,שואבה,0.7511627906976744,
19,מסילת ציון,742,510,635,510,194,0.3803921568627451,אמת,0.22549019607843138,מסילת ציון,0.8031496062992126,
19,כפר שמואל,743,428,522,430,109,0.2546728971962617,אמת,0.25,כפר שמואל,0.8237547892720306,
19,תלמי יפה,744,275,370,275,89,0.3236363636363636,פה,0.28363636363636363,תלמי יפה,0.7432432432432432,
19,גמזו,745,495,606,497,405,0.8181818181818182,טב,0.5959595959595959,גמזו,0.8201320132013201,
19,ברכיה,746,537,677,543,476,0.8864059590316573,שס,0.4301675977653631,ברכיה,0.8020679468242246,
19,בית שקמה,747,264,493,264,222,0.8409090909090909,מחל,0.5113636363636364,בית שקמה,0.5354969574036511,
19,מסלול,748,261,375,261,132,0.5057471264367817,מחל,0.2567049808429119,מסלול,0.696,
19,פטיש,749,390,561,391,333,0.8538461538461538,שס,0.38461538461538464,פטיש,0.696969696969697,
19,פדויים,750,181,283,181,141,0.7790055248618785,מחל,0.3314917127071823,פדויים,0.6395759717314488,
19,סח'נין,7500,13248,17493,13347,198,0.014945652173913044,עם,0.5086050724637681,סח נין,0.7629909106499743,
19,בית מאיר,751,266,359,269,222,0.8345864661654135,טב,0.40225563909774437,בית מאיר,0.7493036211699164,
19,תעוז,752,297,396,298,184,0.6195286195286195,מחל,0.24579124579124578,תעוז,0.7525252525252525,
19,ינוב,753,417,569,420,180,0.4316546762589928,מחל,0.27817745803357313,ינוב,0.7381370826010545,
19,גורן,755,249,352,250,204,0.8192771084337349,שס,0.40562248995983935,גורן,0.7102272727272727,
19,בית עזרא,756,570,772,577,307,0.5385964912280702,מחל,0.256140350877193,בית עזרא,0.7474093264248705,
19,מצליח,757,639,918,648,353,0.5524256651017214,מחל,0.352112676056338,מצליח,0.7058823529411765,
19,יד חנה,758,332,409,332,101,0.3042168674698795,מחל,0.24397590361445784,יד חנה,0.8117359413202934,
19,יציץ,759,319,498,322,237,0.7429467084639498,מחל,0.42946708463949845,יציץ,0.6465863453815262,
19,כפר גלעדי,76,350,536,353,36,0.10285714285714286,אמת,0.36,כפר גלעדי,0.6585820895522388,
19,בן זכאי,760,372,509,377,337,0.9059139784946236,שס,0.43010752688172044,בן זכאי,0.7406679764243614,
19,עכו,7600,21860,39907,22328,12287,0.5620768526989935,מחל,0.32772186642268986,עכו,0.5595008394517252,
19,שובה,761,278,372,279,256,0.920863309352518,שס,0.3237410071942446,שובה,0.75,
19,בטחה,762,386,511,388,324,0.8393782383419689,מחל,0.3134715025906736,בטחה,0.7592954990215264,
19,שתולים,763,835,1177,842,498,0.5964071856287425,מחל,0.3508982035928144,שתולים,0.7153780798640612,
19,כפר מרדכי,764,335,419,335,40,0.11940298507462686,אמת,0.31044776119402984,כפר מרדכי,0.7995226730310262,
19,משגב דב,765,375,473,376,108,0.288,פה,0.256,משגב דב,0.7949260042283298,
19,קוממיות,766,146,247,149,145,0.9931506849315068,ג,0.9657534246575342,קוממיות,0.6032388663967612,
19,פורת,767,459,772,463,353,0.7690631808278867,שס,0.32679738562091504,פורת,0.5997409326424871,
19,כרמיה,768,312,444,312,86,0.27564102564102566,מרץ,0.2564102564102564,כרמיה,0.7027027027027027,
19,ניר עציון,769,289,418,292,222,0.7681660899653979,טב,0.6782006920415224,ניר עציון,0.6985645933014354,
19,איילת השחר,77,596,832,600,106,0.17785234899328858,אמת,0.44798657718120805,איילת השחר,0.7211538461538461,
19,עפולה,7700,19278,34280,19614,12506,0.6487187467579625,מחל,0.427689594356261,עפולה,0.5721703617269545,
19,מבוא ביתר,771,262,364,262,121,0.4618320610687023,מחל,0.3282442748091603,מבוא ביתר,0.7197802197802198,
19,אמונים,772,451,629,452,239,0.5299334811529933,מחל,0.2749445676274945,אמונים,0.7186009538950715,
19,עמיקם,773,324,430,325,92,0.2839506172839506,פה,0.2623456790123457,עמיקם,0.7558139534883721,
19,צוריאל,774,171,244,171,114,0.6666666666666666,מחל,0.38011695906432746,צוריאל,0.7008196721311475,
19,יד נתן,775,254,356,255,69,0.27165354330708663,פה,0.24803149606299213,יד נתן,0.7162921348314607,
19,מחסיה,776,184,283,185,154,0.8369565217391305,מחל,0.3967391304347826,מחסיה,0.6537102473498233,
19,נחשון,777,292,384,292,16,0.0547945205479452,מרץ,0.4863013698630137,נחשון,0.7604166666666666,
19,תרום,778,304,401,306,242,0.7960526315789473,טב,0.33223684210526316,תרום,0.7630922693266833,
19,עמינדב,779,441,589,442,204,0.46258503401360546,מחל,0.2743764172335601,עמינדב,0.7504244482173175,
19,קרית ענבים,78,207,275,210,21,0.10144927536231885,אמת,0.4106280193236715,קרית ענבים,0.7636363636363637,
19,אורה,780,554,770,556,293,0.5288808664259927,מחל,0.26534296028880866,אורה,0.7220779220779221,
19,פרדס חנה-כרכור,7800,16358,25286,16520,7234,0.44223010147939845,מחל,0.2680645555691405,פרדס חנה כרכור,0.6533259511191964,
19,אבן ספיר,783,329,468,332,250,0.7598784194528876,מחל,0.5592705167173252,אבן ספיר,0.7094017094017094,
19,בית נחמיה,784,434,595,437,177,0.4078341013824885,מחל,0.21889400921658986,בית נחמיה,0.7344537815126051,
19,אחיהוד,785,404,530,406,300,0.7425742574257426,מחל,0.3712871287128713,אחיהוד,0.7660377358490567,
19,כפר זיתים,786,241,419,242,190,0.7883817427385892,מחל,0.42323651452282157,כפר זיתים,0.5775656324582339,
19,גבעת יערים,787,613,832,620,302,0.4926590538336052,מחל,0.29526916802610115,גבעת יערים,0.7451923076923077,
19,זיתן,788,575,753,579,381,0.662608695652174,מחל,0.3739130434782609,זיתן,0.7689243027888446,
19,רנן,789,233,363,235,93,0.39914163090128757,מחל,0.2532188841201717,רנן,0.6473829201101928,
19,דגניה ב',79,375,502,377,42,0.112,אמת,0.5253333333333333,דגניה ב,0.750996015936255,
19,פתח תקווה,7900,111194,168776,112308,61516,0.5532312894580643,מספר קלפי,0.4315070957066029,פתח תקווה,0.6654263639380007,
19,משען,791,418,618,428,317,0.7583732057416268,מחל,0.33253588516746413,משען,0.6925566343042071,
19,נתיב השיירה,792,304,416,304,135,0.4440789473684211,מחל,0.28289473684210525,נתיב השיירה,0.7307692307692307,
19,גבעתי,793,393,584,395,245,0.6234096692111959,מחל,0.31297709923664124,גבעתי,0.6763698630136986,
19,עגור,794,193,270,193,151,0.7823834196891192,מחל,0.41968911917098445,עגור,0.7148148148148148,
19,יערה,795,328,451,333,256,0.7804878048780488,שס,0.45121951219512196,יערה,0.738359201773836,
19,צלפון,796,386,548,386,291,0.7538860103626943,מחל,0.42487046632124353,צלפון,0.7043795620437956,
19,אחיעזר,797,764,972,765,619,0.8102094240837696,שס,0.4306282722513089,אחיעזר,0.7870370370370371,
19,יגל,798,387,546,391,253,0.6537467700258398,מחל,0.3669250645994832,יגל,0.7161172161172161,
19,זכריה,799,467,629,469,363,0.7773019271948608,מחל,0.4796573875802998,זכריה,0.7456279809220986,
19,נהלל,80,477,633,481,100,0.20964360587002095,אמת,0.3060796645702306,נהלל,0.7598736176935229,
19,בית חנניה,800,401,514,403,83,0.20698254364089774,פה,0.286783042394015,בית חנניה,0.7840466926070039,
19,צפת,8000,12629,20991,12788,9335,0.7391717475651279,מחל,0.28094069205796185,צפת,0.6092134724405698,
19,חמד,801,419,492,422,320,0.7637231503579952,טב,0.548926014319809,חמד,0.8577235772357723,
19,"גבעת כ""ח",802,371,523,375,225,0.6064690026954178,מחל,0.29649595687331537,גבעת כ ח,0.7170172084130019,
19,יושיביה,803,193,235,193,171,0.8860103626943006,שס,0.5595854922279793,יושיביה,0.8212765957446808,
19,אחיסמך,804,583,811,586,518,0.888507718696398,שס,0.5094339622641509,אחיסמך,0.7225647348951911,
19,ישעי,805,374,477,376,302,0.8074866310160428,מחל,0.2914438502673797,ישעי,0.7882599580712788,
19,עין יהב,806,372,468,375,82,0.22043010752688172,פה,0.28763440860215056,עין יהב,0.8012820512820513,
19,חניאל,807,453,626,456,82,0.18101545253863136,אמת,0.2913907284768212,חניאל,0.7284345047923323,
19,ניר אליהו,808,237,339,239,17,0.07172995780590717,אמת,0.510548523206751,ניר אליהו,0.7050147492625368,
19,נחם,809,332,384,336,253,0.7620481927710844,מחל,0.32228915662650603,נחם,0.875,
19,עופר,810,287,376,289,104,0.3623693379790941,מחל,0.20209059233449478,עופר,0.7686170212765957,
19,יכיני,811,318,410,320,274,0.8616352201257862,מחל,0.39937106918238996,יכיני,0.7804878048780488,
19,שלומי,812,3011,4720,3064,1930,0.6409830621056127,מחל,0.34141481235469945,שלומי,0.6491525423728813,
19,עין יעקב,813,430,582,433,254,0.5906976744186047,מחל,0.23488372093023255,עין יעקב,0.7439862542955327,
19,תלמים,814,340,481,347,294,0.8647058823529412,שס,0.3588235294117647,תלמים,0.7214137214137214,
19,זבדיאל,815,297,381,302,212,0.7138047138047138,מחל,0.2828282828282828,זבדיאל,0.7926509186351706,
19,זנוח,816,232,348,234,190,0.8189655172413793,מחל,0.5043103448275862,זנוח,0.6724137931034483,
19,עזריקם,817,572,797,575,393,0.6870629370629371,מחל,0.39335664335664333,עזריקם,0.7214554579673776,
19,זרחיה,818,321,418,321,288,0.897196261682243,שס,0.35514018691588783,זרחיה,0.7679425837320574,
19,אביגדור,819,456,568,457,90,0.19736842105263158,אמת,0.29605263157894735,אביגדור,0.8045774647887324,
19,עין חרוד (מאוחד),82,474,677,478,88,0.18565400843881857,אמת,0.46835443037974683,עין חרוד מאוחד,0.7060561299852289,
19,חלץ,820,222,352,224,167,0.7522522522522522,מחל,0.30180180180180183,חלץ,0.6363636363636364,
19,קרית מוצקין,8200,21942,34909,22221,9872,0.4499134080758363,מחל,0.31022696199070277,קרית מוצקין,0.6365407201581255,
19,אחוזם,821,225,350,227,203,0.9022222222222223,מחל,0.4,אחוזם,0.6485714285714286,
19,מטע,822,322,454,322,152,0.4720496894409938,מחל,0.2888198757763975,מטע,0.7092511013215859,
19,בר גיורא,823,277,381,283,172,0.6209386281588448,מחל,0.34296028880866425,בר גיורא,0.7427821522309711,
19,כוכב מיכאל,824,461,626,461,87,0.18872017353579176,פה,0.2885032537960954,כוכב מיכאל,0.7364217252396166,
19,נס הרים,825,377,538,380,239,0.6339522546419099,מחל,0.35013262599469497,נס הרים,0.7063197026022305,
19,עוזה,826,263,374,268,253,0.9619771863117871,שס,0.4790874524714829,עוזה,0.7165775401069518,
19,נווה מבטח,827,357,469,357,102,0.2857142857142857,אמת,0.27170868347338933,נווה מבטח,0.7611940298507462,
19,ישרש,828,444,628,449,259,0.5833333333333334,מחל,0.3400900900900901,ישרש,0.714968152866242,
19,מבטחים,829,219,360,220,161,0.7351598173515982,מחל,0.2968036529680365,מבטחים,0.6111111111111112,
19,ראשון לציון,8300,125345,191230,126648,58060,0.46320156368423154,מספר קלפי,0.43661893174837446,ראשון לציון,0.6622810228520629,
19,ירוחם,831,3753,6345,3824,2632,0.7013056221689316,מחל,0.24753530508926191,ירוחם,0.6026792750197005,
19,גנות,836,289,364,295,92,0.31833910034602075,פה,0.328719723183391,גנות,0.8104395604395604,
19,עזריאל,837,402,508,405,315,0.7835820895522388,מחל,0.417910447761194,עזריאל,0.797244094488189,
19,פדיה,838,359,500,363,265,0.7381615598885793,מחל,0.4986072423398329,פדיה,0.726,
19,פתחיה,839,429,610,437,269,0.627039627039627,מחל,0.3123543123543124,פתחיה,0.7163934426229508,
19,תל יוסף,84,274,374,275,37,0.13503649635036497,אמת,0.40145985401459855,תל יוסף,0.7352941176470589,
19,כיסופים,840,141,249,142,16,0.11347517730496454,אמת,0.5531914893617021,כיסופים,0.570281124497992,
19,רחובות,8400,62147,93606,62704,31466,0.5063156709092957,מחל,0.26973144319114356,רחובות,0.6698715894280282,
19,אלישמע,841,583,757,586,329,0.5643224699828473,מחל,0.2915951972555746,אלישמע,0.774108322324967,
19,געש,842,414,563,421,37,0.0893719806763285,מרץ,0.427536231884058,געש,0.7477797513321492,
19,מרגליות,843,143,300,143,93,0.6503496503496503,מחל,0.23776223776223776,מרגליות,0.4766666666666667,
19,נחל עוז,844,230,334,230,38,0.16521739130434782,אמת,0.3565217391304348,נחל עוז,0.688622754491018,
19,כפר עזה,845,492,640,492,199,0.40447154471544716,כן,0.3313008130081301,כפר עזה,0.76875,
19,שפר,846,190,283,191,120,0.631578947368421,מחל,0.42105263157894735,שפר,0.6749116607773852,
19,בית רבן,848,230,305,230,206,0.8956521739130435,טב,0.7304347826086957,בית רבן,0.7540983606557377,
19,דבירה,849,358,443,358,29,0.08100558659217877,אמת,0.30446927374301674,דבירה,0.8081264108352144,
19,כפר יחזקאל,85,515,648,516,80,0.1553398058252427,אמת,0.35145631067961164,כפר יחזקאל,0.7962962962962963,
19,אחיטוב,850,451,645,453,224,0.49667405764966743,מחל,0.2616407982261641,אחיטוב,0.7023255813953488,
19,רמלה,8500,27557,50254,28249,16633,0.6035852959320681,מחל,0.3406394019668324,רמלה,0.5621244080073228,
19,ניצני עוז,851,488,662,493,194,0.3975409836065574,מחל,0.22336065573770492,ניצני עוז,0.7447129909365559,
19,גונן,852,229,341,230,27,0.11790393013100436,אמת,0.31877729257641924,גונן,0.6744868035190615,
19,גאליה,853,624,794,626,174,0.27884615384615385,פה,0.3317307692307692,גאליה,0.7884130982367759,
19,רחוב,854,179,269,181,152,0.8491620111731844,מחל,0.40782122905027934,רחוב,0.6728624535315985,
19,שעלבים,856,379,427,379,309,0.8153034300791556,טב,0.6358839050131926,שעלבים,0.8875878220140515,
19,כפר אביב,857,391,500,395,121,0.309462915601023,פה,0.26342710997442453,כפר אביב,0.79,
19,נווה ירק,858,681,823,683,128,0.18795888399412627,פה,0.39500734214390604,נווה ירק,0.8298906439854192,
19,כסלון,859,183,258,183,144,0.7868852459016393,מחל,0.3879781420765027,כסלון,0.7093023255813954,
19,גבע,86,377,502,379,15,0.03978779840848806,אמת,0.5862068965517241,גבע,0.7549800796812749,
19,רמת גן,8600,80182,122041,80862,30639,0.38211818113791124,מספר קלפי,0.37246514180239954,רמת גן,0.6625806081562754,
19,שדה אליעזר,861,371,535,372,171,0.4609164420485175,פה,0.25067385444743934,שדה אליעזר,0.6953271028037383,
19,גני יוחנן,862,386,506,387,141,0.36528497409326427,פה,0.24352331606217617,גני יוחנן,0.7648221343873518,
19,גינתון,863,464,595,471,118,0.2543103448275862,פה,0.3125,גינתון,0.7915966386554621,
19,בקוע,864,310,416,313,182,0.5870967741935483,מחל,0.3064516129032258,בקוע,0.7524038461538461,
19,שיבולים,865,197,262,198,163,0.8274111675126904,מחל,0.4416243654822335,שיבולים,0.7557251908396947,
19,יטבתה,866,397,620,400,23,0.05793450881612091,אמת,0.5591939546599496,יטבתה,0.6451612903225806,
19,אלוני יצחק,868,28,115,28,9,0.32142857142857145,אמת,0.32142857142857145,אלוני יצחק,0.24347826086956523,
19,גבעת השלושה,870,336,437,337,42,0.125,אמת,0.4107142857142857,גבעת השלושה,0.7711670480549199,
19,רעננה,8700,41153,60053,41381,15971,0.3880883532184774,פה,0.24411343036959637,רעננה,0.6890746507251927,
19,עינת,871,406,482,408,25,0.06157635467980296,אמת,0.3916256157635468,עינת,0.8464730290456431,
19,גאולי תימן,872,189,280,191,118,0.6243386243386243,מחל,0.37037037037037035,גאולי תימן,0.6821428571428572,
19,שלווה,873,222,339,223,211,0.9504504504504504,שס,0.35135135135135137,שלווה,0.6578171091445427,
19,מגדל העמק,874,12147,20169,12374,8419,0.693092944760023,מחל,0.4153288877912242,מגדל העמק,0.613515791561307,
19,מעטפות חיצוניות,875,212949,0,215789,109558,0.5144799928621407,מחל,0.2445656002141358,מעטפות חיצוניות,,
19,בית חירות,877,445,554,446,31,0.0696629213483146,אמת,0.3415730337078652,בית חירות,0.8050541516245487,
19,עין שריד,880,701,964,703,278,0.39657631954350925,פה,0.2239657631954351,עין שריד,0.729253112033195,
19,שפרעם,8800,12883,24165,13071,2180,0.16921524489637507,ו,0.3190250718000466,שפרעם,0.5409062693978895,
19,שדה בוקר,885,300,435,302,68,0.22666666666666666,אמת,0.4033333333333333,שדה בוקר,0.6942528735632184,
19,"כפר הרי""ף",888,400,534,400,101,0.2525,פה,0.2825,כפר הרי ף,0.7490636704119851,
19,כפר חסידים ב',889,90,124,92,62,0.6888888888888889,טב,0.37777777777777777,כפר חסידים ב,0.7419354838709677,
19,עין חרוד (איחוד),89,404,531,405,49,0.12128712871287128,אמת,0.49504950495049505,עין חרוד איחוד,0.7627118644067796,
19,כפר הנוער הדתי,890,29,57,29,27,0.9310344827586207,טב,0.4482758620689655,כפר הנוער הדתי,0.5087719298245614,
19,טמרה,8900,12928,18512,13021,637,0.04927289603960396,עם,0.4323174504950495,טמרה,0.7033815903197925,
19,עבדון,892,304,443,307,228,0.75,שס,0.3092105263157895,עבדון,0.6930022573363431,
19,חפצי-בה,90,295,408,296,20,0.06779661016949153,אמת,0.5728813559322034,חפצי בה,0.7254901960784313,
19,באר שבע,9000,85611,153103,86876,55529,0.6486199203373398,מספר קלפי,0.46965927275700553,באר שבע,0.5674349947421017,
19,נהריה,9100,27352,45654,27775,15662,0.5726089499853758,מחל,0.36977186311787075,נהריה,0.6083804266876944,
19,שבלי - אום אל-גנם,913,1453,3371,1481,238,0.16379903647625602,עם,0.258086717136958,שבלי אום אל גנם,0.43933550875111244,
19,ישע,916,169,240,170,71,0.42011834319526625,מחל,0.21301775147928995,ישע,0.7083333333333334,
19,עצמון שגב,917,587,775,587,92,0.1567291311754685,אמת,0.32538330494037476,עצמון שגב,0.7574193548387097,
19,גבעת ישעיהו,919,305,406,305,83,0.2721311475409836,אמת,0.22295081967213115,גבעת ישעיהו,0.7512315270935961,
19,גיניגר,92,361,495,363,46,0.12742382271468145,אמת,0.4376731301939058,גיניגר,0.7333333333333333,
19,בית שאן,9200,8312,13249,8393,6805,0.8186958614051973,מחל,0.35153994225216556,בית שאן,0.6334817722092233,
19,שער מנשה,921,10,122,11,4,0.4,אמת,0.2,שער מנשה,0.09016393442622951,
19,רכסים,922,4326,5102,4343,4003,0.925335182616736,ג,0.42741562644475267,רכסים,0.851234809878479,
19,זכרון יעקב,9300,10549,14218,10615,3973,0.37662337662337664,פה,0.23480898663380415,זכרון יעקב,0.7465888310592207,
19,מסעודין אל-עזאזמה,939,1853,5110,1904,39,0.021046950890447922,עם,0.6610901241230437,מסעודין אל עזאזמה,0.3726027397260274,
19,בלפוריה,94,249,328,249,87,0.3493975903614458,אמת,0.21285140562248997,בלפוריה,0.7591463414634146,
19,יהוד-מונוסון,9400,15556,21444,15687,6572,0.4224736436101826,מחל,0.26009256878374903,יהוד מונוסון,0.7315332960268607,
19,סואעד (חמרייה),942,73,95,73,17,0.2328767123287671,עם,0.6438356164383562,סואעד חמרייה,0.7684210526315789,
19,בסמת טבעון,944,1685,4367,1731,335,0.19881305637982197,עם,0.4688427299703264,בסמת טבעון,0.3963819555759102,
19,בית אלפא,95,435,617,439,31,0.07126436781609195,אמת,0.4068965517241379,בית אלפא,0.7115072933549432,
19,קרית ביאליק,9500,20714,33554,21019,9411,0.4543304045573042,מחל,0.3178043835087381,קרית ביאליק,0.6264230792155928,
19,הוזייל (שבט),956,191,879,194,8,0.041884816753926704,עם,0.675392670157068,הוזייל שבט,0.22070534698521047,
19,עוקבי (בנו עוקבה),957,134,209,134,6,0.04477611940298507,עם,0.7686567164179104,עוקבי בנו עוקבה,0.6411483253588517,
19,אבו עבדון (שבט),958,69,106,69,1,0.014492753623188406,עם,0.8695652173913043,אבו עבדון שבט,0.6509433962264151,
19,יגור,96,886,1276,890,75,0.08465011286681716,אמת,0.5033860045146726,יגור,0.6974921630094044,
19,אסד (שבט),960,83,381,85,11,0.13253012048192772,ד,0.3855421686746988,אסד שבט,0.2230971128608924,
19,קרית ים,9600,19071,35553,19441,11072,0.5805673535734885,מחל,0.42462377431702586,קרית ים,0.5468174275026018,
19,אבו רוקייק (שבט),961,999,3747,1021,32,0.03203203203203203,עם,0.8088088088088088,אבו רוקייק שבט,0.2724846543901788,
19,טובא-זנגריה,962,1171,3662,1211,206,0.17591801878736124,עם,0.3919726729291204,טובא זנגריה,0.3306936100491535,
19,אעצם (שבט),963,1243,3611,1269,26,0.02091713596138375,עם,0.7811745776347546,אעצם שבט,0.3514261977291609,
19,קודייראת א-צאנע(ש,964,298,1014,306,7,0.02348993288590604,עם,0.761744966442953,קודייראת א צאנע ש,0.30177514792899407,
19,אטרש (שבט),965,435,1534,442,208,0.4781609195402299,שס,0.4689655172413793,אטרש שבט,0.288135593220339,
19,אבו רובייעה (שבט),966,476,3095,488,55,0.11554621848739496,עם,0.5987394957983193,אבו רובייעה שבט,0.15767366720516962,
19,אבו ג'ווייעד (שבט,967,206,1443,217,10,0.04854368932038835,עם,0.8592233009708737,אבו ג ווייעד שבט,0.15038115038115038,
19,אבו קורינאת (שבט),968,650,2386,660,91,0.14,עם,0.7153846153846154,אבו קורינאת שבט,0.2766135792120704,
19,עטאוונה (שבט),969,29,124,29,0,0.0,צפ,0.5172413793103449,עטאוונה שבט,0.23387096774193547,
19,מרחביה (מושב),97,383,499,383,105,0.2741514360313316,פה,0.2741514360313316,מרחביה מושב,0.7675350701402806,
19,תראבין א-צאנע (שב,970,93,584,98,48,0.5161290322580645,שס,0.4838709677419355,תראבין א צאנע שב,0.1678082191780822,
19,הוד השרון,9700,27621,37040,27785,8386,0.3036095724267767,פה,0.29314651895297056,הוד השרון,0.750134989200864,
19,קוואעין (שבט),972,92,366,93,7,0.07608695652173914,ד,0.782608695652174,קוואעין שבט,0.2540983606557377,
19,זרזיר,975,2042,4308,2100,568,0.2781586679725759,עם,0.2948090107737512,זרזיר,0.48746518105849584,
19,ג'נאביב (שבט),976,110,293,114,1,0.00909090909090909,עם,0.6636363636363637,ג נאביב שבט,0.3890784982935154,
19,כעביה-טבאש-חג'אג',978,1603,2872,1627,576,0.3593262632563943,עם,0.27323767935121646,כעביה טבאש חג אג,0.5665041782729805,
19,"כפר מל""ל",98,224,279,225,48,0.21428571428571427,פה,0.32142857142857145,כפר מל ל,0.8064516129032258,
19,בנימינה-גבעת עדה,9800,6498,8695,6532,1895,0.29162819329024314,פה,0.25253924284395196,בנימינה גבעת עדה,0.7512363427257044,
19,ח'ואלד (שבט),986,53,151,53,14,0.2641509433962264,עם,0.6037735849056604,ח ואלד שבט,0.3509933774834437,
19,מצפה רמון,99,1984,3468,2036,1127,0.5680443548387096,מחל,0.3220766129032258,מצפה רמון,0.5870818915801614,
19,ראס עלי,990,177,302,179,6,0.03389830508474576,עם,0.536723163841808,ראס עלי,0.5927152317880795,
19,חמאם,993,364,941,370,170,0.46703296703296704,שס,0.4065934065934066,חמאם,0.3931987247608927,
19,מנשית זבדה,994,389,656,393,55,0.14138817480719795,עם,0.570694087403599,מנשית זבדה,0.5990853658536586,
19,רומת הייב,997,357,1099,382,158,0.4425770308123249,שס,0.2605042016806723,רומת הייב,0.3475887170154686,
19,ביר אל-מכסור,998,2247,5187,2286,303,0.1348464619492657,עם,0.3030707610146863,ביר אל מכסור,0.4407171775592828,
20,תירוש,10,215,306,218,186,0.8651162790697674,מחל,0.42790697674418604,תירוש,0.7124183006535948,
20,מבשרת ציון,1015,13946,18713,14018,5890,0.4223433242506812,מחל,0.3241789760504804,מבשרת ציון,0.7491049003366643,
20,מאיר שפיה,102,49,92,49,14,0.2857142857142857,אמת,0.30612244897959184,מאיר שפיה,0.532608695652174,
20,אור עקיבא,1020,9275,14611,9361,5726,0.6173584905660378,מחל,0.45477088948787064,אור עקיבא,0.6406816781876669,
20,חרוצים,1024,447,577,447,153,0.3422818791946309,אמת,0.319910514541387,חרוצים,0.7746967071057193,
20,תל עדשים,103,612,750,613,147,0.24019607843137256,אמת,0.4297385620915033,תל עדשים,0.8173333333333334,
20,שדרות,1031,10767,17460,10924,6778,0.6295161140521965,מחל,0.4285316244079131,שדרות,0.6256586483390607,
20,קרית מלאכי,1034,10742,16023,10897,6741,0.6275367715509216,מחל,0.40923477937069447,קרית מלאכי,0.6800848779878924,
20,מזרע,104,475,655,477,19,0.04,אמת,0.5831578947368421,מזרע,0.7282442748091603,
20,נצאצרה (שבט),1041,147,349,152,3,0.02040816326530612,ודעם,0.9455782312925171,נצאצרה שבט,0.4355300859598854,
20,גיזו,1043,102,127,102,48,0.47058823529411764,מחל,0.38235294117647056,גיזו,0.8031496062992126,
20,יעף,1044,124,143,124,26,0.20967741935483872,אמת,0.3467741935483871,יעף,0.8671328671328671,
20,שתולה,1045,161,225,161,89,0.5527950310559007,מחל,0.3416149068322981,שתולה,0.7155555555555555,
20,אוהד,1046,186,243,187,74,0.3978494623655914,אמת,0.3279569892473118,אוהד,0.7695473251028807,
20,חזון,1047,214,272,215,180,0.8411214953271028,מחל,0.5327102803738317,חזון,0.7904411764705882,
20,בית חשמונאי,1050,1083,1365,1087,379,0.34995383194829177,אמת,0.31948291782086796,בית חשמונאי,0.7963369963369963,
20,תלמי אליהו,1051,157,241,158,74,0.4713375796178344,מחל,0.3057324840764331,תלמי אליהו,0.6556016597510373,
20,קטורה,1052,225,447,225,19,0.08444444444444445,אמת,0.4888888888888889,קטורה,0.5033557046979866,
20,תל שבע,1054,3602,7714,3660,91,0.02526374236535258,ודעם,0.9031093836757357,תל שבע,0.4744620171117449,
20,נווה זוהר,1057,40,71,40,18,0.45,מחל,0.35,נווה זוהר,0.5633802816901409,
20,שדה ניצן,1058,180,323,180,26,0.14444444444444443,אמת,0.6111111111111112,שדה ניצן,0.5572755417956656,
20,כסיפה,1059,3193,6660,3249,97,0.030378953961791418,ודעם,0.8105230191042906,כסיפה,0.48783783783783785,
20,כפר גדעון,106,130,167,130,83,0.6384615384615384,ג,0.3153846153846154,כפר גדעון,0.7784431137724551,
20,לקיה,1060,2650,6012,2696,51,0.019245283018867923,ודעם,0.9132075471698113,לקיה,0.44843646041250834,
20,נצרת עילית,1061,22114,39087,22586,7342,0.33200687347381747,מחל,0.27376322691507643,נצרת עילית,0.5778391792667639,
20,מעלות-תרשיחא,1063,11563,17628,11769,4385,0.3792268442445732,מחל,0.2341952780420306,מעלות תרשיחא,0.6676310415248469,
20,אמירים,1064,382,509,384,56,0.14659685863874344,אמת,0.4293193717277487,אמירים,0.7544204322200393,
20,זמרת,1065,228,277,229,100,0.43859649122807015,קץ,0.4956140350877193,זמרת,0.8267148014440433,
20,"בני עי""ש",1066,3972,5747,4047,1773,0.44637462235649544,מחל,0.3159617321248741,בני עי ש,0.7041934922568297,
20,"דוב""ב",1067,217,344,217,170,0.783410138248848,מחל,0.5944700460829493,דוב ב,0.6308139534883721,
20,אדמית,1068,160,292,160,13,0.08125,מרצ,0.28125,אדמית,0.547945205479452,
20,רם-און,1069,456,572,459,57,0.125,אמת,0.6052631578947368,רם און,0.8024475524475524,
20,כפר סילבר,107,51,91,51,24,0.47058823529411764,מחל,0.27450980392156865,כפר סילבר,0.5604395604395604,
20,אביעזר,1070,406,495,406,191,0.47044334975369456,מחל,0.32019704433497537,אביעזר,0.8202020202020202,
20,נווה מיכאל,1071,278,363,279,192,0.6906474820143885,מחל,0.460431654676259,נווה מיכאל,0.768595041322314,
20,גן הדרום,1072,264,304,264,74,0.2803030303030303,אמת,0.375,גן הדרום,0.868421052631579,
20,גבעת שפירא,1077,173,210,174,21,0.12138728323699421,אמת,0.47398843930635837,גבעת שפירא,0.8285714285714286,
20,צפרירים,1079,204,282,205,68,0.3333333333333333,אמת,0.27450980392156865,צפרירים,0.7269503546099291,
20,מבועים,1080,610,835,611,308,0.5049180327868853,מחל,0.380327868852459,מבועים,0.7317365269461078,
20,אבן מנחם,1081,198,266,199,131,0.6616161616161617,מחל,0.46464646464646464,אבן מנחם,0.7481203007518797,
20,מעגלים,1082,746,901,746,541,0.725201072386059,מחל,0.4772117962466488,מעגלים,0.827968923418424,
20,תושיה,1083,227,260,227,166,0.7312775330396476,טב,0.43612334801762115,תושיה,0.8730769230769231,
20,בן שמן (כפר נוער),1084,167,237,167,18,0.10778443113772455,אמת,0.39520958083832336,בן שמן כפר נוער,0.7046413502109705,
20,כרם שלום,1085,48,95,48,12,0.25,אמת,0.375,כרם שלום,0.5052631578947369,
20,כרם יבנה (ישיבה),1094,147,162,147,92,0.6258503401360545,טב,0.5170068027210885,כרם יבנה ישיבה,0.9074074074074074,
20,כפר מימון,1095,303,355,303,256,0.8448844884488449,טב,0.570957095709571,כפר מימון,0.8535211267605634,
20,מרכז שפירא,1098,1162,1374,1163,921,0.7925989672977625,טב,0.5197934595524957,מרכז שפירא,0.846433770014556,
20,"ניר ח""ן",11,261,359,262,89,0.34099616858237547,אמת,0.32950191570881227,ניר ח ן,0.7298050139275766,
20,צוקי ים,1102,124,163,124,27,0.21774193548387097,אמת,0.49193548387096775,צוקי ים,0.7607361963190185,
20,גני הדר,1103,186,229,187,29,0.15591397849462366,אמת,0.478494623655914,גני הדר,0.8165938864628821,
20,פוריה - כפר עבודה,1104,185,267,185,104,0.5621621621621622,מחל,0.4486486486486487,פוריה כפר עבודה,0.6928838951310862,
20,פוריה - נווה עובד,1105,614,920,620,415,0.6758957654723127,מחל,0.5162866449511401,פוריה נווה עובד,0.6739130434782609,
20,אומן,1108,177,299,177,105,0.5932203389830508,מחל,0.480225988700565,אומן,0.5919732441471572,
20,חבר,1110,167,235,169,82,0.49101796407185627,מחל,0.3413173652694611,חבר,0.7191489361702128,
20,יודפת,1112,373,466,374,26,0.06970509383378017,אמת,0.6005361930294906,יודפת,0.8025751072961373,
20,צור הדסה,1113,2963,3779,2970,1053,0.3553830577117786,אמת,0.2733715828552143,צור הדסה,0.7859222016406456,
20,שריגים (לי-און),1114,529,708,530,98,0.18525519848771266,אמת,0.4007561436672968,שריגים לי און,0.748587570621469,
20,אביבים,1115,228,336,230,197,0.8640350877192983,מחל,0.6140350877192983,אביבים,0.6845238095238095,
20,כפר חסידים א',112,392,501,393,190,0.4846938775510204,טב,0.24489795918367346,כפר חסידים א,0.7844311377245509,
20,אדרת,1123,381,498,383,298,0.7821522309711286,מחל,0.5065616797900262,אדרת,0.7690763052208835,
20,נאות הכיכר,1124,136,198,136,16,0.11764705882352941,אמת,0.5514705882352942,נאות הכיכר,0.6868686868686869,
20,אלמגור,1125,197,240,197,11,0.05583756345177665,אמת,0.6395939086294417,אלמגור,0.8208333333333333,
20,אילות,1126,165,266,166,21,0.12727272727272726,אמת,0.6,אילות,0.6240601503759399,
20,מעלה גלבוע,1127,249,303,250,144,0.5783132530120482,טב,0.43373493975903615,מעלה גלבוע,0.8250825082508251,
20,מי עמי,1128,188,225,189,9,0.047872340425531915,אמת,0.5531914893617021,מי עמי,0.84,
20,גרופית,1129,185,293,187,26,0.14054054054054055,אמת,0.5405405405405406,גרופית,0.6382252559726962,
20,אדירים,113,160,209,163,141,0.88125,שס,0.36875,אדירים,0.7799043062200957,
20,כפר רוזנואלד (זרע,1130,148,198,148,96,0.6486486486486487,מחל,0.46621621621621623,כפר רוזנואלד זרע,0.7474747474747475,
20,שניר,1132,299,399,299,26,0.08695652173913043,אמת,0.5451505016722408,שניר,0.7493734335839599,
20,ורדון,1133,148,185,150,69,0.46621621621621623,מחל,0.32432432432432434,ורדון,0.8108108108108109,
20,צוחר,1136,269,397,271,145,0.5390334572490706,מחל,0.4163568773234201,צוחר,0.6826196473551638,
20,קרית יערים,1137,1800,2388,1823,1609,0.8938888888888888,ג,0.6933333333333334,קרית יערים,0.7634003350083752,
20,יעד,1138,414,527,415,17,0.04106280193236715,אמת,0.5772946859903382,יעד,0.7874762808349146,
20,כרמיאל,1139,24727,39888,25162,9328,0.37723945484692845,מחל,0.270311804909613,כרמיאל,0.6308162855996791,
20,מדרשת בן גוריון,1140,733,974,736,82,0.11186903137789904,אמת,0.48840381991814463,מדרשת בן גוריון,0.75564681724846,
20,מבוא מודיעים,1141,122,186,122,91,0.7459016393442623,טב,0.319672131147541,מבוא מודיעים,0.6559139784946236,
20,אלומה,1145,270,305,270,252,0.9333333333333333,שס,0.6037037037037037,אלומה,0.8852459016393442,
20,עלומים,1146,262,345,262,214,0.816793893129771,טב,0.5916030534351145,עלומים,0.7594202898550725,
20,נטועה,1147,181,223,182,107,0.5911602209944752,מחל,0.3149171270718232,נטועה,0.8161434977578476,
20,צור נתן,1148,169,215,171,58,0.3431952662721893,אמת,0.3136094674556213,צור נתן,0.7953488372093023,
20,עזר,1149,497,641,498,146,0.2937625754527163,אמת,0.2535211267605634,עזר,0.7769110764430577,
20,חופית,115,551,703,552,55,0.0998185117967332,אמת,0.5716878402903811,חופית,0.7852062588904695,
20,צופר,1150,247,312,248,18,0.0728744939271255,אמת,0.680161943319838,צופר,0.7948717948717948,
20,פארן,1151,270,363,271,19,0.07037037037037037,אמת,0.737037037037037,פארן,0.7465564738292011,
20,אשלים,1152,227,303,227,53,0.23348017621145375,אמת,0.33480176211453744,אשלים,0.7491749174917491,
20,כישור,1153,84,107,84,12,0.14285714285714285,אמת,0.5238095238095238,כישור,0.7850467289719626,
20,מגן שאול,1155,258,342,260,140,0.5426356589147286,מחל,0.4689922480620155,מגן שאול,0.7602339181286549,
20,סמר,1156,192,294,193,16,0.08333333333333333,אמת,0.4270833333333333,סמר,0.6564625850340136,
20,אחווה,1157,145,179,145,27,0.18620689655172415,אמת,0.42758620689655175,אחווה,0.8100558659217877,
20,יהל,1158,102,204,102,10,0.09803921568627451,אמת,0.5490196078431373,יהל,0.5,
20,שכניה,1160,389,523,389,55,0.14138817480719795,אמת,0.480719794344473,שכניה,0.7437858508604207,
20,רהט,1161,15245,26511,15422,185,0.012135126270908495,ודעם,0.8863233847163005,רהט,0.5817207951416393,
20,בית רימון,1162,241,283,241,190,0.7883817427385892,טב,0.6348547717842323,בית רימון,0.8515901060070671,
20,מורן,1163,235,300,237,32,0.13617021276595745,אמת,0.4851063829787234,מורן,0.79,
20,שילת,1165,351,415,351,43,0.1225071225071225,אמת,0.4757834757834758,שילת,0.8457831325301205,
20,כפר רות,1166,156,180,156,40,0.2564102564102564,אמת,0.30128205128205127,כפר רות,0.8666666666666667,
20,קיסריה,1167,2848,4228,2859,785,0.2756320224719101,אמת,0.37640449438202245,קיסריה,0.6762062440870388,
20,הוואשלה (שבט),1169,515,1264,521,2,0.003883495145631068,ודעם,0.883495145631068,הוואשלה שבט,0.41218354430379744,
20,סייד (שבט),1170,655,1587,659,37,0.05648854961832061,ודעם,0.7877862595419848,סייד שבט,0.4152488972904852,
20,לוטם,1171,316,413,318,16,0.05063291139240506,אמת,0.5063291139240507,לוטם,0.7699757869249395,
20,תובל,1172,223,323,223,8,0.03587443946188341,אמת,0.4349775784753363,תובל,0.6904024767801857,
20,לפידות,1173,93,126,93,43,0.46236559139784944,כ,0.27956989247311825,לפידות,0.7380952380952381,
20,מנוף,1174,416,555,416,19,0.04567307692307692,אמת,0.59375,מנוף,0.7495495495495496,
20,עידן,1175,173,259,173,32,0.18497109826589594,אמת,0.5491329479768786,עידן,0.667953667953668,
20,ספיר,1176,196,282,197,64,0.32653061224489793,אמת,0.336734693877551,ספיר,0.6985815602836879,
20,טללים,1177,141,181,143,37,0.2624113475177305,אמת,0.41134751773049644,טללים,0.7900552486187845,
20,מורשת,1178,701,818,703,632,0.9015691868758916,טב,0.7161198288159771,מורשת,0.8594132029339854,
20,קורנית,1179,444,570,444,44,0.0990990990990991,אמת,0.5022522522522522,קורנית,0.7789473684210526,
20,צביה,1180,179,233,179,9,0.05027932960893855,אמת,0.48044692737430167,צביה,0.7682403433476395,
20,טל-אל,1181,608,769,612,154,0.2532894736842105,אמת,0.35526315789473684,טל אל,0.7958387516254877,
20,אלון הגליל,1182,553,702,553,35,0.06329113924050633,אמת,0.6130198915009042,אלון הגליל,0.7877492877492878,
20,כליל,1183,280,359,281,11,0.039285714285714285,אמת,0.425,כליל,0.7827298050139275,
20,מתת,1184,106,147,110,12,0.11320754716981132,מרצ,0.39622641509433965,מתת,0.7482993197278912,
20,הושעיה,1186,934,1200,934,685,0.7334047109207709,טב,0.5289079229122056,הושעיה,0.7783333333333333,
20,אשחר,1188,380,488,382,149,0.39210526315789473,אמת,0.26052631578947366,אשחר,0.7827868852459017,
20,מצפה נטופה,1190,439,551,440,334,0.7608200455580866,טב,0.5580865603644647,מצפה נטופה,0.7985480943738656,
20,בר יוחאי,1191,336,423,337,260,0.7738095238095238,טב,0.35119047619047616,בר יוחאי,0.7966903073286052,
20,ערערה-בנגב,1192,3701,6558,3773,70,0.01891380707916779,ודעם,0.9011078087003512,ערערה בנגב,0.5753278438548338,
20,ניצנה (קהילת חינו,1195,74,176,75,21,0.28378378378378377,אמת,0.36486486486486486,ניצנה קהילת חינו,0.42613636363636365,
20,נאות סמדר,1197,201,333,201,28,0.13930348258706468,אמת,0.48756218905472637,נאות סמדר,0.6036036036036037,
20,כרמים,1198,95,124,95,25,0.2631578947368421,אמת,0.42105263157894735,כרמים,0.7661290322580645,
20,עדי,1199,1082,1348,1082,234,0.21626617375231053,אמת,0.400184842883549,עדי,0.8026706231454006,
20,מודיעין-מכבים-רעו,1200,43830,54689,43995,15458,0.35268081222906683,אמת,0.29055441478439425,מודיעין מכבים רעו,0.8044579348680722,
20,כמון,1201,386,472,389,42,0.10880829015544041,אמת,0.5544041450777202,כמון,0.8241525423728814,
20,מכמנים,1202,213,268,213,25,0.11737089201877934,אמת,0.5070422535211268,מכמנים,0.7947761194029851,
20,הררית,1203,197,249,199,23,0.116751269035533,אמת,0.4517766497461929,הררית,0.7991967871485943,
20,גילון,1204,671,860,672,96,0.14307004470938897,אמת,0.481371087928465,גילון,0.7813953488372093,
20,מנות,1205,239,317,241,121,0.5062761506276151,מחל,0.40585774058577406,מנות,0.7602523659305994,
20,גיתה,1206,133,184,134,39,0.2932330827067669,אמת,0.2781954887218045,גיתה,0.7282608695652174,
20,לבון,1207,281,347,283,60,0.21352313167259787,אמת,0.42704626334519574,לבון,0.8155619596541787,
20,הילה,1208,342,442,343,27,0.07894736842105263,אמת,0.5350877192982456,הילה,0.7760180995475113,
20,חרשים,1209,143,192,143,5,0.03496503496503497,אמת,0.46153846153846156,חרשים,0.7447916666666666,
20,כחל,1210,221,294,221,31,0.14027149321266968,אמת,0.48868778280542985,כחל,0.7517006802721088,
20,קדרים,1211,87,127,87,11,0.12643678160919541,אמת,0.4942528735632184,קדרים,0.6850393700787402,
20,עמוקה,1212,104,153,105,13,0.125,אמת,0.5096153846153846,עמוקה,0.6862745098039216,
20,טפחות,1214,188,241,188,163,0.8670212765957447,מחל,0.4627659574468085,טפחות,0.7800829875518672,
20,גורנות הגליל,1219,107,159,107,57,0.5327102803738317,מחל,0.32710280373831774,גורנות הגליל,0.6729559748427673,
20,רמת ישי,122,4196,5433,4213,1152,0.27454718779790277,אמת,0.37225929456625356,רמת ישי,0.7754463464016197,
20,אבירים,1220,122,160,123,13,0.10655737704918032,אמת,0.39344262295081966,אבירים,0.76875,
20,צורית,1221,463,567,464,65,0.14038876889848811,אמת,0.5205183585313174,צורית,0.818342151675485,
20,"מצפה אבי""ב",1222,492,610,492,67,0.13617886178861788,אמת,0.4491869918699187,מצפה אבי ב,0.8065573770491803,
20,שדי אברהם,1223,165,226,166,37,0.22424242424242424,אמת,0.4484848484848485,שדי אברהם,0.7345132743362832,
20,כוכב יאיר,1224,6075,7776,6092,1674,0.27555555555555555,אמת,0.3958847736625514,כוכב יאיר,0.7834362139917695,
20,יובלים,1226,777,943,778,54,0.0694980694980695,אמת,0.5752895752895753,יובלים,0.8250265111346765,
20,יתד,1227,178,235,178,79,0.4438202247191011,מחל,0.3202247191011236,יתד,0.7574468085106383,
20,רקפת,1228,537,629,537,71,0.13221601489757914,אמת,0.5176908752327747,רקפת,0.8537360890302067,
20,כלנית,1229,131,172,132,107,0.816793893129771,מחל,0.648854961832061,כלנית,0.7674418604651163,
20,לבנים,1230,222,315,222,81,0.36486486486486486,אמת,0.2927927927927928,לבנים,0.7047619047619048,
20,פרי גן,1231,114,152,114,55,0.4824561403508772,מחל,0.3333333333333333,פרי גן,0.75,
20,יבול,1232,179,221,179,46,0.2569832402234637,אמת,0.3854748603351955,יבול,0.8099547511312217,
20,שקף,1233,273,317,274,98,0.358974358974359,אמת,0.304029304029304,שקף,0.8643533123028391,
20,קבועה (שבט),1234,203,616,206,7,0.034482758620689655,ודעם,0.6157635467980296,קבועה שבט,0.3344155844155844,
20,שורשים,1235,271,358,273,57,0.21033210332103322,אמת,0.5018450184501845,שורשים,0.7625698324022346,
20,נירית,1236,774,948,774,75,0.09689922480620156,אמת,0.49483204134366926,נירית,0.8164556962025317,98.0
20,תלמי יוסף,1237,166,237,166,36,0.21686746987951808,אמת,0.4457831325301205,תלמי יוסף,0.70042194092827,
20,סופה,1238,144,192,144,14,0.09722222222222222,אמת,0.5555555555555556,סופה,0.75,
20,חולית,1239,81,124,81,17,0.20987654320987653,אמת,0.38271604938271603,חולית,0.6532258064516129,
20,עין הבשור,1240,516,644,517,129,0.25,אמת,0.4127906976744186,עין הבשור,0.8027950310559007,
20,דקל,1241,164,241,164,50,0.3048780487804878,אמת,0.3048780487804878,דקל,0.6804979253112033,
20,נתיב העשרה,1242,500,594,502,128,0.256,אמת,0.404,נתיב העשרה,0.8451178451178452,
20,קציר,1243,1375,1964,1386,266,0.19345454545454546,אמת,0.39054545454545453,קציר,0.7057026476578412,
20,תמרת,1244,963,1207,966,92,0.09553478712357218,אמת,0.5898234683281413,תמרת,0.8003314001657,
20,סלמה,1245,1007,1879,1018,81,0.0804369414101291,ודעם,0.7547169811320755,סלמה,0.5417775412453433,
20,עראמשה,1246,434,928,437,13,0.029953917050691243,ודעם,0.5967741935483871,עראמשה,0.4709051724137931,
20,חריש,1247,413,604,415,203,0.4915254237288136,מחל,0.2469733656174334,חריש,0.6870860927152318,
20,הרדוף,1249,290,360,292,1,0.0034482758620689655,מרצ,0.45517241379310347,הרדוף,0.8111111111111111,
20,עין תמר,1251,105,140,105,29,0.2761904761904762,אמת,0.3619047619047619,עין תמר,0.75,
20,כורזים,1252,233,333,233,31,0.13304721030042918,אמת,0.4721030042918455,כורזים,0.6996996996996997,
20,אמנון,1253,167,242,168,68,0.40718562874251496,מחל,0.2994011976047904,אמנון,0.6942148760330579,
20,נטף,1254,257,336,257,12,0.04669260700389105,אמת,0.42412451361867703,נטף,0.7648809523809523,
20,לוטן,1255,83,138,85,6,0.07228915662650602,אמת,0.4819277108433735,לוטן,0.6159420289855072,
20,אשרת,1256,287,361,287,144,0.5017421602787456,מחל,0.3902439024390244,אשרת,0.7950138504155124,
20,חנתון,1257,332,424,334,72,0.21686746987951808,אמת,0.4186746987951807,חנתון,0.7877358490566038,
20,מסד,1258,276,364,278,47,0.17028985507246377,אמת,0.5253623188405797,מסד,0.7637362637362637,
20,נווה שלום,1259,136,171,136,0,0.0,ודעם,0.5882352941176471,נווה שלום,0.7953216374269005,
20,שריד,126,527,727,531,36,0.0683111954459203,אמת,0.5445920303605313,שריד,0.7303988995873453,
20,רתמים,1260,177,202,177,138,0.7796610169491526,טב,0.6440677966101694,רתמים,0.8762376237623762,
20,הר עמשא,1261,123,159,124,59,0.4796747967479675,טב,0.3983739837398374,הר עמשא,0.779874213836478,
20,צוקים,1262,104,135,107,15,0.14423076923076922,אמת,0.4807692307692308,צוקים,0.7925925925925926,
20,כפר ורדים,1263,3275,4400,3287,527,0.16091603053435113,אמת,0.48,כפר ורדים,0.7470454545454546,
20,כרמי יוסף,1264,1122,1418,1129,166,0.14795008912655971,אמת,0.5204991087344029,כרמי יוסף,0.7961918194640338,
20,שומריה,1265,231,263,231,101,0.43722943722943725,קץ,0.5541125541125541,שומריה,0.8783269961977186,
20,מיתר,1268,4387,5734,4412,1513,0.34488260770458173,אמת,0.32277182584909964,מיתר,0.769445413324032,
20,רמת רחל,127,259,322,259,32,0.12355212355212356,אמת,0.525096525096525,רמת רחל,0.8043478260869565,
20,להבים,1271,3704,4740,3709,902,0.2435205183585313,אמת,0.37958963282937364,להבים,0.7824894514767933,
20,חלוץ,1272,231,335,232,20,0.08658008658008658,אמת,0.5281385281385281,חלוץ,0.6925373134328359,
20,גן נר,1274,1402,1897,1409,578,0.4122681883024251,מחל,0.3202567760342368,גן נר,0.742751713231418,
20,אבטליון,1275,187,229,188,33,0.17647058823529413,אמת,0.47593582887700536,אבטליון,0.8209606986899564,
20,גת רימון,128,152,195,152,30,0.19736842105263158,אמת,0.40131578947368424,גת רימון,0.7794871794871795,
20,ניצני סיני,1280,114,174,115,31,0.2719298245614035,אמת,0.41228070175438597,ניצני סיני,0.6609195402298851,
20,מירב,1282,251,305,252,227,0.9043824701195219,טב,0.7290836653386454,מירב,0.8262295081967214,
20,תל תאומים,1283,212,295,212,156,0.7358490566037735,מחל,0.5,תל תאומים,0.7186440677966102,
20,נופית,1284,1551,1924,1553,247,0.1592520954223082,אמת,0.4887169568020632,נופית,0.8071725571725572,
20,כרכום,1285,335,443,337,90,0.26865671641791045,אמת,0.4,כרכום,0.7607223476297968,
20,שגב-שלום,1286,1921,3761,1950,50,0.026028110359187923,ודעם,0.8740239458615304,שגב שלום,0.5184791278915182,
20,שני,1287,220,326,221,104,0.4727272727272727,מחל,0.33181818181818185,שני,0.6779141104294478,141.0
20,גבעת אלה,1288,1229,1582,1231,136,0.11065907241659886,אמת,0.5272579332790887,גבעת אלה,0.7781289506953224,
20,זמר,1290,2568,4088,2583,30,0.011682242990654205,ודעם,0.8995327102803738,זמר,0.6318493150684932,
20,כמהין,1291,134,168,134,30,0.22388059701492538,אמת,0.30597014925373134,כמהין,0.7976190476190477,
20,ג'דיידה-מכר,1292,8608,12533,8669,64,0.007434944237918215,ודעם,0.9486524163568774,ג דיידה מכר,0.6916939280300008,
20,גבעת אבני,1293,1197,1612,1203,503,0.4202172096908939,מחל,0.29490392648287383,גבעת אבני,0.7462779156327544,
20,אור הגנוז,1294,125,164,125,113,0.904,ג,0.584,אור הגנוז,0.7621951219512195,
20,יאנוח-ג'ת,1295,2142,4016,2166,510,0.23809523809523808,ל,0.2796451914098973,יאנוח ג ת,0.5393426294820717,
20,כסרא-סמיע,1296,3202,4967,3240,483,0.150843222985634,ל,0.41286695815115554,כסרא סמיע,0.6523052144151399,
20,כפר חנניה,1297,332,425,333,159,0.4789156626506024,מחל,0.3313253012048193,כפר חנניה,0.7835294117647059,
20,חצבה,13,362,474,362,53,0.1464088397790055,אמת,0.6243093922651933,חצבה,0.7637130801687764,
20,משמר העמק,130,674,908,676,15,0.02225519287833828,אמת,0.6498516320474778,משמר העמק,0.7444933920704846,
20,חורה,1303,3064,6037,3088,45,0.01468668407310705,ודעם,0.9118798955613577,חורה,0.5115123405665065,
20,שוהם,1304,11130,13852,11170,3760,0.33782569631626236,אמת,0.3136567834681042,שוהם,0.8063817499278083,
20,אלעד,1309,14877,17047,15105,12610,0.8476171271089601,שס,0.4162801640115615,אלעד,0.8860796621106353,
20,לפיד,1310,1311,1676,1320,294,0.2242562929061785,אמת,0.34706331045003813,לפיד,0.7875894988066826,
20,אבשלום,1311,138,205,142,37,0.26811594202898553,ל,0.3188405797101449,אבשלום,0.6926829268292682,
20,פוריה עילית,1313,453,639,458,203,0.4481236203090508,מחל,0.3841059602649007,פוריה עילית,0.7167449139280125,
20,נווה זיו,1314,309,398,310,111,0.3592233009708738,אמת,0.2912621359223301,נווה זיו,0.7788944723618091,
20,מתן,1315,1824,2303,1828,356,0.19517543859649122,אמת,0.4331140350877193,מתן,0.793747286148502,
20,אל-עריאן,1316,76,110,77,0,0.0,ודעם,0.6052631578947368,אל עריאן,0.7,
20,דמיידה,1317,185,268,188,3,0.016216216216216217,ודעם,0.9351351351351351,דמיידה,0.7014925373134329,
20,בת חפר,1319,2818,3573,2831,581,0.20617459190915544,אמת,0.40099361249112847,בת חפר,0.792331374195354,
20,כפר ברוך,132,256,328,257,68,0.265625,אמת,0.40625,כפר ברוך,0.7835365853658537,
20,עין חוד,1320,108,159,109,17,0.1574074074074074,ודעם,0.8055555555555556,עין חוד,0.6855345911949685,
20,ח'ואלד,1321,144,250,147,2,0.013888888888888888,ודעם,0.6041666666666666,ח ואלד,0.588,
20,בת הדר,1323,322,426,322,140,0.43478260869565216,מחל,0.3385093167701863,בת הדר,0.755868544600939,
20,"בסמ""ה",1326,3566,5446,3622,26,0.007291082445316881,ודעם,0.9349411104879417,בסמ ה,0.6650752846125597,
20,מעלה עירון,1327,5554,8400,5567,61,0.0109830752610731,ודעם,0.9598487576521426,מעלה עירון,0.6627380952380952,
20,גבת,133,535,644,540,24,0.044859813084112146,אמת,0.7271028037383177,גבת,0.8385093167701864,
20,אחוזת ברק,1330,1164,1482,1167,443,0.3805841924398625,מחל,0.3075601374570447,אחוזת ברק,0.7874493927125507,
20,כמאנה,1331,546,890,553,37,0.06776556776556776,ודעם,0.8663003663003663,כמאנה,0.6213483146067416,
20,חוסנייה,1332,263,437,271,3,0.011406844106463879,ודעם,0.9505703422053232,חוסנייה,0.620137299771167,
20,נוף איילון,1333,1339,1582,1342,1105,0.8252427184466019,טב,0.6474981329350261,נוף איילון,0.8482932996207333,
20,ראס אל-עין,1334,138,232,140,2,0.014492753623188406,ודעם,0.8768115942028986,ראס אל עין,0.603448275862069,
20,ערב אל נעים,1335,231,389,238,179,0.7748917748917749,מחל,0.7662337662337663,ערב אל נעים,0.6118251928020566,
20,שמשית,1337,1256,1531,1258,159,0.1265923566878981,אמת,0.5079617834394905,שמשית,0.821685173089484,
20,כדיתה,1338,65,107,65,20,0.3076923076923077,מרצ,0.16923076923076924,כדיתה,0.6074766355140186,
20,יפעת,134,552,712,552,42,0.07608695652173914,אמת,0.6485507246376812,יפעת,0.7752808988764045,
20,מרחב עם,1340,109,119,109,81,0.7431192660550459,טב,0.6146788990825688,מרחב עם,0.9159663865546218,
20,אבו קרינאת (יישוב,1342,64,154,65,3,0.046875,ודעם,0.78125,אבו קרינאת יישוב,0.42207792207792205,
20,מכחול,1343,48,170,49,1,0.020833333333333332,ודעם,0.625,מכחול,0.28823529411764703,
20,גבעות בר,1344,254,310,255,71,0.2795275590551181,אמת,0.31496062992125984,גבעות בר,0.8225806451612904,
20,צור יצחק,1345,1840,2072,1845,413,0.22445652173913044,אמת,0.3690217391304348,צור יצחק,0.8904440154440154,
20,תראבין א-צאנע(ישו,1346,60,176,60,7,0.11666666666666667,ודעם,0.8166666666666667,תראבין א צאנע ישו,0.3409090909090909,
20,קצר א-סר,1347,353,599,355,8,0.0226628895184136,ודעם,0.8923512747875354,קצר א סר,0.5926544240400667,
20,ביר הדאג',1348,399,583,406,1,0.002506265664160401,ודעם,0.974937343358396,ביר הדאג,0.6963979416809606,
20,דריג'את,1349,285,394,287,4,0.014035087719298246,ודעם,0.6666666666666666,דריג את,0.7284263959390863,
20,רמת דוד,135,267,347,269,24,0.0898876404494382,אמת,0.6479400749063671,רמת דוד,0.7752161383285303,
20,אום בטין,1358,589,1231,595,8,0.013582342954159592,ודעם,0.8030560271646859,אום בטין,0.4833468724614135,
20,אל סייד,1359,167,369,167,10,0.059880239520958084,ודעם,0.6586826347305389,אל סייד,0.45257452574525747,
20,מולדה,1360,59,108,59,2,0.03389830508474576,ודעם,0.8305084745762712,מולדה,0.5462962962962963,
20,בת חן,1361,398,500,403,66,0.1658291457286432,אמת,0.5778894472361809,בת חן,0.806,
20,בני נצרים,1363,170,187,170,51,0.3,קץ,0.6941176470588235,בני נצרים,0.9090909090909091,
20,נווה,1366,286,313,286,65,0.22727272727272727,קץ,0.7727272727272727,נווה,0.9137380191693291,
20,בני דקלים,1368,201,225,203,153,0.7611940298507462,טב,0.7114427860696517,בני דקלים,0.9022222222222223,
20,נטע,1369,138,149,139,125,0.9057971014492754,טב,0.8695652173913043,נטע,0.9328859060402684,
20,מצפה אילן,1370,96,97,96,89,0.9270833333333334,טב,0.75,מצפה אילן,0.9896907216494846,
20,גני טל,1371,295,321,295,265,0.8983050847457628,טב,0.7457627118644068,גני טל,0.9190031152647975,
20,נצר חזני,1372,170,193,170,124,0.7294117647058823,טב,0.4411764705882353,נצר חזני,0.8808290155440415,
20,באר גנים,1376,101,119,101,77,0.7623762376237624,מחל,0.38613861386138615,באר גנים,0.8487394957983193,
20,עין שמר,139,438,588,438,24,0.0547945205479452,אמת,0.4840182648401826,עין שמר,0.7448979591836735,
20,כפר יהושע,140,585,707,587,49,0.08376068376068375,אמת,0.6376068376068376,כפר יהושע,0.8302687411598303,
20,ברק,141,224,311,225,95,0.42410714285714285,אמת,0.33482142857142855,ברק,0.7234726688102894,
20,מחנה תל נוף,1412,164,200,164,47,0.2865853658536585,אמת,0.3719512195121951,מחנה תל נוף,0.82,
20,מחנה יהודית,1413,75,95,76,32,0.4266666666666667,מחל,0.36,מחנה יהודית,0.8,
20,מחנה מרים,1414,64,108,64,27,0.421875,מחל,0.34375,מחנה מרים,0.5925925925925926,
20,מחנה יפה,1415,176,244,176,51,0.2897727272727273,אמת,0.3977272727272727,מחנה יפה,0.7213114754098361,
20,מחנה יוכבד,1416,104,121,104,45,0.4326923076923077,אמת,0.2980769230769231,מחנה יוכבד,0.859504132231405,
20,מחנה עדי,1417,121,177,121,44,0.36363636363636365,אמת,0.2975206611570248,מחנה עדי,0.6836158192090396,
20,מחנה טלי,1418,110,167,110,41,0.37272727272727274,אמת,0.32727272727272727,מחנה טלי,0.6586826347305389,
20,ניצן ב',1419,964,1233,969,737,0.7645228215767634,מחל,0.42012448132780084,ניצן ב,0.7858880778588808,
20,שדה יעקב,142,473,562,473,333,0.7040169133192389,טב,0.5200845665961945,שדה יעקב,0.8416370106761566,
20,בית זרע,143,402,576,402,19,0.0472636815920398,אמת,0.4975124378109453,בית זרע,0.6979166666666666,
20,גן שלמה,144,301,379,304,12,0.03986710963455149,אמת,0.7142857142857143,גן שלמה,0.8021108179419525,
20,גדיש,145,192,259,197,161,0.8385416666666666,מחל,0.6666666666666666,גדיש,0.7606177606177607,
20,דבורה,146,161,219,163,35,0.21739130434782608,אמת,0.453416149068323,דבורה,0.7442922374429224,
20,גבעת ברנר,147,1358,1802,1364,167,0.12297496318114874,אמת,0.5699558173784978,גבעת ברנר,0.7569367369589345,
20,נועם,15,228,300,230,202,0.8859649122807017,מחל,0.6228070175438597,נועם,0.7666666666666667,
20,תל מונד,154,6232,8052,6261,1841,0.29541078305519897,אמת,0.3445121951219512,תל מונד,0.7775707898658718,
20,באר טוביה,155,541,661,541,45,0.08317929759704251,אמת,0.6025878003696857,באר טוביה,0.8184568835098336,
20,עיינות,156,51,88,52,12,0.23529411764705882,אמת,0.35294117647058826,עיינות,0.5909090909090909,
20,עין ורד,157,844,1008,845,85,0.10071090047393365,אמת,0.5959715639810427,עין ורד,0.8382936507936508,
20,נען,158,900,1201,905,44,0.04888888888888889,אמת,0.6844444444444444,נען,0.7535387177352206,
20,בית חנן,159,476,586,476,65,0.13655462184873948,אמת,0.5105042016806722,בית חנן,0.8122866894197952,
20,בית ניר,16,305,377,305,14,0.04590163934426229,אמת,0.4852459016393443,בית ניר,0.8090185676392573,
20,חולדה,160,431,515,432,64,0.14849187935034802,אמת,0.5266821345707656,חולדה,0.8388349514563107,
20,חירות,162,714,846,715,54,0.07563025210084033,אמת,0.6190476190476191,חירות,0.8451536643026005,
20,תימורים,163,465,599,465,68,0.14623655913978495,אמת,0.5161290322580645,תימורים,0.7762938230383973,
20,מלאה,164,207,266,208,154,0.7439613526570048,מחל,0.5362318840579711,מלאה,0.7819548872180451,
20,ניר יפה,165,307,379,307,130,0.4234527687296417,מחל,0.3322475570032573,ניר יפה,0.8100263852242744,
20,גן יבנה,166,11028,14381,11099,4913,0.44550235763511065,מחל,0.31728327892636926,גן יבנה,0.77178221264168,
20,עין החורש,167,534,662,536,13,0.024344569288389514,אמת,0.5636704119850188,עין החורש,0.8096676737160121,
20,כפר יונה,168,10483,13798,10566,3988,0.3804254507297529,מחל,0.2795955356291138,כפר יונה,0.7657631540803015,
20,כפר יעבץ,170,374,463,376,288,0.7700534759358288,מחל,0.43315508021390375,כפר יעבץ,0.8120950323974082,
20,פרדסיה,171,3677,4716,3693,973,0.26461789502311667,אמת,0.3540930106064727,פרדסיה,0.7830788804071247,
20,גבעת חיים (מאוחד),173,682,868,687,46,0.06744868035190615,אמת,0.7023460410557185,גבעת חיים מאוחד,0.7914746543778802,
20,נטעים,174,380,473,380,74,0.19473684210526315,אמת,0.4368421052631579,נטעים,0.8033826638477801,
20,אביחיל,175,732,949,735,105,0.14344262295081966,אמת,0.5191256830601093,אביחיל,0.7744994731296101,
20,אפיקים,176,722,1048,729,42,0.05817174515235457,אמת,0.703601108033241,אפיקים,0.6956106870229007,
20,"כפר ביל""ו",177,680,839,684,93,0.13676470588235295,אמת,0.5764705882352941,כפר ביל ו,0.8152562574493445,
20,רמת יוחנן,178,561,792,563,51,0.09090909090909091,אמת,0.6773618538324421,רמת יוחנן,0.7108585858585859,
20,שדה משה,18,295,380,299,87,0.29491525423728815,אמת,0.4067796610169492,שדה משה,0.7868421052631579,
20,אבן יהודה,182,7249,9206,7285,1829,0.2523106635397986,אמת,0.37784522003034904,אבן יהודה,0.7913317401694547,
20,ירקונה,183,234,288,235,33,0.14102564102564102,אמת,0.5641025641025641,ירקונה,0.8159722222222222,
20,רמת הכובש,184,483,621,484,27,0.055900621118012424,אמת,0.6107660455486542,רמת הכובש,0.7793880837359098,
20,נעורים,186,79,157,79,18,0.22784810126582278,אמת,0.46835443037974683,נעורים,0.5031847133757962,
20,כפר הס,187,752,952,754,63,0.08377659574468085,אמת,0.6050531914893617,כפר הס,0.792016806722689,
20,אשדות יעקב  (מאוח,188,296,424,296,41,0.13851351351351351,אמת,0.5912162162162162,אשדות יעקב מאוח,0.6981132075471698,
20,כפר פינס,189,297,348,298,234,0.7878787878787878,טב,0.5925925925925926,כפר פינס,0.8563218390804598,
20,כפר ויתקין,190,1082,1356,1087,59,0.054528650646950096,אמת,0.6266173752310537,כפר ויתקין,0.801622418879056,
20,הדר עם,191,376,447,376,37,0.09840425531914894,אמת,0.4787234042553192,הדר עם,0.8411633109619687,
20,כפר החורש,192,331,425,334,30,0.09063444108761329,אמת,0.6132930513595166,כפר החורש,0.7858823529411765,
20,כפר חיים,193,326,400,327,35,0.10736196319018405,אמת,0.6042944785276073,כפר חיים,0.8175,
20,משמר השרון,194,344,509,344,21,0.061046511627906974,אמת,0.752906976744186,משמר השרון,0.6758349705304518,
20,קדימה-צורן,195,10273,13273,10329,3126,0.3042928063856712,אמת,0.32054901197313346,קדימה צורן,0.7781963384314021,
20,גיבתון,196,193,228,193,28,0.14507772020725387,אמת,0.533678756476684,גיבתון,0.8464912280701754,
20,מעברות,197,581,735,581,23,0.039586919104991396,אמת,0.4853700516351119,מעברות,0.7904761904761904,
20,צופית,198,600,763,600,73,0.12166666666666667,אמת,0.53,צופית,0.7863695937090432,
20,אשדות יעקב  (איחו,199,448,607,449,65,0.14508928571428573,אמת,0.5825892857142857,אשדות יעקב איחו,0.7397034596375618,
20,בית ינאי,200,222,321,222,14,0.06306306306306306,אמת,0.6126126126126126,בית ינאי,0.6915887850467289,
20,תנובות,2002,452,571,453,176,0.3893805309734513,אמת,0.2853982300884956,תנובות,0.7933450087565674,
20,תלמי אלעזר,2003,433,553,435,116,0.2678983833718245,אמת,0.3556581986143187,תלמי אלעזר,0.786618444846293,
20,שדה יצחק,2008,270,366,271,60,0.2222222222222222,אמת,0.40370370370370373,שדה יצחק,0.7404371584699454,
20,יובל,2009,354,447,354,127,0.3587570621468927,אמת,0.327683615819209,יובל,0.7919463087248322,
20,כפר בן נון,2010,381,467,381,78,0.2047244094488189,אמת,0.33070866141732286,כפר בן נון,0.815845824411135,
20,ינון,2011,633,823,633,344,0.5434439178515008,מחל,0.4265402843601896,ינון,0.7691373025516404,
20,אורות,2012,320,421,321,47,0.146875,אמת,0.5625,אורות,0.7624703087885986,
20,בן שמן (מושב),2013,459,569,460,111,0.24183006535947713,אמת,0.3899782135076253,בן שמן מושב,0.8084358523725835,
20,גבעולים,2014,212,258,216,165,0.7783018867924528,מחל,0.6981132075471698,גבעולים,0.8372093023255814,
20,שדי חמד,2015,565,694,567,105,0.18584070796460178,אמת,0.40707964601769914,שדי חמד,0.8170028818443804,
20,רוויה,2016,150,221,152,114,0.76,מחל,0.4533333333333333,רוויה,0.6877828054298643,
20,גבעת חיים (איחוד),2018,691,897,691,14,0.020260492040520984,אמת,0.723589001447178,גבעת חיים איחוד,0.770345596432553,
20,בית עובד,202,225,267,225,20,0.08888888888888889,אמת,0.6,בית עובד,0.8426966292134831,
20,אשל הנשיא,2021,59,93,59,14,0.23728813559322035,אמת,0.423728813559322,אשל הנשיא,0.6344086021505376,
20,להב,2023,289,407,289,12,0.04152249134948097,אמת,0.4844290657439446,להב,0.7100737100737101,
20,אום אל-קוטוף,2024,519,626,520,6,0.011560693641618497,ודעם,0.9190751445086706,אום אל קוטוף,0.8306709265175719,
20,ירדנה,2026,195,286,198,122,0.6256410256410256,מחל,0.4512820512820513,ירדנה,0.6923076923076923,
20,מדרך עוז,2029,391,517,396,211,0.5396419437340153,מחל,0.3631713554987212,מדרך עוז,0.7659574468085106,
20,מנוחה,2030,282,361,282,231,0.8191489361702128,מחל,0.6524822695035462,מנוחה,0.7811634349030471,
20,בית חלקיה,2033,328,391,330,312,0.9512195121951219,ג,0.8902439024390244,בית חלקיה,0.8439897698209718,
20,חצור הגלילית,2034,4873,6885,4914,3639,0.7467679047814488,מחל,0.44243792325056436,חצור הגלילית,0.7137254901960784,
20,עדנים,2035,229,292,229,48,0.2096069868995633,אמת,0.39737991266375544,עדנים,0.7842465753424658,
20,ברקת,2038,853,971,853,549,0.6436107854630715,מחל,0.3821805392731536,ברקת,0.878475798146241,
20,אלישיב,204,387,467,388,216,0.5581395348837209,מחל,0.40568475452196384,אלישיב,0.8308351177730193,
20,עין גדי,2042,294,441,297,31,0.1054421768707483,אמת,0.5850340136054422,עין גדי,0.673469387755102,
20,בחן,2043,418,520,418,48,0.11483253588516747,אמת,0.5789473684210527,בחן,0.8038461538461539,
20,מלילות,2044,171,220,173,142,0.8304093567251462,מחל,0.672514619883041,מלילות,0.7863636363636364,
20,נחלה,2045,335,392,337,172,0.5134328358208955,מחל,0.3402985074626866,נחלה,0.8596938775510204,
20,סגולה,2046,324,398,324,77,0.23765432098765432,אמת,0.4537037037037037,סגולה,0.8140703517587939,
20,ניר משה,2047,280,372,281,91,0.325,אמת,0.3892857142857143,ניר משה,0.7553763440860215,
20,ניר עקיבא,2048,314,393,315,112,0.35668789808917195,אמת,0.24522292993630573,ניר עקיבא,0.8015267175572519,
20,שדה צבי,2049,276,357,280,138,0.5,מחל,0.35507246376811596,שדה צבי,0.7843137254901961,
20,חגלה,205,378,454,380,31,0.082010582010582,אמת,0.6111111111111112,חגלה,0.8370044052863436,
20,"תלמי ביל""ו",2050,215,286,218,133,0.6186046511627907,מחל,0.4697674418604651,תלמי ביל ו,0.7622377622377622,
20,רווחה,2051,332,413,332,261,0.786144578313253,מחל,0.5120481927710844,רווחה,0.8038740920096852,
20,אביטל,2052,288,379,290,215,0.7465277777777778,מחל,0.6111111111111112,אביטל,0.7651715039577837,
20,פרזון,2053,227,302,228,153,0.6740088105726872,מחל,0.5462555066079295,פרזון,0.7549668874172185,
20,מיטב,2054,272,353,274,189,0.6948529411764706,מחל,0.5882352941176471,מיטב,0.7762039660056658,
20,מאור,2055,611,760,612,210,0.3436988543371522,אמת,0.31751227495908346,מאור,0.8052631578947368,
20,שדי תרומות,2057,231,341,231,173,0.7489177489177489,מחל,0.6406926406926406,שדי תרומות,0.6774193548387096,
20,"פעמי תש""ז",2059,264,330,267,192,0.7272727272727273,מחל,0.4128787878787879,פעמי תש ז,0.8090909090909091,
20,רמות השבים,206,804,1050,808,108,0.13432835820895522,אמת,0.5422885572139303,רמות השבים,0.7695238095238095,
20,ברוש,2060,185,248,187,112,0.6054054054054054,מחל,0.43783783783783786,ברוש,0.7540322580645161,
20,תדהר,2061,228,294,228,121,0.5307017543859649,מחל,0.3991228070175439,תדהר,0.7755102040816326,
20,תאשור,2062,175,244,176,54,0.30857142857142855,אמת,0.30857142857142855,תאשור,0.7213114754098361,
20,דישון,2063,203,299,204,106,0.5221674876847291,מחל,0.4088669950738916,דישון,0.6822742474916388,
20,זרועה,2064,171,223,173,131,0.7660818713450293,מחל,0.6432748538011696,זרועה,0.7757847533632287,
20,"גבעת ח""ן",207,249,299,252,24,0.0963855421686747,אמת,0.6465863453815262,גבעת ח ן,0.842809364548495,
20,מוצא עילית,208,503,714,507,73,0.14512922465208747,אמת,0.4671968190854871,מוצא עילית,0.7100840336134454,
20,באר אורה,21,226,271,228,54,0.23893805309734514,אמת,0.3938053097345133,באר אורה,0.8413284132841329,
20,טירת כרמל,2100,10577,16155,10735,6688,0.6323154013425357,מחל,0.45627304528694335,טירת כרמל,0.6645001547508511,
20,משמרות,213,365,459,367,34,0.09315068493150686,אמת,0.6,משמרות,0.7995642701525054,
20,"כפר הרא""ה",217,599,709,600,475,0.7929883138564274,טב,0.5475792988313857,כפר הרא ה,0.846262341325811,
20,גני עם,218,160,200,160,21,0.13125,אמת,0.45625,גני עם,0.8,
20,חיבת ציון,219,344,406,348,103,0.29941860465116277,אמת,0.3866279069767442,חיבת ציון,0.8571428571428571,
20,מקווה ישראל,22,108,156,108,35,0.32407407407407407,אמת,0.39814814814814814,מקווה ישראל,0.6923076923076923,
20,כפר ביאליק,220,317,417,318,73,0.2302839116719243,אמת,0.4668769716088328,כפר ביאליק,0.762589928057554,
20,דימונה,2200,16111,26988,16395,9847,0.6111973186021973,מחל,0.41058903854509343,דימונה,0.607492218763895,
20,עין עירון,223,325,389,325,22,0.06769230769230769,אמת,0.563076923076923,עין עירון,0.8354755784061697,
20,שושנת העמקים,224,336,467,338,144,0.42857142857142855,מחל,0.2976190476190476,שושנת העמקים,0.7237687366167024,
20,גן השומרון,225,452,576,452,45,0.09955752212389381,אמת,0.504424778761062,גן השומרון,0.7847222222222222,
20,גני תקווה,229,9116,11599,9175,3284,0.36024572180781045,אמת,0.30835892935498027,גני תקווה,0.7910164669368049,
20,אמציה,23,254,319,254,180,0.7086614173228346,טב,0.5669291338582677,אמציה,0.7962382445141066,
20,מעש,230,545,686,549,143,0.26238532110091745,אמת,0.42018348623853213,מעש,0.8002915451895044,
20,קרית טבעון,2300,9467,13176,9525,1798,0.18992289003908314,אמת,0.4536812084081546,קרית טבעון,0.7229052823315119,
20,שפיים,232,712,906,714,23,0.032303370786516857,אמת,0.7415730337078652,שפיים,0.7880794701986755,
20,כפר ידידיה,233,398,489,399,32,0.08040201005025126,אמת,0.6130653266331658,כפר ידידיה,0.8159509202453987,
20,ביצרון,234,666,811,670,94,0.14114114114114115,אמת,0.575075075075075,ביצרון,0.8261405672009864,
20,חבצלת השרון,235,219,344,225,46,0.2100456621004566,אמת,0.4429223744292237,חבצלת השרון,0.6540697674418605,
20,שער העמקים,237,436,554,437,5,0.011467889908256881,אמת,0.5527522935779816,שער העמקים,0.7888086642599278,
20,גן חיים,239,439,521,442,47,0.1070615034168565,אמת,0.4646924829157175,גן חיים,0.8483685220729367,
20,לכיש,24,405,491,408,30,0.07407407407407407,אמת,0.5876543209876544,לכיש,0.8309572301425662,
20,יקנעם עילית,240,11034,15429,11161,4638,0.42033713974986403,מחל,0.31212615551930395,יקנעם עילית,0.7233780543133062,
20,אור יהודה,2400,18520,26366,18785,11336,0.6120950323974083,מחל,0.4054535637149028,אור יהודה,0.7124706060835925,
20,יקנעם (מושבה),241,757,980,761,77,0.10171730515191546,אמת,0.5535006605019815,יקנעם מושבה,0.7765306122448979,
20,בית השיטה,242,744,1006,750,76,0.10215053763440861,אמת,0.6491935483870968,בית השיטה,0.7455268389662028,
20,נתיבות,246,14603,19308,14763,9539,0.653221940697117,מחל,0.2951448332534411,נתיבות,0.7646053449347421,
20,רשפון,247,680,894,682,83,0.12205882352941176,אמת,0.5235294117647059,רשפון,0.7628635346756152,
20,בית שערים,248,408,470,408,74,0.18137254901960784,אמת,0.49264705882352944,בית שערים,0.8680851063829788,
20,כפר סירקין,249,671,847,674,107,0.15946348733233978,אמת,0.4992548435171386,כפר סירקין,0.7957497048406139,
20,הזורע,250,586,838,588,36,0.06143344709897611,אמת,0.5802047781569966,הזורע,0.7016706443914081,
20,נשר,2500,12829,19318,12999,5086,0.39644555304388496,מחל,0.30828591472445244,נשר,0.6728957449011285,
20,ביתן אהרן,252,92,137,93,8,0.08695652173913043,אמת,0.5,ביתן אהרן,0.6788321167883211,
20,חולתה,253,296,389,297,32,0.10810810810810811,אמת,0.6418918918918919,חולתה,0.7634961439588689,
20,באר יעקב,2530,8440,10833,8518,3832,0.45402843601895737,מחל,0.3170616113744076,באר יעקב,0.7863011169574449,
20,כפר המכבי,254,200,289,200,13,0.065,אמת,0.685,כפר המכבי,0.6920415224913494,
20,כפר חיטים,255,355,487,356,124,0.3492957746478873,מחל,0.30704225352112674,כפר חיטים,0.731006160164271,
20,גדרה,2550,11774,15469,11879,4877,0.414217767963309,מחל,0.3035501953456769,גדרה,0.7679229426595126,
20,ניר דוד (תל עמל),256,444,577,444,12,0.02702702702702703,אמת,0.5698198198198198,ניר דוד תל עמל,0.7694974003466204,
20,ערד,2560,12297,20805,12552,5256,0.4274213222737253,מחל,0.2247702691713426,ערד,0.6033165104542177,
20,נופך,257,263,338,263,131,0.49809885931558934,מחל,0.34220532319391633,נופך,0.7781065088757396,
20,שדה נחום,259,267,362,269,40,0.149812734082397,אמת,0.4681647940074906,שדה נחום,0.7430939226519337,
20,ראש פינה,26,1616,2170,1620,425,0.2629950495049505,אמת,0.3805693069306931,ראש פינה,0.7465437788018433,
20,אילת,2600,22829,47042,23064,10571,0.46305138201410484,מחל,0.3521398221560296,אילת,0.4902852769865227,
20,בית שמש,2610,33878,50926,34382,26553,0.7837829860086192,ג,0.28304504398134483,בית שמש,0.6751364725287672,
20,גינוסר,262,366,519,372,51,0.13934426229508196,אמת,0.5792349726775956,גינוסר,0.7167630057803468,
20,קרית אונו,2620,20454,26750,20608,5836,0.28532316417326686,אמת,0.3524005084580033,קרית אונו,0.7703925233644859,
20,מסדה,263,184,265,184,23,0.125,אמת,0.6358695652173914,מסדה,0.6943396226415094,
20,קרית גת,2630,26483,39712,26860,16109,0.6082770078918551,מחל,0.38919306725068914,קרית גת,0.6763698630136986,
20,שער הגולן,264,376,504,380,20,0.05319148936170213,אמת,0.5372340425531915,שער הגולן,0.753968253968254,
20,ראש העין,2640,23684,30473,23844,11943,0.5042644823509542,מחל,0.34943421719304174,ראש העין,0.7824631641124931,
20,בית יוסף,265,191,323,195,137,0.7172774869109948,מחל,0.46596858638743455,בית יוסף,0.6037151702786377,
20,רמת השרון,2650,26635,35514,26747,6111,0.22943495400788436,אמת,0.44178712220762156,רמת השרון,0.7531396069155826,
20,יבנה,2660,21895,29669,22091,10601,0.4841744690568623,מחל,0.34542132907056405,יבנה,0.7445818868178907,
20,כפר שמריהו,267,1198,1762,1207,194,0.16193656093489148,אמת,0.5308848080133556,כפר שמריהו,0.6850170261066969,
20,טירת צבי,268,415,523,417,317,0.763855421686747,טב,0.5614457831325301,טירת צבי,0.7973231357552581,
20,מולדת,269,548,687,551,54,0.09854014598540146,אמת,0.6386861313868614,מולדת,0.8020378457059679,
20,שדות מיכה,27,195,267,196,141,0.7230769230769231,מחל,0.41025641025641024,שדות מיכה,0.7340823970037453,
20,עין השופט,270,540,841,541,21,0.03888888888888889,אמת,0.5981481481481481,עין השופט,0.643281807372176,
20,אום אל-פחם,2710,20321,30363,20471,41,0.002017617243245903,ודעם,0.969883371881305,אום אל פחם,0.6742087409017554,
20,מעוז חיים,272,286,444,287,20,0.06993006993006994,אמת,0.7272727272727273,מעוז חיים,0.6463963963963963,
20,טירה,2720,11611,16091,11682,33,0.002842132460597709,ודעם,0.9497889931961071,טירה,0.7259958983282581,
20,עין גב,273,317,458,317,28,0.08832807570977919,אמת,0.6088328075709779,עין גב,0.6921397379912664,
20,טייבה,2730,17965,24480,18103,115,0.0064013359309769,ודעם,0.9561925967158363,טייבה,0.7395016339869281,
20,כפר מנחם,274,617,789,619,32,0.05186385737439222,אמת,0.4862236628849271,כפר מנחם,0.7845373891001267,
20,צור משה,276,1336,1682,1338,198,0.14820359281437126,אמת,0.4962574850299401,צור משה,0.7954815695600476,
20,אושה,278,248,343,248,20,0.08064516129032258,אמת,0.6895161290322581,אושה,0.7230320699708455,
20,מזכרת בתיה,28,6858,8656,6903,2312,0.33712452610090404,אמת,0.3203557888597259,מזכרת בתיה,0.797481515711645,
20,חניתה,280,456,696,457,34,0.07456140350877193,אמת,0.5789473684210527,חניתה,0.6566091954022989,
20,קרית שמונה,2800,11236,18357,11338,6148,0.5471698113207547,מחל,0.3886614453542186,קרית שמונה,0.6176390477746908,
20,פקיעין חדשה,281,207,281,207,163,0.7874396135265701,מחל,0.4251207729468599,פקיעין חדשה,0.7366548042704626,
20,שבי ציון,282,543,742,543,111,0.20441988950276244,אמת,0.46593001841620624,שבי ציון,0.7318059299191375,
20,שדה ורבורג,284,765,945,767,93,0.12156862745098039,אמת,0.5398692810457516,שדה ורבורג,0.8116402116402116,
20,אלונים,285,403,517,408,24,0.05955334987593052,אמת,0.6451612903225806,אלונים,0.7891682785299806,
20,מעלה החמישה,286,349,496,350,31,0.08882521489971347,אמת,0.6361031518624641,מעלה החמישה,0.7056451612903226,
20,תל יצחק,287,567,675,571,68,0.11992945326278659,אמת,0.599647266313933,תל יצחק,0.845925925925926,
20,בית יהושע,288,529,661,530,77,0.14555765595463138,אמת,0.4933837429111531,בית יהושע,0.8018154311649016,
20,עין המפרץ,289,509,654,509,11,0.021611001964636542,אמת,0.593320235756385,עין המפרץ,0.7782874617737003,
20,יסוד המעלה,29,855,1121,857,235,0.27485380116959063,אמת,0.41637426900584795,יסוד המעלה,0.7644959857270295,
20,מעין צבי,290,442,616,443,32,0.07239819004524888,אמת,0.6266968325791855,מעין צבי,0.7191558441558441,
20,שרונה,292,346,433,347,64,0.18497109826589594,אמת,0.5086705202312138,שרונה,0.8013856812933026,
20,שדה יואב,293,223,274,223,14,0.06278026905829596,אמת,0.5291479820627802,שדה יואב,0.8138686131386861,
20,אילון,294,589,755,590,96,0.16298811544991512,אמת,0.366723259762309,אילון,0.7814569536423841,
20,כפר רופין,295,268,396,268,26,0.09701492537313433,אמת,0.6268656716417911,כפר רופין,0.6767676767676768,
20,נווה איתן,296,140,229,141,24,0.17142857142857143,אמת,0.5571428571428572,נווה איתן,0.6157205240174672,
20,כפר מסריק,297,386,519,388,19,0.04922279792746114,אמת,0.5621761658031088,כפר מסריק,0.7475915221579962,
20,מסילות,298,304,453,304,18,0.05921052631578947,אמת,0.618421052631579,מסילות,0.6710816777041942,
20,דליה,300,522,670,522,12,0.022988505747126436,אמת,0.49616858237547895,דליה,0.7791044776119403,
20,ירושלים,3000,255286,385888,258879,167667,0.6567810220693654,מספר קלפי,1.2012958015715707,ירושלים,0.6708656397711253,
20,בית עוזיאל,301,333,434,334,170,0.5105105105105106,מחל,0.36936936936936937,בית עוזיאל,0.7695852534562212,
20,דפנה,302,442,554,444,35,0.07918552036199095,אמת,0.6040723981900452,דפנה,0.8014440433212996,
20,דן,303,356,467,357,9,0.025280898876404494,אמת,0.5028089887640449,דן,0.7644539614561028,
20,שדה אליהו,304,393,594,393,310,0.7888040712468194,טב,0.5114503816793893,שדה אליהו,0.6616161616161617,
20,גשר,305,281,420,281,21,0.07473309608540925,אמת,0.6797153024911032,גשר,0.669047619047619,
20,שדמות דבורה,306,368,448,369,46,0.125,אמת,0.5353260869565217,שדמות דבורה,0.8236607142857143,
20,הזורעים,307,390,464,390,327,0.8384615384615385,טב,0.5666666666666667,הזורעים,0.8405172413793104,
20,מחניים,308,342,467,343,52,0.15204678362573099,אמת,0.5380116959064327,מחניים,0.734475374732334,
20,נהורה,309,673,889,676,385,0.5720653789004457,מחל,0.3952451708766716,נהורה,0.7604049493813273,
20,אופקים,31,12453,18915,12637,8740,0.7018389143178351,מחל,0.3012928611579539,אופקים,0.6680941052075072,
20,כפר גליקסון,310,192,260,194,11,0.057291666666666664,אמת,0.6302083333333334,כפר גליקסון,0.7461538461538462,
20,גן שורק,311,198,247,199,46,0.23232323232323232,אמת,0.4393939393939394,גן שורק,0.805668016194332,
20,נווה ים,312,163,205,163,40,0.24539877300613497,אמת,0.4049079754601227,נווה ים,0.7951219512195122,
20,אפק,313,305,413,305,23,0.07540983606557378,אמת,0.6819672131147541,אפק,0.738498789346247,
20,נגבה,315,430,629,430,32,0.07441860465116279,אמת,0.5837209302325581,נגבה,0.6836248012718601,
20,כפר נטר,316,561,693,561,72,0.12834224598930483,אמת,0.5222816399286988,כפר נטר,0.8095238095238095,
20,בית אורן,317,193,280,193,28,0.14507772020725387,אמת,0.46113989637305697,בית אורן,0.6892857142857143,
20,עמיעוז,318,143,202,143,94,0.6573426573426573,מחל,0.3776223776223776,עמיעוז,0.7079207920792079,
20,עמיר,319,348,473,348,18,0.05172413793103448,אמת,0.5057471264367817,עמיר,0.7357293868921776,
20,עוצם,32,322,396,323,263,0.8167701863354038,שס,0.5248447204968945,עוצם,0.8156565656565656,
20,כפר ורבורג,320,597,740,598,104,0.17420435510887772,אמת,0.4824120603015075,כפר ורבורג,0.8081081081081081,
20,בית הלל,322,391,526,391,32,0.08184143222506395,אמת,0.5524296675191815,בית הלל,0.7433460076045627,
20,שאר ישוב,324,321,400,321,68,0.2118380062305296,אמת,0.3862928348909657,שאר ישוב,0.8025,
20,מצובה,325,558,777,560,110,0.1971326164874552,אמת,0.45340501792114696,מצובה,0.7207207207207207,
20,בית יצחק-שער חפר,326,1299,1617,1303,155,0.11932255581216321,אמת,0.5619707467282525,בית יצחק שער חפר,0.8058132343846629,
20,שדות ים,327,518,637,518,57,0.11003861003861004,אמת,0.6640926640926641,שדות ים,0.8131868131868132,
20,שדה נחמיה,329,502,641,502,71,0.14143426294820718,אמת,0.5,שדה נחמיה,0.7831513260530422,
20,בת שלמה,33,320,397,323,69,0.215625,אמת,0.365625,בת שלמה,0.8136020151133502,
20,אלומות,330,177,258,177,12,0.06779661016949153,אמת,0.5932203389830508,אלומות,0.686046511627907,
20,ניר צבי,331,693,889,695,98,0.1414141414141414,אמת,0.46320346320346323,ניר צבי,0.78177727784027,
20,קבוצת יבנה,334,476,637,476,277,0.5819327731092437,טב,0.43067226890756305,קבוצת יבנה,0.7472527472527473,
20,רמת השופט,335,494,689,494,33,0.06680161943319839,אמת,0.4817813765182186,רמת השופט,0.7169811320754716,
20,דורות,336,382,513,384,22,0.05759162303664921,אמת,0.6413612565445026,דורות,0.7485380116959064,
20,איבים,338,75,196,77,56,0.7466666666666667,מחל,0.6533333333333333,איבים,0.39285714285714285,
20,רמת צבי,339,329,395,329,49,0.14893617021276595,אמת,0.5562310030395137,רמת צבי,0.8329113924050633,
20,גת (קיבוץ),340,331,471,332,24,0.07250755287009064,אמת,0.513595166163142,גת קיבוץ,0.7048832271762208,
20,חברון,3400,231,271,231,107,0.46320346320346323,קץ,0.4935064935064935,חברון,0.8523985239852399,43.0
20,גברעם,342,211,296,211,24,0.11374407582938388,אמת,0.5450236966824644,גברעם,0.7128378378378378,
20,חמדיה,343,226,315,227,50,0.22123893805309736,אמת,0.5265486725663717,חמדיה,0.7206349206349206,
20,מענית,344,408,485,410,29,0.07107843137254902,אמת,0.5318627450980392,מענית,0.845360824742268,
20,כפר סאלד,345,333,443,333,17,0.05105105105105105,אמת,0.6846846846846847,כפר סאלד,0.7516930022573364,
20,גליל ים,346,269,318,271,27,0.10037174721189591,אמת,0.6282527881040892,גליל ים,0.8522012578616353,
20,מנרה,347,137,215,138,3,0.021897810218978103,אמת,0.6715328467153284,מנרה,0.641860465116279,
20,ניר עם,348,215,339,216,27,0.12558139534883722,אמת,0.5767441860465117,ניר עם,0.6371681415929203,
20,כפר עציון,3488,337,421,337,281,0.8338278931750742,טב,0.6261127596439169,כפר עציון,0.8004750593824228,63.0
20,גדות,35,243,355,243,12,0.04938271604938271,אמת,0.6296296296296297,גדות,0.6845070422535211,
20,ניצן,351,744,932,744,565,0.7594086021505376,טב,0.45564516129032256,ניצן,0.7982832618025751,
20,גבולות,352,161,273,165,13,0.08074534161490683,מרצ,0.36645962732919257,גבולות,0.6043956043956044,
20,בית זיד,353,68,108,68,6,0.08823529411764706,אמת,0.6029411764705882,בית זיד,0.6296296296296297,
20,רביבים,354,451,678,451,45,0.09977827050997783,אמת,0.6119733924611973,רביבים,0.6651917404129793,
20,חורשים,355,184,273,184,27,0.14673913043478262,אמת,0.375,חורשים,0.673992673992674,
20,נתיב הגדוד,3555,105,149,105,36,0.34285714285714286,אמת,0.2857142857142857,נתיב הגדוד,0.7046979865771812,103.0
20,אלמוג,3556,104,145,105,18,0.17307692307692307,אמת,0.5096153846153846,אלמוג,0.7241379310344828,9.0
20,קדומים,3557,2045,2382,2053,1772,0.8665036674816626,טב,0.6513447432762837,קדומים,0.8618807724601175,123.0
20,תומר,3558,176,243,177,78,0.4431818181818182,מחל,0.2784090909090909,תומר,0.7283950617283951,145.0
20,הגושרים,356,414,562,414,66,0.15942028985507245,אמת,0.5603864734299517,הגושרים,0.7366548042704626,
20,אלקנה,3560,2094,2455,2100,1849,0.8829990448901623,טב,0.6967526265520535,אלקנה,0.8553971486761711,13.0
20,מגדל עוז,3561,173,240,173,157,0.9075144508670521,טב,0.7283236994219653,מגדל עוז,0.7208333333333333,70.0
20,תקוע,3563,1457,1797,1459,1185,0.8133150308853809,טב,0.4921070693205216,תקוע,0.8119087367835282,147.0
20,כוכב השחר,3564,871,1014,872,572,0.6567164179104478,טב,0.5671641791044776,כוכב השחר,0.8599605522682445,59.0
20,רימונים,3565,315,454,317,226,0.7174603174603175,מחל,0.5206349206349207,רימונים,0.698237885462555,135.0
20,יפית,3566,82,135,82,46,0.5609756097560976,מחל,0.3170731707317073,יפית,0.6074074074074074,56.0
20,סלעית,3567,317,408,318,60,0.1892744479495268,אמת,0.4668769716088328,סלעית,0.7794117647058824,105.0
20,ריחן,3568,99,131,100,38,0.3838383838383838,אמת,0.29292929292929293,ריחן,0.7633587786259542,134.0
20,מבוא דותן,3569,169,265,169,114,0.6745562130177515,מחל,0.4319526627218935,מבוא דותן,0.6377358490566037,67.0
20,כפר בלום,357,451,645,452,64,0.1419068736141907,אמת,0.541019955654102,כפר בלום,0.7007751937984497,
20,אריאל,3570,9717,14190,9876,5905,0.60769784913039,מחל,0.46166512298034373,אריאל,0.6959830866807611,17.0
20,שבי שומרון,3571,408,520,409,273,0.6691176470588235,טב,0.38480392156862747,שבי שומרון,0.7865384615384615,137.0
20,כפר תפוח,3572,371,490,372,256,0.6900269541778976,טב,0.3935309973045822,כפר תפוח,0.7591836734693878,64.0
20,חלמיש,3573,629,761,631,541,0.8600953895071543,טב,0.615262321144674,חלמיש,0.8291721419185283,47.0
20,בית אל,3574,2726,3210,2730,1951,0.7157006603081438,טב,0.5884079236977257,בית אל,0.8504672897196262,19.0
20,בית חורון,3575,606,706,606,486,0.801980198019802,טב,0.4636963696369637,בית חורון,0.8583569405099151,23.0
20,מצפה יריחו,3576,987,1166,989,700,0.7092198581560284,טב,0.5329280648429585,מצפה יריחו,0.8481989708404802,85.0
20,שדמות מחולה,3578,263,321,263,226,0.8593155893536122,טב,0.752851711026616,שדמות מחולה,0.8193146417445483,138.0
20,אלון מורה,3579,751,904,751,516,0.6870838881491345,טב,0.5712383488681758,אלון מורה,0.8307522123893806,7.0
20,יד מרדכי,358,477,648,477,27,0.05660377358490566,אמת,0.41509433962264153,יד מרדכי,0.7361111111111112,
20,ניצנים,359,260,344,262,5,0.019230769230769232,אמת,0.6230769230769231,ניצנים,0.7616279069767442,
20,ארגמן,3598,87,130,88,48,0.5517241379310345,מחל,0.39080459770114945,ארגמן,0.676923076923077,16.0
20,מחולה,3599,322,394,324,246,0.7639751552795031,טב,0.5745341614906833,מחולה,0.8223350253807107,74.0
20,שדה דוד,36,199,295,203,151,0.7587939698492462,מחל,0.592964824120603,שדה דוד,0.688135593220339,
20,"גבעת ניל""י",360,333,412,333,125,0.37537537537537535,מחל,0.33633633633633636,גבעת ניל י,0.808252427184466,
20,קליה,3601,254,330,255,82,0.3228346456692913,אמת,0.28346456692913385,קליה,0.7727272727272727,125.0
20,ראש צורים,3602,411,461,412,380,0.9245742092457421,טב,0.7664233576642335,ראש צורים,0.8937093275488069,129.0
20,הר גילה,3603,691,864,694,402,0.5817655571635311,מחל,0.40955137481910275,הר גילה,0.8032407407407407,40.0
20,אלון שבות,3604,1659,2009,1663,1480,0.8921036769138035,טב,0.6443640747438216,אלון שבות,0.827775012444002,8.0
20,משואה,3605,96,132,97,64,0.6666666666666666,מחל,0.40625,משואה,0.7348484848484849,87.0
20,גלגל,3606,82,132,82,36,0.43902439024390244,פה,0.2682926829268293,גלגל,0.6212121212121212,36.0
20,"ייט""ב",3607,137,168,138,62,0.45255474452554745,ל,0.3795620437956204,ייט ב,0.8214285714285714,55.0
20,מעלה אפרים,3608,640,1165,650,381,0.5953125,מחל,0.3703125,מעלה אפרים,0.5579399141630901,78.0
20,חמרה,3609,93,132,93,44,0.4731182795698925,מחל,0.3548387096774194,חמרה,0.7045454545454546,49.0
20,מצפה שלם,3610,110,151,110,13,0.11818181818181818,אמת,0.5545454545454546,מצפה שלם,0.7284768211920529,86.0
20,קרית ארבע,3611,3319,4492,3340,2020,0.608617053329316,טב,0.34377824645977706,קרית ארבע,0.7435440783615316,126.0
20,בקעות,3612,115,142,115,56,0.48695652173913045,מחל,0.391304347826087,בקעות,0.8098591549295775,25.0
20,גיתית,3613,150,187,150,97,0.6466666666666666,טב,0.4066666666666667,גיתית,0.8021390374331551,35.0
20,מכורה,3614,81,115,81,34,0.41975308641975306,מחל,0.2716049382716049,מכורה,0.7043478260869566,75.0
20,פצאל,3615,176,225,176,96,0.5454545454545454,מחל,0.32954545454545453,פצאל,0.7822222222222223,121.0
20,מעלה אדומים,3616,19860,26709,20009,13656,0.6876132930513595,מחל,0.4769385699899295,מעלה אדמים,0.7491482271893369,77.0
20,עופרה,3617,1479,1782,1485,1303,0.881000676132522,טב,0.7106152805949966,עופרה,0.8333333333333334,
20,אלעזר,3618,1107,1309,1108,991,0.8952122854561879,טב,0.6214995483288166,אלעזר,0.8464476699770818,11.0
20,רועי,3619,154,190,154,88,0.5714285714285714,טב,0.35064935064935066,רועי,0.8105263157894737,131.0
20,רוחמה,362,301,457,305,17,0.05647840531561462,אמת,0.5581395348837209,רוחמה,0.6673960612691466,
20,נירן,3620,55,72,55,0,0.0,אמת,0.8545454545454545,נירן,0.7638888888888888,99.0
20,חפץ חיים,363,281,321,282,238,0.8469750889679716,טב,0.5551601423487544,חפץ חיים,0.8785046728971962,
20,מעלה שומרון,3637,461,567,461,357,0.7744034707158352,טב,0.368763557483731,מעלה שומרון,0.8130511463844797,82.0
20,כפר אדומים,3638,1681,2062,1681,1231,0.7323022010707912,מחל,0.3682331945270672,כפר אדומים,0.8152279340446169,61.0
20,ורד יריחו,3639,135,173,136,80,0.5925925925925926,מחל,0.3925925925925926,ורד יריחו,0.7861271676300579,42.0
20,כפר אוריה,364,402,499,402,119,0.2960199004975124,אמת,0.3681592039800995,כפר אוריה,0.8056112224448898,
20,קרני שומרון,3640,3662,4757,3690,2895,0.7905516111414528,טב,0.4593118514472966,קרני שומרון,0.7756989699390372,128.0
20,שילה,3641,1309,1554,1310,963,0.7356760886172651,טב,0.5813598166539343,שילה,0.842985842985843,139.0
20,חיננית,3643,502,625,506,305,0.6075697211155379,טב,0.4362549800796813,חיננית,0.8096,46.0
20,גבעון החדשה,3644,749,1026,758,386,0.5153538050734312,מחל,0.36315086782376504,גבעון החדשה,0.7387914230019493,32.0
20,בית הערבה,3645,51,62,53,21,0.4117647058823529,אמת,0.2549019607843137,בית הערבה,0.8548387096774194,22.0
20,יקיר,3647,824,956,826,733,0.8895631067961165,טב,0.6456310679611651,יקיר,0.8640167364016736,58.0
20,מתתיהו,3648,218,341,225,196,0.8990825688073395,ג,0.7385321100917431,מתתיהו,0.6598240469208211,
20,שקד,3649,395,516,399,209,0.529113924050633,מחל,0.3037974683544304,שקד,0.7732558139534884,144.0
20,בית קשת,365,290,402,293,16,0.05517241379310345,אמת,0.603448275862069,בית קשת,0.7288557213930348,
20,אפרת,3650,4569,5868,4583,3953,0.8651783760122566,טב,0.5473845480411469,אפרת,0.7810156782549421,15.0
20,מעלה מכמש,3651,681,781,682,529,0.7767988252569751,טב,0.5741556534508077,מעלה מכמש,0.8732394366197183,80.0
20,בית אריה,3652,2404,3082,2429,1514,0.629783693843594,מחל,0.3876871880199667,בית אריה,0.7881245944192083,21.0
20,מעלה עמוס,3653,158,230,163,125,0.7911392405063291,ג,0.44936708860759494,מעלה עמוס,0.7086956521739131,81.0
20,ברקן,3654,896,1180,898,618,0.6897321428571429,מחל,0.48660714285714285,ברקן,0.7610169491525424,
20,"ניל""י",3655,669,832,671,348,0.5201793721973094,מחל,0.3333333333333333,ניל י,0.8064903846153846,97.0
20,כרמל,3656,214,263,214,166,0.7757009345794392,טב,0.6822429906542056,כרמל,0.8136882129277566,66.0
20,מעון,3657,204,259,204,152,0.7450980392156863,טב,0.6911764705882353,מעון,0.7876447876447876,76.0
20,עטרת,3658,244,279,244,202,0.8278688524590164,טב,0.7336065573770492,עטרת,0.8745519713261649,108.0
20,פסגות,3659,825,957,828,627,0.76,טב,0.6060606060606061,פסגות,0.8652037617554859,120.0
20,שמיר,366,472,661,473,31,0.06567796610169492,אמת,0.4830508474576271,שמיר,0.7155824508320726,
20,עמנואל,3660,1380,1911,1392,997,0.722463768115942,שס,0.33260869565217394,עמנואל,0.728414442700157,113.0
20,עין העמק,367,416,553,419,249,0.5985576923076923,מחל,0.47115384615384615,עין העמק,0.7576853526220615,
20,ביריה,368,430,583,434,253,0.5883720930232558,מחל,0.37906976744186044,ביריה,0.7444253859348199,
20,גלעד (אבן יצחק),369,271,358,272,10,0.03690036900369004,אמת,0.6826568265682657,גלעד אבן יצחק,0.7597765363128491,
20,איתן,37,254,310,255,125,0.4921259842519685,קץ,0.39763779527559057,איתן,0.8225806451612904,
20,גזר,370,191,356,191,20,0.10471204188481675,אמת,0.5078534031413613,גזר,0.5365168539325843,
20,מבוא חורון,3709,858,942,861,569,0.6631701631701632,טב,0.5221445221445221,מבוא חורון,0.9140127388535032,68.0
20,ברכה,3710,816,953,818,706,0.8651960784313726,מחל,0.5833333333333334,ברכה,0.8583420776495279,27.0
20,ענב,3712,357,429,360,281,0.7871148459383753,טב,0.5098039215686274,ענב,0.8391608391608392,114.0
20,"נעמ""ה",3713,77,126,77,28,0.36363636363636365,אמת,0.3246753246753247,נעמ ה,0.6111111111111112,
20,עלמון,3715,640,825,640,435,0.6796875,מחל,0.5109375,עלמון,0.7757575757575758,111.0
20,חרמש,3717,121,181,122,42,0.34710743801652894,ל,0.2396694214876033,חרמש,0.6740331491712708,50.0
20,תלם,3719,100,134,100,56,0.56,טב,0.33,תלם,0.746268656716418,146.0
20,רמות נפתלי,372,303,421,305,90,0.297029702970297,אמת,0.33663366336633666,רמות נפתלי,0.7244655581947743,
20,שערי תקווה,3720,2842,3533,2854,1841,0.6477832512315271,מחל,0.34799437016185786,שערי תקווה,0.8078120577412964,143.0
20,אשכולות,3722,165,212,166,80,0.48484848484848486,מחל,0.32727272727272727,אשכולות,0.7830188679245284,18.0
20,פני חבר,3723,166,192,166,73,0.4397590361445783,קץ,0.5421686746987951,פני חבר,0.8645833333333334,119.0
20,נגוהות,3724,82,87,82,66,0.8048780487804879,טב,0.7195121951219512,נגוהות,0.9425287356321839,90.0
20,נווה דניאל,3725,1089,1341,1093,973,0.8934802571166207,טב,0.6345270890725436,נווה דניאל,0.8150633855331841,91.0
20,נוקדים,3726,756,922,760,522,0.6904761904761905,טב,0.3915343915343915,נוקדים,0.824295010845987,94.0
20,עלי זהב,3727,530,657,532,467,0.8811320754716981,טב,0.6056603773584905,עלי זהב,0.8097412480974124,110.0
20,בית הלוי,373,419,513,420,49,0.11694510739856802,אמת,0.5274463007159904,בית הלוי,0.8187134502923976,
20,גבעת זאב,3730,7802,10109,7854,5383,0.6899512945398616,מחל,0.33888746475262754,גבעת זאב,0.7769314472252449,34.0
20,חוקוק,374,280,406,282,27,0.09642857142857143,אמת,0.5428571428571428,חוקוק,0.6945812807881774,
20,טנא,3743,362,474,363,198,0.5469613259668509,טב,0.32044198895027626,טנא,0.7658227848101266,54.0
20,ברוכין,3744,198,230,198,179,0.9040404040404041,טב,0.7777777777777778,ברוכין,0.8608695652173913,26.0
20,מצדות יהודה,3745,249,285,249,197,0.7911646586345381,טב,0.6746987951807228,מצדות יהודה,0.8736842105263158,83.0
20,קרית נטפים,3746,306,352,306,269,0.8790849673202614,טב,0.5686274509803921,קרית נטפים,0.8693181818181818,127.0
20,דולב,3747,608,725,611,533,0.8766447368421053,טב,0.7549342105263158,דולב,0.8427586206896551,38.0
20,עתניאל,3748,335,391,335,262,0.7820895522388059,טב,0.6805970149253732,עתניאל,0.8567774936061381,117.0
20,יצהר,3749,448,539,448,107,0.23883928571428573,קץ,0.7410714285714286,יצהר,0.8311688311688312,57.0
20,מגל,375,597,717,600,27,0.04522613065326633,אמת,0.6633165829145728,מגל,0.8368200836820083,
20,אלפי מנשה,3750,4237,5366,4249,1779,0.41987255133349066,מחל,0.30351663913146093,אלפי מנשה,0.7918374953410362,12.0
20,מגדלים,3751,93,134,93,60,0.6451612903225806,טב,0.3655913978494624,מגדלים,0.6940298507462687,71.0
20,מעלה לבונה,3752,289,359,291,196,0.6782006920415224,טב,0.4740484429065744,מעלה לבונה,0.8105849582172702,79.0
20,אספר,3754,185,248,187,142,0.7675675675675676,ג,0.372972972972973,אספר,0.7540322580645161,
20,סוסיה,3756,426,525,429,354,0.8309859154929577,טב,0.7464788732394366,סוסיה,0.8171428571428572,104.0
20,אדורה,3759,176,220,176,97,0.5511363636363636,טב,0.32386363636363635,אדורה,0.8,3.0
20,עברון,376,485,614,489,13,0.026804123711340205,אמת,0.6536082474226804,עברון,0.7964169381107492,
20,אורנית,3760,4651,5690,4660,1970,0.4235648247688669,מחל,0.26101913566974844,אורנית,0.8189806678383128,4.0
20,איתמר,3762,398,485,398,230,0.5778894472361809,טב,0.4472361809045226,איתמר,0.8206185567010309,5.0
20,גבע בנימין,3763,2161,2743,2182,1511,0.6992133271633503,מחל,0.4021286441462286,גבע בנימין,0.7954794021144732,
20,חגי,3764,225,256,225,160,0.7111111111111111,טב,0.56,חגי,0.87890625,44.0
20,עלי,3765,1525,1900,1529,1113,0.7298360655737705,טב,0.49836065573770494,עלי,0.8047368421052632,109.0
20,כרמי צור,3766,475,529,475,384,0.8084210526315789,טב,0.6442105263157895,כרמי צור,0.8979206049149339,65.0
20,נחליאל,3767,244,288,245,69,0.2827868852459016,קץ,0.7090163934426229,נחליאל,0.8506944444444444,96.0
20,פדואל,3768,684,789,686,587,0.8581871345029239,טב,0.7266081871345029,פדואל,0.8694550063371356,118.0
20,הר אדר,3769,2125,2668,2135,501,0.23576470588235293,אמת,0.38776470588235296,הר אדר,0.8002248875562219,39.0
20,המעפיל,377,438,571,440,26,0.0593607305936073,אמת,0.5,המעפיל,0.7705779334500875,
20,חשמונאים,3770,1736,2188,1741,1466,0.8444700460829493,טב,0.49827188940092165,חשמונאים,0.7957038391224863,51.0
20,סנסנה,3777,145,163,145,133,0.9172413793103448,טב,0.7586206896551724,סנסנה,0.8895705521472392,106.0
20,עץ אפרים,3778,803,955,807,593,0.7384806973848069,טב,0.3549190535491905,עץ אפרים,0.8450261780104712,116.0
20,כוכב יעקב,3779,2684,3243,2700,1791,0.6672876304023845,קץ,0.3181818181818182,כוכב יעקב,0.8325624421831638,60.0
20,משגב עם,378,164,236,166,11,0.06707317073170732,אמת,0.5975609756097561,משגב עם,0.7033898305084746,
20,ביתר עילית,3780,15976,19103,16125,13586,0.850400600901352,ג,0.5850650976464697,ביתר עלית,0.8441082552478668,24.0
20,קדר,3781,656,822,660,483,0.7362804878048781,מחל,0.5685975609756098,קדר,0.8029197080291971,124.0
20,שמעה,3784,211,304,214,136,0.6445497630331753,טב,0.33649289099526064,שמעה,0.7039473684210527,140.0
20,נעלה,3787,629,785,634,330,0.5246422893481717,מחל,0.314785373608903,נעלה,0.8076433121019109,100.0
20,טלמון,3788,1357,1538,1360,997,0.7347089167280766,טב,0.6403831982313928,טלמון,0.8842652795838751,53.0
20,גאולים,379,522,647,528,192,0.367816091954023,אמת,0.28160919540229884,גאולים,0.8160741885625966,
20,נופים,3790,309,425,311,251,0.8122977346278317,מחל,0.5307443365695793,נופים,0.731764705882353,93.0
20,צופים,3791,923,1104,928,673,0.7291440953412784,טב,0.419284940411701,צופים,0.8405797101449275,122.0
20,אבני חפץ,3793,733,854,735,568,0.7748976807639836,טב,0.5306957708049114,אבני חפץ,0.860655737704918,1.0
20,בת עין,3794,524,703,525,282,0.5381679389312977,קץ,0.40458015267175573,בת עין,0.7467994310099573,29.0
20,רבבה,3795,715,787,716,620,0.8671328671328671,טב,0.7636363636363637,רבבה,0.9097839898348158,130.0
20,כפר האורנים,3796,1099,1358,1104,201,0.18289353958143767,אמת,0.40036396724294815,כפר האורנים,0.812960235640648,
20,מודיעין עילית,3797,19866,23529,21002,18901,0.9514245444478002,ג,0.7572737340179201,מודיעין עלית,0.892600620510859,73.0
20,להבות הבשן,380,461,629,463,54,0.11713665943600868,אמת,0.40130151843817785,להבות הבשן,0.7360890302066773,
20,מכמורת,382,734,1040,737,61,0.08310626702997276,אמת,0.5667574931880109,מכמורת,0.7086538461538462,
20,רחלים,3822,199,213,199,169,0.8492462311557789,טב,0.7135678391959799,רחלים,0.9342723004694836,133.0
20,"עין הנצי""ב",383,333,429,333,249,0.7477477477477478,טב,0.5945945945945946,עין הנצי ב,0.7762237762237763,
20,עמיעד,385,269,418,269,13,0.048327137546468404,אמת,0.6877323420074349,עמיעד,0.6435406698564593,
20,בני דרור,386,741,1034,746,157,0.21187584345479082,אמת,0.50472334682861,בני דרור,0.7214700193423598,
20,כפר מונש,387,488,618,491,38,0.0778688524590164,אמת,0.5655737704918032,כפר מונש,0.7944983818770227,
20,כפר קיש,388,276,374,278,49,0.17753623188405798,אמת,0.5398550724637681,כפר קיש,0.7433155080213903,
20,בצרה,389,553,691,556,76,0.13743218806509946,אמת,0.5443037974683544,בצרה,0.804630969609262,
20,גפן,39,194,252,197,162,0.8350515463917526,מחל,0.5515463917525774,גפן,0.7817460317460317,
20,רגבה,390,634,829,637,97,0.1529968454258675,אמת,0.5725552050473186,רגבה,0.7683956574185766,
20,גלאון,393,262,388,264,12,0.04580152671755725,אמת,0.5076335877862596,גלאון,0.6804123711340206,
20,שובל,394,388,528,390,29,0.07474226804123711,אמת,0.5025773195876289,שובל,0.7386363636363636,
20,משמר הנגב,395,490,736,493,53,0.10816326530612246,אמת,0.6591836734693878,משמר הנגב,0.6698369565217391,
20,נבטים,396,478,589,481,197,0.4121338912133891,אמת,0.30962343096234307,נבטים,0.8166383701188455,
20,חצרים,397,586,768,586,25,0.042662116040955635,אמת,0.6962457337883959,חצרים,0.7630208333333334,
20,שרשרת,398,177,229,179,102,0.576271186440678,מחל,0.4463276836158192,שרשרת,0.7816593886462883,
20,בארי,399,667,804,669,33,0.049475262368815595,אמת,0.664167916041979,בארי,0.832089552238806,
20,אבן שמואל,400,519,586,522,373,0.7186897880539499,טב,0.44701348747591524,אבן שמואל,0.8907849829351536,
20,חיפה,4000,149560,243274,151318,47293,0.3162142284033164,מספר קלפי,0.8877106178122492,חיפה,0.6220064618496017,
20,בוקעאתא,4001,17,363,17,6,0.35294117647058826,מחל,0.29411764705882354,בוקעאתא,0.046831955922865015,
20,אלי-עד,4002,181,260,181,36,0.19889502762430938,אמת,0.3314917127071823,אלי עד,0.6961538461538461,
20,אל-רום,4003,205,296,207,20,0.0975609756097561,אמת,0.5024390243902439,אל רום,0.6993243243243243,
20,כפר חרוב,4004,215,332,216,25,0.11627906976744186,אמת,0.5069767441860465,כפר חרוב,0.6506024096385542,
20,חספין,4005,576,703,576,499,0.8663194444444444,טב,0.7378472222222222,חספין,0.8193456614509246,
20,קשת,4006,297,379,299,220,0.7407407407407407,טב,0.6363636363636364,קשת,0.7889182058047494,
20,יונתן,4007,233,296,234,192,0.8240343347639485,טב,0.6137339055793991,יונתן,0.7905405405405406,
20,מעלה גמלא,4008,252,335,252,30,0.11904761904761904,אמת,0.5,מעלה גמלא,0.7522388059701492,
20,שעל,4009,170,219,172,55,0.3235294117647059,אמת,0.23529411764705882,שעל,0.7853881278538812,
20,אודם,4010,80,102,80,16,0.2,אמת,0.3625,אודם,0.7843137254901961,
20,אבני איתן,4011,285,366,285,208,0.7298245614035088,טב,0.5368421052631579,אבני איתן,0.7786885245901639,
20,אניעם,4012,279,393,282,65,0.23297491039426524,אמת,0.2903225806451613,אניעם,0.7175572519083969,
20,אורטל,4013,162,224,163,30,0.18518518518518517,אמת,0.345679012345679,אורטל,0.7276785714285714,
20,נטור,4014,150,189,150,88,0.5866666666666667,טב,0.32666666666666666,נטור,0.7936507936507936,
20,בני יהודה,4015,619,867,621,174,0.28109854604200324,אמת,0.2875605815831987,בני יהודה,0.7162629757785467,
20,אלוני הבשן,4017,156,184,156,132,0.8461538461538461,טב,0.5641025641025641,אלוני הבשן,0.8478260869565217,
20,ניר יצחק,402,381,566,381,9,0.023622047244094488,מרצ,0.45931758530183725,ניר יצחק,0.6731448763250883,
20,גבעת יואב,4021,343,434,345,88,0.2565597667638484,אמת,0.36443148688046645,גבעת יואב,0.7949308755760369,
20,גשור,4022,137,195,138,28,0.20437956204379562,אמת,0.4306569343065693,גשור,0.7076923076923077,
20,קלע,4024,93,156,95,23,0.24731182795698925,אמת,0.3548387096774194,קלע,0.6089743589743589,
20,קדמת צבי,4025,221,306,222,54,0.24434389140271492,אמת,0.4343891402714932,קדמת צבי,0.7254901960784313,
20,חד-נס,4026,419,576,420,154,0.36754176610978523,אמת,0.2577565632458234,חד נס,0.7291666666666666,
20,כנף,4028,191,255,191,49,0.25654450261780104,פה,0.31413612565445026,כנף,0.7490196078431373,
20,אורים,403,256,424,260,17,0.06640625,אמת,0.609375,אורים,0.6132075471698113,
20,נווה אילן,405,492,705,493,111,0.22560975609756098,אמת,0.3983739837398374,נווה אילן,0.699290780141844,
20,חצור-אשדוד,406,446,628,447,10,0.02242152466367713,אמת,0.46860986547085204,חצור אשדוד,0.7117834394904459,
20,דברת,407,161,235,163,19,0.11801242236024845,אמת,0.6149068322981367,דברת,0.6936170212765957,
20,נאות מרדכי,408,340,479,340,45,0.1323529411764706,אמת,0.5911764705882353,נאות מרדכי,0.7098121085594989,
20,יחיעם,409,325,466,325,26,0.08,אמת,0.5415384615384615,יחיעם,0.6974248927038627,
20,אליכין,41,1938,2459,1955,1126,0.5810113519091847,מחל,0.3410732714138287,אליכין,0.7950386335908906,
20,קצרין,4100,3508,5769,3556,1395,0.3976624857468643,מחל,0.25655644241733183,קצרין,0.6163979892529035,
20,מרום גולן,4101,355,501,355,59,0.16619718309859155,אמת,0.49295774647887325,מרום גולן,0.7085828343313373,
20,צאלים,413,284,374,284,19,0.06690140845070422,אמת,0.5563380281690141,צאלים,0.7593582887700535,
20,קלחים,414,249,323,250,79,0.3172690763052209,אמת,0.36947791164658633,קלחים,0.7739938080495357,
20,שוקדה,415,162,200,163,131,0.808641975308642,מחל,0.4012345679012346,שוקדה,0.815,
20,מעין ברוך,416,347,471,347,36,0.1037463976945245,אמת,0.5244956772334294,מעין ברוך,0.7367303609341825,
20,יקום,417,407,508,408,13,0.03194103194103194,אמת,0.547911547911548,יקום,0.8031496062992126,
20,בני ציון,418,662,807,663,102,0.1540785498489426,אמת,0.4743202416918429,בני ציון,0.8215613382899628,
20,סעד,419,476,594,477,311,0.6533613445378151,טב,0.4831932773109244,סעד,0.803030303030303,
20,מג'דל שמס,4201,107,580,114,44,0.411214953271028,אמת,0.37383177570093457,מג דל שמס,0.19655172413793104,
20,מסעדה,4203,25,217,26,5,0.2,אמת,0.48,מסעדה,0.11981566820276497,
20,מבוא חמה,4204,241,345,242,30,0.12448132780082988,אמת,0.5809128630705395,מבוא חמה,0.7014492753623188,
20,משאבי שדה,421,317,458,318,26,0.08201892744479496,אמת,0.6498422712933754,משאבי שדה,0.6943231441048034,
20,חרב לאת,422,415,510,420,85,0.20481927710843373,אמת,0.4530120481927711,חרב לאת,0.8235294117647058,
20,העוגן,423,456,603,462,22,0.04824561403508772,אמת,0.4824561403508772,העוגן,0.7661691542288557,
20,גבים,424,269,353,269,24,0.08921933085501858,אמת,0.5464684014869888,גבים,0.7620396600566572,
20,משמרת,425,504,622,504,51,0.10119047619047619,אמת,0.5436507936507936,משמרת,0.8102893890675241,
20,עין כרמל,426,375,470,376,21,0.056,אמת,0.6293333333333333,עין כרמל,0.8,
20,כפר גלים,427,59,84,60,27,0.4576271186440678,מחל,0.423728813559322,כפר גלים,0.7142857142857143,
20,ברור חיל,428,467,674,467,58,0.12419700214132762,אמת,0.576017130620985,ברור חיל,0.6928783382789317,
20,אלוני אבא,429,502,611,502,50,0.099601593625498,אמת,0.545816733067729,אלוני אבא,0.8216039279869067,
20,מטולה,43,921,1400,924,222,0.24104234527687296,אמת,0.38870792616720956,מטולה,0.66,
20,בית לחם הגלילית,430,439,560,443,71,0.16173120728929385,אמת,0.49430523917995445,בית לחם הגלילית,0.7910714285714285,
20,אפיק,4301,216,312,217,34,0.1574074074074074,אמת,0.3888888888888889,אפיק,0.6955128205128205,
20,"נווה אטי""ב",4303,108,154,110,20,0.18518518518518517,פה,0.3148148148148148,נווה אטי ב,0.7142857142857143,
20,נוב,4304,380,447,381,323,0.85,טב,0.6105263157894737,נוב,0.8523489932885906,
20,דלתון,431,427,588,431,352,0.8243559718969555,מחל,0.5878220140515222,דלתון,0.7329931972789115,
20,שמרת,432,258,354,258,14,0.05426356589147287,אמת,0.5038759689922481,שמרת,0.7288135593220338,
20,נחשולים,433,407,510,408,19,0.04668304668304668,אמת,0.6781326781326781,נחשולים,0.8,
20,החותרים,434,398,503,399,21,0.052763819095477386,אמת,0.6633165829145728,החותרים,0.7932405566600398,
20,נצר סרני,435,437,548,437,18,0.041189931350114416,אמת,0.7231121281464531,נצר סרני,0.7974452554744526,
20,עין דור,436,583,873,584,32,0.0548885077186964,אמת,0.47684391080617494,עין דור,0.6689576174112256,
20,רשפים,437,310,391,311,18,0.05806451612903226,אמת,0.567741935483871,רשפים,0.7953964194373402,
20,שלוחות,439,282,385,284,192,0.6808510638297872,טב,0.5177304964539007,שלוחות,0.7376623376623377,
20,זוהר,44,199,272,200,143,0.7185929648241206,מחל,0.507537688442211,זוהר,0.7352941176470589,
20,יסודות,440,271,300,273,261,0.9630996309963099,ג,0.9188191881918819,יסודות,0.91,
20,גדעונה,442,187,254,190,109,0.5828877005347594,מחל,0.4385026737967914,גדעונה,0.7480314960629921,
20,כפר הנשיא,443,404,691,408,30,0.07425742574257425,אמת,0.5767326732673267,כפר הנשיא,0.5904486251808972,
20,רגבים,444,259,379,261,17,0.06563706563706563,אמת,0.6332046332046332,רגבים,0.6886543535620053,
20,רמות מנשה,445,619,780,620,27,0.04361873990306947,אמת,0.5008077544426495,רמות מנשה,0.7948717948717948,
20,אודים,446,588,714,590,90,0.15306122448979592,אמת,0.48299319727891155,אודים,0.8263305322128851,
20,נורדיה,447,1334,1697,1343,327,0.24512743628185907,אמת,0.41904047976011993,נורדיה,0.7913965822038892,
20,בני עטרות,448,497,595,497,82,0.16498993963782696,אמת,0.4768611670020121,בני עטרות,0.8352941176470589,
20,נחלים,449,746,871,748,626,0.839142091152815,טב,0.6233243967828418,נחלים,0.8587830080367393,
20,בארות יצחק,450,278,408,280,176,0.6330935251798561,טב,0.49640287769784175,בארות יצחק,0.6862745098039216,
20,ע'ג'ר,4501,684,1470,690,204,0.2982456140350877,כ,0.2997076023391813,ע ג ר,0.46938775510204084,
20,עין זיוון,4503,154,238,155,22,0.14285714285714285,אמת,0.44155844155844154,עין זיוון,0.6512605042016807,
20,יזרעאל,452,351,565,353,20,0.05698005698005698,אמת,0.6695156695156695,יזרעאל,0.6247787610619469,
20,יפתח,453,351,510,354,23,0.06552706552706553,אמת,0.7122507122507122,יפתח,0.6941176470588235,
20,סער,454,401,540,401,66,0.16458852867830423,אמת,0.45885286783042395,סער,0.7425925925925926,
20,נאות גולן,4551,253,358,256,58,0.22924901185770752,אמת,0.3201581027667984,נאות גולן,0.7150837988826816,
20,שורש,456,647,827,652,149,0.2302936630602782,אמת,0.4327666151468315,שורש,0.788391777509069,
20,גזית,457,436,584,436,13,0.02981651376146789,אמת,0.46788990825688076,גזית,0.7465753424657534,
20,יבנאל,46,1771,2350,1780,1183,0.6679841897233202,שס,0.37888198757763975,יבנאל,0.7574468085106383,
20,רמת רזיאל,460,334,449,338,86,0.25748502994011974,אמת,0.32335329341317365,רמת רזיאל,0.7527839643652561,
20,טל שחר,462,568,684,568,94,0.16549295774647887,אמת,0.4964788732394366,טל שחר,0.8304093567251462,
20,געתון,463,310,462,312,17,0.054838709677419356,אמת,0.4935483870967742,געתון,0.6753246753246753,
20,הראל,464,104,199,104,5,0.04807692307692308,אמת,0.4230769230769231,הראל,0.5226130653266332,
20,צובה,465,433,633,435,29,0.06697459584295612,אמת,0.7090069284064665,צובה,0.6872037914691943,
20,בית דגן,466,3757,4833,3774,2007,0.5342028214000533,מחל,0.3835507053500133,בית דגן,0.7808814400993171,
20,קרית עקרון,469,5747,8022,5813,3456,0.6013572298590569,מחל,0.4470158343483557,קרית עקרון,0.724632261281476,
20,כפר תבור,47,2094,2785,2097,578,0.27602674307545366,אמת,0.4068767908309456,כפר תבור,0.7529622980251347,
20,רמת מגשימים,4701,352,420,354,297,0.84375,טב,0.625,רמת מגשימים,0.8428571428571429,
20,רמות,4702,324,419,324,38,0.11728395061728394,אמת,0.5277777777777778,רמות,0.7732696897374701,
20,אבו גוש,472,2506,4178,2539,107,0.0426975259377494,ודעם,0.8435754189944135,אבו גוש,0.6077070368597415,
20,אבו סנאן,473,5746,8363,5798,481,0.083710407239819,ודעם,0.6616776888270101,אבו סנאן,0.6932918809039819,
20,דחי,475,256,429,259,3,0.01171875,ודעם,0.90234375,דחי,0.6037296037296037,
20,אכסאל,478,5453,8279,5491,124,0.02273977626994315,ודעם,0.9506693563176233,אכסאל,0.6632443531827515,
20,מנחמיה,48,612,909,618,294,0.4803921568627451,מחל,0.39705882352941174,מנחמיה,0.6798679867986799,
20,בית ג'ן,480,4138,7819,4182,379,0.09159014016433059,אמת,0.4596423392943451,בית ג ן,0.5348510039647014,
20,מגאר,481,6571,14173,6687,1031,0.15690153705676457,ודעם,0.39263430223710244,מגאר,0.47181260142524517,
20,בועיינה-נוג'ידאת,482,3607,5550,3650,64,0.01774327696146382,ודעם,0.8422511782644857,בועיינה נוג ידאת,0.6576576576576577,
20,בענה,483,3813,4832,3824,48,0.012588512981904013,ודעם,0.962496721741411,בענה,0.7913907284768212,
20,ג'ולס,485,2497,4233,2532,486,0.19463356027232678,אמת,0.41489787745294354,ג ולס,0.5981573352232459,
20,ג'ש (גוש חלב),487,1360,2309,1374,21,0.015441176470588236,ודעם,0.6948529411764706,ג ש גוש חלב,0.5950627977479428,
20,דבוריה,489,4504,6074,4512,24,0.0053285968028419185,ודעם,0.9762433392539964,דבוריה,0.7428383272966743,
20,אילניה,49,298,425,301,130,0.436241610738255,מחל,0.3523489932885906,אילניה,0.7082352941176471,
20,דייר אל-אסד,490,5668,7130,5715,374,0.06598447424135498,ודעם,0.8779110797459422,דייר אל אסד,0.8015427769985974,
20,דייר חנא,492,5316,6437,5339,72,0.013544018058690745,ודעם,0.93209179834462,דייר חנא,0.8294236445549169,
20,דאלית אל-כרמל,494,6666,11579,6790,917,0.13756375637563756,כ,0.37593759375937597,דאלית אל כרמל,0.5864064254253389,
20,חורפיש,496,2145,4086,2160,454,0.21165501165501166,כ,0.2512820512820513,חורפיש,0.5286343612334802,
20,טייבה (בעמק),497,619,1054,625,8,0.012924071082390954,ודעם,0.8319870759289176,טייבה בעמק,0.5929791271347249,
20,טורעאן,498,5273,8160,5321,61,0.011568367153423098,ודעם,0.9322966053479993,טורעאן,0.6520833333333333,
20,יפיע,499,7412,11578,7493,232,0.03130059363194819,ודעם,0.8904479222881814,יפיע,0.647175678010019,
20,תל אביב - יפו,5000,261345,403338,263205,69115,0.26445885706632993,מספר קלפי,1.13176069945857,תל אביב יפו,0.652566829805275,
20,ירכא,502,6025,9360,6168,1076,0.17858921161825725,ודעם,0.36946058091286305,ירכא,0.658974358974359,
20,כאבול,504,5736,6993,5763,25,0.004358437935843794,ודעם,0.9806485355648535,כאבול,0.8241098241098241,
20,כאוכב אבו אל-היג',505,1758,2253,1768,5,0.002844141069397042,ודעם,0.9744027303754266,כאוכב אבו אל היג,0.7847314691522415,
20,כפר יאסיף,507,5085,7148,5117,116,0.02281219272369715,ודעם,0.8882989183874139,כפר יאסיף,0.715864577504197,
20,כפר כמא,508,1083,2361,1111,68,0.06278855032317636,אמת,0.5337026777469991,כפר כמא,0.470563320626853,
20,כפר כנא,509,8757,12582,8804,105,0.011990407673860911,ודעם,0.9246317231928742,כפר כנא,0.6997297726911461,
20,כפר מנדא,510,7937,10484,8062,677,0.08529671160388055,ודעם,0.8195791860904624,כפר מנדא,0.7689813048454788,
20,עילוט,511,1902,4475,1941,139,0.07308096740273397,ודעם,0.8296529968454258,עילוט,0.43374301675977656,
20,כפר מצר,512,916,1535,941,33,0.036026200873362446,ודעם,0.8449781659388647,כפר מצר,0.613029315960912,
20,עין ראפה,514,361,562,367,4,0.0110803324099723,ודעם,0.8282548476454293,עין ראפה,0.6530249110320284,
20,מג'ד אל-כרום,516,6658,8940,6691,38,0.005707419645539201,ודעם,0.885401021327726,מג ד אל כרום,0.7484340044742729,
20,מזרעה,517,2094,2665,2106,23,0.010983763132760267,ודעם,0.9063992359121299,מזרעה,0.7902439024390244,
20,מעיליא,518,1745,2364,1765,27,0.015472779369627506,ודעם,0.7621776504297995,מעיליא,0.7466159052453468,
20,לוזית,52,276,355,276,194,0.7028985507246377,מחל,0.3804347826086957,לוזית,0.7774647887323943,
20,משהד,520,3358,4907,3370,31,0.009231685527099465,ודעם,0.9315068493150684,משהד,0.6867739963317709,
20,עין נקובא,521,759,1370,784,35,0.0461133069828722,ודעם,0.7918313570487484,עין נקובא,0.5722627737226277,
20,נחף,522,5084,7214,5106,13,0.0025570416994492528,ודעם,0.970889063729347,נחף,0.7077904075408927,
20,ניין,523,887,1149,897,13,0.014656144306651634,מרצ,0.62119503945885,ניין,0.7806788511749347,
20,נאעורה,524,770,1272,783,4,0.005194805194805195,ודעם,0.8246753246753247,נאעורה,0.6155660377358491,
20,סאג'ור,525,1428,2657,1438,407,0.2850140056022409,אמת,0.23669467787114845,סאג ור,0.5412118931125329,
20,סולם,526,1324,1801,1338,58,0.04380664652567976,ודעם,0.8172205438066465,סולם,0.7429205996668518,
20,שזור,527,197,261,199,121,0.6142131979695431,מחל,0.5076142131979695,שזור,0.7624521072796935,
20,עוזייר,528,932,1665,941,6,0.006437768240343348,ודעם,0.9549356223175965,עוזייר,0.5651651651651651,
20,אעבלין,529,4871,8040,4910,149,0.030589201396017243,ודעם,0.7860808868815439,אעבלין,0.6106965174129353,
20,עתלית,53,3312,4693,3329,1343,0.40549516908212563,מחל,0.2928743961352657,עתלית,0.7093543575538035,
20,עיילבון,530,2650,3765,2670,208,0.07849056603773585,ודעם,0.6264150943396226,עיילבון,0.7091633466135459,
20,עראבה,531,10298,14211,10339,50,0.004855311711011847,ודעם,0.968440473878423,עראבה,0.7275350080923229,
20,עין מאהל,532,5679,7717,5708,94,0.01655220989610847,ודעם,0.9498151082937136,עין מאהל,0.7396656731890631,
20,עספיא,534,4316,8227,4371,219,0.05074142724745134,כ,0.3215940685820204,עספיא,0.5312993800899477,
20,פסוטה,535,1343,2425,1358,20,0.014892032762472078,ודעם,0.7542814594192108,פסוטה,0.56,
20,פקיעין (בוקייעה),536,2601,4011,2616,238,0.0915032679738562,ל,0.30526720492118414,פקיעין בוקייעה,0.6522064323111444,
20,פוריידיס,537,5088,7621,5116,489,0.09610849056603774,ודעם,0.7769261006289309,פוריידיס,0.6713029786117307,
20,שעב,538,3205,4249,3216,57,0.017784711388455537,ודעם,0.8985959438377535,שעב,0.7568839726994587,
20,רומאנה,539,493,622,498,1,0.002028397565922921,ודעם,0.973630831643002,רומאנה,0.8006430868167203,
20,ריחאניה,540,493,881,496,7,0.014198782961460446,אמת,0.4746450304259635,ריחאניה,0.5629965947786606,
20,ג'סר א-זרקא,541,4503,7792,4526,450,0.09993337774816789,ודעם,0.7825893848545414,ג סר א זרקא,0.5808521560574949,
20,ריינה,542,6469,10217,6537,87,0.013448755603648168,ודעם,0.9377028907095378,ריינה,0.6398159929529216,
20,ראמה,543,3514,5935,3580,381,0.10842344906089926,ודעם,0.5637450199203188,ראמה,0.603201347935973,
20,עין אל-אסד,546,278,571,281,91,0.3273381294964029,ל,0.2733812949640288,עין אל אסד,0.4921190893169877,
20,טמרה (יזרעאל),547,717,875,719,31,0.043235704323570434,ודעם,0.8633193863319386,טמרה יזרעאל,0.8217142857142857,
20,גנות הדר,549,493,600,494,142,0.2880324543610548,אמת,0.3367139959432049,גנות הדר,0.8233333333333334,
20,נוגה,55,277,380,278,160,0.5776173285198556,מחל,0.5126353790613718,נוגה,0.7315789473684211,
20,ניר בנים,553,431,538,434,59,0.1368909512761021,אמת,0.5730858468677494,ניר בנים,0.8066914498141264,
20,שדמה,555,278,353,278,38,0.1366906474820144,אמת,0.4676258992805755,שדמה,0.7875354107648725,
20,בוסתן הגליל,559,402,518,403,118,0.2935323383084577,אמת,0.373134328358209,בוסתן הגליל,0.777992277992278,
20,בית אלעזרי,562,798,976,800,226,0.2832080200501253,אמת,0.34711779448621555,בית אלעזרי,0.819672131147541,
20,משמר דוד,563,311,375,314,47,0.15112540192926044,אמת,0.42443729903536975,משמר דוד,0.8373333333333334,
20,רבדים,564,382,501,383,22,0.05759162303664921,אמת,0.40575916230366493,רבדים,0.7644710578842315,
20,אזור,565,6466,9238,6523,2941,0.45484070522734305,מחל,0.3083823074543767,אזור,0.7061052175795627,
20,צרעה,567,539,814,539,29,0.05380333951762523,אמת,0.6419294990723562,צרעה,0.6621621621621622,
20,כנרת (קבוצה),57,438,633,439,62,0.1415525114155251,אמת,0.632420091324201,כנרת קבוצה,0.693522906793049,
20,מעונה,570,449,598,452,212,0.47216035634743875,מחל,0.36971046770601335,מעונה,0.7558528428093646,
20,בית גמליאל,571,561,680,563,426,0.7593582887700535,טב,0.49554367201426025,בית גמליאל,0.8279411764705882,
20,בית העמק,572,337,474,339,23,0.06824925816023739,אמת,0.5816023738872403,בית העמק,0.7151898734177216,
20,מבקיעים,573,231,297,233,104,0.45021645021645024,מחל,0.329004329004329,מבקיעים,0.7845117845117845,
20,גשר הזיו,574,819,1116,825,174,0.21245421245421245,אמת,0.4358974358974359,גשר הזיו,0.739247311827957,
20,יסעור,575,311,432,312,30,0.09646302250803858,אמת,0.47266881028938906,יסעור,0.7222222222222222,
20,כברי,576,609,799,610,44,0.0722495894909688,אמת,0.6568144499178982,כברי,0.7634543178973717,
20,יד בנימין,577,1478,1701,1486,856,0.5791610284167794,טב,0.41542625169147496,יד בנימין,0.8736037624926514,
20,סאסא,578,338,466,338,16,0.047337278106508875,אמת,0.5088757396449705,סאסא,0.7253218884120172,
20,כפר ראש הנקרה,579,666,895,668,117,0.17567567567567569,אמת,0.5405405405405406,כפר ראש הנקרה,0.7463687150837989,
20,מצפה,58,101,127,101,24,0.2376237623762376,אמת,0.48514851485148514,מצפה,0.7952755905511811,
20,"כרם מהר""ל",580,478,598,478,83,0.17364016736401675,אמת,0.46234309623430964,כרם מהר ל,0.7993311036789298,
20,כפר הנגיד,582,590,744,592,128,0.21694915254237288,אמת,0.41694915254237286,כפר הנגיד,0.7956989247311828,
20,זיקים,584,386,586,386,53,0.13730569948186527,אמת,0.4274611398963731,זיקים,0.658703071672355,
20,לביא,585,386,521,386,304,0.7875647668393783,טב,0.5544041450777202,לביא,0.7408829174664108,
20,מגידו,586,448,585,448,41,0.09151785714285714,אמת,0.5245535714285714,מגידו,0.7658119658119659,
20,סביון,587,2396,3458,2405,496,0.20701168614357263,אמת,0.4403171953255426,סביון,0.6954887218045113,
20,בני ראם,588,651,801,654,460,0.706605222734255,מחל,0.2964669738863287,בני ראם,0.8164794007490637,
20,בצת,589,210,286,212,55,0.2619047619047619,אמת,0.3476190476190476,בצת,0.7412587412587412,
20,נחושה,59,442,533,443,362,0.8190045248868778,טב,0.48642533936651583,נחושה,0.8311444652908068,
20,נווה אור,590,217,323,218,25,0.1152073732718894,אמת,0.6221198156682027,נווה אור,0.6749226006191951,
20,עשרת,591,641,828,641,103,0.1606864274570983,אמת,0.4789391575663027,עשרת,0.7741545893719807,
20,בני דרום,592,308,356,309,252,0.8181818181818182,טב,0.5974025974025974,בני דרום,0.8679775280898876,
20,ערוגות,593,512,617,514,145,0.283203125,אמת,0.400390625,ערוגות,0.833063209076175,
20,צפריה,594,392,444,395,291,0.7423469387755102,טב,0.4719387755102041,צפריה,0.8896396396396397,
20,לוחמי הגיטאות,595,345,458,347,29,0.08405797101449275,אמת,0.6840579710144927,לוחמי הגיטאות,0.75764192139738,
20,מלכיה,596,245,392,246,23,0.09387755102040816,אמת,0.6163265306122448,מלכיה,0.6275510204081632,
20,פלמחים,597,420,600,423,44,0.10476190476190476,אמת,0.5285714285714286,פלמחים,0.705,
20,בית קמה,598,470,565,471,55,0.11702127659574468,אמת,0.4127659574468085,בית קמה,0.8336283185840708,
20,פרוד,599,238,326,239,29,0.12184873949579832,אמת,0.5882352941176471,פרוד,0.7331288343558282,
20,באקה אל-גרביה,6000,10022,16410,10094,25,0.0024945120734384354,ודעם,0.9407303931351028,באקה אל גרביה,0.6151127361365021,
20,נירים,602,280,377,280,5,0.017857142857142856,אמת,0.5214285714285715,נירים,0.7427055702917772,
20,אלקוש,603,171,265,174,98,0.5730994152046783,מחל,0.3684210526315789,אלקוש,0.6566037735849056,
20,בית עריף,604,548,672,551,315,0.5748175182481752,מחל,0.4324817518248175,בית עריף,0.8199404761904762,
20,כפר שמאי,605,224,299,224,160,0.7142857142857143,מחל,0.4330357142857143,כפר שמאי,0.7491638795986622,
20,מזור,606,614,773,615,89,0.1449511400651466,אמת,0.44136807817589574,מזור,0.795601552393273,
20,מירון,607,264,405,264,188,0.7121212121212122,טב,0.32196969696969696,מירון,0.6518518518518519,
20,כפר חושן,609,393,537,396,253,0.6437659033078881,מחל,0.40966921119592875,כפר חושן,0.7374301675977654,
20,סתריה,610,605,771,607,106,0.17520661157024794,אמת,0.456198347107438,סתריה,0.7872892347600519,
20,בני ברק,6100,78621,101291,81065,70943,0.9023416135638062,ג,0.5934928327037305,בני ברק,0.8003178959631162,
20,צרופה,612,521,662,523,228,0.43761996161228406,מחל,0.32629558541266795,צרופה,0.7900302114803626,
20,ציפורי,613,455,588,458,83,0.1824175824175824,אמת,0.44175824175824174,ציפורי,0.7789115646258503,
20,שומרה,614,198,282,201,132,0.6666666666666666,מחל,0.46464646464646464,שומרה,0.7127659574468085,
20,קדרון,615,866,1077,867,88,0.10161662817551963,אמת,0.5473441108545035,קדרון,0.8050139275766016,
20,רינתיה,616,539,683,541,176,0.32653061224489793,אמת,0.28385899814471244,רינתיה,0.7920937042459737,
20,ברקאי,617,327,484,330,8,0.024464831804281346,אמת,0.4892966360856269,ברקאי,0.6818181818181818,
20,חדיד,618,467,567,470,267,0.5717344753747323,מחל,0.32762312633832974,חדיד,0.8289241622574955,
20,בית גוברין,619,220,276,220,13,0.05909090909090909,אמת,0.5954545454545455,בית גוברין,0.7971014492753623,
20,דגניה א',62,366,524,368,21,0.05737704918032787,אמת,0.7049180327868853,דגניה א,0.7022900763358778,
20,משואות יצחק,620,393,468,394,317,0.806615776081425,טב,0.7073791348600509,משואות יצחק,0.8418803418803419,
20,בת ים,6200,68204,124035,69206,31665,0.4642689578323852,מספר קלפי,0.3575889977127441,בת ים,0.5579554158100536,
20,עין צורים,622,426,523,427,308,0.7230046948356808,טב,0.5868544600938967,עין צורים,0.8164435946462715,
20,יראון,623,221,353,223,12,0.05429864253393665,אמת,0.6742081447963801,יראון,0.6317280453257791,
20,ג'לג'וליה,627,4424,5410,4440,12,0.0027124773960217,ודעם,0.9003164556962026,ג לג וליה,0.8207024029574861,
20,ג'ת,628,3677,7038,3708,29,0.007886864291542018,ודעם,0.9428882240957303,ג ת,0.5268542199488491,
20,כנרת (מושבה),63,354,472,356,101,0.2853107344632768,אמת,0.3644067796610169,כנרת מושבה,0.7542372881355932,
20,גבעתיים,6300,33486,45863,33727,7766,0.23191781640088396,אמת,0.4039300005972645,גבעתיים,0.7353858229945708,
20,כפר ברא,633,1448,1903,1457,6,0.004143646408839779,ודעם,0.9171270718232044,כפר ברא,0.765633210719916,
20,כפר קאסם,634,8012,12781,8056,51,0.0063654518222666,ודעם,0.8000499251123315,כפר קאסם,0.6303106173225882,
20,מוקייבלה,635,1328,2105,1339,9,0.00677710843373494,ודעם,0.9073795180722891,מוקייבלה,0.6361045130641331,
20,צנדלה,636,744,1098,745,1,0.0013440860215053765,ודעם,0.989247311827957,צנדלה,0.6785063752276868,
20,ערערה,637,7953,11475,7997,31,0.0038979001634603296,ודעם,0.9622783855149001,ערערה,0.6969063180827887,
20,קלנסווה,638,8556,12163,8610,57,0.006661991584852735,ודעם,0.9651706404862085,קלנסווה,0.7078845679519855,
20,"יד רמב""ם",64,608,781,612,388,0.6381578947368421,מחל,0.4407894736842105,יד רמב ם,0.7836107554417413,
20,הרצליה,6400,53681,77395,54079,16104,0.2999944114304875,אמת,0.34453531044503644,הרצליה,0.6987402286969443,
20,מצר,648,325,433,325,7,0.021538461538461538,אמת,0.49230769230769234,מצר,0.7505773672055427,
20,מייסר,649,696,1137,696,0,0.0,ודעם,0.9655172413793104,מייסר,0.6121372031662269,
20,מגדל,65,856,1269,858,592,0.6915887850467289,מחל,0.463785046728972,מגדל,0.6761229314420804,
20,חדרה,6500,44726,69790,45279,20160,0.45074453338103115,מחל,0.32164736394938065,חדרה,0.648789224817309,
20,אבטין,652,792,1632,807,12,0.015151515151515152,ודעם,0.8838383838383839,אבטין,0.4944852941176471,
20,כפר קרע,654,8320,11227,8379,36,0.004326923076923077,ודעם,0.9426682692307692,כפר קרע,0.7463258216798788,
20,שייח' דנון,658,1263,1733,1277,4,0.003167062549485352,ודעם,0.8907363420427553,שייח דנון,0.7368724754760531,
20,מרחביה (קיבוץ),66,627,838,632,146,0.23285486443381181,אמת,0.38118022328548645,מרחביה קיבוץ,0.7541766109785203,
20,חולון,6600,102064,154550,103142,45469,0.44549498353973976,מספר קלפי,0.3579224800125412,חולון,0.6673697832416694,
20,שער אפרים,661,833,1031,835,308,0.3697478991596639,מחל,0.27130852340936373,שער אפרים,0.8098933074684772,
20,חוסן,662,492,633,494,310,0.6300813008130082,מחל,0.45934959349593496,חוסן,0.7804107424960506,
20,טירת יהודה,663,608,709,609,442,0.7269736842105263,מחל,0.3519736842105263,טירת יהודה,0.8589562764456982,
20,כרם בן זמרה,664,288,364,288,193,0.6701388888888888,מחל,0.4409722222222222,כרם בן זמרה,0.7912087912087912,
20,תקומה,665,331,406,335,214,0.6465256797583081,טב,0.3564954682779456,תקומה,0.8251231527093597,
20,עומר,666,4698,6184,4712,1310,0.27884206045125587,אמת,0.3793103448275862,עומר,0.7619663648124192,
20,ברעם,667,340,483,340,11,0.03235294117647059,מרצ,0.4235294117647059,ברעם,0.7039337474120083,
20,מפלסים,668,418,596,420,37,0.08851674641148326,אמת,0.5645933014354066,מפלסים,0.7046979865771812,
20,אור הנר,67,443,570,444,27,0.060948081264108354,אמת,0.6794582392776524,אור הנר,0.7789473684210526,
20,משמר איילון,670,308,386,308,101,0.32792207792207795,אמת,0.3246753246753247,משמר איילון,0.7979274611398963,
20,טבריה,6700,20219,33447,20411,13744,0.6797566645234681,מחל,0.44537316385577924,טבריה,0.6102490507369869,
20,בית נקופה,672,314,406,315,116,0.36942675159235666,מחל,0.29936305732484075,בית נקופה,0.7758620689655172,
20,כפר טרומן,673,443,533,445,121,0.27313769751693,אמת,0.309255079006772,כפר טרומן,0.8348968105065666,
20,לימן,674,390,499,391,120,0.3076923076923077,אמת,0.3333333333333333,לימן,0.7835671342685371,
20,הבונים,675,208,288,208,25,0.1201923076923077,אמת,0.6346153846153846,הבונים,0.7222222222222222,
20,עין השלושה,676,223,336,224,30,0.13452914798206278,אמת,0.6412556053811659,עין השלושה,0.6666666666666666,
20,הסוללים,677,503,637,504,73,0.14512922465208747,אמת,0.5168986083499006,הסוללים,0.7912087912087912,
20,מעגן,678,206,311,206,23,0.11165048543689321,אמת,0.5533980582524272,מעגן,0.662379421221865,
20,אביאל,679,413,505,414,99,0.2397094430992736,אמת,0.3704600484261501,אביאל,0.8198019801980198,
20,אומץ,680,351,457,351,51,0.1452991452991453,אמת,0.5356125356125356,אומץ,0.7680525164113785,
20,קרית אתא,6800,29619,44765,29977,15241,0.5145683513960634,מחל,0.3543671292076032,קרית אתא,0.6696526304032168,
20,גבעת שמואל,681,13235,16616,13288,7736,0.5845107669059313,טב,0.28847752172270497,גבעת שמואל,0.7997111218103033,
20,אליקים,682,431,563,432,325,0.7540603248259861,מחל,0.4547563805104408,אליקים,0.7673179396092362,
20,גבע כרמל,683,516,648,520,110,0.2131782945736434,אמת,0.46124031007751937,גבע כרמל,0.8024691358024691,
20,היוגב,684,432,537,434,42,0.09722222222222222,אמת,0.6180555555555556,היוגב,0.8081936685288641,
20,בניה,685,526,610,529,113,0.21482889733840305,אמת,0.41634980988593157,בניה,0.8672131147540983,
20,נווה ימין,686,735,952,739,391,0.5319727891156463,מחל,0.42857142857142855,נווה ימין,0.7762605042016807,
20,עין איילה,687,516,663,517,55,0.1065891472868217,אמת,0.4941860465116279,עין איילה,0.779788838612368,
20,עלמה,688,412,550,416,345,0.837378640776699,מחל,0.6601941747572816,עלמה,0.7563636363636363,
20,מגדים,689,609,775,616,218,0.3579638752052545,אמת,0.277504105090312,מגדים,0.7948387096774193,
20,ניר עוז,69,268,344,269,15,0.055970149253731345,אמת,0.45149253731343286,ניר עוז,0.7819767441860465,
20,כפר אחים,690,384,484,386,148,0.3854166666666667,מחל,0.3098958333333333,כפר אחים,0.7975206611570248,
20,כפר סבא,6900,56477,75994,56929,17241,0.3052747136002266,אמת,0.34938116401366925,כפר סבא,0.7491249309155986,
20,שפיר,692,397,469,400,213,0.5365239294710328,מחל,0.3350125944584383,שפיר,0.8528784648187633,
20,"נתיב הל""ה",693,321,409,321,12,0.037383177570093455,אמת,0.6884735202492211,נתיב הל ה,0.784841075794621,
20,מעגן מיכאל,694,1090,1522,1092,54,0.04954128440366973,אמת,0.6192660550458715,מעגן מיכאל,0.7174770039421814,
20,מגן,695,337,486,340,11,0.032640949554896145,מרצ,0.4332344213649852,מגן,0.6995884773662552,
20,"כפר חב""ד",696,2611,3693,2617,598,0.22903102259670624,קץ,0.7483722711604749,כפר חב ד,0.7086379637151368,
20,בארותיים,697,536,654,538,85,0.15858208955223882,אמת,0.4048507462686567,בארותיים,0.8226299694189603,
20,בורגתה,698,624,777,628,118,0.1891025641025641,אמת,0.44551282051282054,בורגתה,0.8082368082368082,
20,ניר ישראל,699,439,557,439,86,0.1958997722095672,אמת,0.48519362186788156,ניר ישראל,0.7881508078994613,
20,שחר,7,338,461,340,149,0.4408284023668639,מחל,0.30177514792899407,שחר,0.737527114967462,
20,אשדוד,70,113203,170193,115145,64194,0.5670697773027217,מספר קלפי,0.37919489766172276,אשדוד,0.6765554400004701,
20,חצב,700,617,789,621,254,0.41166936790923825,מחל,0.32576985413290116,חצב,0.7870722433460076,
20,לוד,7000,31916,52711,32461,14798,0.46365459330743203,מחל,0.32773530517608723,לוד,0.6158297129631386,
20,ארבל,701,314,417,317,127,0.40445859872611467,מחל,0.321656050955414,ארבל,0.7601918465227818,
20,האון,702,101,164,102,18,0.1782178217821782,אמת,0.42574257425742573,האון,0.6219512195121951,
20,גבעת עוז,703,267,398,269,27,0.10112359550561797,אמת,0.5617977528089888,גבעת עוז,0.6758793969849246,
20,נחשונים,705,210,301,211,13,0.06190476190476191,אמת,0.5238095238095238,נחשונים,0.7009966777408638,
20,גיאה,706,419,523,422,112,0.26730310262529833,אמת,0.39856801909307876,גיאה,0.8068833652007649,
20,כפר דניאל,707,364,459,364,36,0.0989010989010989,אמת,0.521978021978022,כפר דניאל,0.7930283224400871,
20,עמקה,708,352,493,360,233,0.6619318181818182,מחל,0.5056818181818182,עמקה,0.7302231237322515,
20,תפרח,709,826,945,848,750,0.9079903147699758,ג,0.7687651331719129,תפרח,0.8973544973544973,
20,אשבול,71,225,309,227,134,0.5955555555555555,מחל,0.4444444444444444,אשבול,0.7346278317152104,
20,בית זית,710,802,1054,805,179,0.2231920199501247,אמת,0.3940149625935162,בית זית,0.7637571157495257,
20,אשקלון,7100,64324,102360,65261,34211,0.5318543622909023,מחל,0.39884024625334247,אשקלון,0.6375635013677218,
20,עזריה,711,574,704,577,393,0.6846689895470384,מחל,0.5644599303135889,עזריה,0.8196022727272727,
20,בן עמי,712,430,534,431,124,0.28837209302325584,אמת,0.3813953488372093,בן עמי,0.8071161048689138,
20,רעים,713,279,348,279,14,0.05017921146953405,אמת,0.7096774193548387,רעים,0.8017241379310345,
20,ארז,714,302,399,305,21,0.0695364238410596,אמת,0.6390728476821192,ארז,0.7644110275689223,
20,להבות חביבה,715,382,483,383,19,0.049738219895287955,אמת,0.5706806282722513,להבות חביבה,0.7929606625258799,
20,אייל,716,296,364,298,23,0.0777027027027027,אמת,0.6925675675675675,אייל,0.8186813186813187,
20,חגור,717,560,657,560,164,0.29285714285714287,אמת,0.35,חגור,0.852359208523592,
20,ירחיב,718,503,677,510,281,0.558648111332008,מחל,0.44930417495029823,ירחיב,0.7533234859675036,
20,תל קציר,719,201,273,201,30,0.14925373134328357,אמת,0.5870646766169154,תל קציר,0.7362637362637363,
20,גן שמואל,72,671,854,675,9,0.013412816691505217,מרצ,0.47391952309985097,גן שמואל,0.7903981264637002,
20,ניר גלים,720,467,535,468,374,0.8008565310492506,טב,0.5781584582441114,ניר גלים,0.874766355140187,
20,נס ציונה,7200,23948,30675,24115,7417,0.3097127108735594,אמת,0.3196926674461333,נס ציונה,0.7861450692746537,
20,שדה אילן,721,304,367,304,242,0.7960526315789473,טב,0.5230263157894737,שדה אילן,0.8283378746594006,
20,מגשימים,722,482,638,482,107,0.22199170124481327,אמת,0.4004149377593361,מגשימים,0.7554858934169278,
20,בית הגדי,723,392,468,397,262,0.6683673469387755,מחל,0.5688775510204082,בית הגדי,0.8482905982905983,
20,הודיה,726,323,474,325,201,0.6222910216718266,מחל,0.47368421052631576,הודיה,0.6856540084388185,
20,תלמי יחיאל,727,409,555,410,127,0.3105134474327628,אמת,0.34963325183374083,תלמי יחיאל,0.7387387387387387,
20,משמר השבעה,729,490,631,494,123,0.2510204081632653,אמת,0.32653061224489793,משמר השבעה,0.7828843106180665,
20,אליפלט,730,293,402,293,221,0.7542662116040956,מחל,0.6006825938566553,אליפלט,0.7288557213930348,
20,נצרת,7300,32399,53232,32689,421,0.012994228216920275,ודעם,0.92228155189975,נצרת,0.6140855124737,
20,מישר,731,375,454,377,72,0.192,אמת,0.448,מישר,0.8303964757709251,
20,משמר הירדן,732,348,454,348,191,0.5488505747126436,מחל,0.45977011494252873,משמר הירדן,0.7665198237885462,
20,גן יאשיה,734,480,580,481,59,0.12291666666666666,אמת,0.53125,גן יאשיה,0.8293103448275863,
20,רמות מאיר,735,384,522,385,89,0.23177083333333334,אמת,0.3932291666666667,רמות מאיר,0.7375478927203065,
20,גילת,736,670,878,671,418,0.6238805970149254,מחל,0.5373134328358209,גילת,0.7642369020501139,
20,עולש,737,543,687,545,115,0.21178637200736647,אמת,0.43830570902394106,עולש,0.7933042212518195,
20,דור,738,219,266,220,51,0.2328767123287671,אמת,0.4292237442922374,דור,0.8270676691729323,
20,שדה עוזיהו,739,700,884,704,375,0.5357142857142857,מחל,0.4357142857142857,שדה עוזיהו,0.7963800904977375,
20,עין הוד,74,336,452,337,35,0.10416666666666667,אמת,0.48214285714285715,עין הוד,0.745575221238938,
20,אשתאול,740,548,680,550,342,0.6240875912408759,מחל,0.3740875912408759,אשתאול,0.8088235294117647,
20,נתניה,7400,105468,168914,106738,53465,0.5069310122501612,מספר קלפי,0.40531725262638907,נתניה,0.6319073611423565,
20,שואבה,741,337,425,337,99,0.29376854599406527,אמת,0.32047477744807124,שואבה,0.7929411764705883,
20,מסילת ציון,742,527,647,528,144,0.2732447817836812,אמת,0.40037950664136623,מסילת ציון,0.8160741885625966,
20,כפר שמואל,743,432,529,437,78,0.18055555555555555,אמת,0.44675925925925924,כפר שמואל,0.8260869565217391,
20,תלמי יפה,744,331,424,332,86,0.2598187311178248,אמת,0.3595166163141994,תלמי יפה,0.7830188679245284,
20,גמזו,745,530,631,531,419,0.7905660377358491,טב,0.5207547169811321,גמזו,0.8415213946117274,
20,ברכיה,746,591,696,596,274,0.46362098138747887,קץ,0.4890016920473773,ברכיה,0.8563218390804598,
20,בית שקמה,747,345,526,350,189,0.5478260869565217,מחל,0.4289855072463768,בית שקמה,0.6653992395437263,
20,מסלול,748,307,390,307,144,0.46905537459283386,מחל,0.3485342019543974,מסלול,0.7871794871794872,
20,פטיש,749,484,590,487,345,0.7128099173553719,מחל,0.4090909090909091,פטיש,0.8254237288135593,
20,פדויים,750,214,298,215,156,0.7289719626168224,מחל,0.37383177570093457,פדויים,0.7214765100671141,
20,סח'נין,7500,15182,18647,15231,77,0.005071795547358714,ודעם,0.9618627321828481,סח נין,0.8168069930819971,
20,בית מאיר,751,283,355,285,211,0.7455830388692579,מחל,0.3215547703180212,בית מאיר,0.8028169014084507,
20,תעוז,752,328,405,328,184,0.5609756097560976,מחל,0.3231707317073171,תעוז,0.8098765432098766,
20,ינוב,753,460,592,460,177,0.3847826086956522,מחל,0.30869565217391304,ינוב,0.777027027027027,
20,גורן,755,260,351,264,189,0.7269230769230769,מחל,0.45384615384615384,גורן,0.7521367521367521,
20,בית עזרא,756,628,792,634,251,0.3996815286624204,אמת,0.28821656050955413,בית עזרא,0.8005050505050505,
20,מצליח,757,729,944,731,372,0.5102880658436214,מחל,0.4101508916323731,מצליח,0.774364406779661,
20,יד חנה,758,391,479,392,87,0.22250639386189258,אמת,0.36828644501278773,יד חנה,0.8183716075156576,
20,יציץ,759,392,523,396,238,0.6071428571428571,מחל,0.5,יציץ,0.7571701720841301,
20,כפר גלעדי,76,362,545,366,25,0.06906077348066299,אמת,0.6878453038674033,כפר גלעדי,0.671559633027523,
20,בן זכאי,760,455,564,456,280,0.6153846153846154,מחל,0.4835164835164835,בן זכאי,0.8085106382978723,
20,עכו,7600,25729,40470,26114,11012,0.42799953360021764,מחל,0.3038594581989195,עכו,0.6452680998270324,
20,שובה,761,296,372,299,212,0.7162162162162162,מחל,0.5168918918918919,שובה,0.803763440860215,
20,בטחה,762,437,536,438,346,0.7917620137299771,מחל,0.5423340961098398,בטחה,0.8171641791044776,
20,שתולים,763,942,1244,950,519,0.5509554140127388,מחל,0.42250530785562634,שתולים,0.7636655948553055,
20,כפר מרדכי,764,342,428,344,30,0.08771929824561403,אמת,0.5614035087719298,כפר מרדכי,0.8037383177570093,
20,משגב דב,765,366,463,367,84,0.22950819672131148,אמת,0.39617486338797814,משגב דב,0.7926565874730022,
20,קוממיות,766,134,233,135,130,0.9701492537313433,ג,0.9701492537313433,קוממיות,0.5793991416309013,
20,פורת,767,563,806,569,351,0.6234458259325044,מחל,0.41740674955595025,פורת,0.705955334987593,
20,כרמיה,768,356,464,356,84,0.23595505617977527,אמת,0.351123595505618,כרמיה,0.7672413793103449,
20,ניר עציון,769,299,398,300,203,0.6789297658862876,טב,0.5317725752508361,ניר עציון,0.7537688442211056,
20,איילת השחר,77,718,999,728,179,0.24930362116991645,אמת,0.4805013927576602,איילת השחר,0.7287287287287287,
20,עפולה,7700,22908,35667,23208,13238,0.5778767242884582,מחל,0.44215994412432336,עפולה,0.6506855076120784,
20,מבוא ביתר,771,379,496,383,167,0.44063324538258575,מחל,0.33773087071240104,מבוא ביתר,0.7721774193548387,
20,אמונים,772,472,651,476,207,0.4385593220338983,מחל,0.3220338983050847,אמונים,0.7311827956989247,
20,עמיקם,773,363,464,364,50,0.13774104683195593,אמת,0.371900826446281,עמיקם,0.7844827586206896,
20,צוריאל,774,199,256,199,139,0.6984924623115578,מחל,0.5728643216080402,צוריאל,0.77734375,
20,יד נתן,775,294,372,295,57,0.19387755102040816,אמת,0.4013605442176871,יד נתן,0.793010752688172,
20,מחסיה,776,229,297,229,187,0.8165938864628821,מחל,0.47161572052401746,מחסיה,0.7710437710437711,
20,נחשון,777,304,402,308,10,0.03289473684210526,מרצ,0.4473684210526316,נחשון,0.7661691542288557,
20,תרום,778,409,482,411,315,0.7701711491442543,מחל,0.39853300733496333,תרום,0.8526970954356846,
20,עמינדב,779,476,614,477,190,0.39915966386554624,מחל,0.3172268907563025,עמינדב,0.7768729641693811,
20,קרית ענבים,78,229,293,229,21,0.09170305676855896,אמת,0.5633187772925764,קרית ענבים,0.7815699658703071,
20,אורה,780,606,799,614,272,0.44884488448844884,מחל,0.3250825082508251,אורה,0.7684605757196495,
20,פרדס חנה-כרכור,7800,18902,26651,19087,7354,0.3890593587980108,מחל,0.2776425775050259,פרדס חנה כרכור,0.7161832576638776,
20,אבן ספיר,783,379,504,379,201,0.5303430079155673,מחל,0.45382585751978893,אבן ספיר,0.751984126984127,
20,בית נחמיה,784,475,611,477,146,0.30736842105263157,אמת,0.25894736842105265,בית נחמיה,0.7806873977086743,
20,אחיהוד,785,446,553,449,363,0.8139013452914798,מחל,0.5762331838565022,אחיהוד,0.8119349005424955,
20,כפר זיתים,786,319,451,319,241,0.7554858934169278,מחל,0.5862068965517241,כפר זיתים,0.7073170731707317,
20,גבעת יערים,787,681,874,683,327,0.4801762114537445,מחל,0.3377386196769457,גבעת יערים,0.7814645308924485,
20,זיתן,788,654,790,661,421,0.6437308868501529,מחל,0.4831804281345566,זיתן,0.8367088607594937,
20,רנן,789,282,386,284,99,0.35106382978723405,מחל,0.3120567375886525,רנן,0.7357512953367875,
20,דגניה ב',79,404,526,407,30,0.07425742574257425,אמת,0.6584158415841584,דגניה ב,0.7737642585551331,
20,פתח תקווה,7900,124410,177367,125633,60088,0.482983682983683,מספר קלפי,0.40833534281810147,פתח תקווה,0.7083222921964063,
20,משען,791,481,656,486,349,0.7255717255717256,מחל,0.48440748440748443,משען,0.7408536585365854,
20,נתיב השיירה,792,323,410,324,119,0.3684210526315789,אמת,0.32507739938080493,נתיב השיירה,0.7902439024390244,
20,גבעתי,793,442,592,446,180,0.4072398190045249,מחל,0.3212669683257919,גבעתי,0.7533783783783784,
20,עגור,794,207,286,208,142,0.6859903381642513,מחל,0.5265700483091788,עגור,0.7272727272727273,
20,יערה,795,378,476,378,249,0.6587301587301587,מחל,0.3201058201058201,יערה,0.7941176470588235,
20,צלפון,796,430,575,439,308,0.7162790697674418,מחל,0.5465116279069767,צלפון,0.7634782608695653,
20,אחיעזר,797,848,1021,857,733,0.8643867924528302,שס,0.37028301886792453,אחיעזר,0.8393731635651323,
20,יגל,798,457,579,458,305,0.6673960612691466,מחל,0.5317286652078774,יגל,0.7910189982728842,
20,זכריה,799,554,686,554,418,0.7545126353790613,מחל,0.6353790613718412,זכריה,0.8075801749271136,
20,נהלל,80,518,666,519,69,0.13320463320463322,אמת,0.5733590733590733,נהלל,0.7792792792792793,
20,בית חנניה,800,457,554,458,64,0.1400437636761488,אמת,0.44638949671772427,בית חנניה,0.8267148014440433,
20,צפת,8000,14091,21978,14278,8506,0.6036477184018167,מחל,0.28521751472571144,צפת,0.6496496496496497,
20,חמד,801,453,519,453,360,0.7947019867549668,טב,0.5496688741721855,חמד,0.8728323699421965,
20,"גבעת כ""ח",802,461,610,461,224,0.48590021691973967,מחל,0.3318872017353579,גבעת כ ח,0.7557377049180328,
20,יושיביה,803,239,276,240,156,0.6527196652719666,מחל,0.3807531380753138,יושיביה,0.8695652173913043,
20,אחיסמך,804,668,843,673,506,0.7574850299401198,מחל,0.47754491017964074,אחיסמך,0.7983392645314353,
20,ישעי,805,399,508,400,334,0.8370927318295739,מחל,0.47619047619047616,ישעי,0.7874015748031497,
20,עין יהב,806,381,483,384,20,0.05249343832020997,אמת,0.7401574803149606,עין יהב,0.7950310559006211,
20,חניאל,807,482,645,483,61,0.12655601659751037,אמת,0.5103734439834025,חניאל,0.7488372093023256,
20,ניר אליהו,808,292,392,293,14,0.04794520547945205,אמת,0.6643835616438356,ניר אליהו,0.7474489795918368,
20,נחם,809,352,387,355,268,0.7613636363636364,מחל,0.5142045454545454,נחם,0.917312661498708,
20,עופר,810,311,384,311,102,0.3279742765273312,אמת,0.3215434083601286,עופר,0.8098958333333334,
20,יכיני,811,350,439,353,266,0.76,מחל,0.6314285714285715,יכיני,0.8041002277904328,
20,שלומי,812,3294,4828,3339,1752,0.5318761384335154,מחל,0.35670916818457804,שלומי,0.6915907207953604,
20,עין יעקב,813,469,613,470,248,0.5287846481876333,מחל,0.3624733475479744,עין יעקב,0.766721044045677,
20,תלמים,814,414,515,416,214,0.5169082125603864,קץ,0.3671497584541063,תלמים,0.8077669902912621,
20,זבדיאל,815,308,374,310,267,0.8668831168831169,מחל,0.5292207792207793,זבדיאל,0.8288770053475936,
20,זנוח,816,273,366,277,210,0.7692307692307693,מחל,0.5531135531135531,זנוח,0.7568306010928961,
20,עזריקם,817,644,833,647,408,0.6335403726708074,מחל,0.5590062111801242,עזריקם,0.7767106842737095,
20,זרחיה,818,355,432,355,290,0.8169014084507042,מחל,0.4084507042253521,זרחיה,0.8217592592592593,
20,אביגדור,819,475,569,475,71,0.14947368421052631,אמת,0.5347368421052632,אביגדור,0.8347978910369068,
20,עין חרוד (מאוחד),82,483,679,485,51,0.10559006211180125,אמת,0.6335403726708074,עין חרוד מאוחד,0.7142857142857143,
20,חלץ,820,248,349,253,146,0.5887096774193549,מחל,0.42338709677419356,חלץ,0.7249283667621776,
20,קרית מוצקין,8200,24233,35487,24495,8895,0.36706144513679695,מחל,0.2794536376016176,קרית מוצקין,0.6902527686194945,
20,אחוזם,821,269,368,270,201,0.7472118959107806,מחל,0.5687732342007435,אחוזם,0.7336956521739131,
20,מטע,822,391,509,393,191,0.4884910485933504,מחל,0.37595907928388744,מטע,0.7721021611001965,
20,בר גיורא,823,295,395,300,167,0.5661016949152542,מחל,0.4067796610169492,בר גיורא,0.759493670886076,
20,כוכב מיכאל,824,493,659,493,65,0.13184584178498987,אמת,0.4908722109533469,כוכב מיכאל,0.7481031866464339,
20,נס הרים,825,520,646,521,267,0.5134615384615384,מחל,0.39807692307692305,נס הרים,0.8065015479876161,
20,עוזה,826,292,374,294,217,0.7431506849315068,מחל,0.4452054794520548,עוזה,0.786096256684492,
20,נווה מבטח,827,333,409,333,59,0.17717717717717718,אמת,0.5015015015015015,נווה מבטח,0.8141809290953546,
20,ישרש,828,508,666,514,257,0.5059055118110236,מחל,0.3799212598425197,ישרש,0.7717717717717718,
20,מבטחים,829,228,367,230,145,0.6359649122807017,מחל,0.45614035087719296,מבטחים,0.6267029972752044,
20,ראשון לציון,8300,137810,195958,138998,53648,0.3892896016254263,מספר קלפי,0.42250199550105216,ראשון לציון,0.7093254677022627,
20,ירוחם,831,4121,6545,4209,2738,0.6644018442125698,מחל,0.3263770929386071,ירוחם,0.6430863254392666,
20,גנות,836,284,347,286,85,0.2992957746478873,אמת,0.3274647887323944,גנות,0.8242074927953891,
20,עזריאל,837,451,538,454,316,0.7006651884700665,מחל,0.5365853658536586,עזריאל,0.8438661710037175,
20,פדיה,838,426,545,434,288,0.676056338028169,מחל,0.5,פדיה,0.7963302752293578,
20,פתחיה,839,494,633,495,239,0.48380566801619435,מחל,0.3582995951417004,פתחיה,0.7819905213270142,
20,תל יוסף,84,289,373,290,26,0.08996539792387544,אמת,0.6401384083044983,תל יוסף,0.7774798927613941,
20,כיסופים,840,154,278,154,12,0.07792207792207792,אמת,0.6753246753246753,כיסופים,0.5539568345323741,
20,רחובות,8400,69382,98300,69985,30471,0.43917730823556544,מחל,0.2718140151624341,רחובות,0.7119532044760936,
20,אלישמע,841,618,789,626,296,0.47896440129449835,מחל,0.3284789644012945,אלישמע,0.7934093789607097,
20,געש,842,452,580,456,9,0.01991150442477876,אמת,0.5553097345132744,געש,0.7862068965517242,
20,מרגליות,843,175,313,175,68,0.38857142857142857,כ,0.2914285714285714,מרגליות,0.5591054313099042,
20,נחל עוז,844,222,315,222,17,0.07657657657657657,אמת,0.5675675675675675,נחל עוז,0.7047619047619048,
20,כפר עזה,845,509,674,509,40,0.07858546168958742,אמת,0.6404715127701375,כפר עזה,0.755192878338279,
20,שפר,846,206,288,206,125,0.6067961165048543,מחל,0.5097087378640777,שפר,0.7152777777777778,
20,בית רבן,848,251,302,251,181,0.7211155378486056,טב,0.5099601593625498,בית רבן,0.8311258278145696,
20,דבירה,849,398,505,398,26,0.06532663316582915,אמת,0.4849246231155779,דבירה,0.7881188118811882,
20,כפר יחזקאל,85,550,671,555,69,0.12545454545454546,אמת,0.5927272727272728,כפר יחזקאל,0.827123695976155,
20,אחיטוב,850,545,674,545,196,0.3596330275229358,אמת,0.26972477064220185,אחיטוב,0.8086053412462908,
20,רמלה,8500,33470,52690,34081,18043,0.539079772930983,מחל,0.3981177173588288,רמלה,0.6468210286581894,
20,ניצני עוז,851,556,691,557,187,0.3363309352517986,אמת,0.30935251798561153,ניצני עוז,0.8060781476121563,
20,גונן,852,244,342,244,25,0.10245901639344263,אמת,0.5368852459016393,גונן,0.7134502923976608,
20,גאליה,853,640,814,640,121,0.1890625,אמת,0.3921875,גאליה,0.7862407862407862,
20,רחוב,854,217,283,221,164,0.7557603686635944,מחל,0.5483870967741935,רחוב,0.7809187279151943,
20,שעלבים,856,526,582,527,390,0.7414448669201521,טב,0.5722433460076045,שעלבים,0.9054982817869416,
20,כפר אביב,857,416,518,420,100,0.2403846153846154,אמת,0.4375,כפר אביב,0.8108108108108109,
20,נווה ירק,858,700,834,705,96,0.13714285714285715,אמת,0.5257142857142857,נווה ירק,0.8453237410071942,
20,כסלון,859,215,277,215,162,0.7534883720930232,מחל,0.4604651162790698,כסלון,0.776173285198556,
20,גבע,86,387,513,389,13,0.03359173126614987,אמת,0.8113695090439277,גבע,0.7582846003898636,
20,רמת גן,8600,85126,123618,85727,28171,0.3309329699504264,מספר קלפי,0.357904752954444,רמת גן,0.6934831497031176,
20,שדה אליעזר,861,451,597,454,181,0.401330376940133,מחל,0.3148558758314856,שדה אליעזר,0.7604690117252931,
20,גני יוחנן,862,395,519,401,108,0.27341772151898736,אמת,0.32151898734177214,גני יוחנן,0.7726396917148363,
20,גינתון,863,498,613,499,101,0.20281124497991967,אמת,0.42570281124497994,גינתון,0.8140293637846656,
20,בקוע,864,354,440,355,208,0.5875706214689266,מחל,0.4435028248587571,בקוע,0.8068181818181818,
20,שיבולים,865,206,255,213,161,0.7815533980582524,מחל,0.5679611650485437,שיבולים,0.8352941176470589,
20,יטבתה,866,404,629,404,23,0.05693069306930693,אמת,0.6757425742574258,יטבתה,0.6422893481717011,
20,אלוני יצחק,868,27,119,27,6,0.2222222222222222,אמת,0.2962962962962963,אלוני יצחק,0.226890756302521,
20,גבעת השלושה,870,347,449,348,32,0.09221902017291066,אמת,0.6340057636887608,גבעת השלושה,0.7750556792873051,
20,רעננה,8700,42842,60923,43102,15260,0.3561925213575463,אמת,0.32951309462676814,רעננה,0.7074832165192128,
20,עינת,871,444,524,445,24,0.05405405405405406,אמת,0.6171171171171171,עינת,0.8492366412213741,
20,גאולי תימן,872,206,273,206,105,0.5097087378640777,מחל,0.36893203883495146,גאולי תימן,0.7545787545787546,
20,שלווה,873,270,336,270,204,0.7555555555555555,מחל,0.5518518518518518,שלווה,0.8035714285714286,
20,מגדל העמק,874,13297,20631,13496,7151,0.537790479055426,מחל,0.3491013010453486,מגדל העמק,0.6541612137075276,
20,מעטפות חיצוניות,875,232681,0,234599,105136,0.45184608971080575,מחל,0.2564927948564773,מעטפות חיצוניות,,
20,בית חירות,877,452,561,453,15,0.033185840707964605,אמת,0.6261061946902655,בית חירות,0.8074866310160428,
20,עין שריד,880,778,1027,785,271,0.34832904884318766,אמת,0.2917737789203085,עין שריד,0.7643622200584226,
20,שפרעם,8800,15025,25674,15194,250,0.016638935108153077,ודעם,0.7301830282861896,שפרעם,0.5918049388486406,
20,שדה בוקר,885,261,395,262,13,0.04980842911877394,אמת,0.6590038314176245,שדה בוקר,0.6632911392405063,
20,"כפר הרי""ף",888,450,557,454,98,0.21777777777777776,אמת,0.43555555555555553,כפר הרי ף,0.8150807899461401,
20,כפר חסידים ב',889,200,277,201,149,0.745,טב,0.505,כפר חסידים ב,0.7256317689530686,
20,עין חרוד (איחוד),89,410,530,411,36,0.08780487804878048,אמת,0.6902439024390243,עין חרוד איחוד,0.7754716981132076,
20,טמרה,8900,15911,19804,15976,145,0.009113192131229967,ודעם,0.9403557287411225,טמרה,0.8067057160169663,
20,עבדון,892,339,473,342,209,0.616519174041298,מחל,0.34513274336283184,עבדון,0.7230443974630021,
20,חפצי-בה,90,303,416,306,29,0.09570957095709572,אמת,0.6204620462046204,חפצי בה,0.7355769230769231,
20,באר שבע,9000,97153,156696,98505,50250,0.517225407347174,מספר קלפי,0.4223544306403302,באר שבע,0.6286376167866442,
20,נהריה,9100,30540,46867,30878,14266,0.4671250818598559,מחל,0.3462671905697446,נהריה,0.6588431092239743,
20,שבלי - אום אל-גנם,913,2107,3586,2126,11,0.005220692928334125,ודעם,0.8334124347413384,שבלי אום אל גנם,0.5928611266034579,
20,ישע,916,188,260,189,67,0.35638297872340424,אמת,0.3723404255319149,ישע,0.7269230769230769,
20,עצמון שגב,917,616,825,617,49,0.07954545454545454,אמת,0.5665584415584416,עצמון שגב,0.7478787878787879,
20,גבעת ישעיהו,919,374,446,376,90,0.24064171122994651,אמת,0.36363636363636365,גבעת ישעיהו,0.8430493273542601,
20,גיניגר,92,381,536,382,35,0.09186351706036745,אמת,0.6351706036745407,גיניגר,0.7126865671641791,
20,בית שאן,9200,9311,13392,9408,7170,0.7700569219203093,מחל,0.5092900869938782,בית שאן,0.7025089605734767,
20,שער מנשה,921,12,120,13,7,0.5833333333333334,מחל,0.4166666666666667,שער מנשה,0.10833333333333334,
20,רכסים,922,4636,5461,4691,4220,0.910267471958585,ג,0.43377911993097495,רכסים,0.8590001831166453,
20,זכרון יעקב,9300,11667,15214,11711,3924,0.3363332476214965,אמת,0.33419045170137995,זכרון יעקב,0.7697515446299461,
20,מסעודין אל-עזאזמה,939,2649,5908,2675,26,0.009815024537561345,ודעם,0.9260098150245376,מסעודין אל עזאזמה,0.4527758970886933,
20,בלפוריה,94,271,340,272,67,0.24723247232472326,אמת,0.3763837638376384,בלפוריה,0.8,
20,יהוד-מונוסון,9400,16614,21985,16725,6477,0.3898519321054532,מחל,0.29679788130492357,יהוד מונוסון,0.7607459631566977,
20,סואעד (חמרייה),942,48,113,48,6,0.125,ודעם,0.6875,סואעד חמרייה,0.4247787610619469,
20,בסמת טבעון,944,2354,4656,2393,52,0.022090059473237042,ודעם,0.780373831775701,בסמת טבעון,0.5139604810996563,
20,בית אלפא,95,489,672,495,55,0.11247443762781185,אמת,0.5725971370143149,בית אלפא,0.7366071428571429,
20,קרית ביאליק,9500,22725,33918,22962,8517,0.37478547854785477,מחל,0.294961496149615,קרית ביאליק,0.6769856713249602,
20,הוזייל (שבט),956,308,973,310,6,0.01948051948051948,ודעם,0.9188311688311688,הוזייל שבט,0.3186022610483042,
20,עוקבי (בנו עוקבה),957,163,234,164,3,0.018404907975460124,ודעם,0.8895705521472392,עוקבי בנו עוקבה,0.7008547008547008,
20,אבו עבדון (שבט),958,36,119,37,0,0.0,ודעם,0.9722222222222222,אבו עבדון שבט,0.31092436974789917,
20,יגור,96,890,1266,894,56,0.06292134831460675,אמת,0.7157303370786516,יגור,0.7061611374407583,
20,אסד (שבט),960,66,420,67,4,0.06060606060606061,ודעם,0.803030303030303,אסד שבט,0.1595238095238095,
20,קרית ים,9600,21063,36085,21403,9063,0.43028058681099557,מחל,0.3439680957128614,קרית ים,0.5931273382291811,
20,אבו רוקייק (שבט),961,1261,4205,1271,19,0.01506740681998414,ודעם,0.8818398096748612,אבו רוקייק שבט,0.30225921521997623,
20,טובא-זנגריה,962,1780,3874,1804,100,0.056179775280898875,ודעם,0.7685393258426966,טובא זנגריה,0.4656685596282912,
20,אעצם (שבט),963,1306,4129,1331,100,0.07656967840735068,ודעם,0.8078101071975498,אעצם שבט,0.32235408089125694,
20,קודייראת א-צאנע(ש,964,382,1108,386,0,0.0,ודעם,0.9162303664921466,קודייראת א צאנע ש,0.3483754512635379,
20,אטרש (שבט),965,450,1650,457,80,0.17777777777777778,ודעם,0.5577777777777778,אטרש שבט,0.276969696969697,
20,אבו רובייעה (שבט),966,705,3502,716,27,0.03829787234042553,ודעם,0.7602836879432624,אבו רובייעה שבט,0.20445459737292976,
20,אבו ג'ווייעד (שבט,967,306,1610,313,5,0.016339869281045753,ודעם,0.7908496732026143,אבו ג ווייעד שבט,0.19440993788819877,
20,אבו קורינאת (שבט),968,752,2685,759,21,0.027925531914893616,ודעם,0.75,אבו קורינאת שבט,0.28268156424581004,
20,עטאוונה (שבט),969,57,119,57,2,0.03508771929824561,ודעם,0.9298245614035088,עטאוונה שבט,0.4789915966386555,
20,מרחביה (מושב),97,394,503,396,87,0.22081218274111675,אמת,0.4543147208121827,מרחביה מושב,0.7872763419483101,
20,תראבין א-צאנע (שב,970,106,639,106,3,0.02830188679245283,ודעם,0.8679245283018868,תראבין א צאנע שב,0.16588419405320814,
20,הוד השרון,9700,30604,39575,30748,7747,0.2531368448568814,אמת,0.38949156972944715,הוד השרון,0.7769551484523057,
20,קוואעין (שבט),972,309,413,309,0,0.0,ודעם,0.9902912621359223,קוואעין שבט,0.7481840193704601,
20,זרזיר,975,2234,4632,2254,148,0.06624888093106536,ודעם,0.6141450313339302,זרזיר,0.48661485319516407,
20,ג'נאביב (שבט),976,122,327,125,15,0.12295081967213115,ודעם,0.5,ג נאביב שבט,0.382262996941896,
20,כעביה-טבאש-חג'אג',978,1429,3092,1437,82,0.05738278516445067,ודעם,0.6536039188243526,כעביה טבאש חג אג,0.46474773609314357,
20,"כפר מל""ל",98,236,288,239,42,0.17796610169491525,אמת,0.4915254237288136,כפר מל ל,0.8298611111111112,
20,בנימינה-גבעת עדה,9800,6971,9165,7018,1789,0.25663462917802327,אמת,0.3831588007459475,בנימינה גבעת עדה,0.7657392253136934,
20,ח'ואלד (שבט),986,69,151,71,8,0.11594202898550725,ודעם,0.6231884057971014,ח ואלד שבט,0.47019867549668876,
20,מצפה רמון,99,2139,3556,2167,763,0.35670874240299205,מחל,0.2791023842917251,מצפה רמון,0.609392575928009,
20,ראס עלי,990,202,328,205,3,0.01485148514851485,ודעם,0.8217821782178217,ראס עלי,0.625,
20,חמאם,993,501,1020,510,15,0.029940119760479042,ודעם,0.7265469061876247,חמאם,0.5,
20,מנשית זבדה,994,471,729,475,4,0.008492569002123142,ודעם,0.6709129511677282,מנשית זבדה,0.6515775034293553,
20,רומת הייב,997,452,1191,466,52,0.11504424778761062,ודעם,0.4004424778761062,רומת הייב,0.39126784214945426,
20,ביר אל-מכסור,998,2672,5562,2717,201,0.0752245508982036,ודעם,0.6485778443113772,ביר אל מכסור,0.4884933477166487,
21,שחר,7,371,516,371,179,0.48247978436657685,מחל,0.38005390835579517,שחר,0.7189922480620154,
21,תירוש,10,235,333,237,210,0.8936170212765957,מחל,0.5276595744680851,תירוש,0.7117117117117117,
21,ניר חן,11,288,403,289,90,0.3125,פה,0.3854166666666667,ניר חן,0.71712158808933,
21,חצבה,13,403,502,403,35,0.08684863523573201,פה,0.6203473945409429,חצבה,0.8027888446215139,
21,נועם,15,215,302,217,199,0.9255813953488372,מחל,0.7674418604651163,נועם,0.7185430463576159,
21,בית ניר,16,331,429,331,8,0.02416918429003021,פה,0.4471299093655589,בית ניר,0.7715617715617715,
21,שדה משה,18,302,398,306,76,0.25165562913907286,פה,0.5463576158940397,שדה משה,0.7688442211055276,
21,באר אורה,21,414,550,416,119,0.28743961352657005,פה,0.40096618357487923,באר אורה,0.7563636363636363,
21,מקווה ישראל,22,102,152,102,29,0.28431372549019607,פה,0.4117647058823529,מקווה ישראל,0.6710526315789473,
21,אמציה,23,161,220,162,96,0.5962732919254659,טב,0.37267080745341613,אמציה,0.7363636363636363,
21,לכיש,24,460,561,460,23,0.05,פה,0.5565217391304348,לכיש,0.8199643493761141,
21,ראש פינה,26,1764,2404,1765,489,0.27721088435374147,פה,0.39965986394557823,ראש פינה,0.7341930116472546,
21,שדות מיכה,27,195,267,196,145,0.7435897435897436,מחל,0.517948717948718,שדות מיכה,0.7340823970037453,
21,מזכרת בתיה,28,8065,10351,8088,2406,0.29832610043397395,פה,0.4231866088034718,מזכרת בתיה,0.7813737803110811,
21,יסוד המעלה,29,893,1215,895,198,0.22172452407614782,פה,0.503919372900336,יסוד המעלה,0.7366255144032922,
21,אופקים,31,13557,20939,13715,10170,0.7501659659216641,מחל,0.3627646234417644,אופקים,0.654997850900234,
21,עוצם,32,324,426,326,284,0.8765432098765432,שס,0.5,עוצם,0.7652582159624414,
21,בת שלמה,33,355,432,358,62,0.17464788732394365,פה,0.4732394366197183,בת שלמה,0.8287037037037037,
21,גדות,35,246,374,248,8,0.032520325203252036,פה,0.47560975609756095,גדות,0.6631016042780749,
21,שדה דוד,36,299,395,299,208,0.6956521739130435,מחל,0.568561872909699,שדה דוד,0.7569620253164557,
21,איתן,37,267,347,268,233,0.8726591760299626,מחל,0.5318352059925093,איתן,0.7723342939481268,
21,גפן,39,185,254,187,148,0.8,מחל,0.6486486486486487,גפן,0.7362204724409449,
21,אליכין,41,1976,2612,1992,1262,0.638663967611336,מחל,0.4807692307692308,אליכין,0.7626339969372129,
21,מטולה,43,923,1417,925,148,0.16034669555796316,פה,0.47778981581798485,מטולה,0.652787579393084,
21,זוהר,44,203,267,204,147,0.7241379310344828,מחל,0.5812807881773399,זוהר,0.7640449438202247,
21,יבנאל,46,1675,2498,1681,1126,0.6722388059701493,שס,0.32597014925373136,יבנאל,0.6729383506805444,
21,כפר תבור,47,2474,3310,2483,592,0.2392886014551334,פה,0.50767987065481,כפר תבור,0.7501510574018126,
21,מנחמיה,48,609,930,613,334,0.548440065681445,מחל,0.48111658456486045,מנחמיה,0.6591397849462366,
21,אילניה,49,320,461,321,107,0.334375,פה,0.384375,אילניה,0.6963123644251626,
21,לוזית,52,322,439,324,181,0.562111801242236,מחל,0.40993788819875776,לוזית,0.7380410022779044,
21,עתלית,53,3941,5523,3966,1480,0.37553920324790663,פה,0.36462826693732553,עתלית,0.7180879956545356,
21,נוגה,55,286,399,286,168,0.5874125874125874,מחל,0.5174825174825175,נוגה,0.7167919799498746,
21,כנרת (קבוצה),57,420,632,421,44,0.10476190476190476,פה,0.5023809523809524,כנרת קבוצה,0.6661392405063291,
21,מצפה,58,103,132,103,21,0.20388349514563106,פה,0.5339805825242718,מצפה,0.7803030303030303,
21,נחושה,59,602,731,603,246,0.40863787375415284,נ,0.39700996677740863,נחושה,0.8248974008207934,
21,דגניה א',62,367,515,367,16,0.043596730245231606,פה,0.5286103542234333,דגניה א,0.7126213592233009,
21,כנרת (מושבה),63,379,521,381,113,0.29815303430079154,פה,0.44591029023746703,כנרת מושבה,0.7312859884836852,
21,יד רמבם,64,629,834,631,442,0.7027027027027027,מחל,0.5945945945945946,יד רמבם,0.7565947242206235,
21,מגדל,65,933,1388,934,702,0.752411575562701,מחל,0.5541264737406216,מגדל,0.6729106628242075,
21,מרחביה (קיבוץ),66,649,888,650,133,0.2049306625577812,פה,0.4283513097072419,מרחביה קיבוץ,0.7319819819819819,
21,אור הנר,67,493,603,493,17,0.034482758620689655,פה,0.565922920892495,אור הנר,0.8175787728026535,
21,ניר עוז,69,247,329,247,11,0.044534412955465584,פה,0.41700404858299595,ניר עוז,0.7507598784194529,
21,אשדוד,70,116381,177630,117488,68236,0.5863156357137334,מחל,0.3393938873183767,אשדוד,0.6614198052130834,
21,אשבול,71,319,407,320,166,0.5203761755485894,מחל,0.4200626959247649,אשבול,0.7862407862407862,
21,גן שמואל,72,671,871,672,8,0.011922503725782414,פה,0.4932935916542474,גן שמואל,0.7715269804822044,
21,עין הוד,74,369,496,369,15,0.04065040650406504,פה,0.46883468834688347,עין הוד,0.7439516129032258,
21,כפר גלעדי,76,358,562,358,19,0.05307262569832402,פה,0.5586592178770949,כפר גלעדי,0.6370106761565836,
21,איילת השחר,77,594,812,595,50,0.08417508417508418,פה,0.5454545454545454,איילת השחר,0.7327586206896551,
21,קרית ענבים,78,220,304,220,12,0.05454545454545454,פה,0.4954545454545455,קרית ענבים,0.7236842105263158,
21,דגניה ב',79,424,545,426,32,0.07547169811320754,פה,0.5566037735849056,דגניה ב,0.781651376146789,
21,נהלל,80,545,721,549,45,0.08256880733944955,פה,0.6458715596330276,נהלל,0.7614424410540915,
21,עין חרוד (מאוחד),82,488,680,491,26,0.05327868852459016,פה,0.4918032786885246,עין חרוד מאוחד,0.7220588235294118,
21,תל יוסף,84,287,371,287,15,0.05226480836236934,פה,0.6480836236933798,תל יוסף,0.7735849056603774,
21,כפר יחזקאל,85,581,712,582,52,0.08950086058519793,פה,0.612736660929432,כפר יחזקאל,0.8174157303370787,
21,גבע,86,377,524,377,5,0.013262599469496022,פה,0.5782493368700266,גבע,0.7194656488549618,
21,עין חרוד (איחוד),89,395,524,397,27,0.06835443037974684,פה,0.6379746835443038,עין חרוד איחוד,0.7576335877862596,
21,חפצי-בה,90,419,566,420,58,0.13842482100238662,פה,0.4343675417661098,חפצי בה,0.7420494699646644,
21,גיניגר,92,394,555,394,33,0.08375634517766498,פה,0.48223350253807107,גיניגר,0.7099099099099099,
21,בלפוריה,94,324,394,324,72,0.2222222222222222,פה,0.5030864197530864,בלפוריה,0.8223350253807107,
21,בית אלפא,95,428,595,430,22,0.0514018691588785,פה,0.5420560747663551,בית אלפא,0.7226890756302521,
21,יגור,96,929,1338,930,40,0.04305705059203445,פה,0.511302475780409,יגור,0.695067264573991,
21,מרחביה (מושב),97,420,554,421,77,0.18333333333333332,פה,0.5142857142857142,מרחביה מושב,0.759927797833935,
21,כפר מלל,98,237,291,237,37,0.15611814345991562,פה,0.5527426160337553,כפר מלל,0.8144329896907216,
21,מצפה רמון,99,2105,3680,2126,1043,0.4954869358669834,מחל,0.30451306413301665,מצפה רמון,0.5777173913043478,
21,מאיר שפיה,102,54,106,54,15,0.2777777777777778,פה,0.35185185185185186,מאיר שפיה,0.5094339622641509,
21,תל עדשים,103,672,838,674,138,0.20535714285714285,פה,0.5357142857142857,תל עדשים,0.8042959427207638,
21,מזרע,104,500,680,500,15,0.03,פה,0.548,מזרע,0.7352941176470589,
21,כפר גדעון,106,145,182,146,102,0.7034482758620689,ג,0.3448275862068966,כפר גדעון,0.8021978021978022,
21,כפר סילבר,107,34,83,34,7,0.20588235294117646,פה,0.5882352941176471,כפר סילבר,0.40963855421686746,
21,כפר חסידים א',112,392,514,392,133,0.3392857142857143,פה,0.39285714285714285,כפר חסידים א,0.7626459143968871,
21,אדירים,113,175,230,175,152,0.8685714285714285,מחל,0.5485714285714286,אדירים,0.7608695652173914,
21,חופית,115,522,727,522,40,0.07662835249042145,פה,0.6609195402298851,חופית,0.7180192572214581,
21,רמת ישי,122,4274,5666,4289,1114,0.2606457650912494,פה,0.4915769770706598,רמת ישי,0.7569714084009883,
21,שריד,126,545,751,546,26,0.047706422018348627,פה,0.48990825688073397,שריד,0.7270306258322237,
21,רמת רחל,127,284,357,284,26,0.09154929577464789,פה,0.6267605633802817,רמת רחל,0.7955182072829131,
21,גת רימון,128,146,197,146,32,0.2191780821917808,פה,0.5547945205479452,גת רימון,0.7411167512690355,
21,משמר העמק,130,715,938,716,15,0.02097902097902098,פה,0.45034965034965035,משמר העמק,0.7633262260127932,
21,כפר ברוך,132,287,362,287,68,0.23693379790940766,פה,0.519163763066202,כפר ברוך,0.7928176795580111,
21,גבת,133,552,681,553,23,0.041666666666666664,פה,0.6014492753623188,גבת,0.8120411160058737,
21,יפעת,134,597,809,600,51,0.08542713567839195,פה,0.5142378559463987,יפעת,0.7416563658838071,
21,רמת דוד,135,278,348,280,17,0.06115107913669065,פה,0.5611510791366906,רמת דוד,0.8045977011494253,
21,עין שמר,139,429,576,433,21,0.04895104895104895,פה,0.4662004662004662,עין שמר,0.7517361111111112,
21,כפר יהושע,140,666,829,666,39,0.05855855855855856,פה,0.6066066066066066,כפר יהושע,0.8033775633293124,
21,ברק,141,216,301,216,93,0.4305555555555556,מחל,0.38425925925925924,ברק,0.717607973421927,
21,שדה יעקב,142,504,614,504,214,0.4246031746031746,נ,0.24206349206349206,שדה יעקב,0.8208469055374593,
21,בית זרע,143,384,617,385,13,0.033854166666666664,פה,0.4817708333333333,בית זרע,0.6239870340356564,
21,גן שלמה,144,329,397,330,12,0.0364741641337386,פה,0.5896656534954408,גן שלמה,0.8312342569269522,
21,גדיש,145,194,275,194,172,0.8865979381443299,מחל,0.8144329896907216,גדיש,0.7054545454545454,
21,דבורה,146,161,230,161,38,0.2360248447204969,פה,0.546583850931677,דבורה,0.7,
21,גבעת ברנר,147,1414,1886,1415,128,0.09052333804809053,פה,0.5353606789250354,גבעת ברנר,0.7502651113467657,
21,תל מונד,154,7066,9255,7091,1903,0.26931786017548826,פה,0.5087744126804415,תל מונד,0.7661804430037817,
21,באר טוביה,155,634,784,635,60,0.0946372239747634,פה,0.6719242902208202,באר טוביה,0.8099489795918368,
21,עיינות,156,53,109,53,13,0.24528301886792453,פה,0.37735849056603776,עיינות,0.48623853211009177,
21,עין ורד,157,884,1089,885,58,0.06561085972850679,פה,0.6606334841628959,עין ורד,0.8126721763085399,
21,נען,158,991,1294,995,41,0.04137235116044399,פה,0.5105953582240161,נען,0.7689335394126738,
21,בית חנן,159,409,520,410,41,0.10024449877750612,פה,0.6332518337408313,בית חנן,0.7884615384615384,
21,חולדה,160,528,625,528,69,0.13068181818181818,פה,0.5662878787878788,חולדה,0.8448,
21,חירות,162,764,929,765,38,0.049738219895287955,פה,0.6675392670157068,חירות,0.8234660925726588,
21,תימורים,163,497,632,497,55,0.11066398390342053,פה,0.6458752515090543,תימורים,0.7863924050632911,
21,מלאה,164,224,276,224,165,0.7366071428571429,מחל,0.5892857142857143,מלאה,0.8115942028985508,
21,ניר יפה,165,299,402,300,116,0.3879598662207358,מחל,0.3612040133779264,ניר יפה,0.746268656716418,
21,גן יבנה,166,12203,16209,12259,5605,0.45931328361878226,מחל,0.3885929689420634,גן יבנה,0.7563082238262694,
21,עין החורש,167,560,685,561,8,0.014285714285714285,פה,0.45714285714285713,עין החורש,0.8189781021897811,
21,כפר יונה,168,11342,15429,11417,4582,0.4039851877975666,פה,0.3742726150590725,כפר יונה,0.7399701860133515,
21,כפר יעבץ,170,364,461,364,252,0.6923076923076923,מחל,0.5164835164835165,כפר יעבץ,0.789587852494577,
21,פרדסיה,171,3828,4968,3840,1000,0.2612330198537095,פה,0.49346917450365724,פרדסיה,0.7729468599033816,
21,גבעת חיים (מאוחד),173,677,886,680,43,0.06351550960118169,פה,0.4874446085672083,גבעת חיים מאוחד,0.7674943566591422,
21,נטעים,174,412,536,413,54,0.13106796116504854,פה,0.5606796116504854,נטעים,0.7705223880597015,
21,אביחיל,175,744,972,745,91,0.12231182795698925,פה,0.6129032258064516,אביחיל,0.7664609053497943,
21,אפיקים,176,744,1083,745,32,0.043010752688172046,פה,0.5026881720430108,אפיקים,0.6879039704524469,
21,כפר בילו,177,698,868,702,98,0.14040114613180515,פה,0.6060171919770774,כפר בילו,0.8087557603686636,
21,רמת יוחנן,178,582,827,583,36,0.061855670103092786,פה,0.5085910652920962,רמת יוחנן,0.7049576783555018,
21,אבן יהודה,182,7562,9833,7582,1779,0.23525522348585032,פה,0.5305474742131712,אבן יהודה,0.7710769856605308,
21,ירקונה,183,233,311,234,26,0.11158798283261803,פה,0.648068669527897,ירקונה,0.752411575562701,
21,רמת הכובש,184,508,654,508,22,0.04330708661417323,פה,0.5413385826771654,רמת הכובש,0.7767584097859327,
21,נעורים,186,75,173,75,13,0.17333333333333334,פה,0.52,נעורים,0.43352601156069365,
21,כפר הס,187,804,1044,804,44,0.05472636815920398,פה,0.6405472636815921,כפר הס,0.7701149425287356,
21,אשדות יעקב  (מאוחד),188,349,506,352,52,0.1489971346704871,פה,0.42406876790830944,אשדות יעקב מאוחד,0.6956521739130435,
21,כפר פינס,189,314,372,315,188,0.5987261146496815,טב,0.4394904458598726,כפר פינס,0.8467741935483871,
21,כפר ויתקין,190,1082,1406,1085,59,0.054528650646950096,פה,0.634011090573013,כפר ויתקין,0.7716927453769559,
21,הדר עם,191,425,510,426,32,0.07529411764705882,פה,0.6188235294117647,הדר עם,0.8352941176470589,
21,כפר החורש,192,369,475,371,28,0.07588075880758807,פה,0.5094850948509485,כפר החורש,0.7810526315789473,
21,כפר חיים,193,325,416,326,28,0.08615384615384615,פה,0.6061538461538462,כפר חיים,0.7836538461538461,
21,משמר השרון,194,343,511,343,15,0.043731778425655975,פה,0.521865889212828,משמר השרון,0.6712328767123288,
21,קדימה-צורן,195,11595,15275,11630,3216,0.2773609314359638,פה,0.49814575247951703,קדימה צורן,0.7613747954173486,
21,גיבתון,196,200,257,200,22,0.11,פה,0.61,גיבתון,0.7782101167315175,
21,מעברות,197,584,736,587,18,0.030821917808219176,פה,0.4280821917808219,מעברות,0.7975543478260869,
21,צופית,198,596,795,596,49,0.08221476510067115,פה,0.6493288590604027,צופית,0.7496855345911949,
21,אשדות יעקב  (איחוד),199,487,652,488,59,0.12114989733059549,פה,0.5071868583162218,אשדות יעקב איחוד,0.7484662576687117,
21,בית ינאי,200,196,307,196,11,0.05612244897959184,פה,0.6836734693877551,בית ינאי,0.6384364820846905,
21,בית עובד,202,180,239,180,18,0.1,פה,0.6111111111111112,בית עובד,0.7531380753138075,
21,אלישיב,204,367,473,367,189,0.5149863760217984,מחל,0.44141689373297005,אלישיב,0.7758985200845666,
21,חגלה,205,408,499,409,25,0.061274509803921566,פה,0.5955882352941176,חגלה,0.8196392785571143,
21,רמות השבים,206,886,1148,888,70,0.07900677200902935,פה,0.6422121896162528,רמות השבים,0.7735191637630662,
21,גבעת חן,207,257,297,257,20,0.07782101167315175,פה,0.603112840466926,גבעת חן,0.8653198653198653,
21,מוצא עילית,208,657,900,658,106,0.1613394216133942,פה,0.5007610350076104,מוצא עילית,0.7311111111111112,
21,בית צבי,212,39,68,39,37,0.9487179487179487,טב,0.6666666666666666,בית צבי,0.5735294117647058,
21,משמרות,213,451,568,452,27,0.0598669623059867,פה,0.5898004434589801,משמרות,0.795774647887324,
21,כפר הראה,217,588,717,588,343,0.5833333333333334,טב,0.3622448979591837,כפר הראה,0.8200836820083682,
21,גני עם,218,170,212,170,31,0.18235294117647058,פה,0.49411764705882355,גני עם,0.8018867924528302,
21,חיבת ציון,219,363,444,363,62,0.17079889807162535,פה,0.5013774104683195,חיבת ציון,0.8175675675675675,
21,כפר ביאליק,220,361,468,362,74,0.20498614958448755,פה,0.5263157894736842,כפר ביאליק,0.7735042735042735,
21,עין עירון,223,343,411,345,21,0.061224489795918366,פה,0.6501457725947521,עין עירון,0.8394160583941606,
21,שושנת העמקים,224,315,443,315,150,0.47619047619047616,מחל,0.37142857142857144,שושנת העמקים,0.7110609480812641,
21,גן השומרון,225,476,619,476,50,0.10504201680672269,פה,0.6050420168067226,גן השומרון,0.7689822294022617,
21,גני תקווה,229,11010,14043,11046,3630,0.329700272479564,פה,0.45849227974568574,גני תקווה,0.7865840632343516,
21,מעש,230,541,688,542,124,0.22920517560073936,פה,0.5452865064695009,מעש,0.7877906976744186,
21,שפיים,232,773,976,774,21,0.027166882276843468,פה,0.5912031047865459,שפיים,0.7930327868852459,
21,כפר ידידיה,233,396,482,397,26,0.06565656565656566,פה,0.648989898989899,כפר ידידיה,0.8236514522821576,
21,ביצרון,234,700,876,702,85,0.12142857142857143,פה,0.6614285714285715,ביצרון,0.8013698630136986,
21,חבצלת השרון,235,223,339,225,65,0.2914798206278027,פה,0.5291479820627802,חבצלת השרון,0.6637168141592921,
21,שער העמקים,237,433,551,434,7,0.016166281755196306,פה,0.4780600461893764,שער העמקים,0.7876588021778584,
21,גן חיים,239,439,537,439,40,0.09111617312072894,פה,0.642369020501139,גן חיים,0.8175046554934823,
21,יקנעם עילית,240,12234,17627,12325,4945,0.40420140591793363,מחל,0.3508255680889325,יקנעם עילית,0.6992114370000567,
21,יקנעם (מושבה),241,783,1009,784,66,0.0842911877394636,פה,0.6066411238825032,יקנעם מושבה,0.7770069375619425,
21,בית השיטה,242,773,1044,778,54,0.06985769728331177,פה,0.5640362225097024,בית השיטה,0.7452107279693486,
21,נתיבות,246,16837,22599,16955,13702,0.8138029340143731,שס,0.3334917146760112,נתיבות,0.7502544360369928,
21,רשפון,247,680,867,680,85,0.125,פה,0.6544117647058824,רשפון,0.7843137254901961,
21,בית שערים,248,379,471,382,40,0.10554089709762533,פה,0.575197889182058,בית שערים,0.8110403397027601,
21,כפר סירקין,249,774,965,774,103,0.1330749354005168,פה,0.6666666666666666,כפר סירקין,0.8020725388601037,
21,הזורע,250,621,882,623,32,0.05152979066022544,פה,0.47987117552334946,הזורע,0.7063492063492064,
21,ביתן אהרן,252,136,180,137,18,0.1323529411764706,פה,0.6470588235294118,ביתן אהרן,0.7611111111111111,
21,חולתה,253,322,430,323,25,0.07763975155279502,אמת,0.38819875776397517,חולתה,0.7511627906976744,
21,כפר המכבי,254,216,305,216,13,0.06018518518518518,פה,0.6435185185185185,כפר המכבי,0.7081967213114754,
21,כפר חיטים,255,343,502,344,110,0.3206997084548105,פה,0.3965014577259475,כפר חיטים,0.6852589641434262,
21,ניר דוד (תל עמל),256,479,610,481,16,0.033402922755741124,פה,0.5031315240083507,ניר דוד תל עמל,0.7885245901639344,
21,נופך,257,315,394,319,174,0.5523809523809524,מחל,0.4793650793650794,נופך,0.8096446700507615,
21,שדה נחום,259,383,495,384,83,0.21671018276762402,פה,0.44386422976501305,שדה נחום,0.7757575757575758,
21,גינוסר,262,388,548,388,67,0.17268041237113402,פה,0.5257731958762887,גינוסר,0.708029197080292,
21,מסדה,263,185,268,185,17,0.0918918918918919,פה,0.5621621621621622,מסדה,0.6902985074626866,
21,שער הגולן,264,394,493,394,23,0.0583756345177665,פה,0.5456852791878173,שער הגולן,0.7991886409736308,
21,בית יוסף,265,255,357,257,185,0.7254901960784313,מחל,0.6352941176470588,בית יוסף,0.7198879551820728,
21,כפר שמריהו,267,1211,1864,1219,195,0.1610239471511148,פה,0.6242774566473989,כפר שמריהו,0.653969957081545,
21,טירת צבי,268,419,520,420,122,0.2911694510739857,נ,0.33890214797136037,טירת צבי,0.8076923076923077,
21,מולדת,269,627,801,627,44,0.07017543859649122,פה,0.6395534290271132,מולדת,0.7827715355805244,
21,עין השופט,270,530,873,530,21,0.03962264150943396,פה,0.39433962264150946,עין השופט,0.6071019473081328,
21,מעוז חיים,272,307,464,308,19,0.06188925081433225,פה,0.5602605863192183,מעוז חיים,0.6637931034482759,
21,עין גב,273,327,481,327,34,0.10397553516819572,פה,0.4892966360856269,עין גב,0.6798336798336798,
21,כפר מנחם,274,672,877,673,37,0.05505952380952381,פה,0.5684523809523809,כפר מנחם,0.7673888255416191,
21,צור משה,276,1415,1823,1421,169,0.11943462897526502,פה,0.6424028268551236,צור משה,0.7794843664289632,
21,אושה,278,269,363,269,15,0.055762081784386616,פה,0.5799256505576208,אושה,0.7410468319559229,
21,חניתה,280,391,728,391,47,0.12020460358056266,פה,0.4578005115089514,חניתה,0.5370879120879121,
21,פקיעין חדשה,281,249,317,250,201,0.8072289156626506,מחל,0.5261044176706827,פקיעין חדשה,0.7886435331230284,
21,שבי ציון,282,626,864,629,131,0.20926517571884984,פה,0.5223642172523961,שבי ציון,0.7280092592592593,
21,שדה ורבורג,284,777,985,778,70,0.09009009009009009,פה,0.6653796653796654,שדה ורבורג,0.7898477157360406,
21,אלונים,285,396,513,397,17,0.04292929292929293,פה,0.5757575757575758,אלונים,0.7738791423001949,
21,מעלה החמישה,286,389,552,389,21,0.05398457583547558,פה,0.5526992287917738,מעלה החמישה,0.7047101449275363,
21,תל יצחק,287,537,663,540,51,0.09497206703910614,פה,0.6201117318435754,תל יצחק,0.8144796380090498,
21,בית יהושע,288,548,716,549,59,0.10766423357664233,פה,0.6131386861313869,בית יהושע,0.7667597765363129,
21,עין המפרץ,289,553,693,553,14,0.02531645569620253,פה,0.5009041591320073,עין המפרץ,0.797979797979798,
21,מעין צבי,290,474,663,475,35,0.07383966244725738,פה,0.5464135021097046,מעין צבי,0.7164404223227753,
21,שרונה,292,350,443,351,26,0.07428571428571429,פה,0.5857142857142857,שרונה,0.7923250564334086,
21,שדה יואב,293,294,369,294,7,0.023809523809523808,פה,0.5748299319727891,שדה יואב,0.7967479674796748,
21,אילון,294,637,817,637,79,0.12401883830455258,פה,0.37362637362637363,אילון,0.7796817625458996,
21,כפר רופין,295,269,386,269,20,0.07434944237918216,פה,0.5390334572490706,כפר רופין,0.6968911917098446,
21,נווה איתן,296,121,188,122,10,0.08264462809917356,פה,0.4049586776859504,נווה איתן,0.648936170212766,
21,כפר מסריק,297,405,581,407,20,0.04938271604938271,פה,0.508641975308642,כפר מסריק,0.7005163511187608,
21,מסילות,298,287,432,288,9,0.0313588850174216,פה,0.5121951219512195,מסילות,0.6666666666666666,
21,דליה,300,496,658,498,12,0.024193548387096774,פה,0.46975806451612906,דליה,0.756838905775076,
21,בית עוזיאל,301,334,463,334,165,0.4940119760479042,מחל,0.4041916167664671,בית עוזיאל,0.7213822894168467,
21,דפנה,302,459,569,459,34,0.07407407407407407,פה,0.5533769063180828,דפנה,0.8066783831282952,
21,דן,303,405,527,405,7,0.01728395061728395,פה,0.5037037037037037,דן,0.7685009487666035,
21,שדה אליהו,304,402,618,404,161,0.40049751243781095,נ,0.2885572139303483,שדה אליהו,0.6537216828478964,
21,גשר,305,262,418,267,13,0.04961832061068702,פה,0.38549618320610685,גשר,0.638755980861244,
21,שדמות דבורה,306,392,482,392,33,0.08418367346938775,פה,0.6683673469387755,שדמות דבורה,0.8132780082987552,
21,הזורעים,307,422,515,423,274,0.6492890995260664,טב,0.35308056872037913,הזורעים,0.8213592233009709,
21,מחניים,308,389,531,390,70,0.17994858611825193,פה,0.38046272493573263,מחניים,0.7344632768361582,
21,נהורה,309,707,949,708,416,0.5884016973125884,מחל,0.4681753889674682,נהורה,0.7460484720758693,
21,כפר גליקסון,310,213,279,214,10,0.046948356807511735,פה,0.5774647887323944,כפר גליקסון,0.7670250896057348,
21,גן שורק,311,198,262,198,37,0.18686868686868688,פה,0.5656565656565656,גן שורק,0.7557251908396947,
21,נווה ים,312,153,211,154,39,0.2549019607843137,פה,0.3464052287581699,נווה ים,0.7298578199052133,
21,אפק,313,377,495,380,19,0.050397877984084884,פה,0.5543766578249337,אפק,0.7676767676767676,
21,נגבה,315,480,681,480,30,0.0625,פה,0.5416666666666666,נגבה,0.7048458149779736,
21,כפר נטר,316,597,728,598,76,0.1273031825795645,פה,0.6180904522613065,כפר נטר,0.8214285714285714,
21,בית אורן,317,198,302,198,22,0.1111111111111111,פה,0.5050505050505051,בית אורן,0.6556291390728477,
21,עמיעוז,318,133,207,133,68,0.5112781954887218,מחל,0.3684210526315789,עמיעוז,0.642512077294686,
21,עמיר,319,372,502,372,15,0.04032258064516129,פה,0.4489247311827957,עמיר,0.7410358565737052,
21,כפר ורבורג,320,651,817,652,104,0.1597542242703533,פה,0.6190476190476191,כפר ורבורג,0.7980416156670747,
21,בית הלל,322,423,575,427,19,0.04491725768321513,פה,0.6572104018912529,בית הלל,0.7426086956521739,
21,שאר ישוב,324,322,425,322,75,0.2329192546583851,פה,0.468944099378882,שאר ישוב,0.7576470588235295,
21,מצובה,325,615,824,616,98,0.15934959349593497,פה,0.5593495934959349,מצובה,0.7475728155339806,
21,בית יצחק-שער חפר,326,1265,1612,1267,143,0.11304347826086956,פה,0.6537549407114625,בית יצחק שער חפר,0.7859801488833746,
21,שדות ים,327,579,696,579,54,0.09326424870466321,פה,0.5906735751295337,שדות ים,0.8318965517241379,
21,שדה נחמיה,329,575,735,575,93,0.1617391304347826,פה,0.4539130434782609,שדה נחמיה,0.782312925170068,
21,אלומות,330,227,312,227,22,0.09691629955947137,פה,0.4933920704845815,אלומות,0.7275641025641025,
21,ניר צבי,331,738,920,739,79,0.1070460704607046,פה,0.5894308943089431,ניר צבי,0.8032608695652174,
21,קבוצת יבנה,334,449,602,451,98,0.2182628062360802,פה,0.32516703786191536,קבוצת יבנה,0.7491694352159468,
21,רמת השופט,335,513,718,515,32,0.06237816764132553,פה,0.48148148148148145,רמת השופט,0.7172701949860725,
21,דורות,336,417,551,418,12,0.02877697841726619,פה,0.4892086330935252,דורות,0.7586206896551724,
21,איבים,338,5,100,5,3,0.6,פה,0.4,איבים,0.05,
21,רמת צבי,339,373,445,373,40,0.10723860589812333,פה,0.5683646112600537,רמת צבי,0.8382022471910112,
21,גת (קיבוץ),340,392,539,392,22,0.05612244897959184,פה,0.5510204081632653,גת קיבוץ,0.7272727272727273,
21,גברעם,342,246,320,246,25,0.1016260162601626,פה,0.5934959349593496,גברעם,0.76875,
21,חמדיה,343,208,295,209,29,0.13942307692307693,פה,0.5144230769230769,חמדיה,0.7084745762711865,
21,מענית,344,445,539,445,22,0.04943820224719101,פה,0.4853932584269663,מענית,0.8256029684601113,
21,כפר סאלד,345,350,473,353,15,0.04285714285714286,פה,0.54,כפר סאלד,0.7463002114164905,
21,גליל ים,346,270,346,273,19,0.07037037037037037,פה,0.5296296296296297,גליל ים,0.7890173410404624,
21,מנרה,347,145,213,146,6,0.041379310344827586,פה,0.4689655172413793,מנרה,0.6854460093896714,
21,ניר עם,348,251,385,251,25,0.099601593625498,פה,0.5418326693227091,ניר עם,0.6519480519480519,
21,ניצן,351,1075,1338,1080,748,0.695813953488372,טב,0.34232558139534885,ניצן,0.8071748878923767,
21,גבולות,352,200,300,200,6,0.03,פה,0.33,גבולות,0.6666666666666666,
21,בית זיד,353,70,113,70,4,0.05714285714285714,פה,0.5142857142857142,בית זיד,0.6194690265486725,
21,רביבים,354,440,696,442,26,0.05909090909090909,פה,0.38181818181818183,רביבים,0.6350574712643678,
21,חורשים,355,196,289,196,27,0.1377551020408163,פה,0.4387755102040816,חורשים,0.6782006920415224,
21,הגושרים,356,472,630,474,50,0.1059322033898305,פה,0.5211864406779662,הגושרים,0.7523809523809524,
21,כפר בלום,357,510,731,514,68,0.13333333333333333,פה,0.4627450980392157,כפר בלום,0.7031463748290013,
21,יד מרדכי,358,525,695,526,57,0.10857142857142857,פה,0.49523809523809526,יד מרדכי,0.7568345323741007,
21,ניצנים,359,249,329,250,7,0.028112449799196786,פה,0.5542168674698795,ניצנים,0.7598784194528876,
21,גבעת נילי,360,361,432,361,159,0.4404432132963989,מחל,0.4265927977839335,גבעת נילי,0.8356481481481481,
21,רוחמה,362,349,498,350,10,0.02865329512893983,פה,0.5272206303724928,רוחמה,0.7028112449799196,
21,חפץ חיים,363,301,342,301,217,0.7209302325581395,טב,0.5149501661129569,חפץ חיים,0.8801169590643275,
21,כפר אוריה,364,429,542,430,114,0.26573426573426573,פה,0.40326340326340326,כפר אוריה,0.7933579335793358,
21,בית קשת,365,352,478,354,17,0.048295454545454544,פה,0.41761363636363635,בית קשת,0.7405857740585774,
21,שמיר,366,519,674,519,20,0.038535645472061654,פה,0.5317919075144508,שמיר,0.7700296735905044,
21,עין העמק,367,455,568,455,289,0.6351648351648351,מחל,0.589010989010989,עין העמק,0.801056338028169,
21,ביריה,368,435,588,436,311,0.7149425287356321,מחל,0.5126436781609195,ביריה,0.7414965986394558,
21,גלעד (אבן יצחק),369,283,376,283,7,0.024734982332155476,פה,0.6289752650176679,גלעד אבן יצחק,0.7526595744680851,
21,גזר,370,202,385,203,14,0.06930693069306931,פה,0.5099009900990099,גזר,0.5272727272727272,
21,רמות נפתלי,372,320,430,323,90,0.28125,פה,0.403125,רמות נפתלי,0.7511627906976744,
21,בית הלוי,373,421,519,422,55,0.13064133016627077,פה,0.5914489311163895,בית הלוי,0.8131021194605009,
21,חוקוק,374,307,445,307,21,0.06840390879478828,פה,0.38762214983713356,חוקוק,0.6898876404494382,
21,מגל,375,655,802,655,14,0.021374045801526718,פה,0.6152671755725191,מגל,0.816708229426434,
21,עברון,376,527,664,527,15,0.028462998102466792,פה,0.4781783681214421,עברון,0.7936746987951807,
21,המעפיל,377,484,626,484,27,0.05578512396694215,פה,0.5764462809917356,המעפיל,0.7731629392971247,
21,משגב עם,378,171,259,171,9,0.05263157894736842,פה,0.4853801169590643,משגב עם,0.6602316602316602,
21,גאולים,379,527,678,530,191,0.36242884250474383,פה,0.3396584440227704,גאולים,0.7817109144542773,
21,להבות הבשן,380,489,674,491,38,0.07770961145194274,פה,0.44171779141104295,להבות הבשן,0.728486646884273,
21,מכמורת,382,731,1045,732,49,0.06703146374829001,פה,0.6429548563611491,מכמורת,0.7004784688995215,
21,עין הנציב,383,354,444,354,87,0.2457627118644068,נ,0.4067796610169492,עין הנציב,0.7972972972972973,
21,עמיעד,385,269,428,271,9,0.03345724907063197,פה,0.5055762081784386,עמיעד,0.633177570093458,
21,בני דרור,386,794,1004,805,128,0.16120906801007556,פה,0.5503778337531486,בני דרור,0.8017928286852589,
21,כפר מונש,387,476,624,477,44,0.09243697478991597,פה,0.6365546218487395,כפר מונש,0.7644230769230769,
21,כפר קיש,388,321,432,325,52,0.16199376947040497,פה,0.5482866043613707,כפר קיש,0.7523148148148148,
21,בצרה,389,581,776,582,65,0.11187607573149742,פה,0.657487091222031,בצרה,0.75,
21,רגבה,390,611,807,615,78,0.1276595744680851,פה,0.5973813420621932,רגבה,0.7620817843866171,
21,גלאון,393,310,449,310,9,0.02903225806451613,פה,0.4645161290322581,גלאון,0.6904231625835189,
21,שובל,394,482,618,484,21,0.043568464730290454,פה,0.504149377593361,שובל,0.7831715210355987,
21,משמר הנגב,395,517,768,518,50,0.09671179883945841,פה,0.4506769825918762,משמר הנגב,0.6744791666666666,
21,נבטים,396,559,719,562,186,0.33273703041144903,פה,0.4150268336314848,נבטים,0.7816411682892906,
21,חצרים,397,612,813,613,20,0.032679738562091505,פה,0.5849673202614379,חצרים,0.7539975399753998,
21,שרשרת,398,192,253,192,169,0.8802083333333334,מחל,0.6354166666666666,שרשרת,0.758893280632411,
21,בארי,399,671,844,672,25,0.037257824143070044,אמת,0.4485842026825633,בארי,0.7962085308056872,
21,אבן שמואל,400,754,871,756,593,0.786472148541114,מחל,0.35013262599469497,אבן שמואל,0.8679678530424799,
21,ניר יצחק,402,388,585,389,9,0.023195876288659795,מרצ,0.3865979381443299,ניר יצחק,0.6649572649572649,
21,אורים,403,256,449,257,13,0.05078125,פה,0.46875,אורים,0.5723830734966593,
21,נווה אילן,405,493,686,493,81,0.1643002028397566,פה,0.4908722109533469,נווה אילן,0.7186588921282799,
21,חצור-אשדוד,406,468,660,468,14,0.029914529914529916,פה,0.5,חצור אשדוד,0.7090909090909091,
21,דברת,407,205,302,206,22,0.1073170731707317,פה,0.6048780487804878,דברת,0.6821192052980133,
21,נאות מרדכי,408,376,509,376,26,0.06914893617021277,פה,0.5026595744680851,נאות מרדכי,0.7387033398821218,
21,יחיעם,409,483,553,484,34,0.07039337474120083,פה,0.4989648033126294,יחיעם,0.8752260397830018,
21,צאלים,413,296,399,296,23,0.0777027027027027,פה,0.43243243243243246,צאלים,0.7418546365914787,
21,קלחים,414,290,350,291,105,0.3620689655172414,פה,0.3137931034482759,קלחים,0.8314285714285714,
21,שוקדה,415,210,261,210,149,0.7095238095238096,מחל,0.35714285714285715,שוקדה,0.8045977011494253,
21,מעין ברוך,416,335,473,336,35,0.1044776119402985,פה,0.4955223880597015,מעין ברוך,0.7103594080338267,
21,יקום,417,431,538,433,10,0.02320185614849188,פה,0.5127610208816705,יקום,0.8048327137546468,
21,בני ציון,418,618,824,619,79,0.127831715210356,פה,0.63915857605178,בני ציון,0.7512135922330098,
21,סעד,419,489,619,491,165,0.3374233128834356,נ,0.25971370143149286,סעד,0.7932148626817448,
21,משאבי שדה,421,310,459,311,21,0.06774193548387097,פה,0.47419354838709676,משאבי שדה,0.6775599128540305,
21,חרב לאת,422,410,521,410,83,0.20243902439024392,פה,0.5560975609756098,חרב לאת,0.7869481765834933,
21,העוגן,423,462,610,465,13,0.02813852813852814,פה,0.5238095238095238,העוגן,0.7622950819672131,
21,גבים,424,344,449,345,24,0.06976744186046512,פה,0.5290697674418605,גבים,0.7683741648106904,
21,משמרת,425,525,655,526,45,0.08571428571428572,פה,0.6761904761904762,משמרת,0.8030534351145038,
21,עין כרמל,426,414,521,417,26,0.06280193236714976,פה,0.5531400966183575,עין כרמל,0.800383877159309,
21,כפר גלים,427,59,89,61,20,0.3389830508474576,מחל,0.3389830508474576,כפר גלים,0.6853932584269663,
21,ברור חיל,428,540,745,540,56,0.1037037037037037,פה,0.5185185185185185,ברור חיל,0.7248322147651006,
21,אלוני אבא,429,529,666,530,44,0.0831758034026465,פה,0.6502835538752363,אלוני אבא,0.7957957957957958,
21,בית לחם הגלילית,430,484,621,485,56,0.11570247933884298,פה,0.6074380165289256,בית לחם הגלילית,0.7809983896940419,
21,דלתון,431,457,618,460,320,0.700218818380744,מחל,0.5164113785557987,דלתון,0.7443365695792881,
21,שמרת,432,306,421,308,25,0.08169934640522876,פה,0.4215686274509804,שמרת,0.7315914489311164,
21,נחשולים,433,423,531,423,17,0.04018912529550828,פה,0.5886524822695035,נחשולים,0.7966101694915254,
21,החותרים,434,453,576,453,18,0.039735099337748346,פה,0.5386313465783664,החותרים,0.7864583333333334,
21,נצר סרני,435,476,579,477,12,0.025210084033613446,פה,0.5105042016806722,נצר סרני,0.8238341968911918,
21,עין דור,436,595,904,595,22,0.03697478991596639,פה,0.5277310924369748,עין דור,0.6581858407079646,
21,רשפים,437,496,595,496,32,0.06451612903225806,פה,0.4092741935483871,רשפים,0.8336134453781513,
21,שלוחות,439,276,362,277,89,0.322463768115942,נ,0.2717391304347826,שלוחות,0.7651933701657458,
21,יסודות,440,303,322,306,296,0.976897689768977,ג,0.9240924092409241,יסודות,0.9503105590062112,
21,גדעונה,442,214,290,214,115,0.5373831775700935,מחל,0.4205607476635514,גדעונה,0.7379310344827587,
21,כפר הנשיא,443,410,709,412,21,0.05121951219512195,פה,0.5317073170731708,כפר הנשיא,0.5811001410437235,
21,רגבים,444,285,410,286,21,0.07368421052631578,פה,0.5789473684210527,רגבים,0.697560975609756,
21,רמות מנשה,445,649,821,650,22,0.03389830508474576,פה,0.5377503852080123,רמות מנשה,0.7917174177831913,
21,אודים,446,629,802,630,91,0.14467408585055644,פה,0.5914149443561209,אודים,0.7855361596009975,
21,נורדיה,447,1176,1544,1184,246,0.20918367346938777,פה,0.5629251700680272,נורדיה,0.7668393782383419,
21,בני עטרות,448,518,609,518,58,0.11196911196911197,פה,0.6196911196911197,בני עטרות,0.8505747126436781,
21,נחלים,449,765,902,766,425,0.5555555555555556,טב,0.37254901960784315,נחלים,0.8492239467849224,
21,בארות יצחק,450,283,405,285,102,0.36042402826855124,נ,0.26148409893992935,בארות יצחק,0.7037037037037037,
21,יזרעאל,452,351,566,354,14,0.039886039886039885,פה,0.5270655270655271,יזרעאל,0.6254416961130742,
21,יפתח,453,384,533,386,13,0.033854166666666664,פה,0.5625,יפתח,0.724202626641651,
21,סער,454,446,606,449,67,0.15022421524663676,פה,0.47533632286995514,סער,0.740924092409241,
21,שורש,456,859,1087,868,193,0.22467986030267753,פה,0.42724097788125726,שורש,0.7985280588776449,
21,גזית,457,460,631,460,13,0.02826086956521739,פה,0.4717391304347826,גזית,0.7290015847860539,
21,רמת רזיאל,460,352,469,352,76,0.2159090909090909,פה,0.3664772727272727,רמת רזיאל,0.7505330490405118,
21,טל שחר,462,618,763,618,84,0.13592233009708737,פה,0.5679611650485437,טל שחר,0.8099606815203145,
21,געתון,463,384,545,385,25,0.06510416666666667,פה,0.4609375,געתון,0.7064220183486238,
21,הראל,464,121,221,121,3,0.024793388429752067,פה,0.5702479338842975,הראל,0.5475113122171946,
21,צובה,465,404,623,404,13,0.03217821782178218,אמת,0.4158415841584158,צובה,0.6484751203852327,
21,בית דגן,466,3813,5027,3827,2164,0.5675321269341725,מחל,0.46944662995017045,בית דגן,0.7612890391883828,
21,קרית עקרון,469,5719,8178,5782,3773,0.6597307221542228,מחל,0.5357579996502885,קרית עקרון,0.7070188310100269,
21,אבו גוש,472,1843,4707,1915,244,0.13239283776451438,ום,0.2658708627238199,אבו גוש,0.4068408752921181,
21,אבו סנאן,473,4763,9234,4845,214,0.04492966617677934,ום,0.45181608230107073,אבו סנאן,0.5246913580246914,
21,דחי,475,136,491,136,14,0.10294117647058823,ום,0.3897058823529412,דחי,0.2769857433808554,
21,אכסאל,478,4807,9369,4833,46,0.009569377990430622,ום,0.6904514250052007,אכסאל,0.515850144092219,
21,בית ג'ן,480,4897,8565,4923,270,0.05513579742699612,מרצ,0.648356136410047,בית ג ן,0.5747810858143608,
21,מגאר,481,7340,15692,7464,760,0.10354223433242507,פה,0.3128065395095368,מגאר,0.4756563854193219,
21,בועיינה-נוג'ידאת,482,3282,6376,3342,147,0.044789762340036565,דעם,0.39853747714808047,בועיינה נוג ידאת,0.5241530740276035,
21,בענה,483,3944,5507,3966,168,0.04259634888438134,דעם,0.4657707910750507,בענה,0.7201743235881605,
21,ג'ולס,485,2549,4606,2574,369,0.14476265202040015,פה,0.5594350725774814,ג ולס,0.5588363004776379,
21,ג'ש (גוש חלב),487,1135,2438,1153,44,0.038766519823788544,ום,0.44140969162995597,ג ש גוש חלב,0.47292863002461033,
21,דבוריה,489,3750,6887,3780,19,0.005066666666666666,ום,0.468,דבוריה,0.5488601713373021,
21,דייר אל-אסד,490,5884,8056,5919,573,0.09738273283480625,ום,0.45224337185588037,דייר אל אסד,0.7347318768619663,
21,דייר חנא,492,5349,7194,5357,173,0.032342493924097965,ום,0.5238362310712282,דייר חנא,0.7446483180428135,
21,דאלית אל-כרמל,494,7404,12488,7464,239,0.03227984873041599,פה,0.5538897893030794,דאלית אל כרמל,0.5976937860345932,
21,חורפיש,496,2356,4469,2363,181,0.0768251273344652,פה,0.34847198641765703,חורפיש,0.5287536361602149,
21,טייבה (בעמק),497,466,1193,472,32,0.06866952789699571,ום,0.30472103004291845,טייבה בעמק,0.3956412405699916,
21,טורעאן,498,4393,9258,4431,34,0.007739585704529934,ום,0.5326656043705896,טורעאן,0.47861309138042774,
21,יפיע,499,5639,12845,5741,209,0.03706330909735769,ום,0.5933676183720518,יפיע,0.4469443363176333,
21,ירכא,502,7074,10483,7155,3159,0.44656488549618323,מחל,0.3507209499575912,ירכא,0.682533625870457,
21,כאבול,504,5019,7857,5057,141,0.028093245666467422,ום,0.4859533771667663,כאבול,0.6436298841797123,
21,כאוכב אבו אל-היג'א,505,1617,2559,1626,3,0.0018552875695732839,ום,0.5102040816326531,כאוכב אבו אל היג א,0.6354044548651817,
21,כפר יאסיף,507,4696,7785,4739,147,0.03130323679727427,ום,0.6856899488926746,כפר יאסיף,0.6087347463070006,
21,כפר כמא,508,1062,2555,1075,16,0.015065913370998116,פה,0.6770244821092278,כפר כמא,0.4207436399217221,
21,כפר כנא,509,6829,14304,6919,144,0.021086542685605506,דעם,0.4647825450285547,כפר כנא,0.4837108501118568,
21,כפר מנדא,510,7516,12249,7593,795,0.10577434805747739,ום,0.4691325172964343,כפר מנדא,0.6198873377418564,
21,עילוט,511,1410,5109,1435,164,0.11631205673758865,ום,0.4858156028368794,עילוט,0.28087688393031907,
21,כפר מצר,512,767,1751,790,79,0.10299869621903521,דעם,0.4106910039113429,כפר מצר,0.4511707595659623,
21,עין ראפה,514,235,634,248,8,0.03404255319148936,מרצ,0.2723404255319149,עין ראפה,0.3911671924290221,
21,מג'ד אל-כרום,516,6146,10104,6170,121,0.0196876016921575,ום,0.537748128864302,מג ד אל כרום,0.6106492478226445,
21,מזרעה,517,1678,2852,1685,9,0.005363528009535161,ום,0.6620977353992848,מזרעה,0.5908134642356241,
21,מעיליא,518,1528,2508,1544,11,0.007198952879581152,ום,0.4339005235602094,מעיליא,0.6156299840510366,
21,משהד,520,2677,5463,2692,23,0.008591707134852447,ום,0.5550989914082929,משהד,0.4927695405454878,
21,עין נקובא,521,675,1617,726,39,0.057777777777777775,ום,0.33925925925925926,עין נקובא,0.4489795918367347,
21,נחף,522,4278,8240,4289,37,0.008648901355773725,ום,0.4308087891538102,נחף,0.5205097087378641,
21,ניין,523,670,1311,683,16,0.023880597014925373,מרצ,0.4507462686567164,ניין,0.520976353928299,
21,נאעורה,524,599,1421,613,6,0.01001669449081803,ום,0.3105175292153589,נאעורה,0.4313863476425053,
21,סאג'ור,525,1288,2945,1295,317,0.24611801242236025,אמת,0.22981366459627328,סאג ור,0.4397283531409168,
21,סולם,526,865,1964,871,18,0.020809248554913295,ום,0.38497109826589593,סולם,0.4434826883910387,
21,שזור,527,188,272,188,138,0.7340425531914894,מחל,0.6648936170212766,שזור,0.6911764705882353,
21,עוזייר,528,781,1952,782,41,0.052496798975672214,דעם,0.499359795134443,עוזייר,0.40061475409836067,
21,אעבלין,529,4444,8913,4508,216,0.048604860486048604,ום,0.5794329432943295,אעבלין,0.5057780769662291,
21,עיילבון,530,2615,4097,2639,106,0.04053537284894838,ום,0.4673040152963671,עיילבון,0.6441298511105688,
21,עראבה,531,9616,16252,9661,40,0.004159733777038269,ום,0.6976913477537438,עראבה,0.594449913856756,
21,עין מאהל,532,3853,8766,3888,145,0.03763301323643914,ום,0.5429535426940046,עין מאהל,0.44353182751540043,
21,עספיא,534,4472,8983,4531,158,0.0353309481216458,פה,0.4789803220035778,עספיא,0.5043971947011021,
21,פסוטה,535,1132,2581,1136,49,0.04328621908127209,ום,0.45229681978798586,פסוטה,0.44013948082138704,
21,פקיעין (בוקייעה),536,2519,4334,2553,201,0.07979356887653831,מרצ,0.22707423580786026,פקיעין בוקייעה,0.5890632210429165,
21,פוריידיס,537,5394,8490,5437,904,0.16759362254356694,מרצ,0.2882832777159807,פוריידיס,0.6404004711425206,
21,שעב,538,2854,4752,2867,88,0.030833917309039945,ום,0.5301331464611072,שעב,0.6033249158249159,
21,רומאנה,539,477,709,478,0,0.0,ום,0.5660377358490566,רומאנה,0.6741889985895627,
21,ריחאניה,540,508,913,517,5,0.00984251968503937,פה,0.5059055118110236,ריחאניה,0.5662650602409639,
21,ג'סר א-זרקא,541,1872,8690,1892,254,0.13568376068376067,ום,0.38675213675213677,ג סר א זרקא,0.21772151898734177,
21,ריינה,542,5100,11269,5195,212,0.04156862745098039,ום,0.5025490196078432,ריינה,0.4609992013488331,
21,ראמה,543,3329,6301,3399,144,0.04325623310303395,ום,0.3727846200060078,ראמה,0.5394381844151722,
21,עין אל-אסד,546,322,619,322,12,0.037267080745341616,פה,0.5186335403726708,עין אל אסד,0.5201938610662359,
21,טמרה (יזרעאל),547,551,1012,552,4,0.007259528130671506,ום,0.5335753176043557,טמרה יזרעאל,0.5454545454545454,
21,גנות הדר,549,540,703,541,125,0.23148148148148148,פה,0.524074074074074,גנות הדר,0.7695590327169275,
21,ניר בנים,553,486,605,487,49,0.10082304526748971,פה,0.654320987654321,ניר בנים,0.8049586776859504,
21,שדמה,555,294,390,295,23,0.0782312925170068,פה,0.6666666666666666,שדמה,0.7564102564102564,
21,בוסתן הגליל,559,565,713,565,166,0.2938053097345133,פה,0.4088495575221239,בוסתן הגליל,0.7924263674614306,
21,בית אלעזרי,562,807,1036,811,199,0.24659231722428748,פה,0.4758364312267658,בית אלעזרי,0.7828185328185329,
21,משמר דוד,563,418,483,418,55,0.13157894736842105,פה,0.5741626794258373,משמר דוד,0.865424430641822,
21,רבדים,564,414,564,414,10,0.024154589371980676,פה,0.43719806763285024,רבדים,0.7340425531914894,
21,אזור,565,6648,9703,6701,3143,0.47277376654632974,מחל,0.36988567990373045,אזור,0.6906111511903535,
21,צרעה,567,553,833,555,21,0.0379746835443038,פה,0.47739602169981915,צרעה,0.6662665066026411,
21,מעונה,570,483,651,485,202,0.41821946169772256,מחל,0.37681159420289856,מעונה,0.7450076804915514,
21,בית גמליאל,571,603,769,603,300,0.4975124378109453,נ,0.3200663349917081,בית גמליאל,0.7841352405721717,
21,בית העמק,572,351,490,352,18,0.05128205128205128,פה,0.4074074074074074,בית העמק,0.7183673469387755,
21,מבקיעים,573,276,368,276,129,0.4673913043478261,מחל,0.41304347826086957,מבקיעים,0.75,
21,גשר הזיו,574,846,1176,847,166,0.19621749408983452,פה,0.44089834515366433,גשר הזיו,0.7202380952380952,
21,יסעור,575,393,533,398,30,0.07633587786259542,פה,0.6106870229007634,יסעור,0.7467166979362101,
21,כברי,576,619,844,624,21,0.033925686591276254,פה,0.5718901453957996,כברי,0.7393364928909952,
21,יד בנימין,577,1718,2084,1719,1361,0.7922002328288708,טב,0.5157159487776485,יד בנימין,0.8248560460652591,
21,סאסא,578,301,420,301,7,0.023255813953488372,פה,0.4053156146179402,סאסא,0.7166666666666667,
21,כפר ראש הנקרה,579,732,992,734,133,0.18169398907103826,פה,0.46994535519125685,כפר ראש הנקרה,0.7399193548387096,
21,כרם מהרל,580,504,648,504,52,0.10317460317460317,פה,0.5238095238095238,כרם מהרל,0.7777777777777778,
21,כפר הנגיד,582,588,756,589,100,0.17006802721088435,פה,0.5748299319727891,כפר הנגיד,0.7791005291005291,
21,זיקים,584,495,699,495,58,0.11717171717171718,פה,0.4707070707070707,זיקים,0.7081545064377682,
21,לביא,585,381,502,385,168,0.4409448818897638,נ,0.26246719160104987,לביא,0.7669322709163346,
21,מגידו,586,468,621,469,42,0.08974358974358974,פה,0.5705128205128205,מגידו,0.7552334943639292,
21,סביון,587,2568,3777,2574,549,0.21378504672897197,פה,0.5845015576323987,סביון,0.6814932486100079,
21,בני ראם,588,709,881,710,511,0.7207334273624824,מחל,0.3695345557122708,בני ראם,0.8059023836549376,
21,בצת,589,215,289,215,46,0.21395348837209302,פה,0.5348837209302325,בצת,0.7439446366782007,
21,נווה אור,590,230,338,231,19,0.08260869565217391,פה,0.4652173913043478,נווה אור,0.6834319526627219,
21,עשרת,591,699,880,700,90,0.12875536480686695,פה,0.6652360515021459,עשרת,0.7954545454545454,
21,בני דרום,592,399,462,401,178,0.44611528822055135,נ,0.3483709273182957,בני דרום,0.8679653679653679,
21,ערוגות,593,544,679,549,130,0.23897058823529413,פה,0.5404411764705882,ערוגות,0.8085419734904271,
21,צפריה,594,436,512,437,233,0.5344036697247706,טב,0.2798165137614679,צפריה,0.853515625,
21,לוחמי הגיטאות,595,431,533,432,32,0.07424593967517401,פה,0.5730858468677494,לוחמי הגיטאות,0.8105065666041276,
21,מלכיה,596,256,407,258,21,0.08203125,פה,0.4765625,מלכיה,0.6339066339066339,
21,פלמחים,597,425,580,426,33,0.07764705882352942,פה,0.4541176470588235,פלמחים,0.7344827586206897,
21,בית קמה,598,544,664,544,69,0.12683823529411764,פה,0.5220588235294118,בית קמה,0.8192771084337349,
21,פרוד,599,327,431,329,29,0.08868501529051988,פה,0.5504587155963303,פרוד,0.7633410672853829,
21,נירים,602,282,384,284,15,0.05319148936170213,פה,0.38652482269503546,נירים,0.7395833333333334,
21,אלקוש,603,160,256,160,90,0.5625,מחל,0.4625,אלקוש,0.625,
21,בית עריף,604,578,722,579,365,0.6314878892733564,מחל,0.5173010380622838,בית עריף,0.8019390581717452,
21,כפר שמאי,605,243,334,245,173,0.7119341563786008,מחל,0.4609053497942387,כפר שמאי,0.7335329341317365,
21,מזור,606,624,799,626,74,0.11858974358974358,פה,0.6474358974358975,מזור,0.7834793491864831,
21,מירון,607,298,443,298,248,0.8322147651006712,טב,0.3422818791946309,מירון,0.672686230248307,
21,כפר חושן,609,419,579,420,304,0.7255369928400954,מחל,0.5322195704057279,כפר חושן,0.7253886010362695,
21,סתריה,610,635,797,637,84,0.13228346456692913,פה,0.6031496062992125,סתריה,0.7992471769134254,
21,צרופה,612,532,702,532,237,0.44548872180451127,מחל,0.35150375939849626,צרופה,0.7578347578347578,
21,ציפורי,613,495,648,496,74,0.1494949494949495,פה,0.5858585858585859,ציפורי,0.7654320987654321,
21,שומרה,614,198,299,198,135,0.6818181818181818,מחל,0.5606060606060606,שומרה,0.6622073578595318,
21,קדרון,615,899,1143,902,70,0.0778642936596218,פה,0.6918798665183538,קדרון,0.7891513560804899,
21,רינתיה,616,564,701,564,175,0.3102836879432624,פה,0.3882978723404255,רינתיה,0.8045649072753209,
21,ברקאי,617,345,511,347,8,0.02318840579710145,פה,0.4057971014492754,ברקאי,0.6790606653620352,
21,חדיד,618,469,602,473,278,0.5927505330490405,מחל,0.4349680170575693,חדיד,0.7857142857142857,
21,בית גוברין,619,227,285,227,12,0.05286343612334802,פה,0.5550660792951542,בית גוברין,0.7964912280701755,
21,משואות יצחק,620,388,469,389,157,0.40463917525773196,נ,0.3634020618556701,משואות יצחק,0.8294243070362474,
21,עין צורים,622,371,464,373,154,0.41509433962264153,נ,0.32075471698113206,עין צורים,0.8038793103448276,
21,יראון,623,219,368,220,9,0.0410958904109589,פה,0.4657534246575342,יראון,0.5978260869565217,
21,ג'לג'וליה,627,4215,6209,4248,216,0.05124555160142349,דעם,0.45504151838671414,ג לג וליה,0.6841681430181994,
21,ג'ת,628,2932,7972,2977,25,0.008526603001364257,ום,0.5283083219645294,ג ת,0.37343201204214754,
21,כפר ברא,633,1471,2279,1476,31,0.02107409925220938,דעם,0.44731475186947656,כפר ברא,0.6476524791575252,
21,כפר קאסם,634,9352,14659,9472,68,0.007271171941830625,מרצ,0.3874037639007699,כפר קאסם,0.6461559451531482,
21,מוקייבלה,635,830,2513,851,7,0.008433734939759036,ום,0.6096385542168675,מוקייבלה,0.3386390768006367,
21,צנדלה,636,376,1202,385,7,0.018617021276595744,ום,0.4308510638297872,צנדלה,0.32029950083194675,
21,ערערה,637,5022,12964,5078,98,0.019514137793707687,ום,0.5432098765432098,ערערה,0.39170009256402344,
21,קלנסווה,638,6593,13987,6667,63,0.009555589261337783,ום,0.6553920825117548,קלנסווה,0.47665689568885394,
21,מצר,648,324,432,324,10,0.030864197530864196,מרצ,0.38580246913580246,מצר,0.75,
21,מייסר,649,467,1279,467,2,0.004282655246252677,ום,0.5289079229122056,מייסר,0.36512900703674744,
21,אבטין,652,627,1774,645,161,0.2567783094098884,דעם,0.33014354066985646,אבטין,0.36358511837655016,
21,כפר קרע,654,5897,12611,5954,130,0.02204510768187214,ום,0.42004409021536376,כפר קרע,0.47212750773134565,
21,שייח' דנון,658,1039,1952,1059,60,0.05774783445620789,ום,0.38209817131857554,שייח דנון,0.5425204918032787,
21,שער אפרים,661,931,1225,936,366,0.39312567132116005,פה,0.3684210526315789,שער אפרים,0.7640816326530612,
21,חוסן,662,530,716,531,319,0.6018867924528302,מחל,0.5188679245283019,חוסן,0.7416201117318436,
21,טירת יהודה,663,640,775,644,387,0.6046875,מחל,0.3953125,טירת יהודה,0.8309677419354838,
21,כרם בן זמרה,664,314,397,314,204,0.6496815286624203,מחל,0.5445859872611465,כרם בן זמרה,0.7909319899244333,
21,תקומה,665,410,479,410,213,0.5195121951219512,מחל,0.3121951219512195,תקומה,0.8559498956158664,
21,עומר,666,4826,6432,4839,1308,0.27103191048487363,פה,0.45254869457107333,עומר,0.7523320895522388,
21,ברעם,667,341,494,341,10,0.02932551319648094,פה,0.41935483870967744,ברעם,0.6902834008097166,
21,מפלסים,668,476,663,477,33,0.06932773109243698,פה,0.5903361344537815,מפלסים,0.7194570135746606,
21,משמר איילון,670,331,402,332,90,0.2719033232628399,פה,0.4259818731117825,משמר איילון,0.8258706467661692,
21,בית נקופה,672,360,464,363,135,0.375,פה,0.3527777777777778,בית נקופה,0.7823275862068966,
21,כפר טרומן,673,460,572,460,135,0.29347826086956524,פה,0.4391304347826087,כפר טרומן,0.8041958041958042,
21,לימן,674,394,535,394,115,0.2918781725888325,פה,0.4593908629441624,לימן,0.7364485981308411,
21,הבונים,675,204,292,204,14,0.06862745098039216,פה,0.5735294117647058,הבונים,0.6986301369863014,
21,עין השלושה,676,184,305,186,13,0.07065217391304347,פה,0.5869565217391305,עין השלושה,0.6098360655737705,
21,הסוללים,677,545,712,550,73,0.13394495412844037,פה,0.6110091743119266,הסוללים,0.7724719101123596,
21,מעגן,678,237,326,238,27,0.11392405063291139,פה,0.5822784810126582,מעגן,0.7300613496932515,
21,אביאל,679,410,521,412,76,0.18536585365853658,פה,0.5146341463414634,אביאל,0.7907869481765835,
21,אומץ,680,380,510,380,41,0.10789473684210527,פה,0.618421052631579,אומץ,0.7450980392156863,
21,גבעת שמואל,681,13947,17890,13986,6262,0.4489854448985445,מחל,0.25353122535312256,גבעת שמואל,0.7817775293460033,
21,אליקים,682,433,590,433,325,0.7505773672055427,מחל,0.5427251732101617,אליקים,0.7338983050847457,
21,גבע כרמל,683,558,721,561,112,0.2007168458781362,פה,0.4731182795698925,גבע כרמל,0.7780859916782247,
21,היוגב,684,457,571,459,23,0.05032822757111598,פה,0.6958424507658644,היוגב,0.8038528896672504,
21,בניה,685,530,621,530,107,0.2018867924528302,פה,0.5547169811320755,בניה,0.8534621578099839,
21,נווה ימין,686,773,1018,776,418,0.5407503234152652,מחל,0.47865459249676584,נווה ימין,0.762278978388998,
21,עין איילה,687,582,736,582,75,0.12886597938144329,פה,0.584192439862543,עין איילה,0.7907608695652174,
21,עלמה,688,448,578,448,360,0.8035714285714286,מחל,0.6897321428571429,עלמה,0.7750865051903114,
21,מגדים,689,614,782,617,193,0.31433224755700323,פה,0.44299674267100975,מגדים,0.789002557544757,
21,כפר אחים,690,440,530,443,150,0.3409090909090909,פה,0.509090909090909,כפר אחים,0.8358490566037736,
21,שפיר,692,438,518,438,246,0.5616438356164384,מחל,0.4178082191780822,שפיר,0.8455598455598455,
21,נתיב הלה,693,345,448,346,14,0.04057971014492753,פה,0.48405797101449277,נתיב הלה,0.7723214285714286,
21,מעגן מיכאל,694,1158,1678,1161,41,0.03540587219343696,פה,0.5215889464594128,מעגן מיכאל,0.6918951132300357,
21,מגן,695,341,463,343,9,0.026392961876832845,פה,0.39002932551319647,מגן,0.7408207343412527,
21,כפר חבד,696,2790,4087,2791,2597,0.9308243727598566,טב,0.5559139784946237,כפר חבד,0.6828969904575484,
21,בארותיים,697,559,704,559,61,0.10912343470483005,פה,0.5635062611806798,בארותיים,0.7940340909090909,
21,בורגתה,698,613,786,614,134,0.21859706362153344,פה,0.5350734094616639,בורגתה,0.7811704834605598,
21,ניר ישראל,699,449,585,449,85,0.18930957683741648,פה,0.534521158129176,ניר ישראל,0.7675213675213676,
21,חצב,700,657,866,661,314,0.4779299847792998,מחל,0.4246575342465753,חצב,0.7632794457274826,
21,ארבל,701,338,446,339,124,0.3668639053254438,פה,0.378698224852071,ארבל,0.7600896860986547,
21,האון,702,93,153,94,19,0.20430107526881722,פה,0.3118279569892473,האון,0.6143790849673203,
21,גבעת עוז,703,279,410,279,17,0.06093189964157706,פה,0.5483870967741935,גבעת עוז,0.6804878048780488,
21,נחשונים,705,247,344,247,10,0.04048582995951417,פה,0.44534412955465585,נחשונים,0.7180232558139535,
21,גיאה,706,441,554,441,83,0.18820861678004536,פה,0.5147392290249433,גיאה,0.796028880866426,
21,כפר דניאל,707,377,491,380,41,0.10875331564986737,פה,0.596816976127321,כפר דניאל,0.7739307535641547,
21,עמקה,708,430,565,432,301,0.7,מחל,0.5953488372093023,עמקה,0.7646017699115044,
21,תפרח,709,873,999,879,846,0.9690721649484536,ג,0.7628865979381443,תפרח,0.8798798798798799,
21,בית זית,710,863,1159,866,167,0.19351100811123986,פה,0.40903823870220163,בית זית,0.7471958584987057,
21,עזריה,711,635,777,635,455,0.7165354330708661,מחל,0.6299212598425197,עזריה,0.8172458172458172,
21,בן עמי,712,435,551,435,103,0.2367816091954023,פה,0.4574712643678161,בן עמי,0.7894736842105263,
21,רעים,713,272,366,273,11,0.04044117647058824,פה,0.5147058823529411,רעים,0.7459016393442623,
21,ארז,714,310,409,311,16,0.05161290322580645,פה,0.5096774193548387,ארז,0.7603911980440098,
21,להבות חביבה,715,454,576,455,21,0.046255506607929514,פה,0.6123348017621145,להבות חביבה,0.7899305555555556,
21,אייל,716,320,389,322,12,0.0375,פה,0.571875,אייל,0.8277634961439588,
21,חגור,717,572,706,574,147,0.256993006993007,פה,0.5367132867132867,חגור,0.8130311614730878,
21,ירחיב,718,592,799,595,336,0.5675675675675675,מחל,0.5033783783783784,ירחיב,0.7446808510638298,
21,תל קציר,719,220,306,220,21,0.09545454545454546,פה,0.4909090909090909,תל קציר,0.7189542483660131,
21,ניר גלים,720,535,616,535,302,0.5644859813084112,טב,0.2766355140186916,ניר גלים,0.8685064935064936,
21,שדה אילן,721,314,380,314,153,0.4872611464968153,מחל,0.25796178343949044,שדה אילן,0.8263157894736842,
21,מגשימים,722,526,669,526,100,0.19011406844106463,פה,0.5817490494296578,מגשימים,0.7862481315396114,
21,בית הגדי,723,475,573,477,405,0.8526315789473684,מחל,0.6589473684210526,בית הגדי,0.8324607329842932,
21,הודיה,726,337,496,337,209,0.6201780415430267,מחל,0.5281899109792285,הודיה,0.6794354838709677,
21,תלמי יחיאל,727,481,617,481,129,0.2681912681912682,פה,0.4760914760914761,תלמי יחיאל,0.779578606158833,
21,משמר השבעה,729,513,674,515,150,0.29239766081871343,פה,0.5380116959064327,משמר השבעה,0.7640949554896143,
21,אליפלט,730,317,454,318,241,0.7602523659305994,מחל,0.6908517350157729,אליפלט,0.7004405286343612,
21,מישר,731,382,478,382,53,0.1387434554973822,פה,0.6256544502617801,מישר,0.799163179916318,
21,משמר הירדן,732,401,546,403,193,0.48129675810473815,מחל,0.4463840399002494,משמר הירדן,0.7380952380952381,
21,גן יאשיה,734,491,624,493,36,0.07331975560081466,פה,0.6211812627291242,גן יאשיה,0.7900641025641025,
21,רמות מאיר,735,412,558,413,86,0.2087378640776699,פה,0.5072815533980582,רמות מאיר,0.7401433691756273,
21,גילת,736,758,997,760,434,0.5725593667546174,מחל,0.5118733509234829,גילת,0.7622868605817452,
21,עולש,737,598,758,602,112,0.18729096989966554,פה,0.560200668896321,עולש,0.7941952506596306,
21,דור,738,220,276,221,47,0.21363636363636362,פה,0.5727272727272728,דור,0.8007246376811594,
21,שדה עוזיהו,739,756,970,759,529,0.6997354497354498,מחל,0.6111111111111112,שדה עוזיהו,0.7824742268041237,
21,אשתאול,740,615,753,617,421,0.6845528455284553,מחל,0.4991869918699187,אשתאול,0.8193891102257637,
21,שואבה,741,356,465,357,110,0.3089887640449438,פה,0.3792134831460674,שואבה,0.7677419354838709,
21,מסילת ציון,742,568,693,568,134,0.23591549295774647,פה,0.44190140845070425,מסילת ציון,0.8196248196248196,
21,כפר שמואל,743,497,588,498,80,0.16096579476861167,פה,0.5975855130784709,כפר שמואל,0.8469387755102041,
21,תלמי יפה,744,364,490,365,86,0.23626373626373626,פה,0.4835164835164835,תלמי יפה,0.7448979591836735,
21,גמזו,745,567,676,568,314,0.5537918871252204,טב,0.32275132275132273,גמזו,0.8402366863905325,
21,ברכיה,746,644,761,645,552,0.8571428571428571,מחל,0.4922360248447205,ברכיה,0.8475689881734559,
21,בית שקמה,747,398,571,399,286,0.7185929648241206,מחל,0.5979899497487438,בית שקמה,0.6987740805604203,
21,מסלול,748,362,487,365,174,0.48066298342541436,מחל,0.3812154696132597,מסלול,0.7494866529774127,
21,פטיש,749,539,652,541,413,0.7662337662337663,מחל,0.5306122448979592,פטיש,0.8297546012269938,
21,פדויים,750,222,327,222,136,0.6126126126126126,מחל,0.44144144144144143,פדויים,0.6788990825688074,
21,בית מאיר,751,274,374,275,185,0.6751824817518248,מחל,0.3467153284671533,בית מאיר,0.7352941176470589,
21,תעוז,752,341,425,343,187,0.5483870967741935,מחל,0.39296187683284456,תעוז,0.8070588235294117,
21,ינוב,753,475,614,477,162,0.3410526315789474,פה,0.3726315789473684,ינוב,0.7768729641693811,
21,גורן,755,255,348,256,192,0.7529411764705882,מחל,0.5686274509803921,גורן,0.735632183908046,
21,בית עזרא,756,657,838,663,243,0.3698630136986301,פה,0.3774733637747336,בית עזרא,0.7911694510739857,
21,מצליח,757,728,972,734,425,0.5837912087912088,מחל,0.5233516483516484,מצליח,0.7551440329218106,
21,יד חנה,758,444,557,445,62,0.13963963963963963,פה,0.6013513513513513,יד חנה,0.7989228007181328,
21,יציץ,759,426,582,429,280,0.6572769953051644,מחל,0.5868544600938967,יציץ,0.7371134020618557,
21,בן זכאי,760,479,591,484,386,0.8058455114822547,מחל,0.5845511482254697,בן זכאי,0.8189509306260575,
21,שובה,761,335,426,336,258,0.7701492537313432,מחל,0.5611940298507463,שובה,0.7887323943661971,
21,בטחה,762,476,615,478,363,0.7626050420168067,מחל,0.5567226890756303,בטחה,0.7772357723577236,
21,שתולים,763,1040,1370,1044,600,0.5769230769230769,מחל,0.5144230769230769,שתולים,0.762043795620438,
21,כפר מרדכי,764,370,466,372,28,0.07567567567567568,פה,0.6594594594594595,כפר מרדכי,0.7982832618025751,
21,משגב דב,765,398,491,398,74,0.18592964824120603,פה,0.6105527638190955,משגב דב,0.8105906313645621,
21,קוממיות,766,138,240,138,138,1.0,ג,0.9492753623188406,קוממיות,0.575,
21,פורת,767,610,893,613,468,0.7672131147540984,מחל,0.6163934426229508,פורת,0.6864501679731243,
21,כרמיה,768,334,451,334,44,0.1317365269461078,פה,0.39221556886227543,כרמיה,0.7405764966740577,
21,ניר עציון,769,301,404,301,128,0.42524916943521596,טב,0.2691029900332226,ניר עציון,0.745049504950495,
21,מבוא ביתר,771,458,601,459,156,0.3406113537117904,פה,0.31222707423580787,מבוא ביתר,0.7637271214642263,
21,אמונים,772,502,694,504,220,0.43824701195219123,פה,0.3884462151394422,אמונים,0.7262247838616714,
21,עמיקם,773,395,514,396,59,0.14936708860759493,פה,0.5088607594936709,עמיקם,0.7704280155642024,
21,צוריאל,774,214,285,214,114,0.5327102803738317,מחל,0.4672897196261682,צוריאל,0.7508771929824561,
21,יד נתן,775,315,406,317,49,0.15555555555555556,פה,0.5968253968253968,יד נתן,0.7807881773399015,
21,מחסיה,776,247,317,249,194,0.7854251012145749,מחל,0.5384615384615384,מחסיה,0.7854889589905363,
21,נחשון,777,342,458,346,11,0.03216374269005848,פה,0.4269005847953216,נחשון,0.7554585152838428,
21,תרום,778,440,556,441,273,0.6204545454545455,מחל,0.44772727272727275,תרום,0.7931654676258992,
21,עמינדב,779,487,638,488,183,0.3757700205338809,מחל,0.3203285420944558,עמינדב,0.7648902821316614,
21,אורה,780,612,842,614,285,0.46568627450980393,מחל,0.369281045751634,אורה,0.7292161520190024,
21,אבן ספיר,783,355,497,359,185,0.5211267605633803,מחל,0.48450704225352115,אבן ספיר,0.7223340040241448,
21,בית נחמיה,784,492,618,494,154,0.3130081300813008,פה,0.41260162601626016,בית נחמיה,0.7993527508090615,
21,אחיהוד,785,513,645,513,430,0.8382066276803118,מחל,0.6354775828460039,אחיהוד,0.7953488372093023,
21,כפר זיתים,786,353,491,354,265,0.7507082152974505,מחל,0.6430594900849859,כפר זיתים,0.7209775967413442,
21,גבעת יערים,787,715,933,715,309,0.43216783216783217,מחל,0.34685314685314683,גבעת יערים,0.7663451232583065,
21,זיתן,788,660,825,663,489,0.740909090909091,מחל,0.6454545454545455,זיתן,0.8036363636363636,
21,רנן,789,324,427,325,137,0.4228395061728395,מחל,0.404320987654321,רנן,0.7611241217798594,
21,משען,791,548,700,551,384,0.7007299270072993,מחל,0.5985401459854015,משען,0.7871428571428571,
21,נתיב השיירה,792,313,416,315,121,0.3865814696485623,מחל,0.3706070287539936,נתיב השיירה,0.7572115384615384,
21,גבעתי,793,443,630,449,249,0.5620767494356659,מחל,0.47404063205417607,גבעתי,0.7126984126984127,
21,עגור,794,224,303,224,184,0.8214285714285714,מחל,0.6651785714285714,עגור,0.7392739273927392,
21,יערה,795,400,549,402,275,0.6875,מחל,0.4275,יערה,0.73224043715847,
21,צלפון,796,512,664,515,338,0.66015625,מחל,0.572265625,צלפון,0.7756024096385542,
21,אחיעזר,797,955,1149,958,835,0.8743455497382199,מחל,0.42094240837696334,אחיעזר,0.8337684943429069,
21,יגל,798,498,620,499,363,0.7289156626506024,מחל,0.608433734939759,יגל,0.8048387096774193,
21,זכריה,799,576,756,577,433,0.7517361111111112,מחל,0.6822916666666666,זכריה,0.7632275132275133,
21,בית חנניה,800,485,615,485,60,0.12371134020618557,פה,0.6371134020618556,בית חנניה,0.7886178861788617,
21,חמד,801,491,561,491,258,0.5254582484725051,נ,0.26476578411405294,חמד,0.875222816399287,
21,גבעת כח,802,478,660,480,263,0.5502092050209205,מחל,0.46443514644351463,גבעת כח,0.7272727272727273,
21,יושיביה,803,258,329,259,215,0.8333333333333334,מחל,0.4496124031007752,יושיביה,0.7872340425531915,
21,אחיסמך,804,681,868,686,504,0.7400881057268722,מחל,0.593245227606461,אחיסמך,0.7903225806451613,
21,ישעי,805,420,555,423,366,0.8714285714285714,מחל,0.5380952380952381,ישעי,0.7621621621621621,
21,עין יהב,806,398,526,398,16,0.04020100502512563,פה,0.6934673366834171,עין יהב,0.7566539923954373,
21,חניאל,807,487,661,489,63,0.1293634496919918,פה,0.6365503080082136,חניאל,0.7397881996974282,
21,ניר אליהו,808,297,418,298,15,0.050505050505050504,פה,0.569023569023569,ניר אליהו,0.7129186602870813,
21,נחם,809,344,408,345,263,0.7645348837209303,מחל,0.5523255813953488,נחם,0.8455882352941176,
21,עופר,810,317,399,317,81,0.2555205047318612,פה,0.42902208201892744,עופר,0.7944862155388471,
21,יכיני,811,374,476,374,271,0.7245989304812834,מחל,0.6122994652406417,יכיני,0.7857142857142857,
21,שלומי,812,3345,5035,3367,1883,0.5629297458893872,מחל,0.4633781763826607,שלומי,0.6687189672293943,
21,עין יעקב,813,546,692,547,287,0.5256410256410257,מחל,0.4249084249084249,עין יעקב,0.7904624277456648,
21,תלמים,814,420,557,421,352,0.8380952380952381,מחל,0.49047619047619045,תלמים,0.755834829443447,
21,זבדיאל,815,338,403,340,288,0.8520710059171598,מחל,0.5562130177514792,זבדיאל,0.8436724565756824,
21,זנוח,816,283,396,283,228,0.8056537102473498,מחל,0.6501766784452296,זנוח,0.7146464646464646,
21,עזריקם,817,716,918,718,458,0.6396648044692738,מחל,0.5949720670391061,עזריקם,0.7821350762527233,
21,זרחיה,818,398,479,399,352,0.8844221105527639,מחל,0.5527638190954773,זרחיה,0.8329853862212944,
21,אביגדור,819,498,617,498,52,0.10441767068273092,פה,0.6445783132530121,אביגדור,0.807131280388979,
21,חלץ,820,240,346,240,162,0.675,מחל,0.55,חלץ,0.6936416184971098,
21,אחוזם,821,277,391,277,232,0.8375451263537906,מחל,0.6895306859205776,אחוזם,0.7084398976982097,
21,מטע,822,393,531,393,148,0.37659033078880405,מחל,0.3460559796437659,מטע,0.7401129943502824,
21,בר גיורא,823,321,415,321,186,0.5794392523364486,מחל,0.4953271028037383,בר גיורא,0.7734939759036145,
21,כוכב מיכאל,824,527,698,529,75,0.14231499051233396,פה,0.5920303605313093,כוכב מיכאל,0.7578796561604585,
21,נס הרים,825,574,750,574,247,0.43031358885017423,מחל,0.3832752613240418,נס הרים,0.7653333333333333,
21,עוזה,826,273,362,273,225,0.8241758241758241,מחל,0.48717948717948717,עוזה,0.7541436464088398,
21,נווה מבטח,827,371,453,374,54,0.14555256064690028,פה,0.6307277628032345,נווה מבטח,0.82560706401766,
21,ישרש,828,554,716,557,299,0.5397111913357401,מחל,0.47653429602888087,ישרש,0.7779329608938548,
21,מבטחים,829,234,385,234,153,0.6538461538461539,מחל,0.5213675213675214,מבטחים,0.6077922077922078,
21,ירוחם,831,4753,7230,4807,3017,0.6347569955817378,מחל,0.4180517567851883,ירוחם,0.6648686030428769,
21,נורית,833,82,98,82,29,0.35365853658536583,פה,0.34146341463414637,נורית,0.8367346938775511,
21,גנות,836,267,348,267,75,0.2808988764044944,פה,0.4756554307116105,גנות,0.7672413793103449,
21,עזריאל,837,501,603,502,366,0.7305389221556886,מחל,0.6087824351297405,עזריאל,0.8325041459369817,
21,פדיה,838,459,587,462,301,0.6557734204793029,מחל,0.6013071895424836,פדיה,0.787052810902896,
21,פתחיה,839,485,616,487,242,0.49896907216494846,מחל,0.4288659793814433,פתחיה,0.7905844155844156,
21,כיסופים,840,157,287,157,11,0.07006369426751592,פה,0.3821656050955414,כיסופים,0.5470383275261324,
21,אלישמע,841,657,814,662,331,0.5038051750380518,מחל,0.4277016742770167,אלישמע,0.8132678132678133,
21,געש,842,514,649,514,19,0.03696498054474708,פה,0.4708171206225681,געש,0.7919876733436055,
21,מרגליות,843,189,332,189,64,0.3386243386243386,כ,0.291005291005291,מרגליות,0.5692771084337349,
21,נחל עוז,844,245,341,245,16,0.0653061224489796,פה,0.5387755102040817,נחל עוז,0.718475073313783,
21,כפר עזה,845,528,714,530,26,0.04924242424242424,פה,0.553030303030303,כפר עזה,0.742296918767507,
21,שפר,846,233,316,233,138,0.592274678111588,מחל,0.5321888412017167,שפר,0.7373417721518988,
21,בית רבן,848,283,342,283,225,0.7950530035335689,טב,0.5159010600706714,בית רבן,0.827485380116959,
21,דבירה,849,495,651,496,36,0.07272727272727272,פה,0.5333333333333333,דבירה,0.7619047619047619,
21,אחיטוב,850,549,711,563,203,0.3697632058287796,פה,0.43897996357012753,אחיטוב,0.7918424753867792,
21,ניצני עוז,851,558,748,560,186,0.3333333333333333,פה,0.3942652329749104,ניצני עוז,0.7486631016042781,
21,גונן,852,239,345,241,12,0.0502092050209205,פה,0.497907949790795,גונן,0.6985507246376812,
21,גאליה,853,655,853,658,124,0.18931297709923664,פה,0.5816793893129771,גאליה,0.7713950762016413,
21,רחוב,854,235,322,235,186,0.7914893617021277,מחל,0.6893617021276596,רחוב,0.7298136645962733,
21,שעלבים,856,623,706,625,512,0.8218298555377207,טב,0.6581059390048154,שעלבים,0.8852691218130312,
21,כפר אביב,857,410,531,410,80,0.1951219512195122,פה,0.5682926829268292,כפר אביב,0.7721280602636534,
21,נווה ירק,858,676,836,676,78,0.11538461538461539,פה,0.6538461538461539,נווה ירק,0.8086124401913876,
21,כסלון,859,212,274,212,157,0.7405660377358491,מחל,0.5330188679245284,כסלון,0.7737226277372263,
21,שדה אליעזר,861,480,637,480,161,0.33541666666666664,פה,0.38125,שדה אליעזר,0.7535321821036107,
21,גני יוחנן,862,399,535,401,133,0.3333333333333333,פה,0.48370927318295737,גני יוחנן,0.7495327102803738,
21,גינתון,863,513,654,515,105,0.2046783625730994,פה,0.50682261208577,גינתון,0.7874617737003058,
21,בקוע,864,417,514,417,230,0.5515587529976019,מחל,0.44844124700239807,בקוע,0.811284046692607,
21,שיבולים,865,213,265,214,157,0.7370892018779343,מחל,0.5821596244131455,שיבולים,0.8075471698113208,
21,יטבתה,866,420,666,421,14,0.03333333333333333,פה,0.4928571428571429,יטבתה,0.6321321321321322,
21,אלוני יצחק,868,24,114,24,6,0.25,פה,0.375,אלוני יצחק,0.21052631578947367,
21,גבעת השלושה,870,390,497,392,38,0.09743589743589744,פה,0.5538461538461539,גבעת השלושה,0.7887323943661971,
21,עינת,871,467,555,467,32,0.06852248394004283,פה,0.5653104925053534,עינת,0.8414414414414414,
21,גאולי תימן,872,205,268,207,120,0.5853658536585366,מחל,0.5024390243902439,גאולי תימן,0.7723880597014925,
21,שלווה,873,304,378,304,274,0.9013157894736842,מחל,0.6578947368421053,שלווה,0.8042328042328042,
21,מגדל העמק,874,13349,21275,13457,7771,0.5821409843433966,מחל,0.3893924638549704,מגדל העמק,0.6325264394829612,
21,בית חירות,877,473,598,473,7,0.014799154334038054,פה,0.6765327695560254,בית חירות,0.7909698996655519,
21,עין שריד,880,821,1077,823,275,0.33495736906211937,פה,0.43118148599269185,עין שריד,0.7641597028783659,
21,שדה בוקר,885,284,408,286,4,0.014084507042253521,פה,0.5422535211267606,שדה בוקר,0.7009803921568627,
21,כפר הריף,888,445,577,446,70,0.15730337078651685,פה,0.6067415730337079,כפר הריף,0.7729636048526863,
21,כפר חסידים ב',889,162,219,162,67,0.41358024691358025,פה,0.2716049382716049,כפר חסידים ב,0.7397260273972602,
21,עבדון,892,363,513,363,241,0.6639118457300276,מחל,0.512396694214876,עבדון,0.7076023391812866,
21,שבלי - אום אל-גנם,913,1593,4055,1607,50,0.031387319522912745,ום,0.28185812931575643,שבלי אום אל גנם,0.39630086313193585,
21,ישע,916,201,275,202,65,0.32338308457711445,פה,0.373134328358209,ישע,0.7345454545454545,
21,עצמון שגב,917,664,906,665,45,0.0677710843373494,פה,0.6129518072289156,עצמון שגב,0.7339955849889624,
21,גבעת ישעיהו,919,395,510,396,72,0.18227848101265823,פה,0.4253164556962025,גבעת ישעיהו,0.7764705882352941,
21,שער מנשה,921,11,131,13,5,0.45454545454545453,פה,0.45454545454545453,שער מנשה,0.09923664122137404,
21,רכסים,922,5226,6113,5276,4995,0.9557979334098737,ג,0.44776119402985076,רכסים,0.8630786847701619,
21,מסעודין אל-עזאזמה,939,2936,7050,2963,17,0.0057901907356948225,דעם,0.9591280653950953,מסעודין אל עזאזמה,0.42028368794326243,
21,סואעד (חמרייה),942,47,144,49,0,0.0,דעם,0.6170212765957447,סואעד חמרייה,0.3402777777777778,
21,בסמת טבעון,944,1629,5223,1664,134,0.08225905463474524,פה,0.27808471454880296,בסמת טבעון,0.3185908481715489,
21,הוזייל (שבט),956,352,1095,357,10,0.028409090909090908,דעם,0.7017045454545454,הוזייל שבט,0.32602739726027397,
21,עוקבי (בנו עוקבה),957,119,276,121,0,0.0,דעם,0.46218487394957986,עוקבי בנו עוקבה,0.4384057971014493,
21,אבו עבדון (שבט),958,12,138,12,0,0.0,מרצ,0.4166666666666667,אבו עבדון שבט,0.08695652173913043,
21,אסד (שבט),960,48,488,50,4,0.08333333333333333,דעם,0.625,אסד שבט,0.10245901639344263,
21,אבו רוקייק (שבט),961,1116,4691,1129,16,0.014336917562724014,דעם,0.9023297491039427,אבו רוקייק שבט,0.24067363035600084,
21,טובא-זנגריה,962,1293,4384,1328,63,0.048723897911832945,פה,0.41067285382830626,טובא זנגריה,0.3029197080291971,
21,אעצם (שבט),963,943,4482,961,14,0.014846235418875928,דעם,0.8451749734888653,אעצם שבט,0.21441320838911201,
21,קודייראת א-צאנע(שבט),964,166,1306,168,4,0.024096385542168676,דעם,0.7469879518072289,קודייראת א צאנע שבט,0.12863705972434916,
21,אטרש (שבט),965,225,1494,226,2,0.008888888888888889,דעם,0.7066666666666667,אטרש שבט,0.15127175368139223,
21,אבו רובייעה (שבט),966,753,3919,761,9,0.01195219123505976,דעם,0.6865869853917662,אבו רובייעה שבט,0.19418218933401377,
21,אבו ג'ווייעד (שבט),967,270,1915,275,2,0.007407407407407408,דעם,0.6481481481481481,אבו ג ווייעד שבט,0.14360313315926893,
21,אבו קורינאת (שבט),968,629,2927,640,13,0.02066772655007949,דעם,0.6883942766295708,אבו קורינאת שבט,0.2186539118551418,
21,עטאוונה (שבט),969,5,111,5,0,0.0,ום,0.4,עטאוונה שבט,0.04504504504504504,
21,תראבין א-צאנע (שבט),970,26,496,26,3,0.11538461538461539,דעם,0.4230769230769231,תראבין א צאנע שבט,0.05241935483870968,
21,קוואעין (שבט),972,64,472,65,4,0.0625,ום,0.59375,קוואעין שבט,0.13771186440677965,
21,זרזיר,975,1859,5230,1891,87,0.046799354491662185,פה,0.5013448090371168,זרזיר,0.3615678776290631,
21,ג'נאביב (שבט),976,152,448,155,9,0.05921052631578947,דעם,0.2236842105263158,ג נאביב שבט,0.34598214285714285,
21,כעביה-טבאש-חג'אג'רה,978,1525,3583,1556,90,0.05901639344262295,פה,0.26295081967213113,כעביה טבאש חג אג רה,0.43427295562377893,
21,ראס עלי,990,155,390,158,40,0.25806451612903225,דעם,0.4064516129032258,ראס עלי,0.40512820512820513,
21,חמאם,993,412,1137,422,24,0.05825242718446602,דעם,0.3300970873786408,חמאם,0.37115215479331576,
21,מנשית זבדה,994,410,827,418,9,0.02195121951219512,דעם,0.32682926829268294,מנשית זבדה,0.5054413542926239,
21,רומת הייב,997,520,1333,526,46,0.08846153846153847,פה,0.47115384615384615,רומת הייב,0.3945986496624156,
21,ביר אל-מכסור,998,1975,6312,2001,178,0.09012658227848101,פה,0.3321518987341772,ביר אל מכסור,0.31701520912547526,
21,מבשרת ציון,1015,13846,18871,13883,5887,0.4251769464105157,מחל,0.35678174201935575,מבשרת ציון,0.7356790843092575,
21,אור עקיבא,1020,9701,15520,9773,6181,0.6371508091949284,מחל,0.52644057313679,אור עקיבא,0.6297036082474227,
21,חרוצים,1024,439,584,442,146,0.3325740318906606,פה,0.41002277904328016,חרוצים,0.7568493150684932,
21,שדרות,1031,12760,19944,12918,7954,0.6233542319749217,מחל,0.4352664576802508,שדרות,0.6477135980746089,
21,קרית מלאכי,1034,11186,16901,11285,8521,0.7617557661362417,מחל,0.4553906669050599,קרית מלאכי,0.6677119697059346,
21,נצאצרה (שבט),1041,93,319,93,7,0.07526881720430108,דעם,0.7956989247311828,נצאצרה שבט,0.29153605015673983,
21,גיזו,1043,114,143,114,43,0.37719298245614036,מחל,0.35964912280701755,גיזו,0.7972027972027972,
21,יעף,1044,147,170,147,26,0.17687074829931973,פה,0.4489795918367347,יעף,0.8647058823529412,
21,שתולה,1045,167,227,167,95,0.5688622754491018,מחל,0.41317365269461076,שתולה,0.73568281938326,
21,אוהד,1046,186,253,187,66,0.3548387096774194,פה,0.3548387096774194,אוהד,0.7391304347826086,
21,חזון,1047,212,263,212,148,0.6981132075471698,מחל,0.5471698113207547,חזון,0.8060836501901141,
21,בית חשמונאי,1050,1132,1465,1134,357,0.31537102473498235,פה,0.45229681978798586,בית חשמונאי,0.774061433447099,
21,תלמי אליהו,1051,147,231,148,73,0.4965986394557823,מחל,0.3945578231292517,תלמי אליהו,0.6406926406926406,
21,קטורה,1052,239,440,242,9,0.03765690376569038,פה,0.4811715481171548,קטורה,0.55,
21,תל שבע,1054,2841,9286,2870,63,0.022175290390707498,דעם,0.7722632875747976,תל שבע,0.3090674133103597,
21,נווה זוהר,1057,22,58,22,10,0.45454545454545453,מחל,0.4090909090909091,נווה זוהר,0.3793103448275862,
21,שדה ניצן,1058,215,363,215,17,0.07906976744186046,פה,0.5069767441860465,שדה ניצן,0.5922865013774105,
21,כסיפה,1059,3324,8117,3356,59,0.017749699157641397,דעם,0.7942238267148014,כסיפה,0.41345324627325364,
21,לקיה,1060,1657,7305,1676,28,0.016898008449004225,דעם,0.7592033796016898,לקיה,0.2294318959616701,
21,נצרת עילית,1061,21301,39282,21677,7600,0.3567907609971363,מחל,0.2991878315572039,נצרת עילית,0.5518303548699149,
21,מעלות-תרשיחא,1063,10611,17972,10715,4363,0.41117708038827633,מחל,0.3026104985392517,מעלות תרשיחא,0.5962052081014912,
21,אמירים,1064,418,587,420,53,0.12679425837320574,פה,0.42105263157894735,אמירים,0.7155025553662692,
21,זמרת,1065,322,362,322,250,0.7763975155279503,מחל,0.5124223602484472,זמרת,0.8895027624309392,
21,בני עיש,1066,3801,5787,3839,1911,0.5027624309392266,מחל,0.39594843462246776,בני עיש,0.6633834456540522,
21,דובב,1067,252,359,252,195,0.7738095238095238,מחל,0.6944444444444444,דובב,0.7019498607242339,
21,אדמית,1068,194,354,195,35,0.18041237113402062,פה,0.3556701030927835,אדמית,0.5508474576271186,
21,רם-און,1069,497,644,498,45,0.09054325955734406,פה,0.6177062374245473,רם און,0.7732919254658385,
21,אביעזר,1070,442,563,443,188,0.4253393665158371,מחל,0.36199095022624433,אביעזר,0.7868561278863233,
21,נווה מיכאל,1071,354,460,355,257,0.7259887005649718,מחל,0.559322033898305,נווה מיכאל,0.7717391304347826,
21,גן הדרום,1072,275,342,275,90,0.32727272727272727,פה,0.5018181818181818,גן הדרום,0.804093567251462,
21,גבעת שפירא,1077,168,212,168,13,0.07738095238095238,פה,0.6964285714285714,גבעת שפירא,0.7924528301886793,
21,צפרירים,1079,199,300,200,67,0.33668341708542715,פה,0.27638190954773867,צפרירים,0.6666666666666666,
21,מבועים,1080,679,910,679,330,0.48600883652430044,מחל,0.43004418262150224,מבועים,0.7461538461538462,
21,אבן מנחם,1081,201,283,201,140,0.6965174129353234,מחל,0.5671641791044776,אבן מנחם,0.7102473498233216,
21,מעגלים,1082,887,1049,887,732,0.8252536640360767,מחל,0.5445321307779031,מעגלים,0.8455672068636797,
21,תושיה,1083,262,322,262,213,0.8129770992366412,טב,0.5114503816793893,תושיה,0.8136645962732919,
21,בן שמן (כפר נוער),1084,165,236,165,24,0.14545454545454545,פה,0.45454545454545453,בן שמן כפר נוער,0.6991525423728814,
21,כרם שלום,1085,67,126,68,26,0.3880597014925373,פה,0.23880597014925373,כרם שלום,0.5396825396825397,
21,כרם יבנה (ישיבה),1094,140,158,140,136,0.9714285714285714,טב,0.85,כרם יבנה ישיבה,0.8860759493670886,
21,כפר מימון,1095,341,407,341,223,0.6539589442815249,טב,0.3841642228739003,כפר מימון,0.8378378378378378,
21,מרכז שפירא,1098,1190,1398,1193,896,0.7529411764705882,טב,0.42521008403361343,מרכז שפירא,0.8533619456366237,
21,צוקי ים,1102,119,158,119,20,0.16806722689075632,פה,0.5966386554621849,צוקי ים,0.7531645569620253,
21,גני הדר,1103,197,248,197,35,0.17766497461928935,פה,0.5532994923857868,גני הדר,0.7943548387096774,
21,פוריה - כפר עבודה,1104,185,265,185,120,0.6486486486486487,מחל,0.572972972972973,פוריה כפר עבודה,0.6981132075471698,
21,פוריה - נווה עובד,1105,694,990,696,491,0.707492795389049,מחל,0.6325648414985591,פוריה נווה עובד,0.703030303030303,
21,אומן,1108,208,347,209,111,0.5336538461538461,מחל,0.4807692307692308,אומן,0.6023054755043228,
21,חבר,1110,231,348,232,126,0.5454545454545454,מחל,0.4935064935064935,חבר,0.6666666666666666,
21,יודפת,1112,479,589,480,16,0.033402922755741124,פה,0.5135699373695198,יודפת,0.8149405772495756,
21,צור הדסה,1113,4276,5457,4289,1294,0.30261927034611785,פה,0.32202993451824136,צור הדסה,0.7859629833241708,
21,שריגים (לי-און),1114,612,813,614,90,0.14705882352941177,פה,0.4477124183006536,שריגים לי און,0.7552275522755227,
21,אביבים,1115,245,332,246,180,0.7346938775510204,מחל,0.5918367346938775,אביבים,0.7409638554216867,
21,אדרת,1123,408,549,411,280,0.6862745098039216,מחל,0.5514705882352942,אדרת,0.7486338797814208,
21,נאות הכיכר,1124,147,211,147,21,0.14285714285714285,פה,0.5578231292517006,נאות הכיכר,0.6966824644549763,
21,אלמגור,1125,231,284,231,13,0.05627705627705628,פה,0.696969696969697,אלמגור,0.8133802816901409,
21,אילות,1126,164,249,164,17,0.10365853658536585,פה,0.4878048780487805,אילות,0.6586345381526104,
21,מעלה גלבוע,1127,297,351,297,49,0.16498316498316498,נ,0.3265993265993266,מעלה גלבוע,0.8461538461538461,
21,מי עמי,1128,205,254,207,7,0.03414634146341464,פה,0.5121951219512195,מי עמי,0.8149606299212598,
21,גרופית,1129,179,284,179,12,0.0670391061452514,פה,0.6815642458100558,גרופית,0.6302816901408451,
21,כפר רוזנואלד (זרעית),1130,154,222,154,83,0.538961038961039,מחל,0.4935064935064935,כפר רוזנואלד זרעית,0.6936936936936937,
21,שניר,1132,322,424,322,17,0.052795031055900624,פה,0.5496894409937888,שניר,0.7594339622641509,
21,ורדון,1133,170,219,171,72,0.4235294117647059,מחל,0.38235294117647056,ורדון,0.7808219178082192,
21,יד השמונה,1134,117,163,117,38,0.3247863247863248,פה,0.4017094017094017,יד השמונה,0.7177914110429447,
21,צוחר,1136,328,453,328,159,0.4847560975609756,מחל,0.4115853658536585,צוחר,0.7240618101545254,
21,קרית יערים,1137,2384,3194,2403,2269,0.951761744966443,ג,0.6845637583892618,קרית יערים,0.7523481527864746,
21,יעד,1138,426,548,427,6,0.014084507042253521,פה,0.5375586854460094,יעד,0.7791970802919708,
21,כרמיאל,1139,24711,41234,24970,9588,0.3880053417506374,מחל,0.32528023956942254,כרמיאל,0.6055682204006403,
21,מדרשת בן גוריון,1140,862,1145,863,82,0.0951276102088167,פה,0.4095127610208817,מדרשת בן גוריון,0.7537117903930131,
21,מבוא מודיעים,1141,120,184,120,66,0.55,מחל,0.225,מבוא מודיעים,0.6521739130434783,
21,נס עמים,1143,176,219,176,33,0.1875,פה,0.5056818181818182,נס עמים,0.8036529680365296,
21,אלומה,1145,285,331,285,284,0.9964912280701754,שס,0.6350877192982456,אלומה,0.8610271903323263,
21,עלומים,1146,278,346,278,72,0.2589928057553957,נ,0.4712230215827338,עלומים,0.8034682080924855,
21,נטועה,1147,183,240,184,114,0.6229508196721312,מחל,0.5409836065573771,נטועה,0.7666666666666667,
21,צור נתן,1148,171,230,172,51,0.2982456140350877,פה,0.4678362573099415,צור נתן,0.7478260869565218,
21,עזר,1149,492,622,494,146,0.2967479674796748,פה,0.4105691056910569,עזר,0.7942122186495176,
21,צופר,1150,255,334,255,10,0.0392156862745098,פה,0.6901960784313725,צופר,0.7634730538922155,
21,פארן,1151,275,364,276,15,0.05454545454545454,פה,0.72,פארן,0.7582417582417582,
21,אשלים,1152,291,387,292,65,0.22336769759450173,פה,0.3711340206185567,אשלים,0.7545219638242894,
21,כישור,1153,92,120,92,12,0.13043478260869565,פה,0.5217391304347826,כישור,0.7666666666666667,
21,מגן שאול,1155,302,376,303,177,0.5860927152317881,מחל,0.5331125827814569,מגן שאול,0.8058510638297872,
21,סמר,1156,148,229,148,0,0.0,מרצ,0.3716216216216216,סמר,0.6462882096069869,
21,אחווה,1157,142,187,144,27,0.19014084507042253,פה,0.5845070422535211,אחווה,0.7700534759358288,
21,יהל,1158,117,214,118,19,0.1623931623931624,פה,0.5213675213675214,יהל,0.5514018691588785,
21,שכניה,1160,481,609,481,31,0.06444906444906445,פה,0.5550935550935551,שכניה,0.7898193760262726,
21,רהט,1161,15952,32511,16131,255,0.015985456369107323,דעם,0.47392176529588764,רהט,0.49617052689858815,
21,בית רימון,1162,322,368,322,138,0.42857142857142855,נ,0.36335403726708076,בית רימון,0.875,
21,מורן,1163,255,333,255,18,0.07058823529411765,פה,0.5725490196078431,מורן,0.7657657657657657,
21,שילת,1165,392,484,392,43,0.1096938775510204,פה,0.5459183673469388,שילת,0.8099173553719008,
21,כפר רות,1166,152,185,152,23,0.1513157894736842,פה,0.5263157894736842,כפר רות,0.8216216216216217,
21,קיסריה,1167,3145,4772,3150,808,0.25691573926868044,פה,0.5262321144674086,קיסריה,0.6601005867560771,
21,הוואשלה (שבט),1169,366,1045,374,6,0.01639344262295082,דעם,0.8989071038251366,הוואשלה שבט,0.35789473684210527,
21,סייד (שבט),1170,145,872,149,49,0.33793103448275863,דעם,0.2620689655172414,סייד שבט,0.17087155963302753,
21,לוטם,1171,358,492,360,25,0.06983240223463687,פה,0.5754189944134078,לוטם,0.7317073170731707,
21,תובל,1172,246,374,246,7,0.028455284552845527,פה,0.3699186991869919,תובל,0.6577540106951871,
21,לפידות,1173,90,123,90,50,0.5555555555555556,מחל,0.4777777777777778,לפידות,0.7317073170731707,
21,מנוף,1174,472,637,472,17,0.036016949152542374,פה,0.6271186440677966,מנוף,0.7409733124018838,
21,עידן,1175,189,296,189,19,0.10052910052910052,פה,0.5185185185185185,עידן,0.6385135135135135,
21,ספיר,1176,192,308,195,60,0.3125,פה,0.3541666666666667,ספיר,0.6331168831168831,
21,טללים,1177,225,311,225,38,0.1688888888888889,פה,0.5111111111111111,טללים,0.7234726688102894,
21,מורשת,1178,766,963,766,496,0.6475195822454308,טב,0.4464751958224543,מורשת,0.7954309449636553,
21,קורנית,1179,513,630,513,38,0.07407407407407407,פה,0.5594541910331384,קורנית,0.8142857142857143,
21,צביה,1180,202,265,203,9,0.04455445544554455,פה,0.6039603960396039,צביה,0.7660377358490567,
21,טל-אל,1181,686,922,691,143,0.20845481049562684,פה,0.5145772594752187,טל אל,0.7494577006507592,
21,אלון הגליל,1182,667,828,667,31,0.046476761619190406,פה,0.5712143928035982,אלון הגליל,0.8055555555555556,
21,כליל,1183,335,440,335,19,0.056716417910447764,מרצ,0.3253731343283582,כליל,0.7613636363636364,
21,מתת,1184,109,160,109,6,0.05504587155963303,פה,0.3669724770642202,מתת,0.68125,
21,הושעיה,1186,1085,1340,1087,351,0.32350230414746545,נ,0.37880184331797234,הושעיה,0.8111940298507463,
21,אשחר,1188,485,599,485,65,0.13402061855670103,פה,0.41030927835051545,אשחר,0.8096828046744574,
21,מצפה נטופה,1190,497,636,499,185,0.3722334004024145,נ,0.36619718309859156,מצפה נטופה,0.7845911949685535,
21,בר יוחאי,1191,412,597,412,336,0.8155339805825242,מחל,0.3325242718446602,בר יוחאי,0.6901172529313233,
21,ערערה-בנגב,1192,4593,8197,4635,128,0.02786849553668626,דעם,0.9068147180492053,ערערה בנגב,0.5654507746736611,
21,ניצנה (קהילת חינוך),1195,78,183,79,8,0.10256410256410256,פה,0.47435897435897434,ניצנה קהילת חינוך,0.43169398907103823,
21,נאות סמדר,1197,150,256,151,12,0.08,פה,0.58,נאות סמדר,0.58984375,
21,כרמים,1198,162,206,163,10,0.06172839506172839,פה,0.32098765432098764,כרמים,0.7912621359223301,
21,עדי,1199,1138,1479,1140,209,0.18365553602811951,פה,0.6019332161687171,עדי,0.77079107505071,
21,מודיעין-מכבים-רעות,1200,47837,61450,47975,13319,0.27842465037523256,פה,0.42295712523778667,מודיעין מכבים רעות,0.7807160292921074,
21,כמון,1201,404,532,404,18,0.04455445544554455,פה,0.5668316831683168,כמון,0.7593984962406015,
21,מכמנים,1202,271,350,271,21,0.07749077490774908,פה,0.5571955719557196,מכמנים,0.7742857142857142,
21,הררית,1203,256,333,256,16,0.0625,פה,0.43359375,הררית,0.7687687687687688,
21,גילון,1204,680,879,680,63,0.09264705882352942,פה,0.6191176470588236,גילון,0.7736063708759955,
21,מנות,1205,259,349,259,127,0.49034749034749037,מחל,0.44787644787644787,מנות,0.7421203438395415,
21,גיתה,1206,136,197,137,30,0.22058823529411764,פה,0.27205882352941174,גיתה,0.6954314720812182,
21,לבון,1207,337,430,337,68,0.20178041543026706,פה,0.5281899109792285,לבון,0.7837209302325582,
21,הילה,1208,352,477,352,31,0.08806818181818182,פה,0.5255681818181818,הילה,0.7379454926624738,
21,חרשים,1209,182,224,182,2,0.01098901098901099,מרצ,0.4340659340659341,חרשים,0.8125,
21,כחל,1210,261,347,261,19,0.07279693486590039,פה,0.6130268199233716,כחל,0.7521613832853026,
21,קדרים,1211,128,176,128,12,0.09375,פה,0.4453125,קדרים,0.7272727272727273,
21,עמוקה,1212,107,146,109,5,0.04672897196261682,פה,0.5514018691588785,עמוקה,0.7465753424657534,
21,צבעון,1213,121,147,121,7,0.05785123966942149,מרצ,0.30578512396694213,צבעון,0.8231292517006803,
21,טפחות,1214,199,252,199,174,0.8743718592964824,מחל,0.4271356783919598,טפחות,0.7896825396825397,
21,גורנות הגליל,1219,115,169,115,67,0.5826086956521739,מחל,0.4,גורנות הגליל,0.6804733727810651,
21,אבירים,1220,152,193,153,10,0.06578947368421052,פה,0.4276315789473684,אבירים,0.7927461139896373,
21,צורית,1221,529,714,530,48,0.09073724007561437,פה,0.6294896030245747,צורית,0.742296918767507,
21,מצפה אביב,1222,566,702,567,50,0.08833922261484099,פה,0.5759717314487632,מצפה אביב,0.8076923076923077,
21,שדי אברהם,1223,181,250,184,28,0.15469613259668508,פה,0.574585635359116,שדי אברהם,0.736,
21,כוכב יאיר,1224,6008,7751,6016,1114,0.18541944074567243,פה,0.5218042609853528,כוכב יאיר,0.776157915107728,
21,יובלים,1226,796,981,798,31,0.038944723618090454,פה,0.5917085427135679,יובלים,0.8134556574923547,
21,יתד,1227,243,326,244,105,0.43209876543209874,מחל,0.35802469135802467,יתד,0.7484662576687117,
21,רקפת,1228,558,741,558,19,0.034050179211469536,פה,0.6344086021505376,רקפת,0.7530364372469636,
21,כלנית,1229,141,184,141,125,0.8865248226950354,מחל,0.6808510638297872,כלנית,0.7663043478260869,
21,לבנים,1230,239,323,240,81,0.3389121338912134,מחל,0.3138075313807531,לבנים,0.7430340557275542,
21,פרי גן,1231,111,162,111,39,0.35135135135135137,מחל,0.3333333333333333,פרי גן,0.6851851851851852,
21,יבול,1232,170,206,170,28,0.16470588235294117,פה,0.45294117647058824,יבול,0.8252427184466019,
21,שקף,1233,224,282,224,36,0.16071428571428573,פה,0.45535714285714285,שקף,0.7943262411347518,
21,קבועה (שבט),1234,189,724,194,22,0.1164021164021164,דעם,0.544973544973545,קבועה שבט,0.26795580110497236,
21,שורשים,1235,290,393,290,27,0.09310344827586207,פה,0.5379310344827586,שורשים,0.7379134860050891,
21,נירית,1236,646,810,647,41,0.06346749226006192,פה,0.6749226006191951,נירית,0.7987654320987654,98.0
21,תלמי יוסף,1237,174,257,174,26,0.14942528735632185,פה,0.47126436781609193,תלמי יוסף,0.6770428015564203,
21,סופה,1238,119,185,119,10,0.08403361344537816,פה,0.4957983193277311,סופה,0.6432432432432432,
21,חולית,1239,92,133,92,8,0.08695652173913043,פה,0.45652173913043476,חולית,0.6917293233082706,
21,עין הבשור,1240,556,729,557,99,0.17805755395683454,פה,0.5431654676258992,עין הבשור,0.7640603566529492,
21,דקל,1241,188,258,188,50,0.26595744680851063,פה,0.4574468085106383,דקל,0.7286821705426356,
21,נתיב העשרה,1242,523,657,526,91,0.1739961759082218,פה,0.4894837476099426,נתיב העשרה,0.8006088280060882,
21,קציר,1243,1549,2191,1551,256,0.16526791478373143,פה,0.4499677211103938,קציר,0.7078959379278869,
21,תמרת,1244,953,1191,953,67,0.07030430220356768,פה,0.621196222455404,תמרת,0.8001679261125105,
21,סלמה,1245,961,2177,975,173,0.18002081165452655,דעם,0.41103017689906346,סלמה,0.4478640330730363,
21,עראמשה,1246,341,1011,346,52,0.15249266862170088,פה,0.3489736070381232,עראמשה,0.34223541048466866,
21,חריש,1247,3368,4542,3392,1741,0.5169239904988123,מחל,0.2660332541567696,חריש,0.7468075737560546,
21,אליפז,1248,73,116,73,9,0.1232876712328767,פה,0.5068493150684932,אליפז,0.6293103448275862,
21,הרדוף,1249,336,407,338,4,0.011904761904761904,פה,0.42857142857142855,הרדוף,0.8304668304668305,
21,עין תמר,1251,94,143,94,25,0.26595744680851063,פה,0.4574468085106383,עין תמר,0.6573426573426573,
21,כורזים,1252,247,336,247,36,0.145748987854251,פה,0.5141700404858299,כורזים,0.7351190476190477,
21,אמנון,1253,207,262,207,80,0.3864734299516908,מחל,0.3671497584541063,אמנון,0.7900763358778626,
21,נטף,1254,295,358,295,6,0.020338983050847456,פה,0.376271186440678,נטף,0.8240223463687151,
21,לוטן,1255,92,171,93,9,0.09782608695652174,פה,0.3695652173913043,לוטן,0.543859649122807,
21,אשרת,1256,304,407,306,145,0.4769736842105263,מחל,0.4440789473684211,אשרת,0.7518427518427518,
21,חנתון,1257,393,520,393,66,0.16793893129770993,פה,0.46564885496183206,חנתון,0.7557692307692307,
21,מסד,1258,295,385,295,34,0.1152542372881356,פה,0.5457627118644067,מסד,0.7662337662337663,
21,נווה שלום,1259,144,205,145,0,0.0,ום,0.3819444444444444,נווה שלום,0.7073170731707317,
21,רתמים,1260,179,217,179,39,0.21787709497206703,נ,0.44692737430167595,רתמים,0.8248847926267281,
21,הר עמשא,1261,76,106,76,7,0.09210526315789473,פה,0.2894736842105263,הר עמשא,0.7169811320754716,
21,צוקים,1262,137,179,137,7,0.051094890510948905,פה,0.5693430656934306,צוקים,0.7653631284916201,
21,כפר ורדים,1263,3443,4664,3452,458,0.133023525994772,פה,0.5143769968051118,כפר ורדים,0.7401372212692967,
21,כרמי יוסף,1264,1102,1420,1103,127,0.11524500907441017,פה,0.5898366606170599,כרמי יוסף,0.7767605633802817,
21,שומריה,1265,268,326,269,249,0.9291044776119403,טב,0.8843283582089553,שומריה,0.8251533742331288,
21,שחרות,1266,75,112,75,4,0.05333333333333334,פה,0.56,שחרות,0.6696428571428571,
21,מיתר,1268,5144,6718,5155,1536,0.2986003110419907,פה,0.3915241057542768,מיתר,0.7673414706757964,
21,להבים,1271,3796,4867,3803,837,0.22049525816649104,פה,0.4797154899894626,להבים,0.7813848366550237,
21,חלוץ,1272,281,399,282,18,0.06405693950177936,פה,0.5409252669039146,חלוץ,0.706766917293233,
21,גן נר,1274,1528,2104,1532,565,0.36976439790575916,פה,0.36518324607329844,גן נר,0.7281368821292775,
21,אבטליון,1275,229,305,230,18,0.07860262008733625,פה,0.5327510917030568,אבטליון,0.7540983606557377,
21,ניצני סיני,1280,143,201,143,17,0.11888111888111888,פה,0.4965034965034965,ניצני סיני,0.7114427860696517,
21,מירב,1282,306,368,306,120,0.39215686274509803,נ,0.434640522875817,מירב,0.8315217391304348,
21,תל תאומים,1283,243,326,245,162,0.6666666666666666,מחל,0.5555555555555556,תל תאומים,0.7515337423312883,
21,נופית,1284,1524,1991,1528,203,0.1332020997375328,פה,0.6240157480314961,נופית,0.7674535409342039,
21,כרכום,1285,320,458,321,60,0.1875,פה,0.4625,כרכום,0.7008733624454149,
21,שגב-שלום,1286,1999,4828,2029,14,0.007003501750875438,דעם,0.9114557278639319,שגב שלום,0.42025683512841755,
21,שני,1287,336,458,339,156,0.4642857142857143,מחל,0.27380952380952384,שני,0.740174672489083,141.0
21,גבעת אלה,1288,1297,1627,1297,101,0.07787201233616037,פה,0.6376252891287587,גבעת אלה,0.7971727105101414,
21,זמר,1290,2051,4610,2075,119,0.05802047781569966,ום,0.4378352023403218,זמר,0.45010845986984815,
21,כמהין,1291,175,227,175,21,0.12,פה,0.4342857142857143,כמהין,0.7709251101321586,
21,ג'דיידה-מכר,1292,6214,14098,6293,111,0.017862890247827487,ום,0.5952687479884132,ג דיידה מכר,0.44637537239324726,
21,גבעת אבני,1293,1142,1637,1146,455,0.39842381786339753,פה,0.3555166374781086,גבעת אבני,0.7000610873549176,
21,אור הגנוז,1294,155,257,157,140,0.9032258064516129,ג,0.4774193548387097,אור הגנוז,0.6108949416342413,
21,יאנוח-ג'ת,1295,2583,4492,2597,355,0.13743708865660084,פה,0.28222996515679444,יאנוח ג ת,0.5781389136242209,
21,כסרא-סמיע,1296,3874,5527,3888,1289,0.33273102736189986,מחל,0.2542591636551368,כסרא סמיע,0.7034557626198661,
21,כפר חנניה,1297,373,514,375,167,0.4477211796246649,מחל,0.3512064343163539,כפר חנניה,0.7295719844357976,
21,חורה,1303,2203,7663,2241,72,0.032682705401724924,ום,0.4108034498411257,חורה,0.29244421244943236,
21,שוהם,1304,12143,15504,12170,3143,0.25883224903236435,פה,0.46298278843778307,שוהם,0.7849587203302374,
21,אלעד,1309,16792,19997,16927,16372,0.9749880895664602,שס,0.4587303477846594,אלעד,0.8464769715457319,
21,לפיד,1310,1397,1807,1398,238,0.17036506800286327,פה,0.5175375805297066,לפיד,0.7736579966795795,
21,אבשלום,1311,141,240,147,37,0.2624113475177305,ל,0.3475177304964539,אבשלום,0.6125,
21,פוריה עילית,1313,573,849,575,281,0.49040139616055844,מחל,0.4607329842931937,פוריה עילית,0.6772673733804476,
21,נווה זיו,1314,387,525,387,101,0.26098191214470284,פה,0.42118863049095606,נווה זיו,0.7371428571428571,
21,מתן,1315,1921,2508,1927,305,0.15877147319104634,פה,0.5804268610098907,מתן,0.768341307814992,
21,אל-עריאן,1316,60,128,64,2,0.03333333333333333,ום,0.26666666666666666,אל עריאן,0.5,
21,דמיידה,1317,151,315,153,4,0.026490066225165563,דעם,0.4503311258278146,דמיידה,0.4857142857142857,
21,בת חפר,1319,3008,3970,3023,521,0.17320478723404256,פה,0.5794547872340425,בת חפר,0.7614609571788413,
21,עין חוד,1320,69,187,69,22,0.3188405797101449,שס,0.30434782608695654,עין חוד,0.3689839572192513,
21,ח'ואלד,1321,217,488,222,16,0.07373271889400922,דעם,0.5345622119815668,ח ואלד,0.45491803278688525,
21,בת הדר,1323,384,500,385,185,0.4817708333333333,מחל,0.4244791666666667,בת הדר,0.77,
21,ארסוף,1324,80,120,80,15,0.1875,פה,0.4875,ארסוף,0.6666666666666666,
21,בסמה,1326,2513,6431,2554,53,0.02109033028253084,ום,0.5129327497015519,בסמה,0.3971388586533976,
21,מעלה עירון,1327,3526,9605,3567,211,0.059841179807146906,ום,0.43647192285876346,מעלה עירון,0.37136907860489327,
21,אחוזת ברק,1330,1284,1670,1294,422,0.32866043613707163,פה,0.39953271028037385,אחוזת ברק,0.7748502994011977,
21,כמאנה,1331,407,1011,412,10,0.02457002457002457,דעם,0.5798525798525799,כמאנה,0.4075173095944609,
21,חוסנייה,1332,230,531,239,42,0.1826086956521739,דעם,0.4956521739130435,חוסנייה,0.4500941619585687,
21,נוף איילון,1333,1450,1704,1451,1053,0.7262068965517241,טב,0.5779310344827586,נוף איילון,0.8515258215962441,
21,ראס אל-עין,1334,155,263,157,1,0.0064516129032258064,דעם,0.4645161290322581,ראס אל עין,0.596958174904943,
21,ערב אל נעים,1335,258,493,269,165,0.6395348837209303,מחל,0.6356589147286822,ערב אל נעים,0.5456389452332657,
21,אירוס,1336,308,363,308,78,0.2532467532467532,פה,0.5194805194805194,אירוס,0.8484848484848485,
21,שמשית,1337,1337,1791,1338,133,0.09947643979057591,פה,0.6290201944652206,שמשית,0.7470686767169179,
21,כדיתה,1338,70,130,70,19,0.2714285714285714,פה,0.21428571428571427,כדיתה,0.5384615384615384,
21,מרחב עם,1340,166,184,166,102,0.6144578313253012,טב,0.4578313253012048,מרחב עם,0.9021739130434783,
21,אבו קרינאת (יישוב),1342,209,543,213,6,0.028708133971291867,דעם,0.3923444976076555,אבו קרינאת יישוב,0.39226519337016574,
21,מכחול,1343,105,394,106,7,0.06666666666666667,דעם,0.38095238095238093,מכחול,0.26903553299492383,
21,גבעות בר,1344,437,550,437,114,0.2608695652173913,פה,0.391304347826087,גבעות בר,0.7945454545454546,
21,צור יצחק,1345,2829,3350,2835,527,0.18628490632732414,פה,0.583598444680099,צור יצחק,0.8462686567164179,
21,תראבין א-צאנע(ישוב),1346,141,567,143,5,0.03546099290780142,דעם,0.3333333333333333,תראבין א צאנע ישוב,0.25220458553791886,
21,קצר א-סר,1347,657,1194,666,7,0.0106544901065449,דעם,0.8143074581430746,קצר א סר,0.5577889447236181,
21,ביר הדאג',1348,684,1151,685,7,0.01023391812865497,דעם,0.935672514619883,ביר הדאג,0.5951346655082537,
21,דריג'את,1349,333,528,336,31,0.09309309309309309,דעם,0.4624624624624625,דריג את,0.6363636363636364,
21,אום בטין,1358,634,1920,647,12,0.01892744479495268,דעם,0.7949526813880127,אום בטין,0.33697916666666666,
21,אל סייד,1359,538,1650,544,185,0.34386617100371747,שס,0.30297397769516726,אל סייד,0.3296969696969697,
21,סעוה,1360,230,871,231,20,0.08695652173913043,דעם,0.6434782608695652,סעוה,0.26521239954075776,
21,בת חן,1361,314,434,316,34,0.10828025477707007,פה,0.6751592356687898,בת חן,0.728110599078341,
21,בני נצרים,1363,251,284,253,238,0.9482071713147411,טב,0.900398406374502,בני נצרים,0.8908450704225352,
21,שלומית,1364,94,109,94,74,0.7872340425531915,טב,0.6595744680851063,שלומית,0.8623853211009175,
21,אליאב,1365,164,178,165,17,0.10365853658536585,פה,0.45121951219512196,אליאב,0.9269662921348315,
21,נווה,1366,273,309,278,265,0.9706959706959707,טב,0.8901098901098901,נווה,0.8996763754045307,
21,כחלה,1367,124,237,129,3,0.024193548387096774,פה,0.6129032258064516,כחלה,0.5443037974683544,
21,בני דקלים,1368,418,487,418,362,0.8660287081339713,טב,0.7511961722488039,בני דקלים,0.8583162217659137,
21,נטע,1369,186,216,186,141,0.7580645161290323,טב,0.6935483870967742,נטע,0.8611111111111112,
21,מצפה אילן,1370,149,165,149,66,0.4429530201342282,נ,0.47651006711409394,מצפה אילן,0.9030303030303031,
21,גני טל,1371,372,408,375,196,0.5268817204301075,טב,0.3467741935483871,גני טל,0.9191176470588235,
21,נצר חזני,1372,217,245,219,143,0.6589861751152074,טב,0.35023041474654376,נצר חזני,0.8938775510204081,
21,כרמי קטיף,1374,157,176,157,134,0.8535031847133758,טב,0.821656050955414,כרמי קטיף,0.8920454545454546,
21,אבו תלול,1375,386,867,390,6,0.015544041450777202,דעם,0.9196891191709845,אבו תלול,0.44982698961937717,
21,באר גנים,1376,676,799,677,437,0.6464497041420119,מחל,0.3772189349112426,באר גנים,0.8473091364205256,
21,מחנה הילה,1411,98,115,98,15,0.15306122448979592,פה,0.5612244897959183,מחנה הילה,0.8521739130434782,
21,מחנה תל נוף,1412,139,191,139,32,0.2302158273381295,פה,0.5467625899280576,מחנה תל נוף,0.7277486910994765,
21,מחנה יהודית,1413,111,135,111,31,0.27927927927927926,פה,0.4954954954954955,מחנה יהודית,0.8222222222222222,
21,מחנה מרים,1414,80,103,80,21,0.2625,פה,0.5625,מחנה מרים,0.7766990291262136,
21,מחנה יפה,1415,161,216,161,51,0.3167701863354037,פה,0.4720496894409938,מחנה יפה,0.7453703703703703,
21,מחנה יוכבד,1416,83,120,85,18,0.21686746987951808,פה,0.6144578313253012,מחנה יוכבד,0.7083333333333334,
21,מחנה טלי,1418,109,159,109,23,0.21100917431192662,פה,0.5596330275229358,מחנה טלי,0.6855345911949685,
21,ניצן ב',1419,508,664,510,342,0.6732283464566929,מחל,0.484251968503937,ניצן ב,0.7680722891566265,
21,תנובות,2002,471,617,477,193,0.40976645435244163,מחל,0.34182590233545646,תנובות,0.773095623987034,
21,תלמי אלעזר,2003,503,634,503,108,0.2147117296222664,פה,0.5606361829025845,תלמי אלעזר,0.7933753943217665,
21,שדה יצחק,2008,283,395,283,72,0.254416961130742,פה,0.5159010600706714,שדה יצחק,0.7164556962025317,
21,יובל,2009,321,427,322,106,0.3302180685358255,פה,0.367601246105919,יובל,0.7540983606557377,
21,כפר בן נון,2010,418,523,421,81,0.1937799043062201,פה,0.43301435406698563,כפר בן נון,0.8049713193116634,
21,ינון,2011,674,890,680,403,0.5979228486646885,מחל,0.5237388724035609,ינון,0.7640449438202247,
21,אורות,2012,315,434,316,38,0.12063492063492064,פה,0.6031746031746031,אורות,0.728110599078341,
21,בן שמן (מושב),2013,455,584,457,107,0.23516483516483516,פה,0.5186813186813187,בן שמן מושב,0.7825342465753424,
21,גבעולים,2014,239,293,239,196,0.8200836820083682,מחל,0.7112970711297071,גבעולים,0.8156996587030717,
21,שדי חמד,2015,580,717,581,75,0.12931034482758622,פה,0.5827586206896552,שדי חמד,0.810320781032078,
21,רוויה,2016,173,253,173,139,0.8034682080924855,מחל,0.630057803468208,רוויה,0.6837944664031621,
21,גבעת חיים (איחוד),2018,740,959,741,13,0.01756756756756757,פה,0.6297297297297297,גבעת חיים איחוד,0.7726798748696558,
21,אשל הנשיא,2021,79,114,79,21,0.26582278481012656,פה,0.3291139240506329,אשל הנשיא,0.6929824561403509,
21,להב,2023,312,442,312,8,0.02564102564102564,פה,0.46153846153846156,להב,0.7058823529411765,
21,אום אל-קוטוף,2024,362,693,363,43,0.11878453038674033,ום,0.31215469613259667,אום אל קוטוף,0.5238095238095238,
21,ירדנה,2026,201,282,203,122,0.6069651741293532,מחל,0.5771144278606966,ירדנה,0.7198581560283688,
21,מדרך עוז,2029,391,555,394,209,0.5345268542199488,מחל,0.46547314578005117,מדרך עוז,0.7099099099099099,
21,מנוחה,2030,325,416,325,248,0.7630769230769231,מחל,0.6338461538461538,מנוחה,0.78125,
21,בית חלקיה,2033,390,435,392,381,0.9769230769230769,ג,0.9230769230769231,בית חלקיה,0.9011494252873563,
21,חצור הגלילית,2034,4882,7024,4906,3829,0.7843097091356002,מחל,0.49651782056534205,חצור הגלילית,0.6984624145785877,
21,עדנים,2035,233,299,233,36,0.15450643776824036,פה,0.6437768240343348,עדנים,0.7792642140468228,
21,ברקת,2038,948,1118,949,833,0.8786919831223629,מחל,0.5052742616033755,ברקת,0.8488372093023255,
21,עין גדי,2042,325,477,326,27,0.08307692307692308,פה,0.4461538461538462,עין גדי,0.6834381551362684,
21,בחן,2043,459,576,460,31,0.06753812636165578,פה,0.6535947712418301,בחן,0.7986111111111112,
21,מלילות,2044,210,266,210,172,0.819047619047619,מחל,0.6666666666666666,מלילות,0.7894736842105263,
21,נחלה,2045,390,476,390,218,0.558974358974359,מחל,0.3923076923076923,נחלה,0.819327731092437,
21,סגולה,2046,348,430,349,88,0.25287356321839083,פה,0.5344827586206896,סגולה,0.8116279069767441,
21,ניר משה,2047,295,414,296,77,0.26101694915254237,פה,0.4542372881355932,ניר משה,0.714975845410628,
21,ניר עקיבא,2048,376,477,377,189,0.5026595744680851,פה,0.2579787234042553,ניר עקיבא,0.790356394129979,
21,שדה צבי,2049,310,418,310,161,0.5193548387096775,מחל,0.42258064516129035,שדה צבי,0.7416267942583732,
21,תלמי בילו,2050,252,337,253,151,0.5992063492063492,מחל,0.5515873015873016,תלמי בילו,0.7507418397626113,
21,רווחה,2051,349,424,349,296,0.8481375358166189,מחל,0.6532951289398281,רווחה,0.8231132075471698,
21,אביטל,2052,293,384,293,228,0.7781569965870307,מחל,0.6279863481228669,אביטל,0.7630208333333334,
21,פרזון,2053,227,319,227,153,0.6740088105726872,מחל,0.5726872246696035,פרזון,0.7115987460815048,
21,מיטב,2054,296,377,296,200,0.6756756756756757,מחל,0.6013513513513513,מיטב,0.7851458885941645,
21,מאור,2055,692,881,694,220,0.3179190751445087,פה,0.4291907514450867,מאור,0.7877412031782066,
21,שדי תרומות,2057,256,363,257,212,0.828125,מחל,0.77734375,שדי תרומות,0.7079889807162535,
21,פעמי תשז,2059,292,373,294,203,0.6952054794520548,מחל,0.4691780821917808,פעמי תשז,0.7882037533512064,
21,ברוש,2060,245,316,246,147,0.6,מחל,0.5306122448979592,ברוש,0.7784810126582279,
21,תדהר,2061,302,397,302,156,0.5165562913907285,מחל,0.46357615894039733,תדהר,0.760705289672544,
21,תאשור,2062,209,292,211,64,0.3062200956937799,פה,0.3588516746411483,תאשור,0.7226027397260274,
21,דישון,2063,205,294,207,112,0.5463414634146342,מחל,0.43902439024390244,דישון,0.7040816326530612,
21,זרועה,2064,212,285,213,161,0.7594339622641509,מחל,0.6273584905660378,זרועה,0.7473684210526316,
21,טירת כרמל,2100,11765,18310,11849,7447,0.632979175520612,מחל,0.5274118147046324,טירת כרמל,0.6471327143637357,
21,דימונה,2200,16588,27937,16802,11367,0.6852544007716421,מחל,0.5633590547383651,דימונה,0.6014246339979239,
21,קרית טבעון,2300,9698,13652,9727,1642,0.16931326046607548,פה,0.49288513095483605,קרית טבעון,0.7124963375329622,
21,אור יהודה,2400,18567,26963,18755,12446,0.6703290784725588,מחל,0.5091829590133031,אור יהודה,0.695582835737863,
21,נשר,2500,12522,19580,12601,4850,0.3873183197572273,מחל,0.34163871586008626,נשר,0.643564862104188,
21,באר יעקב,2530,11934,15773,12021,5366,0.4496396849338026,מחל,0.371543489190548,באר יעקב,0.7621251505737653,
21,גדרה,2550,12752,17315,12813,5229,0.4100533249686324,פה,0.3509253450439147,גדרה,0.7399942246606989,
21,ערד,2560,12925,21506,13056,5955,0.46073500967117986,פה,0.24286266924564798,ערד,0.6070863944945597,
21,אילת,2600,22683,50304,22851,11371,0.5013005334391395,מחל,0.4334082793281312,אילת,0.4542581106870229,
21,בית שמש,2610,40217,62152,40588,33289,0.8277345401198498,ג,0.33582813238182857,בית שמש,0.6530441498262325,
21,קרית אונו,2620,21580,28727,21670,5704,0.2643188137164041,פה,0.47391102873030583,קרית אונו,0.7543426045183973,
21,קרית גת,2630,27438,41706,27769,17521,0.6385669509439463,מחל,0.4193454333406225,קרית גת,0.6658274588788184,
21,ראש העין,2640,30954,40024,31066,14307,0.4622019771273503,מחל,0.348549460489759,ראש העין,0.7761842894263442,
21,רמת השרון,2650,26963,36941,27033,5890,0.218447502132552,פה,0.5555019842005712,רמת השרון,0.7317885276522021,
21,יבנה,2660,24483,33073,24664,12698,0.5186455908181187,מחל,0.40199321978515706,יבנה,0.7457442626916215,
21,אום אל-פחם,2710,15533,34720,15671,71,0.004570913538917144,ום,0.7970771904976501,אום אל פחם,0.4513536866359447,
21,טירה,2720,10560,17873,10661,63,0.005965909090909091,ום,0.40132575757575756,טירה,0.5964863201477089,
21,טייבה,2730,16809,27542,17029,166,0.009875661847819621,ום,0.5157951097626272,טייבה,0.6182920630310071,
21,קרית שמונה,2800,10937,18257,11030,6406,0.5857182042607662,מחל,0.48989668099113104,קרית שמונה,0.6041518321739606,
21,ירושלים,3000,260049,410258,262103,178447,0.6862052920795696,מחל,0.2475687274321378,ירושלים,0.6388735868648509,
21,חברון,3400,226,285,226,175,0.7743362831858407,טב,0.6946902654867256,חברון,0.7929824561403509,43.0
21,כפר עציון,3488,357,464,358,126,0.35294117647058826,נ,0.4341736694677871,כפר עציון,0.771551724137931,63.0
21,נתיב הגדוד,3555,107,154,107,37,0.34579439252336447,פה,0.4392523364485981,נתיב הגדוד,0.6948051948051948,103.0
21,אלמוג,3556,136,194,136,18,0.1323529411764706,פה,0.41911764705882354,אלמוג,0.7010309278350515,9.0
21,קדומים,3557,2177,2609,2183,1564,0.718419843821773,טב,0.5052824988516307,קדומים,0.8367190494442315,123.0
21,תומר,3558,208,252,209,44,0.21153846153846154,פה,0.4519230769230769,תומר,0.8293650793650794,145.0
21,אלקנה,3560,2120,2501,2123,1286,0.6066037735849057,טב,0.4070754716981132,אלקנה,0.8488604558176729,13.0
21,מגדל עוז,3561,173,250,173,81,0.4682080924855491,נ,0.43352601156069365,מגדל עוז,0.692,70.0
21,תקוע,3563,1617,2067,1620,638,0.3945578231292517,נ,0.3481756338899196,תקוע,0.783744557329463,147.0
21,כוכב השחר,3564,996,1177,997,744,0.7469879518072289,טב,0.6315261044176707,כוכב השחר,0.8470688190314358,59.0
21,רימונים,3565,356,513,357,226,0.6348314606741573,מחל,0.5533707865168539,רימונים,0.695906432748538,135.0
21,יפית,3566,107,158,107,65,0.6074766355140186,מחל,0.5046728971962616,יפית,0.6772151898734177,56.0
21,סלעית,3567,579,710,579,58,0.1001727115716753,פה,0.6373056994818653,סלעית,0.8154929577464789,105.0
21,ריחן,3568,155,192,155,41,0.2645161290322581,פה,0.3225806451612903,ריחן,0.8072916666666666,134.0
21,מבוא דותן,3569,192,275,192,118,0.6145833333333334,מחל,0.375,מבוא דותן,0.6981818181818182,67.0
21,אריאל,3570,10003,15122,10096,5214,0.5212436269119264,מחל,0.43726881935419376,אריאל,0.6676365560111096,17.0
21,שבי שומרון,3571,444,543,445,332,0.7477477477477478,טב,0.48423423423423423,שבי שומרון,0.8195211786372008,137.0
21,כפר תפוח,3572,487,602,488,369,0.757700205338809,טב,0.5071868583162218,כפר תפוח,0.8106312292358804,64.0
21,חלמיש,3573,607,752,609,388,0.6392092257001647,טב,0.42504118616144976,חלמיש,0.8098404255319149,47.0
21,בית אל,3574,2819,3318,2825,2386,0.846399432422845,טב,0.7112451223838241,בית אל,0.851416515973478,19.0
21,בית חורון,3575,667,803,671,349,0.5232383808095952,מחל,0.280359820089955,בית חורון,0.8356164383561644,23.0
21,מצפה יריחו,3576,1034,1272,1037,805,0.7785299806576402,טב,0.5735009671179884,מצפה יריחו,0.815251572327044,85.0
21,שדמות מחולה,3578,326,380,326,205,0.6288343558282209,טב,0.5276073619631901,שדמות מחולה,0.8578947368421053,138.0
21,אלון מורה,3579,732,916,733,658,0.8989071038251366,טב,0.8046448087431693,אלון מורה,0.8002183406113537,7.0
21,ארגמן,3598,83,128,83,35,0.42168674698795183,מחל,0.3855421686746988,ארגמן,0.6484375,16.0
21,מחולה,3599,415,484,415,230,0.5542168674698795,טב,0.40240963855421685,מחולה,0.8574380165289256,74.0
21,קליה,3601,279,372,279,58,0.2078853046594982,פה,0.3727598566308244,קליה,0.75,125.0
21,ראש צורים,3602,426,484,427,148,0.3474178403755869,נ,0.5657276995305164,ראש צורים,0.8822314049586777,129.0
21,הר גילה,3603,765,973,766,379,0.4954248366013072,מחל,0.4235294117647059,הר גילה,0.7872559095580678,40.0
21,אלון שבות,3604,1735,2169,1740,850,0.4899135446685879,נ,0.3734870317002882,אלון שבות,0.8022130013831259,8.0
21,משואה,3605,101,150,101,36,0.3564356435643564,מחל,0.3564356435643564,משואה,0.6733333333333333,87.0
21,גלגל,3606,86,147,86,29,0.3372093023255814,פה,0.32558139534883723,גלגל,0.5850340136054422,36.0
21,ייטב,3607,164,204,164,122,0.7439024390243902,טב,0.38414634146341464,ייטב,0.803921568627451,
21,מעלה אפרים,3608,628,1136,632,375,0.5971337579617835,מחל,0.3869426751592357,מעלה אפרים,0.5563380281690141,78.0
21,חמרה,3609,97,135,97,37,0.38144329896907214,מחל,0.3402061855670103,חמרה,0.7185185185185186,49.0
21,מצפה שלם,3610,125,173,125,8,0.064,פה,0.52,מצפה שלם,0.7225433526011561,86.0
21,קרית ארבע,3611,3442,4704,3455,2821,0.8195816385822197,טב,0.45758280069726903,קרית ארבע,0.7344812925170068,126.0
21,בקעות,3612,113,136,113,42,0.37168141592920356,מחל,0.35398230088495575,בקעות,0.8308823529411765,25.0
21,גיתית,3613,192,241,192,102,0.53125,טב,0.328125,גיתית,0.7966804979253111,35.0
21,מכורה,3614,92,133,93,32,0.34782608695652173,פה,0.3804347826086957,מכורה,0.6992481203007519,75.0
21,פצאל,3615,195,230,195,75,0.38461538461538464,מחל,0.36923076923076925,פצאל,0.8478260869565217,121.0
21,מעלה אדומים,3616,20257,27839,20356,13053,0.6443698474601373,מחל,0.4982475193760182,מעלה אדמים,0.7312044254463164,77.0
21,עופרה,3617,1497,1869,1499,817,0.5457581830327322,טב,0.38410153640614564,עופרה,0.8020331728196897,
21,אלעזר,3618,1171,1451,1172,599,0.511528608027327,נ,0.3774551665243382,אלעזר,0.8077188146106133,11.0
21,רועי,3619,99,129,99,30,0.30303030303030304,פה,0.4444444444444444,רועי,0.7674418604651163,131.0
21,נירן,3620,57,72,57,0,0.0,אמת,0.543859649122807,נירן,0.7916666666666666,99.0
21,מעלה שומרון,3637,469,593,470,251,0.535181236673774,מחל,0.36886993603411516,מעלה שומרון,0.7925801011804384,82.0
21,כפר אדומים,3638,1973,2496,1978,734,0.37202230106436895,נ,0.30461226558540294,כפר אדומים,0.7924679487179487,61.0
21,ורד יריחו,3639,176,226,177,81,0.4602272727272727,מחל,0.42045454545454547,ורד יריחו,0.7831858407079646,42.0
21,קרני שומרון,3640,4090,5326,4109,2595,0.6344743276283619,טב,0.310757946210269,קרני שומרון,0.7714983101764927,128.0
21,שילה,3641,1581,1917,1583,1135,0.7179000632511069,טב,0.571157495256167,שילה,0.8257694314032342,139.0
21,חיננית,3643,595,772,604,367,0.6168067226890757,טב,0.3697478991596639,חיננית,0.7823834196891192,46.0
21,גבעון החדשה,3644,716,1015,720,298,0.41620111731843573,מחל,0.35614525139664804,גבעון החדשה,0.7093596059113301,32.0
21,בית הערבה,3645,126,145,126,40,0.31746031746031744,מחל,0.2777777777777778,בית הערבה,0.8689655172413793,22.0
21,חמדת,3646,100,114,100,54,0.54,נ,0.42,חמדת,0.8771929824561403,48.0
21,יקיר,3647,1040,1185,1045,608,0.5846153846153846,טב,0.35192307692307695,יקיר,0.8818565400843882,58.0
21,מתתיהו,3648,338,458,344,312,0.9230769230769231,ג,0.8195266272189349,מתתיהו,0.7510917030567685,
21,שקד,3649,439,594,440,169,0.38496583143507973,מחל,0.34851936218678814,שקד,0.7407407407407407,144.0
21,אפרת,3650,5473,6951,5488,2669,0.4876667275717157,נ,0.3409464644619039,אפרת,0.7895266868076536,15.0
21,מעלה מכמש,3651,746,925,746,504,0.675603217158177,טב,0.4745308310991957,מעלה מכמש,0.8064864864864865,80.0
21,בית אריה,3652,2664,3581,2677,1299,0.48761261261261263,מחל,0.42454954954954954,בית אריה,0.7475565484501536,21.0
21,מעלה עמוס,3653,242,320,243,195,0.8057851239669421,ג,0.49173553719008267,מעלה עמוס,0.759375,81.0
21,ברקן,3654,991,1335,995,513,0.5176589303733602,מחל,0.48335015136226034,ברקן,0.7453183520599251,
21,נילי,3655,842,1089,844,298,0.35391923990498814,פה,0.342042755344418,נילי,0.7750229568411386,
21,כרמל,3656,227,264,227,170,0.748898678414097,טב,0.5726872246696035,כרמל,0.8598484848484849,66.0
21,מעון,3657,237,296,237,178,0.7510548523206751,טב,0.7088607594936709,מעון,0.8006756756756757,76.0
21,עטרת,3658,256,295,256,187,0.73046875,טב,0.625,עטרת,0.8677966101694915,108.0
21,פסגות,3659,857,1000,858,674,0.7864644107351225,טב,0.6452742123687282,פסגות,0.858,120.0
21,עמנואל,3660,1548,2149,1562,1471,0.9502583979328165,ג,0.3708010335917313,עמנואל,0.7268496975337366,113.0
21,מבוא חורון,3709,985,1094,987,842,0.8548223350253807,טב,0.6761421319796954,מבוא חורון,0.9021937842778793,68.0
21,ברכה,3710,975,1101,976,855,0.8769230769230769,מחל,0.5774358974358974,ברכה,0.8864668483197093,27.0
21,ענב,3712,414,490,414,312,0.7536231884057971,טב,0.42028985507246375,ענב,0.8448979591836735,114.0
21,נעמה,3713,98,138,98,25,0.25510204081632654,פה,0.3979591836734694,נעמה,0.7101449275362319,
21,עלמון,3715,733,951,733,410,0.5593451568894953,מחל,0.5320600272851296,עלמון,0.7707676130389064,111.0
21,חרמש,3717,140,204,141,72,0.5142857142857142,מחל,0.4357142857142857,חרמש,0.6911764705882353,50.0
21,תלם,3719,194,210,195,137,0.7061855670103093,טב,0.4329896907216495,תלם,0.9285714285714286,146.0
21,שערי תקווה,3720,3017,3868,3023,1437,0.47630096121975474,מחל,0.35432548889625454,שערי תקווה,0.781540847983454,143.0
21,אשכולות,3722,270,347,271,114,0.4222222222222222,מחל,0.34814814814814815,אשכולות,0.7809798270893372,18.0
21,פני חבר,3723,179,213,181,160,0.8938547486033519,טב,0.7653631284916201,פני חבר,0.8497652582159625,119.0
21,נגוהות,3724,125,137,125,76,0.608,טב,0.512,נגוהות,0.9124087591240876,90.0
21,נווה דניאל,3725,1182,1525,1183,557,0.4712351945854484,נ,0.39593908629441626,נווה דניאל,0.7757377049180327,91.0
21,נוקדים,3726,875,1137,875,417,0.4765714285714286,מחל,0.26057142857142856,נוקדים,0.7695690413368513,94.0
21,עלי זהב,3727,1136,1345,1137,541,0.4762323943661972,נ,0.4216549295774648,עלי זהב,0.8453531598513011,110.0
21,גבעת זאב,3730,8695,11431,8734,6568,0.7553766532489937,מחל,0.3341000575043128,גבעת זאב,0.7640626366897034,34.0
21,טנא,3743,382,499,384,183,0.4790575916230366,טב,0.25392670157068065,טנא,0.7695390781563126,54.0
21,ברוכין,3744,384,427,385,289,0.7526041666666666,טב,0.6536458333333334,ברוכין,0.9016393442622951,26.0
21,מצדות יהודה,3745,253,308,253,158,0.6245059288537549,טב,0.5573122529644269,מצדות יהודה,0.8214285714285714,83.0
21,קרית נטפים,3746,344,410,345,201,0.5843023255813954,טב,0.29069767441860467,קרית נטפים,0.8414634146341463,127.0
21,דולב,3747,685,813,686,438,0.6394160583941606,טב,0.5124087591240876,דולב,0.8437884378843789,38.0
21,עתניאל,3748,370,450,370,211,0.5702702702702702,טב,0.43243243243243246,עתניאל,0.8222222222222222,117.0
21,יצהר,3749,536,659,538,489,0.9123134328358209,טב,0.8638059701492538,יצהר,0.8163884673748103,57.0
21,אלפי מנשה,3750,4324,5711,4333,1508,0.34875115633672527,פה,0.4093432007400555,אלפי מנשה,0.75871125897391,12.0
21,מגדלים,3751,173,226,173,88,0.5086705202312138,טב,0.42196531791907516,מגדלים,0.7654867256637168,71.0
21,מעלה לבונה,3752,335,405,335,261,0.7791044776119403,טב,0.6208955223880597,מעלה לבונה,0.8271604938271605,79.0
21,אספר,3754,255,344,262,193,0.7568627450980392,ג,0.4470588235294118,אספר,0.7616279069767442,
21,סוסיה,3756,546,660,548,329,0.6025641025641025,טב,0.4816849816849817,סוסיה,0.8303030303030303,104.0
21,אדורה,3759,195,245,195,111,0.5692307692307692,טב,0.28717948717948716,אדורה,0.7959183673469388,3.0
21,אורנית,3760,5029,6308,5039,1531,0.30443428116921856,פה,0.4215549811095645,אורנית,0.7988268864933418,4.0
21,איתמר,3762,449,573,449,345,0.7683741648106904,טב,0.6414253897550112,איתמר,0.7835951134380453,5.0
21,גבע בנימין,3763,2296,3116,2310,1697,0.7391114982578397,מחל,0.44294425087108014,גבע בנימין,0.7413350449293966,
21,חגי,3764,268,324,270,218,0.8134328358208955,טב,0.6753731343283582,חגי,0.8333333333333334,44.0
21,עלי,3765,1671,2105,1672,1276,0.7636146020347098,טב,0.5571514063435069,עלי,0.7942992874109264,109.0
21,כרמי צור,3766,449,538,450,330,0.734966592427617,טב,0.5256124721603563,כרמי צור,0.8364312267657993,65.0
21,נחליאל,3767,258,330,258,222,0.8604651162790697,טב,0.5271317829457365,נחליאל,0.7818181818181819,96.0
21,פדואל,3768,893,1020,894,646,0.723404255319149,טב,0.5957446808510638,פדואל,0.8764705882352941,118.0
21,הר אדר,3769,2368,3003,2373,510,0.21537162162162163,פה,0.5080236486486487,הר אדר,0.7902097902097902,39.0
21,חשמונאים,3770,1796,2305,1801,969,0.5395322939866369,נ,0.30957683741648107,חשמונאים,0.7813449023861171,51.0
21,סנסנה,3777,186,204,186,76,0.40860215053763443,נ,0.521505376344086,סנסנה,0.9117647058823529,106.0
21,עץ אפרים,3778,1059,1298,1060,609,0.5750708215297451,מחל,0.34183191690273845,עץ אפרים,0.8166409861325116,116.0
21,כוכב יעקב,3779,3295,4085,3319,2978,0.903793626707132,שס,0.3626707132018209,כוכב יעקב,0.812484700122399,60.0
21,ביתר עילית,3780,19816,24740,19989,19425,0.9802684699232943,ג,0.6324182478805006,ביתר עלית,0.807962813257882,24.0
21,קדר,3781,705,954,707,461,0.6539007092198581,מחל,0.6127659574468085,קדר,0.7410901467505241,124.0
21,שמעה,3784,319,425,320,211,0.6614420062695925,טב,0.3667711598746082,שמעה,0.7529411764705882,140.0
21,נעלה,3787,858,1121,864,364,0.42424242424242425,מחל,0.38694638694638694,נעלה,0.7707404103479036,100.0
21,טלמון,3788,1754,2025,1760,1338,0.7628278221208666,טב,0.6630558722919042,טלמון,0.8691358024691358,53.0
21,נופים,3790,376,497,378,236,0.6276595744680851,מחל,0.4654255319148936,נופים,0.7605633802816901,93.0
21,צופים,3791,1145,1417,1146,515,0.4497816593886463,מחל,0.26724890829694326,צופים,0.8087508821453776,122.0
21,אבני חפץ,3793,855,1059,857,719,0.8409356725146199,טב,0.5099415204678363,אבני חפץ,0.8092540132200189,1.0
21,בת עין,3794,650,851,650,373,0.5738461538461539,טב,0.3769230769230769,בת עין,0.763807285546416,29.0
21,רבבה,3795,982,1122,986,743,0.7566191446028513,טב,0.6435845213849287,רבבה,0.8787878787878788,130.0
21,כפר האורנים,3796,1211,1587,1214,182,0.15028901734104047,פה,0.5978530140379852,כפר האורנים,0.7649653434152489,
21,מודיעין עילית,3797,22385,27232,23004,22152,0.9895912441366986,ג,0.8044672771945499,מודיעין עלית,0.8447414806110458,73.0
21,רחלים,3822,277,303,277,176,0.6353790613718412,טב,0.5451263537906137,רחלים,0.9141914191419142,133.0
21,גני מודיעין,3823,1420,1825,1431,1235,0.8697183098591549,שס,0.4,גני מודיעין,0.7841095890410958,37.0
21,עמיחי,3824,64,65,64,53,0.828125,טב,0.765625,עמיחי,0.9846153846153847,112.0
21,חיפה,4000,144578,247866,145606,45374,0.3138375133146122,פה,0.32688929159346514,חיפה,0.5874383739601237,
21,בוקעאתא,4001,73,519,74,29,0.3972602739726027,מחל,0.3561643835616438,בוקעאתא,0.14258188824662812,
21,אלי-עד,4002,224,296,226,31,0.13839285714285715,פה,0.45982142857142855,אלי עד,0.7635135135135135,
21,אל-רום,4003,251,330,251,33,0.13147410358565736,פה,0.41832669322709165,אל רום,0.7606060606060606,
21,כפר חרוב,4004,243,379,243,19,0.07818930041152264,פה,0.6008230452674898,כפר חרוב,0.6411609498680739,
21,חספין,4005,631,801,632,464,0.7353407290015848,טב,0.5562599049128367,חספין,0.7890137328339576,
21,קשת,4006,334,424,334,249,0.7455089820359282,טב,0.6317365269461078,קשת,0.7877358490566038,
21,יונתן,4007,291,357,291,108,0.3711340206185567,נ,0.436426116838488,יונתן,0.8151260504201681,
21,מעלה גמלא,4008,312,390,312,30,0.09615384615384616,פה,0.592948717948718,מעלה גמלא,0.8,
21,שעל,4009,169,213,170,51,0.30177514792899407,פה,0.378698224852071,שעל,0.7981220657276995,
21,אודם,4010,88,113,88,9,0.10227272727272728,פה,0.5113636363636364,אודם,0.7787610619469026,
21,אבני איתן,4011,322,395,322,172,0.5341614906832298,טב,0.36024844720496896,אבני איתן,0.8151898734177215,
21,אניעם,4012,306,435,306,71,0.23202614379084968,פה,0.4738562091503268,אניעם,0.7034482758620689,
21,אורטל,4013,192,248,193,21,0.109375,פה,0.5052083333333334,אורטל,0.7782258064516129,
21,נטור,4014,188,234,188,40,0.2127659574468085,נ,0.34574468085106386,נטור,0.8034188034188035,
21,בני יהודה,4015,594,891,599,142,0.23905723905723905,פה,0.4696969696969697,בני יהודה,0.6722783389450057,
21,אלוני הבשן,4017,157,217,159,81,0.5159235668789809,נ,0.3184713375796178,אלוני הבשן,0.7327188940092166,
21,מיצר,4019,95,122,95,5,0.05263157894736842,פה,0.5368421052631579,מיצר,0.7786885245901639,
21,גבעת יואב,4021,355,469,355,80,0.22535211267605634,פה,0.532394366197183,גבעת יואב,0.7569296375266524,
21,גשור,4022,158,223,158,28,0.17721518987341772,פה,0.5253164556962026,גשור,0.7085201793721974,
21,קלע,4024,126,212,127,34,0.2698412698412698,פה,0.3253968253968254,קלע,0.5990566037735849,
21,קדמת צבי,4025,290,372,290,41,0.1413793103448276,פה,0.5689655172413793,קדמת צבי,0.7795698924731183,
21,חד-נס,4026,398,630,398,115,0.2889447236180904,פה,0.4472361809045226,חד נס,0.6317460317460317,
21,כנף,4028,250,318,250,31,0.124,פה,0.508,כנף,0.7861635220125787,
21,קצרין,4100,3527,6040,3565,1452,0.41168131556563653,מחל,0.32407144882336264,קצרין,0.5902317880794702,
21,מרום גולן,4101,396,563,396,35,0.08838383838383838,פה,0.553030303030303,מרום גולן,0.7033747779751333,
21,מג'דל שמס,4201,137,801,139,40,0.291970802919708,פה,0.46715328467153283,מג דל שמס,0.1735330836454432,
21,מסעדה,4203,71,326,71,24,0.3380281690140845,פה,0.38028169014084506,מסעדה,0.21779141104294478,
21,מבוא חמה,4204,282,401,283,14,0.04964539007092199,פה,0.5673758865248227,מבוא חמה,0.7057356608478803,
21,אפיק,4301,178,251,178,18,0.10112359550561797,פה,0.4438202247191011,אפיק,0.7091633466135459,
21,נווה אטיב,4303,110,165,111,22,0.2,פה,0.4909090909090909,נווה אטיב,0.6727272727272727,
21,נוב,4304,407,486,407,177,0.4348894348894349,נ,0.43243243243243246,נוב,0.8374485596707819,
21,ע'ג'ר,4501,599,1666,613,126,0.21035058430717862,כ,0.3672787979966611,ע ג ר,0.3679471788715486,
21,עין קנייא,4502,30,134,30,15,0.5,מחל,0.43333333333333335,עין קנייא,0.22388059701492538,
21,עין זיוון,4503,186,272,187,20,0.10752688172043011,פה,0.521505376344086,עין זיוון,0.6875,
21,נאות גולן,4551,291,411,293,42,0.14432989690721648,פה,0.5257731958762887,נאות גולן,0.7128953771289538,
21,רמת מגשימים,4701,357,440,357,212,0.5938375350140056,טב,0.4425770308123249,רמת מגשימים,0.8113636363636364,
21,רמות,4702,347,435,347,49,0.14121037463976946,פה,0.6195965417867435,רמות,0.7977011494252874,
21,תל אביב - יפו,5000,267601,426398,268795,65452,0.24458802470842786,פה,0.45691533290234343,תל אביב יפו,0.6303852269475936,
21,באקה אל-גרביה,6000,7861,18635,7991,73,0.009286350337107238,ום,0.49255819870245515,באקה אל גרביה,0.4288167426884894,
21,בני ברק,6100,82804,109000,84202,79431,0.959265252886334,ג,0.6180619293753925,בני ברק,0.7724954128440367,
21,בת ים,6200,64378,124102,64948,31457,0.48862965609369663,מחל,0.38510050017086583,בת ים,0.5233437011490548,
21,גבעתיים,6300,34409,48210,34524,7050,0.20488825597954025,פה,0.5059432125316051,גבעתיים,0.7161169881767269,
21,הרצליה,6400,54710,81001,54927,15438,0.28217876073843906,פה,0.4782123926156096,הרצליה,0.6781027394723522,
21,חדרה,6500,47104,75611,47508,22391,0.4753524116847826,מחל,0.37973420516304346,חדרה,0.6283212760048141,
21,חולון,6600,100920,157915,101653,47841,0.4740487514863258,מחל,0.37510899722552515,חולון,0.6437197226355951,
21,טבריה,6700,20452,34701,20584,15170,0.7417367494621553,מחל,0.49061216506943084,טבריה,0.5931817526872425,
21,קרית אתא,6800,30625,46961,30871,17077,0.5576163265306122,מחל,0.4383020408163265,קרית אתא,0.6573752688401013,
21,כפר סבא,6900,58423,80130,58662,16730,0.2863598240419013,פה,0.45935676018006605,כפר סבא,0.7320853612879071,
21,לוד,7000,30476,54846,30790,15381,0.5046922168263551,מחל,0.373671085444284,לוד,0.561390074025453,
21,אשקלון,7100,69394,112413,70010,37657,0.5426549845807995,מחל,0.42610312130731764,אשקלון,0.6227927374947737,
21,נס ציונה,7200,25524,33516,25645,7377,0.2890220968500235,פה,0.47230057984641904,נס ציונה,0.76515693996897,
21,נצרת,7300,22405,57041,22720,394,0.017585360410622627,ום,0.5366659227850926,נצרת,0.3983099875528129,
21,נתניה,7400,108423,181085,109241,57316,0.5286332235780231,מחל,0.3784990269592245,נתניה,0.6032581384432725,
21,סח'נין,7500,17022,21019,17106,48,0.0028198801550934085,דעם,0.5960521677828692,סח נין,0.8138351015747657,
21,עכו,7600,23924,41584,24254,11381,0.4757147634174887,מחל,0.389107172713593,עכו,0.5832531742978069,
21,עפולה,7700,25864,40352,26116,15001,0.5799953603464275,מחל,0.46458397772966287,עפולה,0.6472045995241872,
21,פרדס חנה-כרכור,7800,21551,30005,21654,7753,0.3597512876432648,פה,0.3589160595796019,פרדס חנה כרכור,0.7216797200466589,
21,פתח תקווה,7900,130737,189414,131617,62831,0.48059080443944713,מחל,0.3165591990025777,פתח תקווה,0.6948641599881741,
21,צפת,8000,14034,23118,14130,10694,0.7620065555080519,מחל,0.344520450334901,צפת,0.6112120425642357,
21,קרית מוצקין,8200,24712,37178,24868,9094,0.36799935254127547,פה,0.34371965037228874,קרית מוצקין,0.6688902038840174,
21,ראשון לציון,8300,138104,204949,138817,54936,0.3977871748826971,פה,0.35274865318890114,ראשון לציון,0.6773246027060391,
21,רחובות,8400,73125,105909,73520,31791,0.43474871794871794,פה,0.3061880341880342,רחובות,0.694180853374123,
21,רמלה,8500,32103,55296,32557,18958,0.5905367099648008,מחל,0.4747842880727658,רמלה,0.5887767650462963,
21,רמת גן,8600,86756,129802,87126,26617,0.3068029876896122,פה,0.42906542486974963,רמת גן,0.6712223232307669,
21,רעננה,8700,44167,64703,44309,13955,0.31595987954807886,פה,0.4353476577535264,רעננה,0.6848059595381976,
21,שפרעם,8800,13280,28453,13491,311,0.023418674698795182,ום,0.4231174698795181,שפרעם,0.47415035321407234,
21,טמרה,8900,12951,22245,13019,491,0.03791213033742568,ום,0.42907883561114973,טמרה,0.5852551135086537,
21,באר שבע,9000,98023,161391,98993,52120,0.5317119451557287,מחל,0.4301031390592004,באר שבע,0.6133737321164129,
21,נהריה,9100,31185,49909,31409,15111,0.4845598845598846,מחל,0.4152958152958153,נהריה,0.6293253721773628,
21,בית שאן,9200,9843,14180,9906,7566,0.7686680889972569,מחל,0.5499339632225947,בית שאן,0.6985895627644569,
21,זכרון יעקב,9300,12445,16729,12486,3680,0.2957010847730012,פה,0.45158698272398556,זכרון יעקב,0.7463685815051707,
21,יהוד-מונוסון,9400,17137,23080,17210,6748,0.39376787068915214,פה,0.3901499679057011,יהוד מונוסון,0.7456672443674177,
21,קרית ביאליק,9500,22011,34220,22168,8462,0.3844441415655808,פה,0.3489618826950161,קרית ביאליק,0.6478082992402104,
21,קרית ים,9600,20887,36506,21114,9686,0.4637334227031168,מחל,0.42006989993776034,קרית ים,0.5783706787925272,
21,הוד השרון,9700,34800,45512,34904,8127,0.23353448275862068,פה,0.5360632183908046,הוד השרון,0.7669186148708033,
21,בנימינה-גבעת עדה,9800,7625,10073,7652,1583,0.20760655737704917,פה,0.5079344262295082,בנימינה גבעת עדה,0.7596545219894768,
21,מעטפות חיצוניות,99999,238822,0,240783,99029,0.41465610370903855,מחל,0.29341099228714274,מעטפות חיצוניות,,
22,שחר,7,377,517,377,203,0.5384615384615384,מחל,0.3395225464190981,שחר,0.7292069632495164,
22,תירוש,10,245,332,245,212,0.8653061224489796,שס,0.42448979591836733,תירוש,0.7379518072289156,
22,ניר חן,11,287,406,287,75,0.2613240418118467,פה,0.32752613240418116,ניר חן,0.7068965517241379,
22,חצבה,13,373,502,373,45,0.12064343163538874,פה,0.579088471849866,חצבה,0.7430278884462151,
22,נועם,15,227,308,228,206,0.9074889867841409,מחל,0.6960352422907489,נועם,0.7402597402597403,
22,בית ניר,16,347,437,347,13,0.037463976945244955,פה,0.4409221902017291,בית ניר,0.7940503432494279,
22,שדה משה,18,303,397,305,84,0.27722772277227725,פה,0.49834983498349833,שדה משה,0.7682619647355163,
22,באר אורה,21,417,574,418,126,0.302158273381295,פה,0.4292565947242206,באר אורה,0.7282229965156795,
22,מקווה ישראל,22,95,150,95,32,0.3368421052631579,פה,0.47368421052631576,מקווה ישראל,0.6333333333333333,
22,אמציה,23,143,195,143,91,0.6363636363636364,טב,0.3986013986013986,אמציה,0.7333333333333333,
22,לכיש,24,463,562,465,42,0.09071274298056156,פה,0.5701943844492441,לכיש,0.8274021352313167,
22,ראש פינה,26,1727,2404,1730,564,0.3265778807180081,פה,0.38390272148233934,ראש פינה,0.7196339434276207,
22,שדות מיכה,27,186,268,187,142,0.7634408602150538,מחל,0.40860215053763443,שדות מיכה,0.6977611940298507,
22,מזכרת בתיה,28,7945,10432,7973,2886,0.3632473253618628,פה,0.43511642542479545,מזכרת בתיה,0.7642829754601227,
22,יסוד המעלה,29,867,1230,874,243,0.28027681660899656,פה,0.510957324106113,יסוד המעלה,0.7105691056910569,
22,אופקים,31,14102,21413,14236,10911,0.7737200397106794,מחל,0.34647567720890654,אופקים,0.6648297763041143,
22,עוצם,32,342,434,344,314,0.9181286549707602,שס,0.5584795321637427,עוצם,0.7926267281105991,
22,בת שלמה,33,338,435,338,70,0.20710059171597633,פה,0.47633136094674555,בת שלמה,0.7770114942528735,
22,גדות,35,241,371,242,13,0.05394190871369295,פה,0.5809128630705395,גדות,0.6522911051212938,
22,שדה דוד,36,313,415,314,209,0.6677316293929713,מחל,0.4536741214057508,שדה דוד,0.7566265060240964,
22,איתן,37,281,354,281,223,0.7935943060498221,מחל,0.5160142348754448,איתן,0.7937853107344632,
22,גפן,39,211,266,213,180,0.8530805687203792,מחל,0.5165876777251185,גפן,0.8007518796992481,
22,אליכין,41,1972,2595,1983,1394,0.7068965517241379,מחל,0.48377281947261663,אליכין,0.7641618497109827,
22,מטולה,43,833,1416,837,185,0.22208883553421369,פה,0.5198079231692677,מטולה,0.5911016949152542,
22,זוהר,44,199,265,199,159,0.7989949748743719,מחל,0.5979899497487438,זוהר,0.7509433962264151,
22,יבנאל,46,1782,2496,1787,1275,0.7154882154882155,שס,0.4158249158249158,יבנאל,0.7159455128205128,
22,כפר תבור,47,2432,3343,2435,714,0.2935855263157895,פה,0.49835526315789475,כפר תבור,0.728387675740353,
22,מנחמיה,48,591,932,593,326,0.5516074450084603,מחל,0.45516074450084604,מנחמיה,0.6362660944206009,
22,אילניה,49,310,460,310,124,0.4,פה,0.3903225806451613,אילניה,0.6739130434782609,
22,לוזית,52,339,451,340,218,0.6430678466076696,מחל,0.40412979351032446,לוזית,0.753880266075388,
22,עתלית,53,4039,5675,4063,1762,0.43624659569200297,פה,0.38400594206486754,עתלית,0.7159471365638767,
22,נוגה,55,278,407,279,139,0.5,מחל,0.39928057553956836,נוגה,0.6855036855036855,
22,כנרת (קבוצה),57,439,632,439,49,0.11161731207289294,פה,0.5649202733485194,כנרת קבוצה,0.694620253164557,
22,מצפה,58,94,136,94,20,0.2127659574468085,פה,0.5638297872340425,מצפה,0.6911764705882353,
22,נחושה,59,593,769,596,491,0.8279932546374368,טב,0.5733558178752108,נחושה,0.7750325097529259,
22,דגניה א',62,335,514,335,25,0.07462686567164178,פה,0.5313432835820896,דגניה א,0.6517509727626459,
22,כנרת (מושבה),63,361,522,363,125,0.3462603878116344,פה,0.4709141274238227,כנרת מושבה,0.6954022988505747,
22,יד רמבם,64,638,848,638,440,0.6896551724137931,מחל,0.5141065830721003,יד רמבם,0.7523584905660378,
22,מגדל,65,910,1390,914,679,0.7461538461538462,מחל,0.510989010989011,מגדל,0.6575539568345323,
22,מרחביה (קיבוץ),66,637,891,639,140,0.21978021978021978,פה,0.434850863422292,מרחביה קיבוץ,0.7171717171717171,
22,אור הנר,67,472,614,473,28,0.059322033898305086,פה,0.5805084745762712,אור הנר,0.7703583061889251,
22,ניר עוז,69,224,325,225,15,0.06696428571428571,פה,0.42857142857142855,ניר עוז,0.6923076923076923,
22,אשדוד,70,115992,178302,116800,69837,0.6020846265259673,מחל,0.3122715359679978,אשדוד,0.6550683671523595,
22,אשבול,71,313,408,313,179,0.5718849840255591,מחל,0.43450479233226835,אשבול,0.7671568627450981,
22,גן שמואל,72,684,875,684,11,0.01608187134502924,פה,0.4517543859649123,גן שמואל,0.7817142857142857,
22,עין הוד,74,357,496,358,26,0.07282913165266107,פה,0.4649859943977591,עין הוד,0.7217741935483871,
22,כפר גלעדי,76,355,567,355,27,0.07605633802816901,פה,0.6,כפר גלעדי,0.6261022927689595,
22,איילת השחר,77,566,814,567,54,0.09540636042402827,פה,0.5141342756183745,איילת השחר,0.6965601965601965,
22,קרית ענבים,78,209,306,209,20,0.09569377990430622,פה,0.4784688995215311,קרית ענבים,0.6830065359477124,
22,דגניה ב',79,402,556,404,41,0.10199004975124377,פה,0.5472636815920398,דגניה ב,0.7266187050359713,
22,נהלל,80,558,742,560,56,0.1003584229390681,פה,0.6379928315412187,נהלל,0.7547169811320755,
22,עין חרוד (מאוחד),82,497,674,497,40,0.08048289738430583,פה,0.5070422535211268,עין חרוד מאוחד,0.7373887240356083,
22,תל יוסף,84,272,372,275,20,0.07352941176470588,פה,0.5698529411764706,תל יוסף,0.739247311827957,
22,כפר יחזקאל,85,585,729,585,74,0.1264957264957265,פה,0.6102564102564103,כפר יחזקאל,0.8024691358024691,
22,גבע,86,380,522,380,14,0.03684210526315789,פה,0.4868421052631579,גבע,0.7279693486590039,
22,עין חרוד (איחוד),89,375,519,376,22,0.058666666666666666,פה,0.6293333333333333,עין חרוד איחוד,0.7244701348747592,
22,חפצי-בה,90,431,566,432,82,0.1902552204176334,פה,0.48491879350348027,חפצי בה,0.7632508833922261,
22,גיניגר,92,382,536,384,31,0.08115183246073299,פה,0.4895287958115183,גיניגר,0.7164179104477612,
22,בלפוריה,94,322,393,322,77,0.2391304347826087,פה,0.484472049689441,בלפוריה,0.8193384223918575,
22,בית אלפא,95,422,592,425,28,0.06635071090047394,פה,0.5260663507109005,בית אלפא,0.7179054054054054,
22,יגור,96,934,1343,936,56,0.059957173447537475,פה,0.5556745182012848,יגור,0.6969471332836932,
22,מרחביה (מושב),97,424,563,429,85,0.20047169811320756,פה,0.5400943396226415,מרחביה מושב,0.7619893428063943,
22,כפר מלל,98,232,285,232,35,0.15086206896551724,פה,0.4353448275862069,כפר מלל,0.8140350877192982,
22,מצפה רמון,99,2075,3673,2092,1041,0.5016867469879518,מחל,0.30987951807228914,מצפה רמון,0.5695616662129049,
22,מאיר שפיה,102,62,118,63,19,0.3064516129032258,פה,0.3870967741935484,מאיר שפיה,0.5338983050847458,
22,תל עדשים,103,657,846,658,157,0.2389649923896499,פה,0.54337899543379,תל עדשים,0.7777777777777778,
22,מזרע,104,487,683,488,22,0.045174537987679675,פה,0.5010266940451745,מזרע,0.7144948755490483,
22,כפר גדעון,106,140,182,140,119,0.85,ג,0.4357142857142857,כפר גדעון,0.7692307692307693,
22,כפר סילבר,107,35,97,35,7,0.2,פה,0.6571428571428571,כפר סילבר,0.36082474226804123,
22,כפר חסידים א',112,392,516,393,184,0.46938775510204084,פה,0.3877551020408163,כפר חסידים א,0.7616279069767442,
22,אדירים,113,191,230,191,167,0.8743455497382199,מחל,0.4397905759162304,אדירים,0.8304347826086956,
22,חופית,115,521,737,521,59,0.11324376199616124,פה,0.6218809980806143,חופית,0.7069199457259159,
22,רמת ישי,122,4190,5665,4199,1259,0.3004773269689737,פה,0.4911694510739857,רמת ישי,0.7412180052956752,
22,שריד,126,546,752,549,34,0.06227106227106227,פה,0.46703296703296704,שריד,0.7300531914893617,
22,רמת רחל,127,284,358,284,31,0.10915492957746478,פה,0.6161971830985915,רמת רחל,0.7932960893854749,
22,גת רימון,128,147,198,147,38,0.2585034013605442,פה,0.4489795918367347,גת רימון,0.7424242424242424,
22,משמר העמק,130,719,951,719,18,0.025034770514603615,פה,0.4047287899860918,משמר העמק,0.7560462670872765,
22,כפר ברוך,132,291,362,291,77,0.2646048109965636,פה,0.5326460481099656,כפר ברוך,0.8038674033149171,
22,גבת,133,559,681,560,19,0.03398926654740608,פה,0.5652951699463328,גבת,0.8223201174743024,
22,יפעת,134,625,826,636,71,0.1136,פה,0.5088,יפעת,0.7699757869249395,
22,רמת דוד,135,286,355,288,26,0.09090909090909091,פה,0.5804195804195804,רמת דוד,0.8112676056338028,
22,עין שמר,139,427,587,428,21,0.04918032786885246,פה,0.4426229508196721,עין שמר,0.7291311754684838,
22,כפר יהושע,140,654,828,654,49,0.07492354740061162,פה,0.6162079510703364,כפר יהושע,0.7898550724637681,
22,ברק,141,226,306,227,109,0.4823008849557522,מחל,0.40707964601769914,ברק,0.7418300653594772,
22,שדה יעקב,142,494,626,494,364,0.7368421052631579,טב,0.45546558704453444,שדה יעקב,0.7891373801916933,
22,בית זרע,143,375,609,375,21,0.056,פה,0.48,בית זרע,0.6157635467980296,
22,גן שלמה,144,318,398,319,14,0.0440251572327044,פה,0.5220125786163522,גן שלמה,0.8015075376884422,
22,גדיש,145,188,275,188,168,0.8936170212765957,מחל,0.7659574468085106,גדיש,0.6836363636363636,
22,דבורה,146,165,230,165,44,0.26666666666666666,פה,0.503030303030303,דבורה,0.717391304347826,
22,גבעת ברנר,147,1408,1875,1412,168,0.11931818181818182,פה,0.5220170454545454,גבעת ברנר,0.7530666666666667,
22,תל מונד,154,7050,9348,7078,2326,0.3299290780141844,פה,0.5038297872340426,תל מונד,0.7571673085151904,
22,באר טוביה,155,664,805,664,81,0.12198795180722892,פה,0.6219879518072289,באר טוביה,0.8248447204968944,
22,עיינות,156,53,136,53,16,0.3018867924528302,פה,0.32075471698113206,עיינות,0.3897058823529412,
22,עין ורד,157,877,1091,879,66,0.07525655644241733,פה,0.6157354618015963,עין ורד,0.8056828597616865,
22,נען,158,980,1295,981,66,0.0673469387755102,פה,0.5051020408163265,נען,0.7575289575289575,
22,בית חנן,159,404,522,404,56,0.13861386138613863,פה,0.5495049504950495,בית חנן,0.7739463601532567,
22,חולדה,160,522,643,523,84,0.16091954022988506,פה,0.524904214559387,חולדה,0.8133748055987559,
22,חירות,162,759,932,759,44,0.057971014492753624,פה,0.619235836627141,חירות,0.8143776824034334,
22,תימורים,163,476,636,476,62,0.13025210084033614,פה,0.6281512605042017,תימורים,0.7484276729559748,
22,מלאה,164,215,278,216,166,0.772093023255814,מחל,0.6,מלאה,0.7769784172661871,
22,ניר יפה,165,298,408,298,140,0.4697986577181208,מחל,0.38926174496644295,ניר יפה,0.7303921568627451,
22,גן יבנה,166,12132,16360,12192,6116,0.504121332014507,מחל,0.3803989449390043,גן יבנה,0.7452322738386308,
22,עין החורש,167,555,694,555,11,0.01981981981981982,פה,0.4882882882882883,עין החורש,0.7997118155619597,
22,כפר יונה,168,11568,15904,11619,5147,0.4449343015214384,פה,0.39349930843706776,כפר יונה,0.7305709255533199,
22,כפר יעבץ,170,369,465,369,291,0.7886178861788617,מחל,0.4959349593495935,כפר יעבץ,0.7935483870967742,
22,פרדסיה,171,3768,4991,3775,1199,0.3182059447983015,פה,0.5045116772823779,פרדסיה,0.7563614506110999,
22,גבעת חיים (מאוחד),173,671,893,672,42,0.06259314456035768,פה,0.45007451564828616,גבעת חיים מאוחד,0.7525195968645016,
22,נטעים,174,413,544,415,78,0.18886198547215496,פה,0.5520581113801453,נטעים,0.7628676470588235,
22,אביחיל,175,732,984,733,114,0.1557377049180328,פה,0.5901639344262295,אביחיל,0.7449186991869918,
22,אפיקים,176,712,1082,715,47,0.06601123595505617,פה,0.5294943820224719,אפיקים,0.6608133086876156,
22,כפר בילו,177,680,868,681,82,0.12058823529411765,פה,0.5588235294117647,כפר בילו,0.7845622119815668,
22,רמת יוחנן,178,561,828,562,42,0.0748663101604278,פה,0.5472370766488414,רמת יוחנן,0.678743961352657,
22,אבן יהודה,182,7500,9906,7512,2034,0.2712,פה,0.5274666666666666,אבן יהודה,0.758328285887341,
22,ירקונה,183,227,311,227,28,0.12334801762114538,פה,0.5814977973568282,ירקונה,0.729903536977492,
22,רמת הכובש,184,526,659,526,26,0.049429657794676805,פה,0.5475285171102662,רמת הכובש,0.7981790591805766,
22,נעורים,186,72,195,73,14,0.19444444444444445,פה,0.6111111111111112,נעורים,0.37435897435897436,
22,כפר הס,187,810,1051,810,57,0.07037037037037037,פה,0.6098765432098765,כפר הס,0.7706945765937203,
22,אשדות יעקב  (מאוחד),188,344,516,345,61,0.17732558139534885,פה,0.42441860465116277,אשדות יעקב מאוחד,0.6686046511627907,
22,כפר פינס,189,302,376,302,261,0.8642384105960265,טב,0.6887417218543046,כפר פינס,0.8031914893617021,
22,כפר ויתקין,190,1057,1402,1059,62,0.0586565752128666,פה,0.5903500473036897,כפר ויתקין,0.7553495007132668,
22,הדר עם,191,413,511,413,45,0.1089588377723971,פה,0.6004842615012107,הדר עם,0.8082191780821918,
22,כפר החורש,192,357,479,359,36,0.10084033613445378,פה,0.5042016806722689,כפר החורש,0.7494780793319415,
22,כפר חיים,193,331,422,331,30,0.09063444108761329,פה,0.6163141993957704,כפר חיים,0.7843601895734598,
22,משמר השרון,194,348,515,348,19,0.05459770114942529,פה,0.4281609195402299,משמר השרון,0.6757281553398058,
22,קדימה-צורן,195,11658,15422,11682,3584,0.3074283753645565,פה,0.4987991079087322,קדימה צורן,0.7574893009985735,
22,גיבתון,196,207,260,207,34,0.1642512077294686,פה,0.5314009661835749,גיבתון,0.7961538461538461,
22,מעברות,197,567,738,568,22,0.03880070546737213,פה,0.41798941798941797,מעברות,0.7696476964769647,
22,צופית,198,593,804,593,47,0.07925801011804384,פה,0.5834738617200674,צופית,0.7375621890547264,
22,אשדות יעקב  (איחוד),199,476,647,476,72,0.15126050420168066,פה,0.5378151260504201,אשדות יעקב איחוד,0.7357032457496137,
22,בית ינאי,200,193,303,193,14,0.07253886010362694,פה,0.6217616580310881,בית ינאי,0.636963696369637,
22,בית עובד,202,190,249,190,14,0.07368421052631578,פה,0.6421052631578947,בית עובד,0.7630522088353414,
22,אלישיב,204,352,467,353,224,0.6363636363636364,מחל,0.4630681818181818,אלישיב,0.7558886509635975,
22,חגלה,205,401,506,401,29,0.07231920199501247,פה,0.6034912718204489,חגלה,0.7924901185770751,
22,רמות השבים,206,875,1169,876,86,0.09828571428571428,פה,0.6262857142857143,רמות השבים,0.7493584260051326,
22,גבעת חן,207,249,303,251,16,0.0642570281124498,פה,0.5461847389558233,גבעת חן,0.8283828382838284,
22,מוצא עילית,208,642,906,642,110,0.17133956386292834,פה,0.4766355140186916,מוצא עילית,0.7086092715231788,
22,בית צבי,212,36,74,36,30,0.8333333333333334,ג,0.6111111111111112,בית צבי,0.4864864864864865,
22,משמרות,213,467,585,467,40,0.08565310492505353,פה,0.5867237687366167,משמרות,0.7982905982905983,
22,כפר הראה,217,581,729,581,447,0.7693631669535284,טב,0.5697074010327022,כפר הראה,0.7969821673525377,
22,גני עם,218,167,212,167,23,0.1377245508982036,פה,0.5149700598802395,גני עם,0.7877358490566038,
22,חיבת ציון,219,367,448,368,92,0.2506811989100817,פה,0.49318801089918257,חיבת ציון,0.8214285714285714,
22,כפר ביאליק,220,360,471,360,101,0.28055555555555556,פה,0.5583333333333333,כפר ביאליק,0.7643312101910829,
22,עין עירון,223,330,405,330,23,0.0696969696969697,פה,0.6151515151515151,עין עירון,0.8148148148148148,
22,שושנת העמקים,224,311,446,315,162,0.5209003215434084,מחל,0.36977491961414793,שושנת העמקים,0.7062780269058296,
22,גן השומרון,225,502,628,502,64,0.12749003984063745,פה,0.5537848605577689,גן השומרון,0.7993630573248408,
22,גני תקווה,229,11196,14410,11227,4053,0.3620042872454448,פה,0.4616827438370847,גני תקווה,0.7791117279666898,
22,מעש,230,535,687,539,131,0.24485981308411214,פה,0.5121495327102804,מעש,0.784570596797671,
22,שפיים,232,755,984,757,31,0.04105960264900662,פה,0.5470198675496689,שפיים,0.7693089430894309,
22,כפר ידידיה,233,394,484,395,35,0.08883248730964467,פה,0.6675126903553299,כפר ידידיה,0.8161157024793388,
22,ביצרון,234,695,883,695,89,0.12805755395683452,פה,0.5107913669064749,ביצרון,0.7870894677236693,
22,חבצלת השרון,235,214,344,216,56,0.2616822429906542,פה,0.46261682242990654,חבצלת השרון,0.627906976744186,
22,שער העמקים,237,436,552,436,7,0.016055045871559634,פה,0.44954128440366975,שער העמקים,0.7898550724637681,
22,גן חיים,239,433,542,433,47,0.10854503464203233,פה,0.6073903002309469,גן חיים,0.7988929889298892,
22,יקנעם עילית,240,12339,17875,12414,5397,0.437393629953805,מחל,0.34694869924629224,יקנעם עילית,0.6944895104895105,
22,יקנעם (מושבה),241,771,1018,772,86,0.11154345006485085,פה,0.5784695201037614,יקנעם מושבה,0.7583497053045186,
22,בית השיטה,242,765,1038,766,66,0.08627450980392157,פה,0.5686274509803921,בית השיטה,0.7379576107899807,
22,נתיבות,246,17297,23036,17413,14177,0.819621899751402,שס,0.3934208244204197,נתיבות,0.7559038027435319,
22,רשפון,247,679,874,683,69,0.101620029455081,פה,0.5228276877761414,רשפון,0.7814645308924485,
22,בית שערים,248,382,475,383,65,0.17015706806282724,פה,0.6151832460732984,בית שערים,0.8063157894736842,
22,כפר סירקין,249,804,971,807,106,0.1318407960199005,פה,0.6169154228855721,כפר סירקין,0.831101956745623,
22,הזורע,250,630,899,631,42,0.06666666666666667,פה,0.4634920634920635,הזורע,0.7018909899888766,
22,ביתן אהרן,252,75,193,75,13,0.17333333333333334,פה,0.52,ביתן אהרן,0.38860103626943004,
22,חולתה,253,332,446,332,28,0.08433734939759036,פה,0.46987951807228917,חולתה,0.7443946188340808,
22,כפר המכבי,254,212,307,212,17,0.08018867924528301,פה,0.5990566037735849,כפר המכבי,0.6905537459283387,
22,כפר חיטים,255,340,502,340,133,0.3911764705882353,פה,0.43529411764705883,כפר חיטים,0.6772908366533864,
22,ניר דוד (תל עמל),256,455,610,455,19,0.041758241758241756,פה,0.47692307692307695,ניר דוד תל עמל,0.7459016393442623,
22,נופך,257,322,390,322,188,0.5838509316770186,מחל,0.4503105590062112,נופך,0.8256410256410256,
22,שדה נחום,259,375,519,377,85,0.22666666666666666,פה,0.5013333333333333,שדה נחום,0.7263969171483622,
22,גינוסר,262,375,545,377,64,0.17066666666666666,פה,0.5573333333333333,גינוסר,0.691743119266055,
22,מסדה,263,175,272,176,22,0.12571428571428572,פה,0.6,מסדה,0.6470588235294118,
22,שער הגולן,264,363,493,363,18,0.049586776859504134,פה,0.5371900826446281,שער הגולן,0.7363083164300203,
22,בית יוסף,265,245,366,245,189,0.7714285714285715,מחל,0.6244897959183674,בית יוסף,0.6693989071038251,
22,כפר שמריהו,267,1178,1868,1186,206,0.17487266553480477,פה,0.6027164685908319,כפר שמריהו,0.6349036402569593,
22,טירת צבי,268,385,519,393,270,0.7012987012987013,טב,0.5454545454545454,טירת צבי,0.7572254335260116,
22,מולדת,269,573,792,576,63,0.1099476439790576,פה,0.6230366492146597,מולדת,0.7272727272727273,
22,עין השופט,270,525,880,527,30,0.05714285714285714,פה,0.4266666666666667,עין השופט,0.5988636363636364,
22,מעוז חיים,272,288,465,288,23,0.0798611111111111,פה,0.5381944444444444,מעוז חיים,0.6193548387096774,
22,עין גב,273,317,481,318,37,0.1167192429022082,פה,0.47318611987381703,עין גב,0.6611226611226612,
22,כפר מנחם,274,672,883,673,55,0.0818452380952381,פה,0.5104166666666666,כפר מנחם,0.7621744054360136,
22,צור משה,276,1431,1830,1433,196,0.13696715583508037,פה,0.6261355695317959,צור משה,0.7830601092896174,
22,אושה,278,261,373,261,21,0.08045977011494253,פה,0.6398467432950191,אושה,0.6997319034852547,
22,חניתה,280,465,728,465,45,0.0967741935483871,פה,0.5225806451612903,חניתה,0.6387362637362637,
22,פקיעין חדשה,281,259,325,259,206,0.7953667953667953,מחל,0.5019305019305019,פקיעין חדשה,0.796923076923077,
22,שבי ציון,282,614,878,615,161,0.26221498371335505,פה,0.5162866449511401,שבי ציון,0.7004555808656037,
22,שדה ורבורג,284,741,1000,742,78,0.10526315789473684,פה,0.6369770580296896,שדה ורבורג,0.742,
22,אלונים,285,396,508,397,30,0.07575757575757576,פה,0.5934343434343434,אלונים,0.781496062992126,
22,מעלה החמישה,286,403,557,404,28,0.06947890818858561,פה,0.5483870967741935,מעלה החמישה,0.725314183123878,
22,תל יצחק,287,530,652,534,73,0.13773584905660377,פה,0.6396226415094339,תל יצחק,0.8190184049079755,
22,בית יהושע,288,532,710,534,72,0.13533834586466165,פה,0.6052631578947368,בית יהושע,0.752112676056338,
22,עין המפרץ,289,522,703,522,12,0.022988505747126436,פה,0.446360153256705,עין המפרץ,0.7425320056899004,
22,מעין צבי,290,491,673,492,38,0.07739307535641547,פה,0.5621181262729125,מעין צבי,0.7310549777117384,
22,שרונה,292,346,446,346,38,0.10982658959537572,פה,0.6213872832369942,שרונה,0.7757847533632287,
22,שדה יואב,293,301,373,302,13,0.04318936877076412,פה,0.4950166112956811,שדה יואב,0.8096514745308311,
22,אילון,294,611,819,611,90,0.14729950900163666,פה,0.3960720130932897,אילון,0.746031746031746,
22,כפר רופין,295,252,383,252,21,0.08333333333333333,פה,0.5515873015873016,כפר רופין,0.6579634464751958,
22,נווה איתן,296,117,186,117,15,0.1282051282051282,פה,0.452991452991453,נווה איתן,0.6290322580645161,
22,כפר מסריק,297,389,594,389,20,0.05141388174807198,פה,0.4961439588688946,כפר מסריק,0.6548821548821548,
22,מסילות,298,286,436,287,11,0.038461538461538464,פה,0.506993006993007,מסילות,0.658256880733945,
22,דליה,300,475,651,475,14,0.029473684210526315,פה,0.49894736842105264,דליה,0.7296466973886329,
22,בית עוזיאל,301,336,466,337,177,0.5267857142857143,מחל,0.40773809523809523,בית עוזיאל,0.723175965665236,
22,דפנה,302,451,573,452,48,0.10643015521064302,פה,0.5454545454545454,דפנה,0.7888307155322862,
22,דן,303,407,528,409,16,0.03931203931203931,פה,0.49385749385749383,דן,0.7746212121212122,
22,שדה אליהו,304,355,615,356,273,0.7690140845070422,טב,0.5971830985915493,שדה אליהו,0.5788617886178862,
22,גשר,305,248,416,250,22,0.08870967741935484,פה,0.4637096774193548,גשר,0.6009615384615384,
22,שדמות דבורה,306,399,491,399,47,0.11779448621553884,פה,0.6516290726817042,שדמות דבורה,0.8126272912423625,
22,הזורעים,307,419,514,419,353,0.8424821002386634,טב,0.5417661097852029,הזורעים,0.8151750972762646,
22,מחניים,308,382,554,385,92,0.24083769633507854,פה,0.45287958115183247,מחניים,0.6949458483754513,
22,נהורה,309,715,950,718,484,0.676923076923077,מחל,0.46153846153846156,נהורה,0.7557894736842106,
22,כפר גליקסון,310,214,282,214,14,0.06542056074766354,פה,0.5046728971962616,כפר גליקסון,0.7588652482269503,
22,גן שורק,311,202,265,202,45,0.22277227722772278,פה,0.5643564356435643,גן שורק,0.7622641509433963,
22,נווה ים,312,162,209,162,58,0.35802469135802467,פה,0.3950617283950617,נווה ים,0.7751196172248804,
22,אפק,313,365,497,365,25,0.0684931506849315,פה,0.6164383561643836,אפק,0.7344064386317908,
22,נגבה,315,481,701,482,34,0.07068607068607069,פה,0.5114345114345115,נגבה,0.6875891583452212,
22,כפר נטר,316,577,738,577,86,0.14904679376083188,פה,0.6273830155979203,כפר נטר,0.7818428184281843,
22,בית אורן,317,205,307,205,25,0.12195121951219512,פה,0.5170731707317073,בית אורן,0.6677524429967426,
22,עמיעוז,318,138,209,138,61,0.4420289855072464,מחל,0.32608695652173914,עמיעוז,0.6602870813397129,
22,עמיר,319,357,496,357,20,0.056022408963585436,פה,0.45098039215686275,עמיר,0.719758064516129,
22,כפר ורבורג,320,652,819,652,111,0.17024539877300612,פה,0.5966257668711656,כפר ורבורג,0.796092796092796,
22,בית הלל,322,403,569,403,29,0.07196029776674938,פה,0.6575682382133995,בית הלל,0.7082601054481547,
22,שאר ישוב,324,298,423,298,77,0.25838926174496646,פה,0.5067114093959731,שאר ישוב,0.7044917257683215,
22,מצובה,325,580,834,580,114,0.19655172413793104,פה,0.5379310344827586,מצובה,0.6954436450839329,
22,בית יצחק-שער חפר,326,1236,1615,1240,136,0.11003236245954692,פה,0.6464401294498382,בית יצחק שער חפר,0.7678018575851393,
22,שדות ים,327,574,698,577,62,0.10801393728222997,פה,0.5905923344947736,שדות ים,0.826647564469914,
22,שדה נחמיה,329,575,745,576,118,0.20521739130434782,פה,0.4782608695652174,שדה נחמיה,0.7731543624161074,
22,אלומות,330,208,303,208,31,0.14903846153846154,פה,0.4519230769230769,אלומות,0.6864686468646864,
22,ניר צבי,331,713,915,713,93,0.13043478260869565,פה,0.5708274894810659,ניר צבי,0.7792349726775957,
22,קבוצת יבנה,334,436,599,437,238,0.5458715596330275,טב,0.3876146788990826,קבוצת יבנה,0.7295492487479132,
22,רמת השופט,335,509,721,511,31,0.060903732809430254,פה,0.4931237721021611,רמת השופט,0.7087378640776699,
22,דורות,336,404,551,404,33,0.08168316831683169,פה,0.5024752475247525,דורות,0.7332123411978222,
22,איבים,338,24,107,24,16,0.6666666666666666,מחל,0.5416666666666666,איבים,0.22429906542056074,
22,רמת צבי,339,373,446,373,47,0.1260053619302949,פה,0.546916890080429,רמת צבי,0.8363228699551569,
22,גת (קיבוץ),340,399,557,400,30,0.07518796992481203,פה,0.5213032581453634,גת קיבוץ,0.718132854578097,
22,גברעם,342,234,318,234,34,0.1452991452991453,פה,0.5299145299145299,גברעם,0.7358490566037735,
22,חמדיה,343,220,300,220,42,0.19090909090909092,פה,0.5272727272727272,חמדיה,0.7333333333333333,
22,מענית,344,443,548,444,27,0.060948081264108354,פה,0.45598194130925507,מענית,0.8102189781021898,
22,כפר סאלד,345,350,488,353,18,0.05142857142857143,פה,0.5885714285714285,כפר סאלד,0.7233606557377049,
22,גליל ים,346,262,348,264,22,0.08396946564885496,פה,0.5190839694656488,גליל ים,0.7586206896551724,
22,מנרה,347,151,212,151,4,0.026490066225165563,פה,0.4966887417218543,מנרה,0.7122641509433962,
22,ניר עם,348,260,386,260,32,0.12307692307692308,פה,0.43846153846153846,ניר עם,0.6735751295336787,
22,ניצן,351,1086,1393,1088,880,0.8103130755064457,טב,0.44843462246777166,ניצן,0.7810480976310122,
22,גבולות,352,187,300,188,16,0.0855614973262032,מרצ,0.2994652406417112,גבולות,0.6266666666666667,
22,בית זיד,353,69,114,74,3,0.043478260869565216,פה,0.5797101449275363,בית זיד,0.6491228070175439,
22,רביבים,354,434,700,437,22,0.05069124423963134,פה,0.4147465437788018,רביבים,0.6242857142857143,
22,חורשים,355,198,294,198,37,0.18686868686868688,פה,0.3939393939393939,חורשים,0.673469387755102,
22,הגושרים,356,449,636,451,62,0.13808463251670378,פה,0.5412026726057907,הגושרים,0.7091194968553459,
22,כפר בלום,357,490,724,492,91,0.18571428571428572,פה,0.49795918367346936,כפר בלום,0.6795580110497238,
22,יד מרדכי,358,531,694,535,70,0.1318267419962335,פה,0.4519774011299435,יד מרדכי,0.770893371757925,
22,ניצנים,359,254,347,254,10,0.03937007874015748,פה,0.547244094488189,ניצנים,0.7319884726224783,
22,גבעת נילי,360,329,431,329,132,0.4012158054711246,מחל,0.3617021276595745,גבעת נילי,0.7633410672853829,
22,רוחמה,362,347,502,347,18,0.05187319884726225,פה,0.5043227665706052,רוחמה,0.6912350597609562,
22,חפץ חיים,363,284,335,284,250,0.8802816901408451,טב,0.6443661971830986,חפץ חיים,0.8477611940298507,
22,כפר אוריה,364,424,541,424,95,0.2240566037735849,פה,0.330188679245283,כפר אוריה,0.7837338262476895,
22,בית קשת,365,353,480,353,23,0.06515580736543909,פה,0.3881019830028329,בית קשת,0.7354166666666667,
22,שמיר,366,498,678,498,30,0.060240963855421686,פה,0.5401606425702812,שמיר,0.7345132743362832,
22,עין העמק,367,467,585,467,335,0.7173447537473233,מחל,0.6274089935760171,עין העמק,0.7982905982905983,
22,ביריה,368,434,592,434,332,0.7649769585253456,מחל,0.5483870967741935,ביריה,0.7331081081081081,
22,גלעד (אבן יצחק),369,274,370,274,9,0.032846715328467155,פה,0.6021897810218978,גלעד אבן יצחק,0.7405405405405405,
22,גזר,370,204,385,205,15,0.07352941176470588,פה,0.5196078431372549,גזר,0.5324675324675324,
22,רמות נפתלי,372,314,439,317,98,0.31210191082802546,פה,0.43312101910828027,רמות נפתלי,0.7220956719817767,
22,בית הלוי,373,427,533,428,50,0.117096018735363,פה,0.5081967213114754,בית הלוי,0.8030018761726079,
22,חוקוק,374,307,457,307,23,0.0749185667752443,פה,0.3745928338762215,חוקוק,0.6717724288840262,
22,מגל,375,642,800,642,29,0.045171339563862926,פה,0.6043613707165109,מגל,0.8025,
22,עברון,376,524,668,525,26,0.04961832061068702,פה,0.43702290076335876,עברון,0.7859281437125748,
22,המעפיל,377,472,630,473,35,0.07415254237288135,פה,0.5148305084745762,המעפיל,0.7507936507936508,
22,משגב עם,378,170,252,172,10,0.058823529411764705,פה,0.5294117647058824,משגב עם,0.6825396825396826,
22,גאולים,379,524,689,526,201,0.383587786259542,פה,0.3282442748091603,גאולים,0.7634252539912917,
22,להבות הבשן,380,468,678,470,43,0.09188034188034189,פה,0.44017094017094016,להבות הבשן,0.6932153392330384,
22,מכמורת,382,709,1055,711,58,0.08180535966149506,פה,0.6488011283497884,מכמורת,0.6739336492890995,
22,עין הנציב,383,311,424,312,225,0.7234726688102894,טב,0.5884244372990354,עין הנציב,0.7358490566037735,
22,עמיעד,385,275,432,276,16,0.05818181818181818,פה,0.5563636363636364,עמיעד,0.6388888888888888,
22,בני דרור,386,788,986,789,143,0.1814720812182741,פה,0.5850253807106599,בני דרור,0.8002028397565923,
22,כפר מונש,387,495,628,495,49,0.09898989898989899,פה,0.6484848484848484,כפר מונש,0.7882165605095541,
22,כפר קיש,388,315,439,316,69,0.21904761904761905,פה,0.5301587301587302,כפר קיש,0.7198177676537585,
22,בצרה,389,600,777,600,81,0.135,פה,0.6066666666666667,בצרה,0.7722007722007722,
22,רגבה,390,580,809,580,101,0.17413793103448275,פה,0.5913793103448276,רגבה,0.7169344870210136,
22,גלאון,393,318,456,318,12,0.03773584905660377,פה,0.5251572327044025,גלאון,0.6973684210526315,
22,שובל,394,486,618,488,25,0.051440329218107,פה,0.5020576131687243,שובל,0.7896440129449838,
22,משמר הנגב,395,523,777,526,63,0.12045889101338432,פה,0.47036328871892924,משמר הנגב,0.676962676962677,
22,נבטים,396,564,739,564,187,0.33156028368794327,פה,0.3333333333333333,נבטים,0.7631935047361299,
22,חצרים,397,589,816,590,18,0.030560271646859084,פה,0.6247877758913413,חצרים,0.7230392156862745,
22,שרשרת,398,190,245,190,152,0.8,מחל,0.5105263157894737,שרשרת,0.7755102040816326,
22,בארי,399,648,852,649,27,0.041666666666666664,פה,0.38117283950617287,בארי,0.7617370892018779,
22,אבן שמואל,400,773,900,777,664,0.8589909443725744,טב,0.4191461836998706,אבן שמואל,0.8633333333333333,
22,ניר יצחק,402,382,574,384,9,0.02356020942408377,מרצ,0.42408376963350786,ניר יצחק,0.6689895470383276,
22,אורים,403,241,442,243,14,0.058091286307053944,פה,0.5228215767634855,אורים,0.5497737556561086,
22,נווה אילן,405,479,690,480,110,0.22964509394572025,פה,0.4697286012526096,נווה אילן,0.6956521739130435,
22,חצור-אשדוד,406,451,665,451,13,0.028824833702882482,פה,0.5077605321507761,חצור אשדוד,0.6781954887218045,
22,דברת,407,216,313,217,22,0.10185185185185185,פה,0.6666666666666666,דברת,0.6932907348242812,
22,נאות מרדכי,408,348,509,349,38,0.10919540229885058,פה,0.5431034482758621,נאות מרדכי,0.6856581532416502,
22,יחיעם,409,365,553,370,50,0.136986301369863,פה,0.46301369863013697,יחיעם,0.6690777576853526,
22,צאלים,413,277,399,277,30,0.10830324909747292,פה,0.37906137184115524,צאלים,0.6942355889724311,
22,קלחים,414,286,357,286,107,0.3741258741258741,מחל,0.26223776223776224,קלחים,0.8011204481792717,
22,שוקדה,415,215,267,216,200,0.9302325581395349,טב,0.4790697674418605,שוקדה,0.8089887640449438,
22,מעין ברוך,416,339,483,339,44,0.12979351032448377,פה,0.5132743362831859,מעין ברוך,0.7018633540372671,
22,יקום,417,418,541,420,12,0.028708133971291867,פה,0.5023923444976076,יקום,0.7763401109057301,
22,בני ציון,418,629,833,631,72,0.11446740858505565,פה,0.575516693163752,בני ציון,0.7575030012004802,
22,סעד,419,457,626,461,286,0.6258205689277899,טב,0.4682713347921225,סעד,0.7364217252396166,
22,משאבי שדה,421,310,468,312,20,0.06451612903225806,פה,0.4483870967741935,משאבי שדה,0.6666666666666666,
22,חרב לאת,422,408,536,408,99,0.2426470588235294,פה,0.5245098039215687,חרב לאת,0.7611940298507462,
22,העוגן,423,461,614,462,14,0.03036876355748373,פה,0.5227765726681128,העוגן,0.752442996742671,
22,גבים,424,351,455,351,25,0.07122507122507123,פה,0.45014245014245013,גבים,0.7714285714285715,
22,משמרת,425,495,652,495,43,0.08686868686868687,פה,0.6424242424242425,משמרת,0.75920245398773,
22,עין כרמל,426,403,523,405,26,0.06451612903225806,פה,0.533498759305211,עין כרמל,0.7743785850860421,
22,כפר גלים,427,59,98,59,18,0.3050847457627119,פה,0.3898305084745763,כפר גלים,0.6020408163265306,
22,ברור חיל,428,528,744,530,62,0.11742424242424243,פה,0.4602272727272727,ברור חיל,0.7123655913978495,
22,אלוני אבא,429,525,678,526,48,0.09142857142857143,פה,0.6095238095238096,אלוני אבא,0.775811209439528,
22,בית לחם הגלילית,430,462,630,464,66,0.14285714285714285,פה,0.5346320346320347,בית לחם הגלילית,0.7365079365079366,
22,דלתון,431,455,627,458,403,0.8857142857142857,מחל,0.5956043956043956,דלתון,0.7304625199362041,
22,שמרת,432,313,430,313,39,0.12460063897763578,פה,0.4249201277955272,שמרת,0.727906976744186,
22,נחשולים,433,416,535,417,20,0.04807692307692308,פה,0.5913461538461539,נחשולים,0.7794392523364486,
22,החותרים,434,444,588,444,24,0.05405405405405406,פה,0.5720720720720721,החותרים,0.7551020408163265,
22,נצר סרני,435,483,590,484,14,0.028985507246376812,פה,0.6128364389233955,נצר סרני,0.8203389830508474,
22,עין דור,436,575,904,577,39,0.06782608695652174,פה,0.5182608695652174,עין דור,0.6382743362831859,
22,רשפים,437,499,609,499,84,0.1683366733466934,פה,0.4168336673346693,רשפים,0.819376026272578,
22,שלוחות,439,256,356,257,186,0.7265625,טב,0.50390625,שלוחות,0.7219101123595506,
22,יסודות,440,295,319,295,288,0.976271186440678,ג,0.9254237288135593,יסודות,0.9247648902821317,
22,גדעונה,442,199,291,201,121,0.6080402010050251,מחל,0.46733668341708545,גדעונה,0.6907216494845361,
22,כפר הנשיא,443,401,709,403,29,0.07231920199501247,פה,0.5860349127182045,כפר הנשיא,0.5684062059238364,
22,רגבים,444,288,415,288,25,0.08680555555555555,פה,0.5451388888888888,רגבים,0.6939759036144578,
22,רמות מנשה,445,627,829,629,26,0.04146730462519936,פה,0.47208931419457734,רמות מנשה,0.758745476477684,
22,אודים,446,617,798,617,96,0.15559157212317667,פה,0.5948136142625607,אודים,0.7731829573934837,
22,נורדיה,447,1164,1548,1169,274,0.23539518900343642,פה,0.584192439862543,נורדיה,0.7551679586563308,
22,בני עטרות,448,495,601,495,64,0.1292929292929293,פה,0.509090909090909,בני עטרות,0.8236272878535774,
22,נחלים,449,740,901,740,601,0.8121621621621622,טב,0.6054054054054054,נחלים,0.8213096559378469,
22,בארות יצחק,450,274,403,274,184,0.6715328467153284,טב,0.4781021897810219,בארות יצחק,0.6799007444168734,
22,יזרעאל,452,342,566,343,11,0.03216374269005848,פה,0.5847953216374269,יזרעאל,0.6060070671378092,
22,יפתח,453,370,537,372,24,0.06486486486486487,פה,0.6135135135135135,יפתח,0.6927374301675978,
22,סער,454,423,615,426,88,0.20803782505910165,פה,0.4799054373522459,סער,0.6926829268292682,
22,שורש,456,856,1093,859,256,0.29906542056074764,פה,0.4088785046728972,שורש,0.7859103385178408,
22,גזית,457,455,631,456,15,0.03296703296703297,פה,0.45714285714285713,גזית,0.722662440570523,
22,רמת רזיאל,460,343,466,344,76,0.22157434402332363,פה,0.3294460641399417,רמת רזיאל,0.7381974248927039,
22,טל שחר,462,615,767,619,76,0.12357723577235773,פה,0.5073170731707317,טל שחר,0.8070404172099087,
22,געתון,463,393,552,395,23,0.058524173027989825,פה,0.48091603053435117,געתון,0.7155797101449275,
22,הראל,464,120,220,120,5,0.041666666666666664,פה,0.4666666666666667,הראל,0.5454545454545454,
22,צובה,465,402,623,403,22,0.05472636815920398,אמת,0.373134328358209,צובה,0.6468699839486356,
22,בית דגן,466,3840,5074,3847,2312,0.6020833333333333,מחל,0.4671875,בית דגן,0.7581789515175404,
22,קרית עקרון,469,5734,8188,5785,3899,0.6799790722009069,מחל,0.50488315312173,קרית עקרון,0.7065217391304348,
22,אבו גוש,472,2406,4760,2459,174,0.07231920199501247,ודעם,0.7198669991687449,אבו גוש,0.5165966386554622,
22,אבו סנאן,473,5617,9327,5667,461,0.08207228057682037,ודעם,0.6692184440092576,אבו סנאן,0.6075908652299775,
22,דחי,475,266,500,269,3,0.011278195488721804,ודעם,0.8909774436090225,דחי,0.538,
22,אכסאל,478,5737,9493,5778,49,0.008541049328917553,ודעם,0.953634303643019,אכסאל,0.6086590119035078,
22,בית ג'ן,480,4499,8658,4546,248,0.05512336074683263,אמת,0.4074238719715492,בית ג ן,0.525063525063525,
22,מגאר,481,8271,15865,8370,986,0.11921170354249788,ודעם,0.45786482892032404,מגאר,0.5275764260951781,
22,בועיינה-נוג'ידאת,482,3926,6450,3954,61,0.01553744268976057,ודעם,0.8545593479368314,בועיינה נוג ידאת,0.6130232558139534,
22,בענה,483,4158,5586,4183,56,0.013468013468013467,ודעם,0.9518999518999519,בענה,0.7488363766559255,
22,ג'ולס,485,2850,4660,2880,297,0.10421052631578948,פה,0.6452631578947369,ג ולס,0.6180257510729614,
22,ג'ש (גוש חלב),487,1454,2447,1472,20,0.013755158184319119,ודעם,0.6272352132049519,ג ש גוש חלב,0.601552921945239,
22,דבוריה,489,4466,6965,4489,58,0.012987012987012988,ודעם,0.9523063143752799,דבוריה,0.644508255563532,
22,דייר אל-אסד,490,6213,8152,6242,511,0.08224690165781426,ודעם,0.8018670529534846,דייר אל אסד,0.7657016683022572,
22,דייר חנא,492,5530,7270,5546,145,0.026220614828209764,ודעם,0.9343580470162749,דייר חנא,0.7628610729023384,
22,דאלית אל-כרמל,494,7416,12579,7463,384,0.05177993527508091,פה,0.7578209277238404,דאלית אל כרמל,0.5932904046426584,
22,חורפיש,496,2518,4539,2530,277,0.11000794281175535,פה,0.49682287529785546,חורפיש,0.5573914959242123,
22,טייבה (בעמק),497,638,1221,641,15,0.023510971786833857,ודעם,0.8652037617554859,טייבה בעמק,0.5249795249795249,
22,טורעאן,498,5891,9369,5926,44,0.007469020539806484,ודעם,0.9409268375488032,טורעאן,0.632511474010033,
22,יפיע,499,7935,13009,8025,165,0.020793950850661626,ודעם,0.909892879647133,יפיע,0.6168806211084634,
22,ירכא,502,4273,8534,4382,1541,0.3606365551135034,פה,0.39246431078867305,ירכא,0.5134755097258027,
22,כאבול,504,5929,7964,5970,223,0.03761173891044021,ודעם,0.9284870973182662,כאבול,0.7496233048719236,
22,כאוכב אבו אל-היג'א,505,2043,2607,2054,6,0.002936857562408223,ודעם,0.9769946157611356,כאוכב אבו אל היג א,0.7878787878787878,
22,כפר יאסיף,507,5238,7860,5275,130,0.024818633066055747,ודעם,0.8594883543337152,כפר יאסיף,0.6711195928753181,
22,כפר כמא,508,1122,2576,1135,24,0.0213903743315508,פה,0.6951871657754011,כפר כמא,0.4406055900621118,
22,כפר כנא,509,9013,14493,9113,161,0.01786308665261289,ודעם,0.87162986796849,כפר כנא,0.6287863106327193,
22,כפר מנדא,510,8604,12450,8674,1038,0.1206415620641562,ודעם,0.8135750813575081,כפר מנדא,0.6967068273092369,
22,עילוט,511,2528,5176,2554,69,0.027294303797468354,ודעם,0.9236550632911392,עילוט,0.49343122102009274,
22,כפר מצר,512,1143,1780,1159,61,0.05336832895888014,ודעם,0.800524934383202,כפר מצר,0.6511235955056179,
22,עין ראפה,514,341,645,349,5,0.01466275659824047,ודעם,0.6451612903225806,עין ראפה,0.5410852713178295,
22,מג'ד אל-כרום,516,7220,10235,7246,60,0.008310249307479225,ודעם,0.9638504155124654,מג ד אל כרום,0.707962872496336,
22,מזרעה,517,1996,2875,2008,18,0.009018036072144289,ודעם,0.9268537074148296,מזרעה,0.6984347826086956,
22,מעיליא,518,1710,2524,1717,8,0.004678362573099415,ודעם,0.7538011695906432,מעיליא,0.68026941362916,
22,משהד,520,3246,5538,3265,14,0.004313000616142945,ודעם,0.9414664202094886,משהד,0.5895630191404839,
22,עין נקובא,521,893,1637,918,36,0.040313549832026875,ודעם,0.761478163493841,עין נקובא,0.5607819181429444,
22,נחף,522,5346,8340,5362,82,0.01533857089412645,ודעם,0.93228582117471,נחף,0.6429256594724221,
22,ניין,523,792,1330,798,15,0.01893939393939394,ודעם,0.5909090909090909,ניין,0.6,
22,נאעורה,524,868,1451,883,6,0.0069124423963133645,ודעם,0.8663594470046083,נאעורה,0.6085458304617505,
22,סאג'ור,525,1240,2986,1249,371,0.2991935483870968,אמת,0.29596774193548386,סאג ור,0.41828533154722036,
22,סולם,526,1215,1980,1217,5,0.00411522633744856,ודעם,0.8148148148148148,סולם,0.6146464646464647,
22,שזור,527,193,279,193,138,0.7150259067357513,מחל,0.6010362694300518,שזור,0.6917562724014337,
22,עוזייר,528,1118,1982,1124,34,0.03041144901610018,ודעם,0.9051878354203936,עוזייר,0.5671039354187689,
22,אעבלין,529,5629,9024,5672,79,0.014034464380884704,ודעם,0.8383371824480369,אעבלין,0.6285460992907801,
22,עיילבון,530,2862,4133,2880,100,0.03494060097833683,ודעם,0.6596785464709993,עיילבון,0.6968303895475442,
22,עראבה,531,10360,16484,10863,45,0.004343629343629344,ודעם,0.9754826254826254,עראבה,0.6590026692550351,
22,עין מאהל,532,5294,8903,5327,68,0.012844729882886286,ודעם,0.9476766150358897,עין מאהל,0.5983376389980906,
22,עספיא,534,5149,9083,5187,191,0.03709458147213051,פה,0.5505923480287435,עספיא,0.5710668281404823,
22,פסוטה,535,1509,2602,1516,22,0.0145791915175613,ודעם,0.6209410205434063,פסוטה,0.5826287471176018,
22,פקיעין (בוקייעה),536,2814,4369,2840,280,0.09950248756218906,ודעם,0.2515991471215352,פקיעין בוקייעה,0.6500343327992676,
22,פוריידיס,537,4734,8600,4798,210,0.044359949302915085,ודעם,0.7991128010139417,פוריידיס,0.5579069767441861,
22,שעב,538,3385,4802,3403,133,0.03929098966026588,ודעם,0.8685376661742984,שעב,0.7086630570595586,
22,רומאנה,539,571,726,576,1,0.0017513134851138354,ודעם,0.9299474605954466,רומאנה,0.7933884297520661,
22,ריחאניה,540,524,913,534,23,0.04389312977099236,פה,0.5610687022900763,ריחאניה,0.5848849945235487,
22,ג'סר א-זרקא,541,3657,8814,3703,65,0.017774131802023516,ודעם,0.9048400328137818,ג סר א זרקא,0.42012707056954846,
22,ריינה,542,6506,11365,6565,124,0.019059329849369814,ודעם,0.9280664002459268,ריינה,0.5776506819181698,
22,ראמה,543,3845,6355,3893,235,0.0611183355006502,ודעם,0.528998699609883,ראמה,0.612588512981904,
22,עין אל-אסד,546,347,630,348,24,0.069164265129683,פה,0.45244956772334294,עין אל אסד,0.5523809523809524,
22,טמרה (יזרעאל),547,561,1029,564,2,0.0035650623885918,ודעם,0.946524064171123,טמרה יזרעאל,0.5481049562682215,
22,גנות הדר,549,544,710,545,143,0.26286764705882354,פה,0.5808823529411765,גנות הדר,0.7676056338028169,
22,ניר בנים,553,467,610,470,51,0.10920770877944326,פה,0.6488222698072805,ניר בנים,0.7704918032786885,
22,שדמה,555,291,382,293,23,0.07903780068728522,פה,0.6254295532646048,שדמה,0.7670157068062827,
22,בוסתן הגליל,559,556,707,558,204,0.3669064748201439,פה,0.4262589928057554,בוסתן הגליל,0.7892503536067893,
22,בית אלעזרי,562,809,1041,811,202,0.24969097651421507,פה,0.4215080346106304,בית אלעזרי,0.7790585975024016,
22,משמר דוד,563,427,510,428,67,0.15690866510538642,פה,0.5292740046838408,משמר דוד,0.8392156862745098,
22,רבדים,564,414,569,414,18,0.043478260869565216,פה,0.4396135265700483,רבדים,0.7275922671353251,
22,אזור,565,6568,9701,6599,3438,0.5234470158343484,מחל,0.36084043848964675,אזור,0.6802391506030306,
22,צרעה,567,541,830,543,21,0.038817005545286505,פה,0.4676524953789279,צרעה,0.6542168674698795,
22,מעונה,570,478,656,485,223,0.4665271966527197,מחל,0.39330543933054396,מעונה,0.739329268292683,
22,בית גמליאל,571,594,770,596,487,0.8198653198653199,טב,0.5033670033670034,בית גמליאל,0.7740259740259741,
22,בית העמק,572,351,494,352,16,0.045584045584045586,פה,0.5071225071225072,בית העמק,0.7125506072874493,
22,מבקיעים,573,274,372,274,146,0.5328467153284672,מחל,0.38321167883211676,מבקיעים,0.7365591397849462,
22,גשר הזיו,574,822,1185,824,212,0.25790754257907544,פה,0.4708029197080292,גשר הזיו,0.6953586497890295,
22,יסעור,575,395,537,397,42,0.10632911392405063,פה,0.5620253164556962,יסעור,0.7392923649906891,
22,כברי,576,610,848,613,35,0.05737704918032787,פה,0.5754098360655737,כברי,0.722877358490566,
22,יד בנימין,577,1723,2121,1728,1454,0.8438769587928032,טב,0.4660475914103308,יד בנימין,0.8147100424328148,
22,סאסא,578,300,421,302,13,0.043333333333333335,פה,0.4,סאסא,0.7173396674584323,
22,כפר ראש הנקרה,579,735,1004,737,171,0.23265306122448978,פה,0.46802721088435373,כפר ראש הנקרה,0.7340637450199203,
22,כרם מהרל,580,504,650,504,72,0.14285714285714285,פה,0.5476190476190477,כרם מהרל,0.7753846153846153,
22,כפר הנגיד,582,583,770,584,123,0.2109777015437393,פה,0.5454545454545454,כפר הנגיד,0.7584415584415585,
22,זיקים,584,478,718,478,78,0.16317991631799164,פה,0.42677824267782427,זיקים,0.6657381615598886,
22,לביא,585,387,504,388,294,0.7596899224806202,טב,0.5607235142118863,לביא,0.7698412698412699,
22,מגידו,586,465,629,466,50,0.10752688172043011,פה,0.5763440860215053,מגידו,0.7408585055643879,
22,סביון,587,2528,3816,2537,575,0.2274525316455696,פה,0.5747626582278481,סביון,0.664832285115304,
22,בני ראם,588,716,897,716,584,0.8156424581005587,טב,0.33379888268156427,בני ראם,0.798216276477146,
22,בצת,589,226,293,226,54,0.23893805309734514,פה,0.504424778761062,בצת,0.7713310580204779,
22,נווה אור,590,233,340,234,27,0.11587982832618025,פה,0.4892703862660944,נווה אור,0.6882352941176471,
22,עשרת,591,686,891,686,106,0.15451895043731778,פה,0.619533527696793,עשרת,0.7699214365881033,
22,בני דרום,592,393,468,394,313,0.7964376590330788,טב,0.5826972010178118,בני דרום,0.8418803418803419,
22,ערוגות,593,526,677,531,125,0.2376425855513308,פה,0.47338403041825095,ערוגות,0.7843426883308715,
22,צפריה,594,415,514,415,326,0.7855421686746988,טב,0.5132530120481927,צפריה,0.8073929961089494,
22,לוחמי הגיטאות,595,415,537,416,42,0.10120481927710843,פה,0.5590361445783133,לוחמי הגיטאות,0.7746741154562383,
22,מלכיה,596,257,407,260,24,0.0933852140077821,פה,0.4980544747081712,מלכיה,0.6388206388206388,
22,פלמחים,597,422,588,423,39,0.0924170616113744,פה,0.44786729857819907,פלמחים,0.7193877551020408,
22,בית קמה,598,553,670,554,73,0.13200723327305605,פה,0.4719710669077758,בית קמה,0.826865671641791,
22,פרוד,599,302,438,306,38,0.12582781456953643,פה,0.5496688741721855,פרוד,0.6986301369863014,
22,נירים,602,274,378,277,16,0.058394160583941604,פה,0.40875912408759124,נירים,0.7328042328042328,
22,אלקוש,603,170,258,170,101,0.5941176470588235,מחל,0.4411764705882353,אלקוש,0.6589147286821705,
22,בית עריף,604,576,730,581,386,0.6701388888888888,מחל,0.5034722222222222,בית עריף,0.7958904109589041,
22,כפר שמאי,605,242,334,244,185,0.7644628099173554,מחל,0.41735537190082644,כפר שמאי,0.7305389221556886,
22,מזור,606,608,794,610,64,0.10526315789473684,פה,0.5723684210526315,מזור,0.7682619647355163,
22,מירון,607,261,443,261,219,0.8390804597701149,טב,0.30268199233716475,מירון,0.5891647855530474,
22,כפר חושן,609,406,579,408,308,0.7586206896551724,מחל,0.4729064039408867,כפר חושן,0.7046632124352331,
22,סתריה,610,622,808,622,100,0.1607717041800643,פה,0.590032154340836,סתריה,0.7698019801980198,
22,צרופה,612,533,702,534,257,0.4821763602251407,מחל,0.34146341463414637,צרופה,0.7606837606837606,
22,ציפורי,613,471,655,472,76,0.1613588110403397,פה,0.5774946921443737,ציפורי,0.7206106870229008,
22,שומרה,614,201,301,201,125,0.6218905472636815,מחל,0.5522388059701493,שומרה,0.6677740863787376,
22,קדרון,615,897,1155,899,78,0.08695652173913043,פה,0.6298773690078038,קדרון,0.7783549783549784,
22,רינתיה,616,542,703,543,196,0.36162361623616235,פה,0.4077490774907749,רינתיה,0.7724039829302988,
22,ברקאי,617,334,513,336,11,0.03293413173652695,מרצ,0.4041916167664671,ברקאי,0.6549707602339181,
22,חדיד,618,483,604,483,317,0.6563146997929606,מחל,0.463768115942029,חדיד,0.7996688741721855,
22,בית גוברין,619,224,288,225,13,0.05803571428571429,פה,0.5803571428571429,בית גוברין,0.78125,
22,משואות יצחק,620,373,465,375,294,0.7882037533512064,טב,0.6863270777479893,משואות יצחק,0.8064516129032258,
22,עין צורים,622,363,450,363,255,0.7024793388429752,טב,0.559228650137741,עין צורים,0.8066666666666666,
22,יראון,623,212,360,213,6,0.02830188679245283,פה,0.5424528301886793,יראון,0.5916666666666667,
22,ג'לג'וליה,627,4675,6295,4714,31,0.0066310160427807486,ודעם,0.8708021390374332,ג לג וליה,0.7488482922954726,
22,ג'ת,628,4061,8058,4098,30,0.007387343018960847,ודעם,0.9335139128293524,ג ת,0.5085629188384214,
22,כפר ברא,633,1592,2316,1605,35,0.02198492462311558,ודעם,0.8530150753768844,כפר ברא,0.6930051813471503,
22,כפר קאסם,634,10363,14908,10482,84,0.008105760880054038,ודעם,0.6753835761845025,כפר קאסם,0.7031124228602093,
22,מוקייבלה,635,1261,2545,1273,4,0.0031720856463124504,ודעם,0.8897700237906423,מוקייבלה,0.500196463654224,
22,צנדלה,636,627,1213,631,1,0.001594896331738437,ודעם,0.9649122807017544,צנדלה,0.5201978565539983,
22,ערערה,637,7320,13144,7377,79,0.010792349726775957,ודעם,0.9396174863387978,ערערה,0.5612446743761412,
22,קלנסווה,638,9247,14182,9296,52,0.005623445441764897,ודעם,0.9552287228290256,קלנסווה,0.6554787759131293,
22,מצר,648,314,430,315,8,0.025477707006369428,מרצ,0.5031847133757962,מצר,0.7325581395348837,
22,מייסר,649,732,1303,739,7,0.009562841530054645,ודעם,0.8005464480874317,מייסר,0.5671527244819647,
22,אבטין,652,899,1795,909,17,0.018909899888765295,ודעם,0.8476084538375973,אבטין,0.5064066852367688,
22,כפר קרע,654,8180,12760,8230,186,0.02273838630806846,ודעם,0.9067237163814181,כפר קרע,0.6449843260188087,
22,שייח' דנון,658,1362,1968,1374,9,0.006607929515418502,ודעם,0.908223201174743,שייח דנון,0.698170731707317,
22,שער אפרים,661,927,1226,935,375,0.4045307443365696,פה,0.3732470334412082,שער אפרים,0.7626427406199021,
22,חוסן,662,535,721,539,341,0.6373831775700934,מחל,0.5177570093457944,חוסן,0.7475728155339806,
22,טירת יהודה,663,619,786,620,490,0.7915993537964459,מחל,0.3554119547657512,טירת יהודה,0.7888040712468194,
22,כרם בן זמרה,664,310,405,310,227,0.7322580645161291,מחל,0.5387096774193548,כרם בן זמרה,0.7654320987654321,
22,תקומה,665,412,485,415,305,0.7402912621359223,טב,0.4077669902912621,תקומה,0.8556701030927835,
22,עומר,666,4624,6401,4642,1457,0.31509515570934254,פה,0.4545847750865052,עומר,0.7251991876269333,
22,ברעם,667,366,507,367,13,0.03551912568306011,פה,0.4371584699453552,ברעם,0.7238658777120316,
22,מפלסים,668,477,668,480,45,0.09433962264150944,פה,0.559748427672956,מפלסים,0.718562874251497,
22,משמר איילון,670,354,402,354,103,0.2909604519774011,פה,0.4152542372881356,משמר איילון,0.8805970149253731,
22,בית נקופה,672,368,474,368,126,0.3423913043478261,פה,0.358695652173913,בית נקופה,0.7763713080168776,
22,כפר טרומן,673,465,578,466,117,0.25161290322580643,פה,0.38924731182795697,כפר טרומן,0.8062283737024222,
22,לימן,674,396,547,396,140,0.35353535353535354,פה,0.4722222222222222,לימן,0.7239488117001828,
22,הבונים,675,201,299,201,17,0.0845771144278607,פה,0.5870646766169154,הבונים,0.6722408026755853,
22,עין השלושה,676,179,292,180,19,0.10614525139664804,פה,0.5698324022346368,עין השלושה,0.6164383561643836,
22,הסוללים,677,525,707,528,72,0.13714285714285715,פה,0.580952380952381,הסוללים,0.7468175388967468,
22,מעגן,678,221,321,222,35,0.1583710407239819,פה,0.5520361990950227,מעגן,0.6915887850467289,
22,אביאל,679,399,520,399,90,0.22556390977443608,פה,0.45864661654135336,אביאל,0.7673076923076924,
22,אומץ,680,399,512,399,58,0.14536340852130325,פה,0.5939849624060151,אומץ,0.779296875,
22,גבעת שמואל,681,13669,18078,13720,8648,0.6326724705538079,טב,0.3109225254224888,גבעת שמואל,0.7589335103440646,
22,אליקים,682,420,589,425,341,0.8119047619047619,מחל,0.5119047619047619,אליקים,0.7215619694397284,
22,גבע כרמל,683,571,728,574,151,0.26444833625218916,פה,0.5026269702276708,גבע כרמל,0.7884615384615384,
22,היוגב,684,428,562,431,37,0.08644859813084112,פה,0.6705607476635514,היוגב,0.7669039145907474,
22,בניה,685,518,627,519,105,0.20270270270270271,פה,0.5077220077220077,בניה,0.8277511961722488,
22,נווה ימין,686,759,1019,763,372,0.4901185770750988,מחל,0.380764163372859,נווה ימין,0.7487733071638861,
22,עין איילה,687,565,747,566,80,0.1415929203539823,פה,0.5734513274336284,עין איילה,0.7576974564926372,
22,עלמה,688,439,578,441,368,0.8382687927107062,מחל,0.6514806378132119,עלמה,0.7629757785467128,
22,מגדים,689,613,794,613,239,0.3898858075040783,פה,0.4437194127243067,מגדים,0.7720403022670025,
22,כפר אחים,690,420,534,421,154,0.36666666666666664,פה,0.47619047619047616,כפר אחים,0.7883895131086143,
22,שפיר,692,436,537,439,254,0.5825688073394495,מחל,0.3486238532110092,שפיר,0.8175046554934823,
22,נתיב הלה,693,349,458,349,9,0.025787965616045846,פה,0.5071633237822349,נתיב הלה,0.7620087336244541,
22,מעגן מיכאל,694,1131,1690,1140,46,0.040671971706454466,פה,0.5305039787798409,מעגן מיכאל,0.6745562130177515,
22,מגן,695,330,466,332,8,0.024242424242424242,מרצ,0.42424242424242425,מגן,0.7124463519313304,
22,כפר חבד,696,2795,4136,2799,2152,0.7699463327370304,ג,0.3806797853309481,כפר חבד,0.6767408123791102,
22,בארותיים,697,539,711,539,69,0.1280148423005566,פה,0.5899814471243042,בארותיים,0.7580872011251758,
22,בורגתה,698,607,791,608,132,0.21746293245469522,פה,0.5172981878088962,בורגתה,0.7686472819216182,
22,ניר ישראל,699,467,593,469,117,0.2505353319057816,פה,0.4989293361884368,ניר ישראל,0.790893760539629,
22,חצב,700,655,859,659,315,0.48091603053435117,מחל,0.37251908396946565,חצב,0.7671711292200233,
22,ארבל,701,340,443,340,140,0.4117647058823529,מחל,0.3588235294117647,ארבל,0.7674943566591422,
22,האון,702,91,152,92,22,0.24175824175824176,פה,0.3516483516483517,האון,0.6052631578947368,
22,גבעת עוז,703,271,406,272,30,0.11070110701107011,פה,0.5018450184501845,גבעת עוז,0.6699507389162561,
22,נחשונים,705,248,348,249,16,0.06451612903225806,פה,0.4274193548387097,נחשונים,0.7155172413793104,
22,גיאה,706,447,559,447,110,0.24608501118568232,פה,0.4742729306487696,גיאה,0.7996422182468694,
22,כפר דניאל,707,369,488,369,48,0.13008130081300814,פה,0.6016260162601627,כפר דניאל,0.7561475409836066,
22,עמקה,708,422,566,424,349,0.8270142180094787,מחל,0.6161137440758294,עמקה,0.7491166077738516,
22,תפרח,709,872,1004,877,856,0.981651376146789,ג,0.783256880733945,תפרח,0.8735059760956175,
22,בית זית,710,870,1179,871,201,0.23103448275862068,פה,0.40344827586206894,בית זית,0.7387616624257846,
22,עזריה,711,619,779,620,406,0.6558966074313409,מחל,0.531502423263328,עזריה,0.7958921694480102,
22,בן עמי,712,414,554,416,115,0.2777777777777778,פה,0.4830917874396135,בן עמי,0.7509025270758123,
22,רעים,713,254,362,255,8,0.031496062992125984,פה,0.515748031496063,רעים,0.7044198895027625,
22,ארז,714,309,417,310,20,0.06472491909385113,פה,0.5016181229773463,ארז,0.7434052757793765,
22,להבות חביבה,715,463,600,466,23,0.04967602591792657,פה,0.6047516198704104,להבות חביבה,0.7766666666666666,
22,אייל,716,305,390,307,17,0.05573770491803279,פה,0.5704918032786885,אייל,0.7871794871794872,
22,חגור,717,577,714,579,128,0.2218370883882149,פה,0.4488734835355286,חגור,0.8109243697478992,
22,ירחיב,718,587,793,590,375,0.6388415672913118,מחל,0.5212947189097104,ירחיב,0.7440100882723834,
22,תל קציר,719,225,309,227,31,0.13777777777777778,פה,0.5288888888888889,תל קציר,0.7346278317152104,
22,ניר גלים,720,524,627,524,438,0.8358778625954199,טב,0.549618320610687,ניר גלים,0.835725677830941,
22,שדה אילן,721,295,379,296,240,0.8135593220338984,טב,0.5016949152542373,שדה אילן,0.7810026385224275,
22,מגשימים,722,527,676,528,93,0.17647058823529413,פה,0.6053130929791272,מגשימים,0.7810650887573964,
22,בית הגדי,723,457,573,457,386,0.8446389496717724,מחל,0.649890590809628,בית הגדי,0.7975567190226877,
22,הודיה,726,328,496,331,210,0.6402439024390244,מחל,0.5121951219512195,הודיה,0.6673387096774194,
22,תלמי יחיאל,727,453,618,457,145,0.3200883002207506,פה,0.47902869757174393,תלמי יחיאל,0.7394822006472492,
22,משמר השבעה,729,528,692,529,158,0.29924242424242425,פה,0.48295454545454547,משמר השבעה,0.7644508670520231,
22,אליפלט,730,334,460,334,275,0.8233532934131736,מחל,0.7035928143712575,אליפלט,0.7260869565217392,
22,מישר,731,393,477,394,65,0.16539440203562342,פה,0.5725190839694656,מישר,0.8259958071278826,
22,משמר הירדן,732,392,550,395,218,0.5561224489795918,מחל,0.47959183673469385,משמר הירדן,0.7181818181818181,
22,גן יאשיה,734,476,631,476,64,0.13445378151260504,פה,0.6071428571428571,גן יאשיה,0.7543581616481775,
22,רמות מאיר,735,396,560,398,101,0.255050505050505,פה,0.5,רמות מאיר,0.7107142857142857,
22,גילת,736,761,1010,762,483,0.6346911957950065,מחל,0.5413929040735874,גילת,0.7544554455445545,
22,עולש,737,585,758,586,114,0.19487179487179487,פה,0.4735042735042735,עולש,0.7730870712401056,
22,דור,738,223,276,225,52,0.23318385650224216,פה,0.5650224215246636,דור,0.8152173913043478,
22,שדה עוזיהו,739,815,979,817,284,0.34846625766871164,זץ,0.5815950920245399,שדה עוזיהו,0.8345250255362615,
22,אשתאול,740,588,745,592,399,0.6785714285714286,מחל,0.445578231292517,אשתאול,0.7946308724832215,
22,שואבה,741,350,475,350,84,0.24,פה,0.33714285714285713,שואבה,0.7368421052631579,
22,מסילת ציון,742,565,687,569,107,0.18938053097345134,פה,0.3415929203539823,מסילת ציון,0.8282387190684134,
22,כפר שמואל,743,491,587,495,84,0.1710794297352342,פה,0.5030549898167006,כפר שמואל,0.8432708688245315,
22,תלמי יפה,744,359,491,359,112,0.31197771587743733,פה,0.4596100278551532,תלמי יפה,0.7311608961303462,
22,גמזו,745,551,676,551,461,0.8366606170598911,טב,0.5698729582577132,גמזו,0.8150887573964497,
22,ברכיה,746,628,758,628,483,0.7691082802547771,מחל,0.4140127388535032,ברכיה,0.8284960422163589,
22,בית שקמה,747,429,572,433,209,0.48717948717948717,זץ,0.4149184149184149,בית שקמה,0.756993006993007,
22,מסלול,748,363,487,364,190,0.5234159779614325,מחל,0.41046831955922863,מסלול,0.7474332648870636,
22,פטיש,749,554,656,556,387,0.6985559566787004,מחל,0.4404332129963899,פטיש,0.8475609756097561,
22,פדויים,750,240,332,240,157,0.6541666666666667,מחל,0.4166666666666667,פדויים,0.7228915662650602,
22,בית מאיר,751,257,377,258,202,0.7859922178988327,מחל,0.29571984435797666,בית מאיר,0.6843501326259946,
22,תעוז,752,352,431,354,176,0.5,מחל,0.3068181818181818,תעוז,0.8213457076566125,
22,ינוב,753,474,620,476,186,0.3924050632911392,פה,0.35654008438818563,ינוב,0.7677419354838709,
22,גורן,755,251,344,252,193,0.7689243027888446,מחל,0.5657370517928287,גורן,0.7325581395348837,
22,בית עזרא,756,659,833,659,207,0.3141122913505311,פה,0.2898330804248862,בית עזרא,0.7911164465786314,
22,מצליח,757,722,978,729,390,0.5401662049861495,מחל,0.4515235457063712,מצליח,0.745398773006135,
22,יד חנה,758,459,568,460,71,0.15468409586056645,פה,0.5947712418300654,יד חנה,0.8098591549295775,
22,יציץ,759,423,583,425,296,0.6997635933806147,מחל,0.574468085106383,יציץ,0.7289879931389366,
22,בן זכאי,760,494,598,495,337,0.6821862348178138,מחל,0.4251012145748988,בן זכאי,0.8277591973244147,
22,שובה,761,331,428,331,279,0.8429003021148036,מחל,0.5589123867069486,שובה,0.7733644859813084,
22,בטחה,762,502,618,504,414,0.8247011952191236,מחל,0.5318725099601593,בטחה,0.8155339805825242,
22,שתולים,763,1062,1403,1066,609,0.5734463276836158,מחל,0.467984934086629,שתולים,0.759800427655025,
22,כפר מרדכי,764,373,463,373,31,0.08310991957104558,פה,0.6675603217158177,כפר מרדכי,0.8056155507559395,
22,משגב דב,765,387,497,389,60,0.15503875968992248,פה,0.5271317829457365,משגב דב,0.7826961770623743,
22,קוממיות,766,140,242,141,138,0.9857142857142858,ג,0.9714285714285714,קוממיות,0.5826446280991735,
22,פורת,767,640,906,647,515,0.8046875,מחל,0.546875,פורת,0.7141280353200883,
22,כרמיה,768,320,449,320,60,0.1875,פה,0.41875,כרמיה,0.7126948775055679,
22,ניר עציון,769,287,410,290,194,0.6759581881533101,טב,0.49825783972125437,ניר עציון,0.7073170731707317,
22,מבוא ביתר,771,446,610,446,196,0.43946188340807174,מחל,0.3475336322869955,מבוא ביתר,0.7311475409836066,
22,אמונים,772,541,714,541,200,0.36968576709796674,פה,0.31053604436229204,אמונים,0.757703081232493,
22,עמיקם,773,404,520,404,58,0.14356435643564355,פה,0.4752475247524752,עמיקם,0.7769230769230769,
22,צוריאל,774,212,288,213,119,0.5613207547169812,מחל,0.4481132075471698,צוריאל,0.7395833333333334,
22,יד נתן,775,322,420,322,64,0.19875776397515527,פה,0.5838509316770186,יד נתן,0.7666666666666667,
22,מחסיה,776,260,319,260,211,0.8115384615384615,מחל,0.5076923076923077,מחסיה,0.8150470219435737,
22,נחשון,777,350,462,351,20,0.05714285714285714,מרצ,0.4542857142857143,נחשון,0.7597402597402597,
22,תרום,778,452,565,452,344,0.7610619469026548,מחל,0.4469026548672566,תרום,0.8,
22,עמינדב,779,470,641,470,178,0.37872340425531914,מחל,0.2765957446808511,עמינדב,0.733229329173167,
22,אורה,780,629,847,629,275,0.43720190779014306,מחל,0.2972972972972973,אורה,0.7426210153482881,
22,אבן ספיר,783,361,495,363,132,0.3656509695290859,זץ,0.41274238227146814,אבן ספיר,0.7333333333333333,
22,בית נחמיה,784,498,623,498,135,0.2710843373493976,פה,0.3112449799196787,בית נחמיה,0.7993579454253612,
22,אחיהוד,785,514,658,515,431,0.8385214007782101,מחל,0.5992217898832685,אחיהוד,0.7826747720364742,
22,כפר זיתים,786,353,481,356,286,0.8101983002832861,מחל,0.6118980169971672,כפר זיתים,0.7401247401247402,
22,גבעת יערים,787,713,937,714,290,0.4067321178120617,מחל,0.2720897615708275,גבעת יערים,0.7620064034151548,
22,זיתן,788,644,825,646,508,0.7888198757763976,מחל,0.6071428571428571,זיתן,0.7830303030303031,
22,רנן,789,300,433,301,140,0.4666666666666667,מחל,0.4033333333333333,רנן,0.6951501154734411,
22,משען,791,549,701,549,350,0.6375227686703097,מחל,0.47540983606557374,משען,0.7831669044222539,
22,נתיב השיירה,792,305,405,305,135,0.4426229508196721,פה,0.4098360655737705,נתיב השיירה,0.7530864197530864,
22,גבעתי,793,486,644,487,220,0.45267489711934156,זץ,0.3333333333333333,גבעתי,0.7562111801242236,
22,עגור,794,233,298,234,196,0.8412017167381974,מחל,0.6695278969957081,עגור,0.785234899328859,
22,יערה,795,394,556,394,288,0.7309644670050761,מחל,0.4289340101522843,יערה,0.7086330935251799,
22,צלפון,796,495,671,498,293,0.591919191919192,מחל,0.4808080808080808,צלפון,0.7421758569299552,
22,אחיעזר,797,997,1154,998,947,0.9498495486459378,שס,0.4573721163490471,אחיעזר,0.8648180242634316,
22,יגל,798,495,616,496,383,0.7737373737373737,מחל,0.6202020202020202,יגל,0.8051948051948052,
22,זכריה,799,579,769,580,444,0.7668393782383419,מחל,0.6407599309153713,זכריה,0.7542262678803641,
22,בית חנניה,800,476,616,476,66,0.13865546218487396,פה,0.6449579831932774,בית חנניה,0.7727272727272727,
22,חמד,801,465,561,466,355,0.7634408602150538,טב,0.4559139784946237,חמד,0.8306595365418895,
22,גבעת כח,802,503,661,504,210,0.41749502982107356,מחל,0.3101391650099404,גבעת כח,0.762481089258699,
22,יושיביה,803,264,334,265,227,0.8598484848484849,שס,0.38636363636363635,יושיביה,0.7934131736526946,
22,אחיסמך,804,683,870,685,582,0.8521229868228404,מחל,0.5783308931185944,אחיסמך,0.7873563218390804,
22,ישעי,805,428,548,429,386,0.9018691588785047,מחל,0.4976635514018692,ישעי,0.7828467153284672,
22,עין יהב,806,400,528,400,20,0.05,פה,0.685,עין יהב,0.7575757575757576,
22,חניאל,807,486,657,488,59,0.12139917695473251,פה,0.5967078189300411,חניאל,0.7427701674277016,
22,ניר אליהו,808,308,419,309,18,0.05844155844155844,פה,0.5324675324675324,ניר אליהו,0.7374701670644391,
22,נחם,809,325,413,328,268,0.8246153846153846,מחל,0.5507692307692308,נחם,0.7941888619854721,
22,עופר,810,311,400,312,88,0.2829581993569132,פה,0.39228295819935693,עופר,0.78,
22,יכיני,811,371,470,371,290,0.7816711590296496,מחל,0.6118598382749326,יכיני,0.7893617021276595,
22,שלומי,812,3374,5093,3399,2083,0.6173681090693539,מחל,0.4472436277415531,שלומי,0.6673866090712743,
22,עין יעקב,813,549,698,550,290,0.5282331511839709,מחל,0.3697632058287796,עין יעקב,0.7879656160458453,
22,תלמים,814,449,572,450,350,0.779510022271715,מחל,0.44988864142538976,תלמים,0.7867132867132867,
22,זבדיאל,815,349,412,350,326,0.9340974212034384,מחל,0.5644699140401146,זבדיאל,0.8495145631067961,
22,זנוח,816,297,399,298,234,0.7878787878787878,מחל,0.531986531986532,זנוח,0.7468671679197995,
22,עזריקם,817,753,936,756,405,0.5378486055776892,מחל,0.448871181938911,עזריקם,0.8076923076923077,
22,זרחיה,818,407,483,407,344,0.8452088452088452,מחל,0.4668304668304668,זרחיה,0.8426501035196687,
22,אביגדור,819,488,628,489,70,0.14344262295081966,פה,0.5676229508196722,אביגדור,0.7786624203821656,
22,חלץ,820,244,353,245,181,0.7418032786885246,מחל,0.5450819672131147,חלץ,0.6940509915014165,
22,אחוזם,821,295,397,295,247,0.8372881355932204,מחל,0.6203389830508474,אחוזם,0.743073047858942,
22,מטע,822,393,538,393,181,0.46055979643765904,מחל,0.37404580152671757,מטע,0.7304832713754646,
22,בר גיורא,823,298,410,299,185,0.6208053691275168,מחל,0.4899328859060403,בר גיורא,0.7292682926829268,
22,כוכב מיכאל,824,511,702,512,85,0.16634050880626222,פה,0.5675146771037182,כוכב מיכאל,0.7293447293447294,
22,נס הרים,825,587,774,587,236,0.4020442930153322,מחל,0.313458262350937,נס הרים,0.7583979328165374,
22,עוזה,826,284,367,284,263,0.926056338028169,מחל,0.4788732394366197,עוזה,0.773841961852861,
22,נווה מבטח,827,372,458,373,51,0.13709677419354838,פה,0.5053763440860215,נווה מבטח,0.8144104803493449,
22,ישרש,828,547,730,549,241,0.4405850091407678,מחל,0.3272394881170018,ישרש,0.7520547945205479,
22,מבטחים,829,247,385,247,142,0.5748987854251012,מחל,0.4291497975708502,מבטחים,0.6415584415584416,
22,ירוחם,831,4798,7328,4854,3494,0.728220091704877,מחל,0.41704877032096704,ירוחם,0.6623908296943232,
22,נורית,833,87,106,87,36,0.41379310344827586,פה,0.3563218390804598,נורית,0.8207547169811321,
22,גנות,836,267,342,267,84,0.3146067415730337,פה,0.4606741573033708,גנות,0.7807017543859649,
22,עזריאל,837,484,597,486,382,0.7892561983471075,מחל,0.5599173553719008,עזריאל,0.8140703517587939,
22,פדיה,838,467,589,469,282,0.6038543897216274,מחל,0.5117773019271948,פדיה,0.7962648556876061,
22,פתחיה,839,478,612,480,222,0.46443514644351463,מחל,0.3702928870292887,פתחיה,0.7843137254901961,
22,כיסופים,840,146,289,147,14,0.0958904109589041,אמת,0.4178082191780822,כיסופים,0.5086505190311419,
22,אלישמע,841,630,813,631,298,0.473015873015873,מחל,0.35079365079365077,אלישמע,0.7761377613776138,
22,געש,842,516,658,516,32,0.06201550387596899,פה,0.4903100775193798,געש,0.78419452887538,
22,מרגליות,843,197,335,197,76,0.38578680203045684,מחל,0.2893401015228426,מרגליות,0.5880597014925373,
22,נחל עוז,844,233,345,236,17,0.07296137339055794,פה,0.48497854077253216,נחל עוז,0.6840579710144927,
22,כפר עזה,845,501,715,501,32,0.06387225548902195,פה,0.5748502994011976,כפר עזה,0.7006993006993008,
22,שפר,846,228,319,228,172,0.7543859649122807,מחל,0.5394736842105263,שפר,0.7147335423197492,
22,בית רבן,848,253,341,254,216,0.8537549407114624,טב,0.525691699604743,בית רבן,0.7448680351906158,
22,דבירה,849,512,654,513,45,0.087890625,פה,0.537109375,דבירה,0.7844036697247706,
22,אחיטוב,850,547,708,547,159,0.2906764168190128,פה,0.33089579524680074,אחיטוב,0.7725988700564972,
22,ניצני עוז,851,571,736,571,158,0.276707530647986,פה,0.3467600700525394,ניצני עוז,0.7758152173913043,
22,גונן,852,227,338,229,21,0.09251101321585903,פה,0.5462555066079295,גונן,0.6775147928994083,
22,גאליה,853,634,840,635,132,0.2082018927444795,פה,0.5914826498422713,גאליה,0.7559523809523809,
22,רחוב,854,233,324,233,209,0.8969957081545065,מחל,0.7339055793991416,רחוב,0.7191358024691358,
22,שעלבים,856,639,739,639,563,0.8810641627543035,טב,0.6964006259780907,שעלבים,0.86468200270636,
22,כפר אביב,857,407,532,407,76,0.18673218673218672,פה,0.5012285012285013,כפר אביב,0.7650375939849624,
22,נווה ירק,858,665,842,667,89,0.13383458646616542,פה,0.5909774436090226,נווה ירק,0.7921615201900237,
22,כסלון,859,197,278,198,140,0.7106598984771574,מחל,0.4517766497461929,כסלון,0.7122302158273381,
22,שדה אליעזר,861,465,633,465,158,0.33978494623655914,פה,0.43870967741935485,שדה אליעזר,0.7345971563981043,
22,גני יוחנן,862,403,532,404,135,0.3349875930521092,פה,0.41935483870967744,גני יוחנן,0.7593984962406015,
22,גינתון,863,520,657,522,116,0.2230769230769231,פה,0.4461538461538462,גינתון,0.7945205479452054,
22,בקוע,864,432,535,433,235,0.5439814814814815,מחל,0.42592592592592593,בקוע,0.8093457943925234,
22,שיבולים,865,193,259,195,154,0.7979274611398963,מחל,0.5751295336787565,שיבולים,0.752895752895753,
22,יטבתה,866,414,671,415,16,0.03864734299516908,פה,0.5169082125603864,יטבתה,0.6184798807749627,
22,אלוני יצחק,868,28,127,28,7,0.25,פה,0.4642857142857143,אלוני יצחק,0.2204724409448819,
22,גבעת השלושה,870,387,495,387,44,0.11369509043927649,פה,0.5658914728682171,גבעת השלושה,0.7818181818181819,
22,עינת,871,455,561,456,33,0.07252747252747253,פה,0.5340659340659341,עינת,0.8128342245989305,
22,גאולי תימן,872,206,262,206,118,0.5728155339805825,מחל,0.4563106796116505,גאולי תימן,0.7862595419847328,
22,שלווה,873,294,373,295,258,0.8775510204081632,מחל,0.5986394557823129,שלווה,0.7908847184986595,
22,מגדל העמק,874,13387,21214,13504,8191,0.6118622544259356,מחל,0.3908269216403974,מגדל העמק,0.6365607617611012,
22,בית חירות,877,470,607,474,7,0.014893617021276596,פה,0.6404255319148936,בית חירות,0.7808896210873146,
22,עין שריד,880,830,1099,831,299,0.3602409638554217,פה,0.4433734939759036,עין שריד,0.7561419472247498,
22,שדה בוקר,885,270,408,270,11,0.040740740740740744,פה,0.4962962962962963,שדה בוקר,0.6617647058823529,
22,כפר הריף,888,468,581,468,87,0.1858974358974359,פה,0.5641025641025641,כפר הריף,0.8055077452667814,
22,כפר חסידים ב',889,161,215,161,95,0.5900621118012422,מחל,0.30434782608695654,כפר חסידים ב,0.7488372093023256,
22,עבדון,892,373,520,375,256,0.6863270777479893,מחל,0.5013404825737265,עבדון,0.7211538461538461,
22,שבלי - אום אל-גנם,913,2326,4122,2338,26,0.01117798796216681,ודעם,0.7132416165090284,שבלי אום אל גנם,0.5672003881610869,
22,ישע,916,205,280,210,64,0.3121951219512195,פה,0.3804878048780488,ישע,0.75,
22,עצמון שגב,917,670,888,671,55,0.08208955223880597,פה,0.5805970149253732,עצמון שגב,0.7556306306306306,
22,גבעת ישעיהו,919,387,507,387,55,0.1421188630490956,פה,0.3488372093023256,גבעת ישעיהו,0.7633136094674556,
22,שער מנשה,921,11,131,12,4,0.36363636363636365,פה,0.6363636363636364,שער מנשה,0.0916030534351145,
22,רכסים,922,5271,6202,5303,5030,0.9542781255928666,ג,0.4401441851641055,רכסים,0.8550467591099645,
22,מסעודין אל-עזאזמה,939,4374,7186,4410,14,0.003200731595793324,ודעם,0.9723365340649291,מסעודין אל עזאזמה,0.6136932925132201,
22,סואעד (חמרייה),942,66,146,66,0,0.0,ודעם,0.8484848484848485,סואעד חמרייה,0.4520547945205479,
22,בסמת טבעון,944,2454,5290,2494,132,0.05378973105134474,ודעם,0.6964140179299103,בסמת טבעון,0.47145557655954634,
22,הוזייל (שבט),956,383,1101,388,5,0.013054830287206266,ודעם,0.6710182767624021,הוזייל שבט,0.35240690281562215,
22,עוקבי (בנו עוקבה),957,141,283,143,0,0.0,ודעם,0.8085106382978723,עוקבי בנו עוקבה,0.5053003533568905,
22,אבו עבדון (שבט),958,46,139,47,0,0.0,ודעם,0.9782608695652174,אבו עבדון שבט,0.3381294964028777,
22,אסד (שבט),960,105,488,108,4,0.0380952380952381,ודעם,0.7714285714285715,אסד שבט,0.22131147540983606,
22,אבו רוקייק (שבט),961,1908,4765,1924,12,0.006289308176100629,ודעם,0.9523060796645703,אבו רוקייק שבט,0.4037775445960126,
22,טובא-זנגריה,962,1924,4435,1960,93,0.04833679833679834,ודעם,0.5472972972972973,טובא זנגריה,0.4419391206313416,
22,אעצם (שבט),963,1877,4575,1894,18,0.009589770911028236,ודעם,0.9643047416089504,אעצם שבט,0.4139890710382514,
22,קודייראת א-צאנע(שבט),964,396,1333,406,7,0.017676767676767676,ודעם,0.7752525252525253,קודייראת א צאנע שבט,0.304576144036009,
22,אטרש (שבט),965,470,1529,474,5,0.010638297872340425,ודעם,0.7872340425531915,אטרש שבט,0.31000654022236757,
22,אבו רובייעה (שבט),966,1447,3984,1471,20,0.013821700069108501,ודעם,0.8790601243953006,אבו רובייעה שבט,0.36922690763052207,
22,אבו ג'ווייעד (שבט),967,533,1961,542,4,0.0075046904315197,ודעם,0.9343339587242027,אבו ג ווייעד שבט,0.2763895971443141,
22,אבו קורינאת (שבט),968,1209,2979,1222,17,0.014061207609594707,ודעם,0.902398676592225,אבו קורינאת שבט,0.410204766700235,
22,עטאוונה (שבט),969,44,112,44,0,0.0,ודעם,0.9090909090909091,עטאוונה שבט,0.39285714285714285,
22,תראבין א-צאנע (שבט),970,33,511,33,2,0.06060606060606061,ודעם,0.7575757575757576,תראבין א צאנע שבט,0.06457925636007827,
22,קוואעין (שבט),972,94,475,94,3,0.031914893617021274,ודעם,0.9148936170212766,קוואעין שבט,0.19789473684210526,
22,זרזיר,975,2558,5299,2584,106,0.04143862392494136,ודעם,0.42689601250977327,זרזיר,0.4876391772032459,
22,ג'נאביב (שבט),976,206,461,207,11,0.05339805825242718,ודעם,0.7475728155339806,ג נאביב שבט,0.4490238611713666,
22,כעביה-טבאש-חג'אג'רה,978,2051,3633,2067,254,0.12384202827888835,ודעם,0.4787908337396392,כעביה טבאש חג אג רה,0.5689512799339389,
22,ראס עלי,990,237,401,239,0,0.0,ודעם,0.8945147679324894,ראס עלי,0.5960099750623441,
22,חמאם,993,561,1156,563,10,0.017825311942959002,ודעם,0.7700534759358288,חמאם,0.4870242214532872,
22,מנשית זבדה,994,513,842,514,6,0.011695906432748537,ודעם,0.7212475633528265,מנשית זבדה,0.6104513064133017,
22,רומת הייב,997,582,1354,588,83,0.14261168384879724,פה,0.3848797250859107,רומת הייב,0.4342688330871492,
22,ביר אל-מכסור,998,3047,6368,3078,94,0.030850016409583198,ודעם,0.6252051197899573,ביר אל מכסור,0.48335427135678394,
22,מבשרת ציון,1015,13539,18914,13582,6263,0.4625895560972007,מחל,0.34441243814166483,מבשרת ציון,0.718092418314476,
22,אור עקיבא,1020,9793,15712,9856,6659,0.6799754926988666,מחל,0.523741447973042,אור עקיבא,0.6272912423625254,
22,חרוצים,1024,442,577,442,166,0.3755656108597285,פה,0.4321266968325792,חרוצים,0.7660311958405546,
22,שדרות,1031,12864,20231,12987,8286,0.6441231343283582,מחל,0.421875,שדרות,0.6419356433196579,
22,קרית מלאכי,1034,11465,17042,11547,8463,0.7381596162232883,מחל,0.4091583078935892,קרית מלאכי,0.6775613190940031,
22,נצאצרה (שבט),1041,150,320,150,1,0.006666666666666667,ודעם,0.7666666666666667,נצאצרה שבט,0.46875,
22,גיזו,1043,115,145,115,52,0.45217391304347826,מחל,0.3652173913043478,גיזו,0.7931034482758621,
22,יעף,1044,139,165,139,31,0.22302158273381295,פה,0.48201438848920863,יעף,0.8424242424242424,
22,שתולה,1045,150,226,150,97,0.6466666666666666,מחל,0.43333333333333335,שתולה,0.6637168141592921,
22,אוהד,1046,173,257,173,76,0.4393063583815029,פה,0.36416184971098264,אוהד,0.6731517509727627,
22,חזון,1047,211,255,211,183,0.8672985781990521,מחל,0.6161137440758294,חזון,0.8274509803921568,
22,בית חשמונאי,1050,1133,1488,1135,404,0.35657546337157986,פה,0.4527802294792586,בית חשמונאי,0.7627688172043011,
22,תלמי אליהו,1051,130,221,130,74,0.5692307692307692,מחל,0.4,תלמי אליהו,0.5882352941176471,
22,קטורה,1052,233,437,234,8,0.034334763948497854,פה,0.4592274678111588,קטורה,0.5354691075514875,
22,תל שבע,1054,5160,9478,5200,54,0.010465116279069767,ודעם,0.953875968992248,תל שבע,0.548638953365689,
22,נווה זוהר,1057,35,56,35,13,0.37142857142857144,פה,0.2857142857142857,נווה זוהר,0.625,
22,שדה ניצן,1058,215,366,216,23,0.10697674418604651,פה,0.4744186046511628,שדה ניצן,0.5901639344262295,
22,כסיפה,1059,4815,8298,4865,121,0.025129802699896158,ודעם,0.8691588785046729,כסיפה,0.5862858520125331,
22,לקיה,1060,3426,7465,3453,34,0.0099241097489784,ודעם,0.9211908931698775,לקיה,0.4625586068318821,
22,נוף הגליל,1061,21903,39435,22195,7944,0.36269004245993697,מחל,0.29982194219969865,נוף הגליל,0.5628249017370356,
22,מעלות-תרשיחא,1063,11242,18132,11339,4705,0.4185198363280555,מחל,0.28936132360789896,מעלות תרשיחא,0.6253584822413413,
22,אמירים,1064,408,606,409,83,0.2034313725490196,פה,0.4166666666666667,אמירים,0.6749174917491749,
22,זמרת,1065,333,367,334,275,0.8258258258258259,מחל,0.5225225225225225,זמרת,0.9100817438692098,
22,בני עיש,1066,3757,5751,3808,1819,0.4841628959276018,מחל,0.3446899121639606,בני עיש,0.6621457137889063,
22,דובב,1067,249,359,249,206,0.8273092369477911,מחל,0.6987951807228916,דובב,0.6935933147632312,
22,אדמית,1068,198,357,198,33,0.16666666666666666,פה,0.3383838383838384,אדמית,0.5546218487394958,
22,רם-און,1069,499,647,501,54,0.10821643286573146,פה,0.6372745490981964,רם און,0.7743431221020093,
22,אביעזר,1070,441,562,441,190,0.4308390022675737,מחל,0.32653061224489793,אביעזר,0.7846975088967971,
22,נווה מיכאל,1071,359,463,360,259,0.7214484679665738,מחל,0.4568245125348189,נווה מיכאל,0.7775377969762419,
22,גן הדרום,1072,277,346,277,97,0.35018050541516244,פה,0.4187725631768953,גן הדרום,0.8005780346820809,
22,גבעת שפירא,1077,166,212,166,20,0.12048192771084337,פה,0.6987951807228916,גבעת שפירא,0.7830188679245284,
22,צפרירים,1079,217,305,217,60,0.2764976958525346,זץ,0.2626728110599078,צפרירים,0.7114754098360656,
22,מבועים,1080,637,919,641,365,0.5729984301412873,מחל,0.4725274725274725,מבועים,0.6974972796517954,
22,אבן מנחם,1081,195,288,200,128,0.6564102564102564,מחל,0.49743589743589745,אבן מנחם,0.6944444444444444,
22,מעגלים,1082,849,1060,849,720,0.8480565371024735,מחל,0.49823321554770317,מעגלים,0.8009433962264151,
22,תושיה,1083,247,317,247,210,0.8502024291497976,טב,0.5789473684210527,תושיה,0.7791798107255521,
22,בן שמן (כפר נוער),1084,164,233,164,27,0.16463414634146342,פה,0.49390243902439024,בן שמן כפר נוער,0.703862660944206,
22,כרם שלום,1085,67,136,69,29,0.43283582089552236,פה,0.2835820895522388,כרם שלום,0.5073529411764706,
22,כרם יבנה (ישיבה),1094,139,157,139,126,0.9064748201438849,טב,0.6618705035971223,כרם יבנה ישיבה,0.8853503184713376,
22,כפר מימון,1095,345,423,345,297,0.8608695652173913,טב,0.5971014492753624,כפר מימון,0.8156028368794326,
22,מרכז שפירא,1098,1134,1403,1136,989,0.8721340388007055,טב,0.5326278659611993,מרכז שפירא,0.8096935138987883,
22,צוקי ים,1102,114,162,114,19,0.16666666666666666,פה,0.543859649122807,צוקי ים,0.7037037037037037,
22,גני הדר,1103,202,256,203,39,0.19306930693069307,פה,0.5,גני הדר,0.79296875,
22,פוריה - כפר עבודה,1104,174,266,174,133,0.764367816091954,מחל,0.632183908045977,פוריה כפר עבודה,0.6541353383458647,
22,פוריה - נווה עובד,1105,684,995,685,506,0.7397660818713451,מחל,0.6154970760233918,פוריה נווה עובד,0.6884422110552764,
22,אומן,1108,221,355,221,138,0.6244343891402715,מחל,0.5158371040723982,אומן,0.6225352112676056,
22,חבר,1110,250,345,250,153,0.612,מחל,0.524,חבר,0.7246376811594203,
22,יודפת,1112,462,602,464,14,0.030303030303030304,פה,0.4523809523809524,יודפת,0.770764119601329,
22,צור הדסה,1113,4360,5748,4371,1795,0.411697247706422,פה,0.3360091743119266,צור הדסה,0.7604384133611691,
22,שריגים (לי-און),1114,586,823,587,103,0.1757679180887372,פה,0.4539249146757679,שריגים לי און,0.7132442284325637,
22,אביבים,1115,234,327,234,212,0.905982905982906,מחל,0.6324786324786325,אביבים,0.7155963302752294,
22,אדרת,1123,396,555,396,279,0.7045454545454546,מחל,0.46464646464646464,אדרת,0.7135135135135136,
22,נאות הכיכר,1124,149,214,149,27,0.18120805369127516,פה,0.5234899328859061,נאות הכיכר,0.6962616822429907,
22,אלמגור,1125,234,289,234,11,0.04700854700854701,פה,0.688034188034188,אלמגור,0.8096885813148789,
22,אילות,1126,164,251,164,16,0.0975609756097561,פה,0.5182926829268293,אילות,0.6533864541832669,
22,מעלה גלבוע,1127,290,355,290,167,0.5758620689655173,טב,0.4517241379310345,מעלה גלבוע,0.8169014084507042,
22,מי עמי,1128,205,256,205,9,0.04390243902439024,פה,0.4926829268292683,מי עמי,0.80078125,
22,גרופית,1129,177,289,177,16,0.0903954802259887,פה,0.5649717514124294,גרופית,0.6124567474048442,
22,כפר רוזנואלד (זרעית),1130,138,221,138,91,0.6594202898550725,מחל,0.5507246376811594,כפר רוזנואלד זרעית,0.6244343891402715,
22,שניר,1132,306,426,306,26,0.08496732026143791,פה,0.5718954248366013,שניר,0.7183098591549296,
22,ורדון,1133,153,218,154,72,0.47058823529411764,מחל,0.3006535947712418,ורדון,0.7064220183486238,
22,יד השמונה,1134,122,162,122,29,0.23770491803278687,פה,0.4016393442622951,יד השמונה,0.7530864197530864,
22,צוחר,1136,296,440,297,152,0.5135135135135135,מחל,0.41216216216216217,צוחר,0.675,
22,קרית יערים,1137,2537,3283,2554,2428,0.9570358691367757,ג,0.7024044146629878,קרית יערים,0.7779469996954006,
22,יעד,1138,405,556,405,14,0.0345679012345679,פה,0.49135802469135803,יעד,0.7284172661870504,
22,כרמיאל,1139,24316,41395,24549,9928,0.40829083730876786,מחל,0.3112765257443659,כרמיאל,0.5930426379997584,
22,מדרשת בן גוריון,1140,813,1142,817,108,0.13284132841328414,פה,0.3899138991389914,מדרשת בן גוריון,0.7154115586690017,
22,מבוא מודיעים,1141,106,189,107,85,0.8018867924528302,טב,0.3490566037735849,מבוא מודיעים,0.5661375661375662,
22,נס עמים,1143,187,227,187,32,0.1711229946524064,פה,0.5828877005347594,נס עמים,0.8237885462555066,
22,אלומה,1145,277,322,278,273,0.9855595667870036,שס,0.631768953068592,אלומה,0.8633540372670807,
22,עלומים,1146,263,349,264,210,0.7984790874524715,טב,0.6083650190114068,עלומים,0.7564469914040115,
22,נטועה,1147,182,242,183,109,0.5989010989010989,מחל,0.42857142857142855,נטועה,0.756198347107438,
22,צור נתן,1148,168,228,169,53,0.31547619047619047,פה,0.43452380952380953,צור נתן,0.7412280701754386,
22,עזר,1149,489,636,491,170,0.3476482617586912,פה,0.4069529652351738,עזר,0.7720125786163522,
22,צופר,1150,246,341,246,10,0.04065040650406504,פה,0.6626016260162602,צופר,0.7214076246334311,
22,פארן,1151,260,366,260,11,0.04230769230769231,פה,0.6576923076923077,פארן,0.7103825136612022,
22,אשלים,1152,280,390,284,100,0.35714285714285715,פה,0.3892857142857143,אשלים,0.7282051282051282,
22,כישור,1153,96,122,96,12,0.125,פה,0.625,כישור,0.7868852459016393,
22,מגן שאול,1155,308,384,308,190,0.6168831168831169,מחל,0.5324675324675324,מגן שאול,0.8020833333333334,
22,סמר,1156,148,227,149,1,0.006756756756756757,מרצ,0.43243243243243246,סמר,0.6563876651982379,
22,אחווה,1157,146,188,146,32,0.2191780821917808,פה,0.5753424657534246,אחווה,0.776595744680851,
22,יהל,1158,128,218,128,18,0.140625,פה,0.4921875,יהל,0.5871559633027523,
22,שכניה,1160,479,613,479,39,0.081419624217119,פה,0.5532359081419624,שכניה,0.7814029363784666,
22,רהט,1161,19573,33204,19770,425,0.021713585040617177,ודעם,0.7961988453481837,רהט,0.5954101915431875,
22,בית רימון,1162,325,388,326,267,0.8215384615384616,טב,0.7261538461538461,בית רימון,0.8402061855670103,
22,מורן,1163,255,337,257,23,0.09019607843137255,פה,0.6313725490196078,מורן,0.7626112759643917,
22,שילת,1165,389,486,389,67,0.17223650385604114,פה,0.4961439588688946,שילת,0.8004115226337448,
22,כפר רות,1166,159,189,159,30,0.18867924528301888,זץ,0.36477987421383645,כפר רות,0.8412698412698413,
22,קיסריה,1167,3133,4878,3143,927,0.2958825406958187,פה,0.5138844557931694,קיסריה,0.6443214432144322,
22,הוואשלה (שבט),1169,528,1057,535,7,0.013257575757575758,ודעם,0.9204545454545454,הוואשלה שבט,0.5061494796594135,
22,סייד (שבט),1170,194,875,199,13,0.06701030927835051,נך,0.4175257731958763,סייד שבט,0.22742857142857142,
22,לוטם,1171,356,507,356,36,0.10112359550561797,פה,0.5898876404494382,לוטם,0.7021696252465484,
22,תובל,1172,252,371,252,11,0.04365079365079365,פה,0.3492063492063492,תובל,0.6792452830188679,
22,לפידות,1173,96,129,96,60,0.625,מחל,0.5,לפידות,0.7441860465116279,
22,מנוף,1174,475,652,475,21,0.04421052631578947,פה,0.6126315789473684,מנוף,0.7285276073619632,
22,עידן,1175,179,296,180,13,0.07262569832402235,פה,0.4972067039106145,עידן,0.6081081081081081,
22,ספיר,1176,203,321,205,70,0.3448275862068966,פה,0.4039408866995074,ספיר,0.6386292834890965,
22,טללים,1177,219,322,219,45,0.2054794520547945,פה,0.4931506849315068,טללים,0.6801242236024845,
22,מורשת,1178,760,993,761,674,0.8868421052631579,טב,0.7065789473684211,מורשת,0.7663645518630413,
22,קורנית,1179,474,627,474,37,0.07805907172995781,פה,0.540084388185654,קורנית,0.7559808612440191,
22,צביה,1180,183,267,184,19,0.10382513661202186,פה,0.6065573770491803,צביה,0.6891385767790262,
22,טל-אל,1181,678,926,681,169,0.24926253687315633,פה,0.49262536873156343,טל אל,0.7354211663066955,
22,אלון הגליל,1182,641,828,641,33,0.0514820592823713,פה,0.5709828393135725,אלון הגליל,0.7741545893719807,
22,כליל,1183,332,449,333,19,0.0572289156626506,מרצ,0.46686746987951805,כליל,0.7416481069042317,
22,מתת,1184,101,155,101,9,0.0891089108910891,מרצ,0.33663366336633666,מתת,0.6516129032258065,
22,הושעיה,1186,1062,1351,1062,788,0.7419962335216572,טב,0.5404896421845574,הושעיה,0.7860843819393042,
22,אשחר,1188,475,608,475,159,0.33473684210526317,פה,0.36210526315789476,אשחר,0.78125,
22,מצפה נטופה,1190,478,637,479,384,0.803347280334728,טב,0.6548117154811716,מצפה נטופה,0.7519623233908949,
22,בר יוחאי,1191,421,606,421,357,0.8479809976247031,טב,0.32304038004750596,בר יוחאי,0.6947194719471947,
22,ערערה-בנגב,1192,4356,8377,4387,97,0.02226813590449954,ודעם,0.912534435261708,ערערה בנגב,0.523695833830727,
22,ניצנה (קהילת חינוך),1195,83,240,83,25,0.30120481927710846,פה,0.42168674698795183,ניצנה קהילת חינוך,0.3458333333333333,
22,נאות סמדר,1197,159,261,159,16,0.10062893081761007,פה,0.4025157232704403,נאות סמדר,0.6091954022988506,
22,כרמים,1198,231,211,231,102,0.44155844155844154,פה,0.27705627705627706,כרמים,1.09478672985782,
22,עדי,1199,1125,1490,1128,246,0.21866666666666668,פה,0.6213333333333333,עדי,0.7570469798657719,
22,מודיעין-מכבים-רעות,1200,47271,62167,47408,17239,0.36468447885595817,פה,0.42920606714476106,מודיעין מכבים רעות,0.7625910853024916,
22,כמון,1201,391,529,393,23,0.058823529411764705,פה,0.5345268542199488,כמון,0.7429111531190926,
22,מכמנים,1202,263,358,263,29,0.11026615969581749,פה,0.5475285171102662,מכמנים,0.7346368715083799,
22,הררית,1203,253,343,253,18,0.07114624505928854,פה,0.4980237154150198,הררית,0.7376093294460642,
22,גילון,1204,664,889,664,95,0.1430722891566265,פה,0.6024096385542169,גילון,0.7469066366704162,
22,מנות,1205,259,345,263,162,0.6254826254826255,מחל,0.4980694980694981,מנות,0.7623188405797101,
22,גיתה,1206,132,201,137,31,0.23484848484848486,פה,0.3181818181818182,גיתה,0.681592039800995,
22,לבון,1207,325,431,326,83,0.2553846153846154,פה,0.5169230769230769,לבון,0.7563805104408353,
22,הילה,1208,341,483,341,36,0.10557184750733138,פה,0.49266862170087977,הילה,0.7060041407867494,
22,חרשים,1209,172,223,172,6,0.03488372093023256,מרצ,0.47093023255813954,חרשים,0.7713004484304933,
22,כחל,1210,254,350,254,37,0.14566929133858267,פה,0.5511811023622047,כחל,0.7257142857142858,
22,קדרים,1211,123,180,123,12,0.0975609756097561,פה,0.5040650406504065,קדרים,0.6833333333333333,
22,עמוקה,1212,102,139,103,18,0.17647058823529413,פה,0.5,עמוקה,0.7410071942446043,
22,צבעון,1213,118,150,120,16,0.13559322033898305,מרצ,0.4152542372881356,צבעון,0.8,
22,טפחות,1214,199,245,199,183,0.9195979899497487,מחל,0.4221105527638191,טפחות,0.8122448979591836,
22,גורנות הגליל,1219,106,164,106,63,0.5943396226415094,מחל,0.44339622641509435,גורנות הגליל,0.6463414634146342,
22,אבירים,1220,135,195,135,7,0.05185185185185185,פה,0.4740740740740741,אבירים,0.6923076923076923,
22,צורית,1221,540,711,541,66,0.12222222222222222,פה,0.6148148148148148,צורית,0.7609001406469761,
22,מצפה אביב,1222,547,716,547,71,0.12979890310786105,פה,0.6014625228519196,מצפה אביב,0.7639664804469274,
22,שדי אברהם,1223,179,250,179,27,0.15083798882681565,פה,0.5698324022346368,שדי אברהם,0.716,
22,כוכב יאיר,1224,5813,7737,5825,1477,0.2540856700498882,פה,0.5164286943058661,כוכב יאיר,0.7528757916505106,
22,יובלים,1226,768,985,768,45,0.05859375,פה,0.5950520833333334,יובלים,0.7796954314720812,
22,יתד,1227,243,332,246,93,0.38271604938271603,פה,0.345679012345679,יתד,0.7409638554216867,
22,רקפת,1228,637,787,640,97,0.152276295133438,פה,0.5682888540031397,רקפת,0.8132147395171537,
22,כלנית,1229,154,186,154,143,0.9285714285714286,מחל,0.6818181818181818,כלנית,0.8279569892473119,
22,לבנים,1230,226,324,226,89,0.3938053097345133,פה,0.33185840707964603,לבנים,0.6975308641975309,
22,פרי גן,1231,115,164,115,37,0.3217391304347826,זץ,0.3217391304347826,פרי גן,0.7012195121951219,
22,יבול,1232,156,203,156,32,0.20512820512820512,פה,0.4230769230769231,יבול,0.7684729064039408,
22,שקף,1233,222,277,222,39,0.17567567567567569,פה,0.4864864864864865,שקף,0.8014440433212996,
22,קבועה (שבט),1234,404,739,408,2,0.0049504950495049506,ודעם,0.8886138613861386,קבועה שבט,0.5520974289580515,
22,שורשים,1235,283,401,283,48,0.1696113074204947,פה,0.5371024734982333,שורשים,0.7057356608478803,
22,נירית,1236,621,837,623,56,0.09017713365539452,פה,0.6247987117552335,נירית,0.7443249701314217,98.0
22,תלמי יוסף,1237,162,264,163,31,0.19135802469135801,פה,0.5370370370370371,תלמי יוסף,0.6174242424242424,
22,סופה,1238,111,183,111,10,0.09009009009009009,פה,0.6126126126126126,סופה,0.6065573770491803,
22,חולית,1239,91,132,91,13,0.14285714285714285,פה,0.4175824175824176,חולית,0.6893939393939394,
22,עין הבשור,1240,553,725,553,115,0.20795660036166366,פה,0.5009041591320073,עין הבשור,0.7627586206896552,
22,דקל,1241,170,265,170,44,0.25882352941176473,פה,0.4470588235294118,דקל,0.6415094339622641,
22,נתיב העשרה,1242,526,674,528,115,0.21863117870722434,פה,0.5342205323193916,נתיב העשרה,0.7833827893175074,
22,קציר,1243,1552,2224,1554,308,0.19845360824742267,פה,0.44394329896907214,קציר,0.6987410071942446,
22,תמרת,1244,900,1184,900,78,0.08666666666666667,פה,0.5822222222222222,תמרת,0.7601351351351351,
22,סלמה,1245,1224,2212,1233,152,0.12418300653594772,ודעם,0.6952614379084967,סלמה,0.5574141048824593,
22,עראמשה,1246,306,1020,309,34,0.1111111111111111,ודעם,0.5947712418300654,עראמשה,0.3029411764705882,
22,חריש,1247,4280,5749,4292,2476,0.5785046728971963,מחל,0.2457943925233645,חריש,0.7465646199339016,
22,אליפז,1248,68,111,68,6,0.08823529411764706,פה,0.5588235294117647,אליפז,0.6126126126126126,
22,הרדוף,1249,313,412,322,6,0.019169329073482427,מרצ,0.4472843450479233,הרדוף,0.7815533980582524,
22,עין תמר,1251,79,144,79,18,0.22784810126582278,פה,0.5189873417721519,עין תמר,0.5486111111111112,
22,כורזים,1252,225,339,225,41,0.18222222222222223,פה,0.4666666666666667,כורזים,0.6637168141592921,
22,אמנון,1253,197,268,197,99,0.5025380710659898,מחל,0.3756345177664975,אמנון,0.7350746268656716,
22,נטף,1254,280,356,281,12,0.04285714285714286,מרצ,0.45714285714285713,נטף,0.7893258426966292,
22,לוטן,1255,90,159,90,5,0.05555555555555555,פה,0.45555555555555555,לוטן,0.5660377358490566,
22,אשרת,1256,294,419,296,178,0.6054421768707483,מחל,0.5136054421768708,אשרת,0.7064439140811456,
22,חנתון,1257,400,529,401,89,0.2225,פה,0.465,חנתון,0.7580340264650284,
22,מסד,1258,268,384,268,35,0.13059701492537312,פה,0.47761194029850745,מסד,0.6979166666666666,
22,נווה שלום,1259,168,213,168,0,0.0,ודעם,0.6011904761904762,נווה שלום,0.7887323943661971,
22,רתמים,1260,180,216,180,133,0.7388888888888889,טב,0.6333333333333333,רתמים,0.8333333333333334,
22,הר עמשא,1261,70,107,70,14,0.2,פה,0.3,הר עמשא,0.6542056074766355,
22,צוקים,1262,130,178,130,12,0.09230769230769231,פה,0.5,צוקים,0.7303370786516854,
22,כפר ורדים,1263,3300,4673,3312,567,0.17181818181818181,פה,0.5157575757575757,כפר ורדים,0.7087524074470362,
22,כרמי יוסף,1264,1074,1420,1075,169,0.15735567970204842,פה,0.542830540037244,כרמי יוסף,0.7570422535211268,
22,שומריה,1265,278,336,279,244,0.8776978417266187,טב,0.6510791366906474,שומריה,0.8303571428571429,
22,שחרות,1266,69,118,69,7,0.10144927536231885,פה,0.4492753623188406,שחרות,0.5847457627118644,
22,מיתר,1268,5173,6968,5184,2015,0.38952252078097815,פה,0.4078871061279722,מיתר,0.7439724454649828,
22,להבים,1271,3720,4915,3729,1027,0.2760752688172043,פה,0.47956989247311826,להבים,0.7586978636826043,
22,חלוץ,1272,272,412,272,22,0.08088235294117647,פה,0.5220588235294118,חלוץ,0.6601941747572816,
22,גן נר,1274,1487,2106,1502,640,0.43039677202420984,פה,0.40753194351042366,גן נר,0.7132003798670465,
22,אבטליון,1275,233,305,233,35,0.15021459227467812,פה,0.5793991416309013,אבטליון,0.7639344262295082,
22,ניצני סיני,1280,121,202,121,27,0.2231404958677686,פה,0.4462809917355372,ניצני סיני,0.599009900990099,
22,מירב,1282,285,379,285,255,0.8947368421052632,טב,0.7473684210526316,מירב,0.7519788918205804,
22,תל תאומים,1283,233,328,233,200,0.8583690987124464,מחל,0.6223175965665236,תל תאומים,0.7103658536585366,
22,נופית,1284,1512,2008,1513,229,0.15145502645502645,פה,0.6256613756613757,נופית,0.7534860557768924,
22,כרכום,1285,317,462,318,79,0.24921135646687698,פה,0.5457413249211357,כרכום,0.6883116883116883,
22,שגב-שלום,1286,3024,4988,3057,26,0.008597883597883597,ודעם,0.9583333333333334,שגב שלום,0.6128708901363272,
22,שני,1287,327,467,329,150,0.45871559633027525,פה,0.2324159021406728,שני,0.7044967880085653,141.0
22,גבעת אלה,1288,1204,1628,1204,125,0.10382059800664452,פה,0.6046511627906976,גבעת אלה,0.7395577395577395,
22,זמר,1290,2841,4674,2858,38,0.013375571981696586,ודעם,0.928194297782471,זמר,0.6114676936243046,
22,כמהין,1291,177,233,179,31,0.1751412429378531,פה,0.4293785310734463,כמהין,0.7682403433476395,
22,ג'דיידה-מכר,1292,8967,14283,9027,91,0.01014832162373146,ודעם,0.9417865506858482,ג דיידה מכר,0.632010081915564,
22,גבעת אבני,1293,1153,1668,1158,557,0.48308759757155245,פה,0.37727666955767564,גבעת אבני,0.6942446043165468,
22,אור הגנוז,1294,182,272,183,159,0.8736263736263736,ג,0.44505494505494503,אור הגנוז,0.6727941176470589,
22,יאנוח-ג'ת,1295,2580,4536,2602,925,0.35852713178294576,פה,0.3817829457364341,יאנוח ג ת,0.5736331569664903,
22,כסרא-סמיע,1296,1793,5608,1807,234,0.1305075292805354,פה,0.39375348577802566,כסרא סמיע,0.3222182596291013,
22,כפר חנניה,1297,386,522,387,212,0.5492227979274611,מחל,0.4067357512953368,כפר חנניה,0.7413793103448276,
22,חורה,1303,3504,7858,3543,66,0.018835616438356163,ודעם,0.8427511415525114,חורה,0.4508780860269789,
22,שוהם,1304,11937,15567,11955,4146,0.34732344810253835,פה,0.47306693474072214,שוהם,0.7679707072653691,
22,אלעד,1309,17433,20458,17547,16720,0.9591005564159927,שס,0.49492342109791776,אלעד,0.8577084759018477,
22,לפיד,1310,1374,1813,1376,338,0.24599708879184862,פה,0.5080058224163028,לפיד,0.7589630446773304,
22,אבשלום,1311,155,247,157,38,0.24516129032258063,ל,0.5032258064516129,אבשלום,0.6356275303643725,
22,פוריה עילית,1313,553,855,558,296,0.5352622061482821,מחל,0.45750452079566006,פוריה עילית,0.6526315789473685,
22,נווה זיו,1314,404,532,406,155,0.38366336633663367,פה,0.42326732673267325,נווה זיו,0.7631578947368421,
22,מתן,1315,1895,2526,1902,349,0.1841688654353562,פה,0.5757255936675462,מתן,0.7529691211401425,
22,אל-עריאן,1316,90,127,91,1,0.011111111111111112,ודעם,0.8111111111111111,אל עריאן,0.7165354330708661,
22,דמיידה,1317,199,315,200,5,0.02512562814070352,ודעם,0.8291457286432161,דמיידה,0.6349206349206349,
22,בת חפר,1319,2923,4009,2929,635,0.2172425590147109,פה,0.5651727677044133,בת חפר,0.7306061361935645,
22,עין חוד,1320,112,193,116,1,0.008928571428571428,ודעם,0.9553571428571429,עין חוד,0.6010362694300518,
22,ח'ואלד,1321,252,491,256,3,0.011904761904761904,ודעם,0.7936507936507936,ח ואלד,0.5213849287169042,
22,בת הדר,1323,399,502,401,210,0.5263157894736842,מחל,0.41353383458646614,בת הדר,0.798804780876494,
22,ארסוף,1324,74,123,74,10,0.13513513513513514,פה,0.5,ארסוף,0.6016260162601627,
22,בסמה,1326,3623,6530,3659,29,0.008004416229643941,ודעם,0.920231852056307,בסמה,0.5603369065849924,
22,מעלה עירון,1327,4685,9736,4722,73,0.015581643543223053,ודעם,0.9455709711846318,מעלה עירון,0.48500410846343467,
22,אחוזת ברק,1330,1245,1691,1252,494,0.3967871485943775,פה,0.41285140562248995,אחוזת ברק,0.7403903015966884,
22,כמאנה,1331,555,1026,556,39,0.07027027027027027,ודעם,0.8288288288288288,כמאנה,0.5419103313840156,
22,חוסנייה,1332,271,539,275,2,0.007380073800738007,ודעם,0.6974169741697417,חוסנייה,0.5102040816326531,
22,נוף איילון,1333,1366,1709,1369,1214,0.8887262079062958,טב,0.7093704245973645,נוף איילון,0.8010532475131656,
22,ראס אל-עין,1334,188,264,189,4,0.02127659574468085,ודעם,0.5478723404255319,ראס אל עין,0.7159090909090909,
22,ערב אל נעים,1335,244,507,258,129,0.5286885245901639,מחל,0.5163934426229508,ערב אל נעים,0.5088757396449705,
22,אירוס,1336,324,381,324,112,0.345679012345679,פה,0.49382716049382713,אירוס,0.8503937007874016,
22,שמשית,1337,1322,1806,1325,155,0.1172465960665658,פה,0.6172465960665658,שמשית,0.7336655592469546,
22,כדיתה,1338,63,128,64,34,0.5396825396825397,מחל,0.38095238095238093,כדיתה,0.5,
22,מרחב עם,1340,157,185,157,133,0.8471337579617835,טב,0.6560509554140127,מרחב עם,0.8486486486486486,
22,אבו קרינאת (יישוב),1342,289,554,291,3,0.010380622837370242,ודעם,0.643598615916955,אבו קרינאת יישוב,0.5252707581227437,
22,מכחול,1343,257,413,264,5,0.019455252918287938,ודעם,0.7782101167315175,מכחול,0.639225181598063,
22,גבעות בר,1344,477,576,479,204,0.4276729559748428,פה,0.39622641509433965,גבעות בר,0.8315972222222222,
22,צור יצחק,1345,2845,3424,2851,652,0.22917398945518452,פה,0.5775043936731107,צור יצחק,0.8326518691588785,
22,תראבין א-צאנע(ישוב),1346,205,574,210,67,0.32682926829268294,ודעם,0.5609756097560976,תראבין א צאנע ישוב,0.36585365853658536,
22,קצר א-סר,1347,923,1221,927,8,0.00866738894907909,ודעם,0.952329360780065,קצר א סר,0.7592137592137592,
22,ביר הדאג',1348,938,1176,946,4,0.0042643923240938165,ודעם,0.9797441364605544,ביר הדאג,0.8044217687074829,
22,דריג'את,1349,359,541,360,14,0.03899721448467967,ודעם,0.7799442896935933,דריג את,0.6654343807763401,
22,אום בטין,1358,1078,1960,1089,9,0.008348794063079777,ודעם,0.9165120593692022,אום בטין,0.5556122448979591,
22,אל סייד,1359,695,1718,711,35,0.050359712230215826,נך,0.37410071942446044,אל סייד,0.4138533178114086,
22,סעוה,1360,368,899,374,20,0.05434782608695652,ודעם,0.7282608695652174,סעוה,0.41601779755283647,
22,בת חן,1361,320,423,324,50,0.15625,פה,0.59375,בת חן,0.7659574468085106,
22,בני נצרים,1363,247,299,250,206,0.8340080971659919,טב,0.562753036437247,בני נצרים,0.8361204013377926,
22,שלומית,1364,95,113,95,72,0.7578947368421053,טב,0.6210526315789474,שלומית,0.8407079646017699,
22,אליאב,1365,166,198,166,63,0.3795180722891566,פה,0.40963855421686746,אליאב,0.8383838383838383,
22,נווה,1366,266,315,271,231,0.868421052631579,ג,0.4699248120300752,נווה,0.8603174603174604,
22,כחלה,1367,170,243,176,0,0.0,פה,0.5941176470588235,כחלה,0.7242798353909465,
22,בני דקלים,1368,439,506,440,360,0.8200455580865603,טב,0.7084282460136674,בני דקלים,0.8695652173913043,
22,נטע,1369,191,221,192,160,0.837696335078534,טב,0.7905759162303665,נטע,0.8687782805429864,
22,מצפה אילן,1370,184,210,184,167,0.907608695652174,טב,0.7771739130434783,מצפה אילן,0.8761904761904762,
22,גני טל,1371,371,415,371,336,0.9056603773584906,טב,0.7223719676549866,גני טל,0.8939759036144578,
22,נצר חזני,1372,225,253,227,180,0.8,טב,0.4888888888888889,נצר חזני,0.8972332015810277,
22,כרמי קטיף,1374,180,208,180,168,0.9333333333333333,טב,0.9222222222222223,כרמי קטיף,0.8653846153846154,
22,אבו תלול,1375,621,905,626,5,0.008051529790660225,ודעם,0.9742351046698873,אבו תלול,0.6917127071823205,
22,באר גנים,1376,722,853,724,568,0.7867036011080333,מחל,0.37534626038781166,באר גנים,0.8487690504103166,
22,מחנה הילה,1411,90,122,90,22,0.24444444444444444,פה,0.5666666666666667,מחנה הילה,0.7377049180327869,
22,מחנה תל נוף,1412,110,176,110,33,0.3,פה,0.509090909090909,מחנה תל נוף,0.625,
22,מחנה יהודית,1413,90,131,91,36,0.4,פה,0.5111111111111111,מחנה יהודית,0.6946564885496184,
22,מחנה מרים,1414,67,100,67,24,0.3582089552238806,פה,0.5522388059701493,מחנה מרים,0.67,
22,מחנה יפה,1415,146,217,147,57,0.3904109589041096,פה,0.541095890410959,מחנה יפה,0.6774193548387096,
22,מחנה יוכבד,1416,71,121,71,11,0.15492957746478872,פה,0.6901408450704225,מחנה יוכבד,0.5867768595041323,
22,מחנה טלי,1418,85,165,85,29,0.3411764705882353,פה,0.4823529411764706,מחנה טלי,0.5151515151515151,
22,ניצן ב',1419,436,616,436,325,0.7454128440366973,מחל,0.4197247706422018,ניצן ב,0.7077922077922078,
22,תנובות,2002,467,607,469,204,0.43683083511777304,מחל,0.33832976445396146,תנובות,0.7726523887973641,
22,תלמי אלעזר,2003,503,653,504,105,0.20874751491053678,פה,0.5427435387673957,תלמי אלעזר,0.7718223583460949,
22,שדה יצחק,2008,290,396,291,69,0.23793103448275862,פה,0.44482758620689655,שדה יצחק,0.7348484848484849,
22,יובל,2009,312,427,312,129,0.41346153846153844,פה,0.3557692307692308,יובל,0.7306791569086651,
22,כפר בן נון,2010,413,528,415,78,0.18886198547215496,פה,0.38498789346246975,כפר בן נון,0.7859848484848485,
22,ינון,2011,679,894,685,386,0.5684830633284241,מחל,0.4580265095729013,ינון,0.7662192393736018,
22,אורות,2012,324,436,324,51,0.1574074074074074,פה,0.6141975308641975,אורות,0.7431192660550459,
22,בן שמן (מושב),2013,443,582,444,116,0.2618510158013544,פה,0.5259593679458239,בן שמן מושב,0.7628865979381443,
22,גבעולים,2014,238,300,238,194,0.8151260504201681,מחל,0.6512605042016807,גבעולים,0.7933333333333333,
22,שדי חמד,2015,572,718,574,58,0.10139860139860139,פה,0.4458041958041958,שדי חמד,0.7994428969359332,
22,רוויה,2016,181,255,181,153,0.8453038674033149,מחל,0.6298342541436464,רוויה,0.7098039215686275,
22,גבעת חיים (איחוד),2018,741,964,742,10,0.01349527665317139,פה,0.5506072874493927,גבעת חיים איחוד,0.7697095435684648,
22,אשל הנשיא,2021,75,116,75,25,0.3333333333333333,פה,0.38666666666666666,אשל הנשיא,0.646551724137931,
22,להב,2023,302,446,302,12,0.039735099337748346,פה,0.4735099337748344,להב,0.6771300448430493,
22,אום אל-קוטוף,2024,506,708,510,24,0.04743083003952569,ודעם,0.8181818181818182,אום אל קוטוף,0.7203389830508474,
22,ירדנה,2026,206,285,206,136,0.6601941747572816,מחל,0.5436893203883495,ירדנה,0.7228070175438597,
22,מדרך עוז,2029,402,555,402,252,0.6268656716417911,מחל,0.5024875621890548,מדרך עוז,0.7243243243243244,
22,מנוחה,2030,327,424,327,252,0.7706422018348624,מחל,0.581039755351682,מנוחה,0.7712264150943396,
22,בית חלקיה,2033,381,452,384,373,0.979002624671916,ג,0.926509186351706,בית חלקיה,0.8495575221238938,
22,חצור הגלילית,2034,4827,7031,4865,3989,0.8263932048891651,מחל,0.49140252744976176,חצור הגלילית,0.6919357132698052,
22,עדנים,2035,232,300,232,27,0.11637931034482758,פה,0.5172413793103449,עדנים,0.7733333333333333,
22,ברקת,2038,932,1115,934,713,0.7650214592274678,מחל,0.4656652360515021,ברקת,0.8376681614349776,
22,עין גדי,2042,318,479,320,36,0.11320754716981132,פה,0.4811320754716981,עין גדי,0.6680584551148225,
22,בחן,2043,448,579,448,42,0.09375,פה,0.6383928571428571,בחן,0.7737478411053541,
22,מלילות,2044,202,259,202,154,0.7623762376237624,מחל,0.5693069306930693,מלילות,0.7799227799227799,
22,נחלה,2045,384,475,386,195,0.5078125,מחל,0.3098958333333333,נחלה,0.8126315789473684,
22,סגולה,2046,323,425,324,72,0.22291021671826625,פה,0.49226006191950467,סגולה,0.7623529411764706,
22,ניר משה,2047,285,412,285,87,0.30526315789473685,פה,0.4070175438596491,ניר משה,0.691747572815534,
22,ניר עקיבא,2048,381,488,383,194,0.5091863517060368,פה,0.25196850393700787,ניר עקיבא,0.7848360655737705,
22,שדה צבי,2049,327,429,327,177,0.5412844036697247,מחל,0.39755351681957185,שדה צבי,0.7622377622377622,
22,תלמי בילו,2050,253,344,254,174,0.6877470355731226,מחל,0.5573122529644269,תלמי בילו,0.7383720930232558,
22,רווחה,2051,347,426,347,260,0.7492795389048992,מחל,0.5446685878962536,רווחה,0.8145539906103286,
22,אביטל,2052,306,388,308,245,0.8006535947712419,מחל,0.6078431372549019,אביטל,0.7938144329896907,
22,פרזון,2053,237,320,240,160,0.6751054852320675,מחל,0.5443037974683544,פרזון,0.75,
22,מיטב,2054,283,375,284,197,0.696113074204947,מחל,0.6042402826855123,מיטב,0.7573333333333333,
22,מאור,2055,695,903,697,233,0.33525179856115106,פה,0.45179856115107914,מאור,0.7718715393133998,
22,שדי תרומות,2057,240,364,240,222,0.925,מחל,0.8291666666666667,שדי תרומות,0.6593406593406593,
22,פעמי תשז,2059,309,380,310,217,0.7022653721682848,מחל,0.42071197411003236,פעמי תשז,0.8157894736842105,
22,ברוש,2060,254,331,254,163,0.6417322834645669,מחל,0.4921259842519685,ברוש,0.7673716012084593,
22,תדהר,2061,299,405,300,166,0.5551839464882943,מחל,0.4682274247491639,תדהר,0.7407407407407407,
22,תאשור,2062,201,288,201,74,0.3681592039800995,פה,0.31840796019900497,תאשור,0.6979166666666666,
22,דישון,2063,179,295,179,119,0.664804469273743,מחל,0.48044692737430167,דישון,0.6067796610169491,
22,זרועה,2064,212,291,212,170,0.8018867924528302,מחל,0.6226415094339622,זרועה,0.7285223367697594,
22,טירת כרמל,2100,12032,18575,12108,8305,0.6902426861702128,מחל,0.5368184840425532,טירת כרמל,0.6518438761776582,
22,דימונה,2200,16730,28063,16894,12144,0.7258816497310221,מחל,0.5523610280932457,דימונה,0.6020026369240637,
22,קרית טבעון,2300,9449,13648,9474,1841,0.19483543232088052,פה,0.4833315694782517,קרית טבעון,0.6941676436107854,
22,אור יהודה,2400,18728,26993,18880,13283,0.7092588637334473,מחל,0.4829666809055959,אור יהודה,0.6994405957099988,
22,נשר,2500,12431,19638,12502,5201,0.41838951009572845,מחל,0.3450245354356045,נשר,0.6366228740197576,
22,באר יעקב,2530,12206,16096,12272,5907,0.48394232344748483,פה,0.3647386531214157,באר יעקב,0.7624254473161034,
22,גדרה,2550,12891,17470,12954,5729,0.44441858661081374,פה,0.373749127298115,גדרה,0.7414997137950773,
22,ערד,2560,12738,21503,12841,5975,0.4690689276181504,ג,0.2369288742345737,ערד,0.5971724875598754,
22,אילת,2600,22715,50539,22840,12312,0.5420206911732336,מחל,0.4291877613911512,אילת,0.45192821385464693,
22,בית שמש,2610,41593,63507,41894,35488,0.853220493833097,ג,0.36138292501142016,בית שמש,0.6596753113829972,
22,קרית אונו,2620,21416,28834,21497,6391,0.298421740754576,פה,0.4823963391856556,קרית אונו,0.7455434556426441,
22,קרית גת,2630,27997,42112,28233,17997,0.6428188734507269,מחל,0.3724327606529271,קרית גת,0.670426481762918,
22,ראש העין,2640,31909,41277,32018,16369,0.5129900654987621,פה,0.3469240653107274,ראש העין,0.7756862175061172,
22,רמת השרון,2650,26900,37134,26974,6527,0.24263940520446098,פה,0.5299256505576209,רמת השרון,0.7263962945009964,
22,יבנה,2660,24541,33320,24697,13467,0.5487551444521414,מחל,0.3782241962430219,יבנה,0.7412064825930372,
22,אום אל-פחם,2710,17854,35181,18060,83,0.004648818192001792,ודעם,0.9582726559874538,אום אל פחם,0.5133452715954635,
22,טירה,2720,12059,18053,12139,65,0.0053901650219752885,ודעם,0.9061282030019073,טירה,0.6724090178917631,
22,טייבה,2730,18463,27934,18609,121,0.006553647836212966,ודעם,0.9463250825976277,טייבה,0.666177418200043,
22,קרית שמונה,2800,10908,18246,10981,7505,0.688027136046938,מחל,0.5266776677667767,קרית שמונה,0.6018305382001534,
22,ירושלים,3000,259977,413140,261817,189988,0.7307877235293891,ג,0.24977978821203414,ירושלים,0.6337246453986543,
22,חברון,3400,230,296,230,133,0.5782608695652174,טב,0.45652173913043476,חברון,0.777027027027027,43.0
22,כפר עציון,3488,366,471,371,300,0.819672131147541,טב,0.592896174863388,כפר עציון,0.7876857749469215,63.0
22,נתיב הגדוד,3555,156,228,156,44,0.28205128205128205,אמת,0.3333333333333333,נתיב הגדוד,0.6842105263157895,103.0
22,אלמוג,3556,127,198,128,24,0.1889763779527559,פה,0.4330708661417323,אלמוג,0.6464646464646465,9.0
22,קדומים,3557,2102,2632,2107,1801,0.8568030447193149,טב,0.6417697431018078,קדומים,0.800531914893617,123.0
22,תומר,3558,205,249,206,76,0.37073170731707317,פה,0.45365853658536587,תומר,0.8273092369477911,145.0
22,אלקנה,3560,2024,2504,2026,1745,0.8621541501976284,טב,0.6768774703557312,אלקנה,0.8091054313099042,13.0
22,מגדל עוז,3561,165,256,166,143,0.8666666666666667,טב,0.6606060606060606,מגדל עוז,0.6484375,70.0
22,תקוע,3563,1524,2097,1532,1249,0.8195538057742782,טב,0.5236220472440944,תקוע,0.7305674773485932,147.0
22,כוכב השחר,3564,975,1200,976,795,0.8153846153846154,טב,0.6471794871794871,כוכב השחר,0.8133333333333334,59.0
22,רימונים,3565,351,510,353,248,0.7065527065527065,מחל,0.5555555555555556,רימונים,0.692156862745098,135.0
22,יפית,3566,104,159,105,70,0.6730769230769231,מחל,0.4807692307692308,יפית,0.660377358490566,56.0
22,סלעית,3567,613,738,613,84,0.1370309951060359,פה,0.6443719412724307,סלעית,0.8306233062330624,105.0
22,ריחן,3568,150,198,151,55,0.36666666666666664,פה,0.4,ריחן,0.7626262626262627,134.0
22,מבוא דותן,3569,192,280,192,124,0.6458333333333334,מחל,0.4270833333333333,מבוא דותן,0.6857142857142857,67.0
22,אריאל,3570,9636,15145,9724,5573,0.5783520132835201,מחל,0.4396014943960149,אריאל,0.6420600858369099,17.0
22,שבי שומרון,3571,438,552,439,291,0.6643835616438356,טב,0.3767123287671233,שבי שומרון,0.7952898550724637,137.0
22,כפר תפוח,3572,496,606,496,351,0.7076612903225806,טב,0.38306451612903225,כפר תפוח,0.8184818481848185,64.0
22,נוה צוף,3573,596,755,596,473,0.7936241610738255,טב,0.5738255033557047,נוה צוף,0.7894039735099337,
22,בית אל,3574,2739,3366,2746,2349,0.8576122672508215,טב,0.6754289886820007,בית אל,0.815805109922757,19.0
22,בית חורון,3575,673,816,673,552,0.8202080237741456,טב,0.4635958395245171,בית חורון,0.8247549019607843,23.0
22,מצפה יריחו,3576,1011,1278,1014,736,0.7279920870425322,טב,0.4876360039564787,מצפה יריחו,0.7934272300469484,85.0
22,שדמות מחולה,3578,329,392,329,287,0.8723404255319149,טב,0.7446808510638298,שדמות מחולה,0.8392857142857143,138.0
22,אלון מורה,3579,726,923,727,586,0.8071625344352618,טב,0.6776859504132231,אלון מורה,0.7876489707475623,7.0
22,ארגמן,3598,85,128,85,47,0.5529411764705883,מחל,0.47058823529411764,ארגמן,0.6640625,16.0
22,מחולה,3599,262,334,262,231,0.8816793893129771,טב,0.6755725190839694,מחולה,0.7844311377245509,74.0
22,קליה,3601,219,313,221,55,0.2511415525114155,פה,0.547945205479452,קליה,0.7060702875399361,125.0
22,ראש צורים,3602,410,486,411,369,0.9,טב,0.7780487804878049,ראש צורים,0.845679012345679,129.0
22,הר גילה,3603,781,1002,782,439,0.5620998719590269,מחל,0.4033290653008963,הר גילה,0.780439121756487,40.0
22,אלון שבות,3604,1641,2181,1644,1443,0.8793418647166362,טב,0.7074954296160878,אלון שבות,0.7537826685006878,8.0
22,משואה,3605,95,150,95,54,0.5684210526315789,מחל,0.35789473684210527,משואה,0.6333333333333333,87.0
22,גלגל,3606,88,152,89,34,0.38636363636363635,פה,0.3409090909090909,גלגל,0.5855263157894737,36.0
22,ייטב,3607,160,209,162,127,0.79375,טב,0.41875,ייטב,0.7751196172248804,
22,מעלה אפרים,3608,575,1125,581,393,0.6834782608695652,מחל,0.4191304347826087,מעלה אפרים,0.5164444444444445,78.0
22,חמרה,3609,87,136,88,35,0.40229885057471265,פה,0.3793103448275862,חמרה,0.6470588235294118,49.0
22,מצפה שלם,3610,177,235,178,50,0.2824858757062147,פה,0.3785310734463277,מצפה שלם,0.7574468085106383,86.0
22,קרית ארבע,3611,3356,4728,3371,2364,0.7044100119189511,מחל,0.3238974970202622,קרית ארבע,0.7129864636209814,126.0
22,בקעות,3612,108,139,108,51,0.4722222222222222,פה,0.4074074074074074,בקעות,0.7769784172661871,25.0
22,גיתית,3613,194,242,194,139,0.7164948453608248,טב,0.4484536082474227,גיתית,0.8016528925619835,35.0
22,מכורה,3614,96,135,96,39,0.40625,פה,0.3541666666666667,מכורה,0.7111111111111111,75.0
22,פצאל,3615,195,238,195,97,0.49743589743589745,מחל,0.36923076923076925,פצאל,0.819327731092437,121.0
22,מעלה אדומים,3616,19508,27911,19596,14105,0.7230367028911215,מחל,0.49010662292392865,מעלה אדמים,0.702088782200566,77.0
22,עופרה,3617,1443,1879,1445,1253,0.8683298683298684,טב,0.6832986832986833,עופרה,0.7690260777009047,
22,אלעזר,3618,1140,1463,1140,997,0.874561403508772,טב,0.6657894736842105,אלעזר,0.7792207792207793,11.0
22,רועי,3619,91,133,92,31,0.34065934065934067,פה,0.42857142857142855,רועי,0.6917293233082706,131.0
22,מעלה שומרון,3637,446,585,448,344,0.7713004484304933,מחל,0.4125560538116592,מעלה שומרון,0.7658119658119659,82.0
22,כפר אדומים,3638,1909,2526,1913,1346,0.7050811943425878,טב,0.4253535882661079,כפר אדומים,0.7573238321456849,61.0
22,ורד יריחו,3639,180,232,181,99,0.55,מחל,0.4666666666666667,ורד יריחו,0.7801724137931034,42.0
22,קרני שומרון,3640,4033,5384,4045,3131,0.7763451524919415,טב,0.43020084304487977,קרני שומרון,0.7513001485884101,128.0
22,שילה,3641,1552,1935,1553,1123,0.7235824742268041,טב,0.5663659793814433,שילה,0.8025839793281654,139.0
22,חיננית,3643,578,773,582,426,0.7370242214532872,טב,0.44809688581314877,חיננית,0.7529107373868047,46.0
22,גבעון החדשה,3644,698,1018,705,362,0.5186246418338109,מחל,0.3553008595988539,גבעון החדשה,0.6925343811394892,32.0
22,בית הערבה,3645,124,153,126,73,0.5887096774193549,מחל,0.4032258064516129,בית הערבה,0.8235294117647058,22.0
22,חמדת,3646,86,114,86,79,0.9186046511627907,טב,0.6976744186046512,חמדת,0.7543859649122807,48.0
22,יקיר,3647,999,1203,1002,832,0.8328328328328328,טב,0.6166166166166166,יקיר,0.8329177057356608,58.0
22,מתתיהו,3648,341,468,346,332,0.9736070381231672,ג,0.8357771260997068,מתתיהו,0.7393162393162394,
22,שקד,3649,418,585,420,231,0.5526315789473685,מחל,0.37799043062200954,שקד,0.717948717948718,144.0
22,אפרת,3650,5291,7067,5309,4557,0.8612738612738613,טב,0.5976185976185976,אפרת,0.7512381491439083,15.0
22,מעלה מכמש,3651,734,935,735,602,0.8201634877384196,טב,0.5722070844686649,מעלה מכמש,0.786096256684492,80.0
22,בית אריה,3652,2623,3610,2636,1594,0.6077011056042699,מחל,0.4483415935951201,בית אריה,0.7301939058171745,21.0
22,מעלה עמוס,3653,249,341,251,224,0.8995983935742972,ג,0.5020080321285141,מעלה עמוס,0.7360703812316716,81.0
22,ברקן,3654,972,1371,977,618,0.6358024691358025,מחל,0.49794238683127573,ברקן,0.712618526622903,
22,נילי,3655,842,1107,843,420,0.498812351543943,מחל,0.33016627078384797,נילי,0.7615176151761518,
22,כרמל,3656,204,263,204,184,0.9019607843137255,טב,0.75,כרמל,0.7756653992395437,66.0
22,מעון,3657,220,299,220,174,0.7909090909090909,טב,0.7318181818181818,מעון,0.7357859531772575,76.0
22,עטרת,3658,255,298,255,213,0.8352941176470589,טב,0.7333333333333333,עטרת,0.8557046979865772,108.0
22,פסגות,3659,815,987,819,728,0.8932515337423312,טב,0.7202453987730061,פסגות,0.8297872340425532,120.0
22,עמנואל,3660,1604,2197,1609,1388,0.8653366583541147,שס,0.4183291770573566,עמנואל,0.7323623122439691,113.0
22,מבוא חורון,3709,983,1110,986,830,0.844354018311292,טב,0.6256358087487284,מבוא חורון,0.8882882882882883,68.0
22,ברכה,3710,975,1128,977,837,0.8584615384615385,מחל,0.49435897435897436,ברכה,0.8661347517730497,27.0
22,ענב,3712,421,500,421,323,0.7672209026128266,טב,0.4489311163895487,ענב,0.842,114.0
22,נעמה,3713,81,143,82,31,0.38271604938271603,פה,0.43209876543209874,נעמה,0.5734265734265734,
22,עלמון,3715,733,977,736,506,0.6903137789904502,מחל,0.5648021828103683,עלמון,0.7533265097236438,111.0
22,חרמש,3717,128,203,140,61,0.4765625,מחל,0.3671875,חרמש,0.6896551724137931,50.0
22,תלם,3719,220,212,221,155,0.7045454545454546,טב,0.3409090909090909,תלם,1.0424528301886793,146.0
22,שערי תקווה,3720,2902,3896,2912,1849,0.6371467953135769,מחל,0.3525155065472088,שערי תקווה,0.7474332648870636,143.0
22,אשכולות,3722,238,332,239,114,0.4789915966386555,מחל,0.3865546218487395,אשכולות,0.7198795180722891,18.0
22,פני חבר,3723,172,222,174,131,0.7616279069767442,טב,0.563953488372093,פני חבר,0.7837837837837838,119.0
22,נגוהות,3724,123,139,123,89,0.7235772357723578,טב,0.6422764227642277,נגוהות,0.8848920863309353,90.0
22,נווה דניאל,3725,1159,1546,1160,982,0.8472821397756687,טב,0.6514236410698878,נווה דניאל,0.7503234152652005,91.0
22,נוקדים,3726,856,1161,860,659,0.7698598130841121,טב,0.4544392523364486,נוקדים,0.7407407407407407,94.0
22,עלי זהב,3727,1236,1484,1238,1104,0.8932038834951457,טב,0.6925566343042071,עלי זהב,0.8342318059299192,110.0
22,גבעת זאב,3730,8758,11507,8788,7017,0.8012103219913222,מחל,0.312514272664992,גבעת זאב,0.763709046667246,34.0
22,טנא,3743,382,510,383,238,0.6230366492146597,טב,0.3743455497382199,טנא,0.7509803921568627,54.0
22,ברוכין,3744,387,437,387,349,0.9018087855297158,טב,0.7881136950904393,ברוכין,0.88558352402746,26.0
22,מצדות יהודה,3745,239,314,241,212,0.8870292887029289,טב,0.803347280334728,מצדות יהודה,0.767515923566879,83.0
22,קרית נטפים,3746,360,415,360,282,0.7833333333333333,טב,0.49444444444444446,קרית נטפים,0.8674698795180723,127.0
22,דולב,3747,661,816,663,572,0.8653555219364599,טב,0.7307110438729199,דולב,0.8125,38.0
22,עתניאל,3748,350,454,350,286,0.8171428571428572,טב,0.6457142857142857,עתניאל,0.7709251101321586,117.0
22,יצהר,3749,536,664,536,221,0.4123134328358209,כף,0.5802238805970149,יצהר,0.8072289156626506,57.0
22,אלפי מנשה,3750,4273,5777,4283,1749,0.4093142990872923,פה,0.42803650830798035,אלפי מנשה,0.741388263804743,12.0
22,מגדלים,3751,167,229,168,126,0.7544910179640718,טב,0.6407185628742516,מגדלים,0.7336244541484717,71.0
22,מעלה לבונה,3752,332,418,332,223,0.6716867469879518,טב,0.4879518072289157,מעלה לבונה,0.7942583732057417,79.0
22,אספר,3754,274,371,278,254,0.927007299270073,ג,0.45985401459854014,אספר,0.7493261455525606,
22,סוסיה,3756,506,665,507,414,0.8181818181818182,טב,0.7134387351778656,סוסיה,0.762406015037594,104.0
22,אדורה,3759,190,246,190,120,0.631578947368421,טב,0.3368421052631579,אדורה,0.7723577235772358,3.0
22,אורנית,3760,4861,6351,4877,2077,0.42727833779057806,פה,0.42789549475416583,אורנית,0.7679105652653125,4.0
22,איתמר,3762,435,572,437,315,0.7241379310344828,טב,0.5517241379310345,איתמר,0.763986013986014,5.0
22,גבע בנימין,3763,2363,3174,2369,1783,0.7545493017350825,מחל,0.4210749047820567,גבע בנימין,0.7463768115942029,
22,חגי,3764,261,327,261,224,0.8582375478927203,טב,0.7203065134099617,חגי,0.7981651376146789,44.0
22,עלי,3765,1633,2148,1640,1421,0.8701775872627067,טב,0.6246172688303735,עלי,0.7635009310986964,109.0
22,כרמי צור,3766,448,545,448,385,0.859375,טב,0.6205357142857143,כרמי צור,0.8220183486238533,65.0
22,נחליאל,3767,258,330,259,182,0.7054263565891473,כף,0.2868217054263566,נחליאל,0.7848484848484848,96.0
22,פדואל,3768,898,1055,899,805,0.8964365256124721,טב,0.7861915367483296,פדואל,0.852132701421801,118.0
22,הר אדר,3769,2311,3015,2316,626,0.27087840761575077,פה,0.4937256598874946,הר אדר,0.7681592039800995,39.0
22,חשמונאים,3770,1749,2301,1751,1523,0.8707833047455689,טב,0.5328759291023442,חשמונאים,0.7609734897870492,51.0
22,סנסנה,3777,211,241,211,195,0.9241706161137441,טב,0.8246445497630331,סנסנה,0.8755186721991701,106.0
22,עץ אפרים,3778,1063,1326,1068,792,0.7450611476952023,טב,0.3640639698965193,עץ אפרים,0.8054298642533937,116.0
22,כוכב יעקב,3779,3441,4217,3456,2825,0.8209822725951759,שס,0.3917465852949724,כוכב יעקב,0.8195399573156272,60.0
22,ביתר עילית,3780,20841,25369,20980,20010,0.9601266733841947,ג,0.6444508420901108,ביתר עלית,0.826993574835429,24.0
22,קדר,3781,707,967,709,525,0.7425742574257426,מחל,0.6096181046676096,קדר,0.733195449844881,124.0
22,שמעה,3784,316,424,316,240,0.759493670886076,טב,0.4462025316455696,שמעה,0.7452830188679245,140.0
22,משכיות,3785,128,164,128,84,0.65625,טב,0.5234375,משכיות,0.7804878048780488,88.0
22,נעלה,3787,852,1146,853,444,0.5211267605633803,מחל,0.37910798122065725,נעלה,0.7443280977312391,100.0
22,טלמון,3788,1716,2066,1720,1434,0.8356643356643356,טב,0.6981351981351981,טלמון,0.8325266214908035,53.0
22,נופים,3790,378,510,379,294,0.7777777777777778,מחל,0.49206349206349204,נופים,0.7431372549019608,93.0
22,צופים,3791,1131,1441,1134,794,0.7020335985853228,טב,0.39876215738284704,צופים,0.7869535045107564,122.0
22,אבני חפץ,3793,863,1080,865,706,0.8180764774044033,טב,0.47856315179606024,אבני חפץ,0.8009259259259259,1.0
22,בת עין,3794,596,860,600,373,0.6258389261744967,טב,0.3691275167785235,בת עין,0.6976744186046512,29.0
22,רבבה,3795,982,1150,982,835,0.8503054989816701,טב,0.7331975560081466,רבבה,0.8539130434782609,130.0
22,כפר האורנים,3796,1182,1607,1187,232,0.19627749576988154,פה,0.5820642978003384,כפר האורנים,0.7386434349719975,
22,מודיעין עילית,3797,23167,27973,23639,22924,0.9895109422886001,ג,0.8031251348901455,מודיעין עלית,0.8450648839952811,73.0
22,רחלים,3822,283,313,283,246,0.8692579505300353,טב,0.7915194346289752,רחלים,0.9041533546325878,133.0
22,גני מודיעין,3823,1469,1862,1477,1254,0.853641933287951,שס,0.45064669843430905,גני מודיעין,0.793233082706767,37.0
22,עמיחי,3824,68,71,68,39,0.5735294117647058,כף,0.39705882352941174,עמיחי,0.9577464788732394,112.0
22,חיפה,4000,144042,248570,144888,48797,0.33876924785826357,פה,0.3290290331986504,חיפה,0.5828861085408537,
22,בוקעאתא,4001,82,554,82,45,0.5487804878048781,מחל,0.34146341463414637,בוקעאתא,0.148014440433213,
22,אלי-עד,4002,214,298,214,45,0.2102803738317757,פה,0.4672897196261682,אלי עד,0.7181208053691275,
22,אל-רום,4003,241,332,243,35,0.14522821576763487,פה,0.46887966804979253,אל רום,0.7319277108433735,
22,כפר חרוב,4004,240,385,240,22,0.09166666666666666,פה,0.6416666666666667,כפר חרוב,0.6233766233766234,
22,חספין,4005,624,817,624,537,0.8605769230769231,טב,0.6778846153846154,חספין,0.7637698898408812,
22,קשת,4006,313,416,313,273,0.8722044728434505,טב,0.7188498402555911,קשת,0.7524038461538461,
22,יונתן,4007,290,367,293,242,0.8344827586206897,טב,0.6275862068965518,יונתן,0.7983651226158038,
22,מעלה גמלא,4008,296,387,296,40,0.13513513513513514,פה,0.5912162162162162,מעלה גמלא,0.7648578811369509,
22,שעל,4009,161,210,161,54,0.33540372670807456,פה,0.36024844720496896,שעל,0.7666666666666667,
22,אודם,4010,98,121,98,17,0.17346938775510204,פה,0.4897959183673469,אודם,0.8099173553719008,
22,אבני איתן,4011,306,399,306,224,0.7320261437908496,טב,0.5392156862745098,אבני איתן,0.7669172932330827,
22,אניעם,4012,268,438,269,82,0.30597014925373134,פה,0.5074626865671642,אניעם,0.6141552511415526,
22,אורטל,4013,180,247,180,27,0.15,פה,0.5666666666666667,אורטל,0.728744939271255,
22,נטור,4014,180,242,182,75,0.4166666666666667,טב,0.28888888888888886,נטור,0.7520661157024794,
22,בני יהודה,4015,588,886,590,181,0.3078231292517007,פה,0.44387755102040816,בני יהודה,0.6659142212189616,
22,אלוני הבשן,4017,166,223,166,136,0.8192771084337349,טב,0.5421686746987951,אלוני הבשן,0.7443946188340808,
22,מיצר,4019,94,123,94,14,0.14893617021276595,פה,0.4787234042553192,מיצר,0.7642276422764228,
22,גבעת יואב,4021,336,465,336,85,0.25297619047619047,פה,0.5148809523809523,גבעת יואב,0.7225806451612903,
22,גשור,4022,153,222,153,26,0.16993464052287582,פה,0.5555555555555556,גשור,0.6891891891891891,
22,קלע,4024,139,214,140,42,0.302158273381295,פה,0.4172661870503597,קלע,0.6542056074766355,
22,קדמת צבי,4025,262,380,267,55,0.2099236641221374,פה,0.583969465648855,קדמת צבי,0.7026315789473684,
22,חד-נס,4026,361,636,361,129,0.3573407202216066,פה,0.4598337950138504,חד נס,0.5676100628930818,
22,כנף,4028,233,321,234,34,0.1459227467811159,פה,0.5836909871244635,כנף,0.7289719626168224,
22,קצרין,4100,3440,6052,3468,1693,0.49215116279069765,מחל,0.3546511627906977,קצרין,0.5730337078651685,
22,מרום גולן,4101,409,566,411,44,0.10757946210268948,פה,0.6601466992665037,מרום גולן,0.726148409893993,
22,מג'דל שמס,4201,175,867,175,59,0.33714285714285713,פה,0.48,מג דל שמס,0.20184544405997693,
22,מסעדה,4203,85,346,86,24,0.2823529411764706,פה,0.47058823529411764,מסעדה,0.24855491329479767,
22,מבוא חמה,4204,274,400,274,21,0.07664233576642336,פה,0.5218978102189781,מבוא חמה,0.685,
22,אפיק,4301,169,249,169,19,0.11242603550295859,פה,0.5029585798816568,אפיק,0.678714859437751,
22,נווה אטיב,4303,99,164,99,27,0.2727272727272727,פה,0.494949494949495,נווה אטיב,0.6036585365853658,
22,נוב,4304,396,498,399,336,0.8484848484848485,טב,0.6414141414141414,נוב,0.8012048192771084,
22,ע'ג'ר,4501,608,1687,621,369,0.6069078947368421,מחל,0.37993421052631576,ע ג ר,0.36810906935388266,
22,עין קנייא,4502,34,139,34,16,0.47058823529411764,פה,0.4117647058823529,עין קנייא,0.2446043165467626,
22,עין זיוון,4503,183,272,183,22,0.12021857923497267,פה,0.5792349726775956,עין זיוון,0.6727941176470589,
22,נאות גולן,4551,299,416,300,70,0.23411371237458195,פה,0.4983277591973244,נאות גולן,0.7211538461538461,
22,רמת מגשימים,4701,344,440,344,278,0.8081395348837209,טב,0.6424418604651163,רמת מגשימים,0.7818181818181819,
22,רמות,4702,337,438,339,56,0.1661721068249258,פה,0.5875370919881305,רמות,0.773972602739726,
22,תל אביב - יפו,5000,266343,430203,267322,71542,0.26860852359551407,פה,0.42743004321495215,תל אביב יפו,0.621385717905268,
22,באקה אל-גרביה,6000,10821,18885,10928,53,0.004897883744570742,ודעם,0.9445522594954255,באקה אל גרביה,0.5786603124172623,
22,בני ברק,6100,83928,110049,85032,80270,0.9564150224001525,ג,0.6128228958154609,בני ברק,0.7726739906768803,
22,בת ים,6200,64156,124416,64710,32984,0.5141218280441424,מחל,0.3768470602905418,בת ים,0.5201099537037037,
22,גבעתיים,6300,34091,48361,34199,7819,0.22935672171540875,פה,0.5032413246898009,גבעתיים,0.7071607286863382,
22,הרצליה,6400,54252,81947,54464,16933,0.31211752562117523,פה,0.4772727272727273,הרצליה,0.6646246964501447,
22,חדרה,6500,47013,75949,47311,24136,0.5133899134282007,מחל,0.37942696700912515,חדרה,0.6229311775006913,
22,חולון,6600,100746,158451,101318,51695,0.5131221090663649,מחל,0.3701586167192742,חולון,0.6394279619566933,
22,טבריה,6700,20715,34823,20853,15400,0.7434226405986001,מחל,0.45749456915278786,טבריה,0.5988283605662924,
22,קרית אתא,6800,30639,47179,30803,18253,0.5957439864225333,מחל,0.4385260615555338,קרית אתא,0.6528964157782065,
22,כפר סבא,6900,57762,80443,57976,18205,0.3151726048267027,פה,0.46393822928568956,כפר סבא,0.7207090735054635,
22,לוד,7000,31999,55192,32369,16265,0.5082971342854464,מחל,0.33504172005375166,לוד,0.5864799246267575,
22,אשקלון,7100,70431,113362,70918,40023,0.5682582953528986,מחל,0.40473655066660985,אשקלון,0.6255888216509942,
22,נס ציונה,7200,25402,33708,25503,8251,0.32481694354775215,פה,0.48015904259507125,נס ציונה,0.7565859736561054,
22,נצרת,7300,31787,57407,32006,539,0.016956617485135432,ודעם,0.9171044766728537,נצרת,0.5575278276168412,
22,נתניה,7400,107699,182945,108350,61477,0.5708223846089564,מחל,0.3596876479818754,נתניה,0.5922545027193965,
22,סח'נין,7500,14644,20567,14829,233,0.015910953291450425,ודעם,0.8955886369844305,סח נין,0.7210093839646035,
22,עכו,7600,25535,41830,25759,12207,0.4780497356569415,מחל,0.3596632073624437,עכו,0.6158020559407124,
22,עפולה,7700,26037,41011,26227,16008,0.614817375273649,מחל,0.46057533510004994,עפולה,0.6395113506132502,
22,פרדס חנה-כרכור,7800,21341,30215,21443,8369,0.3921559439576402,פה,0.36868000562297926,פרדס חנה כרכור,0.7096806222075128,
22,פתח תקווה,7900,130710,190786,131353,68821,0.526516716395073,מחל,0.3036875525973529,פתח תקווה,0.6884834316983427,
22,צפת,8000,14140,23253,14236,10736,0.7592644978783593,מחל,0.34865629420084865,צפת,0.6122220788715435,
22,קרית מוצקין,8200,24493,37610,24680,9923,0.4051361613522231,פה,0.3658596333646348,קרית מוצקין,0.6562084551980856,
22,ראשון לציון,8300,136978,206016,137633,58429,0.4265575493874929,פה,0.36651141059148185,ראשון לציון,0.6680694703324014,
22,רחובות,8400,73100,106491,73450,33751,0.46170998632010946,פה,0.31625170998632013,רחובות,0.6897296485148979,
22,רמלה,8500,33717,55469,34117,19959,0.5919565797668832,מחל,0.4323634961592075,רמלה,0.615064270132867,
22,רמת גן,8600,86523,130978,86850,29613,0.3422558163725252,פה,0.4293078141072316,רמת גן,0.663088457603567,
22,רעננה,8700,43648,65270,43786,16774,0.3843016862170088,פה,0.4345445381231672,רעננה,0.6708441856902099,
22,שפרעם,8800,16327,28773,17039,316,0.019354443559747657,ודעם,0.7393274943345379,שפרעם,0.5921871198693219,
22,טמרה,8900,16295,22576,16350,200,0.0122737035900583,ודעם,0.9513347652654188,טמרה,0.7242204110559887,
22,באר שבע,9000,96609,161591,97425,56163,0.5813433531037481,מחל,0.43411069362067717,באר שבע,0.6029110532145974,
22,נהריה,9100,30753,50350,30976,16223,0.5275257698435925,מחל,0.41784541345559784,נהריה,0.6152135054617677,
22,בית שאן,9200,9860,14279,9918,8172,0.8288032454361055,מחל,0.5570993914807302,בית שאן,0.694586455634148,
22,זכרון יעקב,9300,12169,16833,12199,4202,0.3453036403977319,פה,0.4492563070096146,זכרון יעקב,0.7247074199489099,
22,יהוד-מונוסון,9400,17101,23181,17160,7311,0.42751885854628385,פה,0.40430384188059176,יהוד מונוסון,0.7402614209913291,
22,קרית ביאליק,9500,21596,34213,21729,8910,0.41257640303759957,פה,0.37493054269309134,קרית ביאליק,0.6351094613158741,
22,קרית ים,9600,20494,36529,20697,10217,0.49853615692397774,מחל,0.42090367912559773,קרית ים,0.5665909277560295,
22,הוד השרון,9700,34505,45835,34603,8916,0.25839733371975077,פה,0.5301840312998116,הוד השרון,0.7549470928329879,
22,בנימינה-גבעת עדה,9800,7515,10142,7536,1852,0.24644045242847637,פה,0.4984697272122422,בנימינה גבעת עדה,0.74304870834155,
22,מעטפות חיצוניות,9999,280216,0,282442,132010,0.47110086504696375,פה,0.3021026636594627,מעטפות חיצוניות,,
23,שחר,7,387,521,387,244,0.6304909560723514,מחל,0.45219638242894056,שחר,0.7428023032629558,
23,תירוש,10,252,331,252,243,0.9642857142857143,מחל,0.5396825396825397,תירוש,0.7613293051359517,
23,ניר חן,11,271,404,271,106,0.39114391143911437,פה,0.42066420664206644,ניר חן,0.6707920792079208,
23,חצבה,13,391,519,396,57,0.14578005115089515,פה,0.7007672634271099,חצבה,0.7630057803468208,
23,נועם,15,234,313,235,224,0.9572649572649573,מחל,0.7478632478632479,נועם,0.7507987220447284,
23,בית ניר,16,343,440,343,13,0.037900874635568516,פה,0.521865889212828,בית ניר,0.7795454545454545,
23,שדה משה,18,288,395,288,99,0.34375,פה,0.5868055555555556,שדה משה,0.7291139240506329,
23,באר אורה,21,445,593,446,169,0.3797752808988764,פה,0.44269662921348313,באר אורה,0.7521079258010118,
23,מקווה ישראל,22,104,151,104,37,0.3557692307692308,פה,0.5192307692307693,מקווה ישראל,0.6887417218543046,
23,אמציה,23,133,185,133,99,0.7443609022556391,טב,0.3684210526315789,אמציה,0.7189189189189189,
23,לכיש,24,462,579,462,48,0.1038961038961039,פה,0.6385281385281385,לכיש,0.7979274611398963,
23,ראש פינה,26,1664,2405,1670,595,0.35757211538461536,פה,0.4266826923076923,ראש פינה,0.6943866943866944,
23,שדות מיכה,27,202,267,202,178,0.8811881188118812,מחל,0.5495049504950495,שדות מיכה,0.7565543071161048,
23,מזכרת בתיה,28,8079,10540,8116,3418,0.42307216239633616,פה,0.4552543631637579,מזכרת בתיה,0.7700189753320683,
23,יסוד המעלה,29,889,1252,893,292,0.32845894263217096,פה,0.5388076490438695,יסוד המעלה,0.713258785942492,
23,אופקים,31,14546,21810,14655,12031,0.8271002337412348,מחל,0.4043035886154269,אופקים,0.671939477303989,
23,עוצם,32,362,428,364,343,0.9475138121546961,שס,0.5165745856353591,עוצם,0.8504672897196262,
23,בת שלמה,33,354,441,354,81,0.2288135593220339,פה,0.5423728813559322,בת שלמה,0.8027210884353742,
23,גדות,35,242,368,242,11,0.045454545454545456,פה,0.5909090909090909,גדות,0.657608695652174,
23,שדה דוד,36,332,423,333,247,0.7439759036144579,מחל,0.5753012048192772,שדה דוד,0.7872340425531915,
23,איתן,37,273,350,274,260,0.9523809523809523,מחל,0.6446886446886447,איתן,0.7828571428571428,
23,גפן,39,224,266,224,195,0.8705357142857143,מחל,0.6607142857142857,גפן,0.8421052631578947,
23,אליכין,41,1956,2579,1958,1472,0.7525562372188139,מחל,0.5475460122699386,אליכין,0.759208995734781,
23,מטולה,43,862,1432,866,222,0.25754060324825984,פה,0.531322505800464,מטולה,0.6047486033519553,
23,זוהר,44,203,264,203,168,0.8275862068965517,מחל,0.6354679802955665,זוהר,0.7689393939393939,
23,יבנאל,46,1727,2497,1734,1332,0.7712796757382745,שס,0.4365952518818761,יבנאל,0.6944333199839807,
23,כפר תבור,47,2437,3362,2439,830,0.34058268362741073,פה,0.5318013951579811,כפר תבור,0.7254610350981558,
23,מנחמיה,48,600,927,603,373,0.6216666666666667,מחל,0.52,מנחמיה,0.6504854368932039,
23,אילניה,49,305,462,305,134,0.43934426229508194,פה,0.4491803278688525,אילניה,0.6601731601731602,
23,לוזית,52,356,458,357,241,0.6769662921348315,מחל,0.43820224719101125,לוזית,0.7794759825327511,
23,עתלית,53,4246,5921,4257,2042,0.48092322185586434,פה,0.41050400376825247,עתלית,0.7189663908123628,
23,נוגה,55,297,409,297,216,0.7272727272727273,מחל,0.6262626262626263,נוגה,0.726161369193154,
23,כנרת קבוצה,57,437,634,437,64,0.14645308924485126,פה,0.6132723112128147,כנרת קבוצה,0.6892744479495269,
23,מצפה,58,92,130,92,27,0.29347826086956524,פה,0.532608695652174,מצפה,0.7076923076923077,
23,נחושה,59,618,791,619,547,0.8851132686084142,טב,0.5048543689320388,נחושה,0.7825537294563844,
23,דגניה א,62,340,512,341,25,0.07352941176470588,פה,0.6176470588235294,דגניה א,0.666015625,
23,כנרת מושבה,63,377,527,380,138,0.3660477453580902,פה,0.5305039787798409,כנרת מושבה,0.7210626185958254,
23,יד רמבם,64,659,853,660,548,0.8315629742033384,מחל,0.6783004552352049,יד רמבם,0.7737397420867527,
23,מגדל,65,934,1404,936,756,0.8094218415417559,מחל,0.5588865096359743,מגדל,0.6666666666666666,
23,מרחביה קיבוץ,66,658,918,662,195,0.29635258358662614,פה,0.4574468085106383,מרחביה קיבוץ,0.7211328976034859,
23,אור הנר,67,469,616,469,38,0.08102345415778252,פה,0.6439232409381663,אור הנר,0.7613636363636364,
23,ניר עוז,69,242,329,244,19,0.07851239669421488,פה,0.4669421487603306,ניר עוז,0.7416413373860182,
23,אשדוד,70,117619,179046,118313,76949,0.6542225320738996,מחל,0.36620784056997596,אשדוד,0.6607966667783698,
23,אשבול,71,318,420,322,230,0.7232704402515723,מחל,0.559748427672956,אשבול,0.7666666666666667,
23,גן שמואל,72,673,871,674,15,0.022288261515601784,פה,0.5438335809806835,גן שמואל,0.7738231917336394,
23,עין הוד,74,350,496,351,26,0.07428571428571429,פה,0.6228571428571429,עין הוד,0.7076612903225806,
23,כפר גלעדי,76,359,565,360,33,0.09192200557103064,פה,0.7019498607242339,כפר גלעדי,0.6371681415929203,
23,איילת השחר,77,585,818,587,64,0.1094017094017094,פה,0.6324786324786325,איילת השחר,0.71760391198044,
23,קרית ענבים,78,205,305,205,24,0.11707317073170732,פה,0.5121951219512195,קרית ענבים,0.6721311475409836,
23,דגניה ב,79,403,567,404,47,0.11662531017369727,פה,0.6501240694789082,דגניה ב,0.7125220458553791,
23,נהלל,80,561,743,563,61,0.10873440285204991,פה,0.7023172905525846,נהלל,0.7577388963660835,
23,עין חרוד מאוחד,82,496,684,496,55,0.11088709677419355,פה,0.6048387096774194,עין חרוד מאוחד,0.7251461988304093,
23,תל יוסף,84,277,370,277,20,0.07220216606498195,פה,0.6498194945848376,תל יוסף,0.7486486486486487,
23,כפר יחזקאל,85,593,727,595,84,0.14165261382799327,פה,0.6964586846543002,כפר יחזקאל,0.8184319119669876,
23,גבע,86,376,514,376,15,0.0398936170212766,פה,0.7047872340425532,גבע,0.7315175097276264,
23,עין חרוד איחוד,89,376,517,378,31,0.08244680851063829,פה,0.7154255319148937,עין חרוד איחוד,0.7311411992263056,
23,חפציבה,90,413,569,417,94,0.22760290556900725,פה,0.5520581113801453,חפציבה,0.7328646748681898,
23,גיניגר,92,377,540,379,42,0.11140583554376658,פה,0.5941644562334217,גיניגר,0.7018518518518518,
23,בלפוריה,94,329,400,331,109,0.331306990881459,פה,0.5227963525835866,בלפוריה,0.8275,
23,בית אלפא,95,415,598,416,35,0.08433734939759036,פה,0.6385542168674698,בית אלפא,0.6956521739130435,
23,יגור,96,921,1353,922,55,0.05971769815418024,פה,0.6373507057546145,יגור,0.6814486326681448,
23,מרחביה מושב,97,434,572,434,114,0.2626728110599078,פה,0.5990783410138248,מרחביה מושב,0.7587412587412588,
23,כפר מלל,98,223,281,223,40,0.17937219730941703,פה,0.600896860986547,כפר מלל,0.7935943060498221,
23,מצפה רמון,99,2110,3688,2131,1196,0.566824644549763,מחל,0.3739336492890995,מצפה רמון,0.577819956616052,
23,מאיר שפיה,102,52,112,54,18,0.34615384615384615,פה,0.46153846153846156,מאיר שפיה,0.48214285714285715,
23,תל עדשים,103,650,850,650,194,0.29846153846153844,פה,0.5692307692307692,תל עדשים,0.7647058823529411,
23,מזרע,104,497,687,498,25,0.05030181086519115,פה,0.6217303822937625,מזרע,0.7248908296943232,
23,כפר גדעון,106,134,184,134,116,0.8656716417910447,ג,0.373134328358209,כפר גדעון,0.7282608695652174,
23,כפר סילבר,107,34,87,34,10,0.29411764705882354,פה,0.5294117647058824,כפר סילבר,0.39080459770114945,
23,כפר חסידים א,112,389,519,389,204,0.5244215938303342,פה,0.37789203084832906,כפר חסידים א,0.7495183044315993,
23,אדירים,113,183,233,183,171,0.9344262295081968,מחל,0.6010928961748634,אדירים,0.7854077253218884,
23,חופית,115,520,735,522,61,0.11730769230769231,פה,0.7211538461538461,חופית,0.710204081632653,
23,רמת ישי,122,4234,5702,4252,1485,0.3507321681624941,פה,0.5203117619272556,רמת ישי,0.7457032620133287,
23,שריד,126,539,754,539,40,0.07421150278293136,פה,0.5992578849721707,שריד,0.7148541114058355,
23,רמת רחל,127,290,354,290,45,0.15517241379310345,פה,0.6413793103448275,רמת רחל,0.8192090395480226,
23,גת רימון,128,148,202,148,43,0.2905405405405405,פה,0.5405405405405406,גת רימון,0.7326732673267327,
23,משמר העמק,130,715,951,715,22,0.03076923076923077,פה,0.509090909090909,משמר העמק,0.7518401682439537,
23,כפר ברוך,132,287,370,287,84,0.2926829268292683,פה,0.5714285714285714,כפר ברוך,0.7756756756756756,
23,גבת,133,551,681,553,31,0.056261343012704176,פה,0.6860254083484574,גבת,0.8120411160058737,
23,יפעת,134,629,829,631,85,0.13513513513513514,פה,0.6216216216216216,יפעת,0.7611580217129071,
23,רמת דוד,135,285,360,286,40,0.14035087719298245,פה,0.5929824561403508,רמת דוד,0.7944444444444444,
23,עין שמר,139,427,588,427,22,0.05152224824355972,פה,0.5292740046838408,עין שמר,0.7261904761904762,
23,כפר יהושע,140,669,830,673,84,0.12556053811659193,פה,0.6831091180866966,כפר יהושע,0.810843373493976,
23,ברק,141,218,304,219,107,0.4908256880733945,פה,0.42660550458715596,ברק,0.7203947368421053,
23,שדה יעקב,142,501,628,502,382,0.7624750499001997,טב,0.4351297405189621,שדה יעקב,0.7993630573248408,
23,בית זרע,143,372,603,372,25,0.06720430107526881,פה,0.5940860215053764,בית זרע,0.6169154228855721,
23,גן שלמה,144,323,400,323,17,0.05263157894736842,פה,0.6439628482972136,גן שלמה,0.8075,
23,גדיש,145,210,282,210,195,0.9285714285714286,מחל,0.8,גדיש,0.7446808510638298,
23,דבורה,146,154,228,157,45,0.2922077922077922,פה,0.5974025974025974,דבורה,0.6885964912280702,
23,גבעת ברנר,147,1378,1873,1380,173,0.125544267053701,פה,0.6052249637155298,גבעת ברנר,0.7367859049652963,
23,תל מונד,154,7090,9498,7107,2542,0.35853314527503527,פה,0.5464033850493653,תל מונד,0.7482627921667719,
23,באר טוביה,155,641,808,643,98,0.15288611544461778,פה,0.7067082683307332,באר טוביה,0.7957920792079208,
23,עיינות,156,50,115,50,21,0.42,פה,0.42,עיינות,0.43478260869565216,
23,עין ורד,157,845,1088,848,76,0.08994082840236686,פה,0.7514792899408284,עין ורד,0.7794117647058824,
23,נען,158,997,1309,999,68,0.06820461384152457,פה,0.5847542627883651,נען,0.7631779984721161,
23,בית חנן,159,402,521,402,70,0.17412935323383086,פה,0.6666666666666666,בית חנן,0.7715930902111324,
23,חולדה,160,535,657,536,94,0.17570093457943925,פה,0.6130841121495327,חולדה,0.8158295281582952,
23,חירות,162,751,926,751,50,0.06657789613848203,פה,0.7137150466045273,חירות,0.8110151187904968,
23,תימורים,163,462,625,463,85,0.18398268398268397,פה,0.670995670995671,תימורים,0.7408,
23,מלאה,164,232,276,234,201,0.8663793103448276,מחל,0.7025862068965517,מלאה,0.8478260869565217,
23,ניר יפה,165,325,423,326,179,0.5507692307692308,מחל,0.46153846153846156,ניר יפה,0.7706855791962175,
23,גן יבנה,166,12330,16531,12372,7128,0.5781021897810219,מחל,0.45425790754257905,גן יבנה,0.7484120742846773,
23,עין החורש,167,543,710,545,16,0.029465930018416207,פה,0.5395948434622467,עין החורש,0.7676056338028169,
23,כפר יונה,168,12084,16493,12146,6046,0.5003310162197948,פה,0.39961933134723604,כפר יונה,0.7364336385133087,
23,כפר יעבץ,170,376,474,379,341,0.9069148936170213,מחל,0.6037234042553191,כפר יעבץ,0.79957805907173,
23,פרדסיה,171,3773,5005,3783,1348,0.35727537768354095,פה,0.5385634773389876,פרדסיה,0.7558441558441559,
23,גבעת חיים מאוחד,173,667,889,667,59,0.08845577211394302,פה,0.5412293853073463,גבעת חיים מאוחד,0.750281214848144,
23,נטעים,174,427,561,428,94,0.22014051522248243,פה,0.594847775175644,נטעים,0.7629233511586453,
23,אביחיל,175,733,983,734,139,0.18963165075034105,פה,0.669849931787176,אביחיל,0.7466937945066124,
23,אפיקים,176,731,1086,733,59,0.08071135430916553,פה,0.5923392612859097,אפיקים,0.6749539594843462,
23,כפר בילו,177,690,872,690,128,0.1855072463768116,פה,0.6565217391304348,כפר בילו,0.7912844036697247,
23,רמת יוחנן,178,575,839,576,53,0.09217391304347826,פה,0.6382608695652174,רמת יוחנן,0.6865315852205006,
23,אבן יהודה,182,7542,9935,7569,2266,0.30045080880403074,פה,0.569875364624768,אבן יהודה,0.761852038248616,
23,ירקונה,183,225,308,225,35,0.15555555555555556,פה,0.7377777777777778,ירקונה,0.7305194805194806,
23,רמת הכובש,184,532,669,532,36,0.06766917293233082,פה,0.6052631578947368,רמת הכובש,0.7952167414050823,
23,נעורים,186,73,174,73,18,0.2465753424657534,פה,0.5342465753424658,נעורים,0.41954022988505746,
23,כפר הס,187,801,1052,801,68,0.08489388264669163,פה,0.7028714107365793,כפר הס,0.7614068441064639,
23,אשדות יעקב  מאוחד,188,362,520,362,80,0.22099447513812154,פה,0.5276243093922652,אשדות יעקב מאוחד,0.6961538461538461,
23,כפר פינס,189,313,381,315,277,0.8849840255591054,טב,0.6166134185303515,כפר פינס,0.8267716535433071,
23,כפר ויתקין,190,1060,1399,1064,71,0.0669811320754717,פה,0.7132075471698113,כפר ויתקין,0.7605432451751251,
23,הדר עם,191,412,516,413,50,0.12135922330097088,פה,0.6771844660194175,הדר עם,0.8003875968992248,
23,כפר החורש,192,351,476,353,43,0.1225071225071225,פה,0.5726495726495726,כפר החורש,0.7415966386554622,
23,כפר חיים,193,346,430,347,34,0.09826589595375723,פה,0.7369942196531792,כפר חיים,0.8069767441860465,
23,משמר השרון,194,349,515,349,24,0.06876790830945559,פה,0.6332378223495702,משמר השרון,0.6776699029126214,
23,קדימהצורן,195,11691,15526,11719,4049,0.34633478744333246,פה,0.5257035326319391,קדימהצורן,0.7547984026793765,
23,גיבתון,196,216,265,217,40,0.18518518518518517,פה,0.5833333333333334,גיבתון,0.8188679245283019,
23,מעברות,197,564,744,564,29,0.051418439716312055,פה,0.4929078014184397,מעברות,0.7580645161290323,
23,צופית,198,597,799,597,65,0.10887772194304858,פה,0.6700167504187605,צופית,0.7471839799749687,
23,אשדות יעקב  איחוד,199,471,658,471,75,0.1592356687898089,פה,0.6178343949044586,אשדות יעקב איחוד,0.71580547112462,
23,בית ינאי,200,192,297,192,17,0.08854166666666667,פה,0.71875,בית ינאי,0.6464646464646465,
23,בית עובד,202,187,250,187,22,0.11764705882352941,פה,0.7005347593582888,בית עובד,0.748,
23,אלישיב,204,350,469,350,247,0.7057142857142857,מחל,0.5457142857142857,אלישיב,0.746268656716418,
23,חגלה,205,398,503,398,47,0.11809045226130653,פה,0.6532663316582915,חגלה,0.7912524850894632,
23,רמות השבים,206,889,1169,890,129,0.14510686164229472,פה,0.6906636670416197,רמות השבים,0.7613344739093242,
23,גבעת חן,207,248,301,249,30,0.12096774193548387,פה,0.6774193548387096,גבעת חן,0.8272425249169435,
23,מוצא עילית,208,661,907,662,130,0.19667170953101362,פה,0.5597579425113465,מוצא עילית,0.7298787210584344,
23,בית צבי,212,33,68,33,32,0.9696969696969697,ג,0.6060606060606061,בית צבי,0.4852941176470588,
23,משמרות,213,494,605,494,47,0.0951417004048583,פה,0.6821862348178138,משמרות,0.8165289256198347,
23,כפר הראה,217,578,741,580,495,0.856401384083045,טב,0.5449826989619377,כפר הראה,0.7827260458839406,
23,גני עם,218,167,212,167,35,0.20958083832335328,פה,0.5868263473053892,גני עם,0.7877358490566038,
23,חיבת ציון,219,359,449,359,102,0.2841225626740947,פה,0.5682451253481894,חיבת ציון,0.799554565701559,
23,כפר ביאליק,220,336,465,343,99,0.29464285714285715,פה,0.6160714285714286,כפר ביאליק,0.7376344086021506,
23,עין עירון,223,319,398,320,31,0.09717868338557993,פה,0.7084639498432602,עין עירון,0.8040201005025126,
23,שושנת העמקים,224,317,449,319,176,0.555205047318612,מחל,0.39747634069400634,שושנת העמקים,0.7104677060133631,
23,גן השומרון,225,486,629,488,73,0.15020576131687244,פה,0.6522633744855967,גן השומרון,0.7758346581875993,
23,גני תקווה,229,11460,14737,11497,4529,0.39520069808027924,פה,0.5024432809773124,גני תקווה,0.7801452127298636,
23,מעש,230,531,686,532,148,0.2787193973634652,פה,0.6064030131826742,מעש,0.7755102040816326,
23,שפיים,232,756,990,757,38,0.05026455026455026,פה,0.6415343915343915,שפיים,0.7646464646464647,
23,כפר ידידיה,233,398,487,398,40,0.10050251256281408,פה,0.7311557788944724,כפר ידידיה,0.8172484599589322,
23,ביצרון,234,711,889,715,127,0.17862165963431786,פה,0.6947960618846695,ביצרון,0.8042744656917885,
23,חבצלת השרון,235,224,344,224,69,0.3080357142857143,פה,0.5535714285714286,חבצלת השרון,0.6511627906976745,
23,שער העמקים,237,437,554,439,7,0.016018306636155607,פה,0.5377574370709383,שער העמקים,0.7924187725631769,
23,גן חיים,239,422,533,422,47,0.11137440758293839,פה,0.7085308056872038,גן חיים,0.7917448405253283,
23,יקנעם עילית,240,12475,18074,12545,6303,0.505250501002004,מחל,0.41490981963927853,יקנעם עילית,0.6940909593891779,
23,יקנעם מושבה,241,733,1008,735,91,0.12414733969986358,פה,0.6753069577080492,יקנעם מושבה,0.7291666666666666,
23,בית השיטה,242,756,1045,761,88,0.1164021164021164,פה,0.671957671957672,בית השיטה,0.7282296650717703,
23,נתיבות,246,18055,23763,18143,16094,0.8913874273054555,שס,0.3977845472168374,נתיבות,0.7634978748474519,
23,רשפון,247,678,878,683,103,0.15191740412979352,פה,0.6799410029498525,רשפון,0.7779043280182233,
23,בית שערים,248,396,487,397,67,0.1691919191919192,פה,0.6818181818181818,בית שערים,0.8151950718685832,
23,כפר סירקין,249,777,972,777,140,0.18018018018018017,פה,0.6808236808236808,כפר סירקין,0.7993827160493827,
23,הזורע,250,610,906,611,29,0.047540983606557376,פה,0.5327868852459017,הזורע,0.67439293598234,
23,ביתן אהרן,252,77,213,77,19,0.24675324675324675,פה,0.6493506493506493,ביתן אהרן,0.3615023474178404,
23,חולתה,253,334,458,335,45,0.1347305389221557,פה,0.562874251497006,חולתה,0.7314410480349345,
23,כפר המכבי,254,215,307,215,16,0.07441860465116279,פה,0.7069767441860465,כפר המכבי,0.7003257328990228,
23,כפר חיטים,255,344,508,344,161,0.4680232558139535,פה,0.438953488372093,כפר חיטים,0.6771653543307087,
23,ניר דוד תל עמל,256,470,619,471,26,0.05531914893617021,פה,0.5553191489361702,ניר דוד תל עמל,0.7609046849757674,
23,נופך,257,325,389,325,194,0.5969230769230769,מחל,0.48923076923076925,נופך,0.8354755784061697,
23,שדה נחום,259,399,549,400,133,0.3333333333333333,פה,0.5162907268170426,שדה נחום,0.7285974499089253,
23,גינוסר,262,370,539,371,68,0.1837837837837838,פה,0.5702702702702702,גינוסר,0.6883116883116883,
23,מסדה,263,172,271,172,19,0.11046511627906977,פה,0.6104651162790697,מסדה,0.6346863468634686,
23,שער הגולן,264,365,490,365,26,0.07123287671232877,פה,0.6164383561643836,שער הגולן,0.7448979591836735,
23,בית יוסף,265,250,367,251,221,0.884,מחל,0.716,בית יוסף,0.6839237057220708,
23,כפר שמריהו,267,1235,1904,1238,256,0.20728744939271254,פה,0.6663967611336032,כפר שמריהו,0.6502100840336135,
23,טירת צבי,268,400,516,403,283,0.7075,טב,0.4825,טירת צבי,0.7810077519379846,
23,מולדת,269,601,817,601,75,0.12479201331114809,פה,0.7071547420965059,מולדת,0.7356181150550796,
23,עין השופט,270,527,885,527,29,0.05502846299810247,פה,0.4781783681214421,עין השופט,0.5954802259887005,
23,מעוז חיים,272,300,487,300,30,0.1,פה,0.6633333333333333,מעוז חיים,0.6160164271047228,
23,עין גב,273,322,482,322,45,0.13975155279503104,פה,0.5838509316770186,עין גב,0.6680497925311203,
23,כפר מנחם,274,665,888,667,60,0.09022556390977443,פה,0.5894736842105263,כפר מנחם,0.7511261261261262,
23,צור משה,276,1432,1856,1434,247,0.17248603351955308,פה,0.6766759776536313,צור משה,0.7726293103448276,
23,אושה,278,260,368,260,24,0.09230769230769231,פה,0.6807692307692308,אושה,0.7065217391304348,
23,חניתה,280,451,719,451,54,0.1197339246119734,פה,0.5343680709534369,חניתה,0.627260083449235,
23,פקיעין חדשה,281,269,323,270,244,0.9070631970260223,מחל,0.5985130111524164,פקיעין חדשה,0.8359133126934984,
23,שבי ציון,282,612,880,612,199,0.32516339869281047,פה,0.5408496732026143,שבי ציון,0.6954545454545454,
23,שדה ורבורג,284,732,998,733,93,0.12704918032786885,פה,0.7076502732240437,שדה ורבורג,0.7344689378757515,
23,אלונים,285,375,511,376,28,0.07466666666666667,פה,0.6773333333333333,אלונים,0.735812133072407,
23,מעלה החמישה,286,413,592,413,31,0.07506053268765134,פה,0.5980629539951574,מעלה החמישה,0.6976351351351351,
23,תל יצחק,287,515,654,528,70,0.13592233009708737,פה,0.6932038834951456,תל יצחק,0.8073394495412844,
23,בית יהושע,288,534,713,536,81,0.15168539325842698,פה,0.6685393258426966,בית יהושע,0.7517531556802244,
23,עין המפרץ,289,543,703,543,21,0.03867403314917127,פה,0.5248618784530387,עין המפרץ,0.7724039829302988,
23,מעין צבי,290,478,668,481,51,0.10669456066945607,פה,0.6255230125523012,מעין צבי,0.7200598802395209,
23,שרונה,292,345,438,346,53,0.1536231884057971,פה,0.6579710144927536,שרונה,0.7899543378995434,
23,שדה יואב,293,308,387,308,16,0.05194805194805195,פה,0.5974025974025974,שדה יואב,0.7958656330749354,
23,אילון,294,619,819,621,111,0.17932148626817448,פה,0.4781906300484653,אילון,0.7582417582417582,
23,כפר רופין,295,263,394,263,34,0.12927756653992395,פה,0.6653992395437263,כפר רופין,0.6675126903553299,
23,נווה איתן,296,125,191,125,25,0.2,פה,0.52,נווה איתן,0.6544502617801047,
23,כפר מסריק,297,409,599,409,22,0.05378973105134474,פה,0.5990220048899756,כפר מסריק,0.6828046744574291,
23,מסילות,298,278,430,278,13,0.046762589928057555,פה,0.6330935251798561,מסילות,0.6465116279069767,
23,דליה,300,498,660,498,15,0.030120481927710843,פה,0.5863453815261044,דליה,0.7545454545454545,
23,בית עוזיאל,301,353,461,353,227,0.6430594900849859,מחל,0.49575070821529743,בית עוזיאל,0.7657266811279827,
23,דפנה,302,447,581,448,47,0.10514541387024609,פה,0.6152125279642058,דפנה,0.7710843373493976,
23,דן,303,379,526,380,18,0.047493403693931395,פה,0.604221635883905,דן,0.7224334600760456,
23,שדה אליהו,304,377,618,380,314,0.8328912466843501,טב,0.53315649867374,שדה אליהו,0.6148867313915858,
23,גשר,305,259,413,261,29,0.11196911196911197,פה,0.5598455598455598,גשר,0.6319612590799032,
23,שדמות דבורה,306,383,478,384,47,0.1227154046997389,פה,0.7075718015665796,שדמות דבורה,0.803347280334728,
23,הזורעים,307,424,515,425,389,0.9174528301886793,טב,0.5141509433962265,הזורעים,0.8252427184466019,
23,מחניים,308,393,573,394,101,0.25699745547073793,פה,0.5114503816793893,מחניים,0.68760907504363,
23,נהורה,309,727,952,729,528,0.7262723521320495,מחל,0.5364511691884457,נהורה,0.7657563025210085,
23,כפר גליקסון,310,214,284,214,18,0.08411214953271028,פה,0.5794392523364486,כפר גליקסון,0.7535211267605634,
23,גן שורק,311,206,264,206,53,0.25728155339805825,פה,0.6213592233009708,גן שורק,0.7803030303030303,
23,נווה ים,312,158,210,158,68,0.43037974683544306,פה,0.4430379746835443,נווה ים,0.7523809523809524,
23,אפק,313,385,507,388,34,0.08831168831168831,פה,0.6831168831168831,אפק,0.7652859960552268,
23,נגבה,315,477,696,478,42,0.0880503144654088,פה,0.5932914046121593,נגבה,0.6867816091954023,
23,כפר נטר,316,564,716,566,102,0.18085106382978725,פה,0.6595744680851063,כפר נטר,0.7905027932960894,
23,בית אורן,317,207,321,208,27,0.13043478260869565,פה,0.6038647342995169,בית אורן,0.6479750778816199,
23,עמיעוז,318,139,208,140,92,0.6618705035971223,מחל,0.45323741007194246,עמיעוז,0.6730769230769231,
23,עמיר,319,348,493,351,21,0.0603448275862069,פה,0.4885057471264368,עמיר,0.7119675456389453,
23,כפר ורבורג,320,628,815,628,119,0.18949044585987262,פה,0.6799363057324841,כפר ורבורג,0.7705521472392638,
23,בית הלל,322,387,559,390,43,0.1111111111111111,פה,0.7080103359173127,בית הלל,0.6976744186046512,
23,שאר ישוב,324,302,421,302,102,0.33774834437086093,פה,0.5231788079470199,שאר ישוב,0.7173396674584323,
23,מצובה,325,575,845,576,156,0.271304347826087,פה,0.5843478260869566,מצובה,0.6816568047337278,
23,בית יצחקשער חפר,326,1251,1631,1252,169,0.13509192645883294,פה,0.7258193445243805,בית יצחקשער חפר,0.7676272225628449,
23,שדות ים,327,575,714,575,75,0.13043478260869565,פה,0.6452173913043479,שדות ים,0.8053221288515406,
23,שדה נחמיה,329,574,756,574,139,0.2421602787456446,פה,0.554006968641115,שדה נחמיה,0.7592592592592593,
23,אלומות,330,210,300,210,36,0.17142857142857143,פה,0.5666666666666667,אלומות,0.7,
23,ניר צבי,331,672,900,673,107,0.15922619047619047,פה,0.6622023809523809,ניר צבי,0.7477777777777778,
23,קבוצת יבנה,334,433,589,434,252,0.581986143187067,טב,0.3533487297921478,קבוצת יבנה,0.7368421052631579,
23,רמת השופט,335,517,733,520,40,0.07736943907156674,פה,0.5802707930367504,רמת השופט,0.7094133697135061,
23,דורות,336,408,554,408,45,0.11029411764705882,פה,0.5759803921568627,דורות,0.7364620938628159,
23,איבים,338,35,126,35,33,0.9428571428571428,מחל,0.8,איבים,0.2777777777777778,
23,רמת צבי,339,354,446,355,59,0.16666666666666666,פה,0.615819209039548,רמת צבי,0.7959641255605381,
23,גת קיבוץ,340,407,564,408,49,0.12039312039312039,פה,0.6191646191646192,גת קיבוץ,0.723404255319149,
23,גברעם,342,238,316,239,35,0.14705882352941177,פה,0.5966386554621849,גברעם,0.7563291139240507,
23,חמדיה,343,212,307,212,50,0.2358490566037736,פה,0.49528301886792453,חמדיה,0.6905537459283387,
23,מענית,344,447,552,447,33,0.0738255033557047,פה,0.5234899328859061,מענית,0.8097826086956522,
23,כפר סאלד,345,377,502,378,29,0.07692307692307693,פה,0.6445623342175066,כפר סאלד,0.7529880478087649,
23,גליל ים,346,275,352,275,21,0.07636363636363637,פה,0.6,גליל ים,0.78125,
23,מנרה,347,141,212,142,6,0.0425531914893617,פה,0.5673758865248227,מנרה,0.6698113207547169,
23,ניר עם,348,260,402,260,48,0.18461538461538463,פה,0.5153846153846153,ניר עם,0.6467661691542289,
23,ניצן,351,1129,1411,1130,1057,0.9362267493356953,מחל,0.45172719220549157,ניצן,0.8008504606661941,
23,גבולות,352,196,306,196,9,0.04591836734693878,פה,0.413265306122449,גבולות,0.6405228758169934,
23,בית זיד,353,73,113,74,4,0.0547945205479452,פה,0.5616438356164384,בית זיד,0.6548672566371682,
23,רביבים,354,419,697,421,36,0.08591885441527446,פה,0.4510739856801909,רביבים,0.6040172166427547,
23,חורשים,355,196,296,196,35,0.17857142857142858,פה,0.4489795918367347,חורשים,0.6621621621621622,
23,הגושרים,356,455,651,459,70,0.15384615384615385,פה,0.6241758241758242,הגושרים,0.7050691244239631,
23,כפר בלום,357,491,725,491,110,0.2240325865580448,פה,0.5315682281059063,כפר בלום,0.6772413793103448,
23,יד מרדכי,358,475,678,476,37,0.07789473684210527,פה,0.5726315789473684,יד מרדכי,0.7020648967551623,
23,ניצנים,359,252,343,254,11,0.04365079365079365,פה,0.6349206349206349,ניצנים,0.7405247813411079,
23,גבעת נילי,360,341,439,341,180,0.5278592375366569,מחל,0.4897360703812317,גבעת נילי,0.7767653758542141,
23,רוחמה,362,352,502,354,23,0.06534090909090909,פה,0.6107954545454546,רוחמה,0.7051792828685259,
23,חפץ חיים,363,286,335,286,272,0.951048951048951,טב,0.5804195804195804,חפץ חיים,0.8537313432835821,
23,כפר אוריה,364,430,549,432,149,0.34651162790697676,פה,0.43488372093023253,כפר אוריה,0.7868852459016393,
23,בית קשת,365,344,476,344,21,0.061046511627906974,פה,0.5813953488372093,בית קשת,0.7226890756302521,
23,שמיר,366,468,682,468,30,0.0641025641025641,פה,0.594017094017094,שמיר,0.6862170087976539,
23,עין העמק,367,471,590,473,355,0.7537154989384289,מחל,0.6878980891719745,עין העמק,0.8016949152542373,
23,ביריה,368,429,596,429,376,0.8764568764568764,מחל,0.6083916083916084,ביריה,0.7197986577181208,
23,גלעד אבן יצחק,369,284,369,284,13,0.045774647887323945,פה,0.6901408450704225,גלעד אבן יצחק,0.7696476964769647,
23,גזר,370,206,385,207,20,0.0970873786407767,פה,0.5631067961165048,גזר,0.5376623376623376,
23,רמות נפתלי,372,301,435,302,104,0.34551495016611294,פה,0.521594684385382,רמות נפתלי,0.6942528735632184,
23,בית הלוי,373,424,538,426,59,0.1391509433962264,פה,0.6485849056603774,בית הלוי,0.79182156133829,
23,חוקוק,374,302,464,302,28,0.09271523178807947,פה,0.5066225165562914,חוקוק,0.6508620689655172,
23,מגל,375,626,807,627,38,0.06070287539936102,פה,0.7028753993610224,מגל,0.7769516728624535,
23,עברון,376,514,673,514,22,0.042801556420233464,פה,0.5758754863813229,עברון,0.763744427934621,
23,המעפיל,377,494,636,494,37,0.07489878542510121,פה,0.5951417004048583,המעפיל,0.7767295597484277,
23,משגב עם,378,168,259,169,10,0.05952380952380952,פה,0.5178571428571429,משגב עם,0.6525096525096525,
23,גאולים,379,509,691,511,275,0.5402750491159135,מחל,0.41846758349705304,גאולים,0.7395079594790159,
23,להבות הבשן,380,494,694,496,53,0.10728744939271255,פה,0.5263157894736842,להבות הבשן,0.7146974063400576,
23,מכמורת,382,690,1045,694,65,0.09420289855072464,פה,0.6855072463768116,מכמורת,0.6641148325358852,
23,עין הנציב,383,331,434,331,257,0.7764350453172205,טב,0.5830815709969789,עין הנציב,0.7626728110599078,
23,עמיעד,385,266,431,267,21,0.07894736842105263,פה,0.6428571428571429,עמיעד,0.6194895591647331,
23,בני דרור,386,782,981,785,156,0.19948849104859334,פה,0.6547314578005116,בני דרור,0.800203873598369,
23,כפר מונש,387,461,628,461,53,0.11496746203904555,פה,0.7396963123644251,כפר מונש,0.7340764331210191,
23,כפר קיש,388,318,442,321,81,0.25471698113207547,פה,0.6163522012578616,כפר קיש,0.7262443438914027,
23,בצרה,389,571,769,573,94,0.1646234676007005,פה,0.7145359019264448,בצרה,0.7451235370611183,
23,רגבה,390,619,837,621,113,0.1825525040387722,פה,0.6607431340872375,רגבה,0.7419354838709677,
23,גלאון,393,326,470,327,14,0.04294478527607362,פה,0.6134969325153374,גלאון,0.6957446808510638,
23,שובל,394,451,628,452,16,0.03547671840354767,פה,0.5831485587583148,שובל,0.7197452229299363,
23,משמר הנגב,395,531,794,532,72,0.13559322033898305,פה,0.5254237288135594,משמר הנגב,0.6700251889168766,
23,נבטים,396,558,730,558,256,0.45878136200716846,פה,0.460573476702509,נבטים,0.7643835616438356,
23,חצרים,397,599,820,602,24,0.04006677796327212,פה,0.674457429048414,חצרים,0.7341463414634146,
23,שרשרת,398,201,251,202,186,0.9253731343283582,מחל,0.6019900497512438,שרשרת,0.8047808764940239,
23,בארי,399,669,852,669,37,0.05530642750373692,פה,0.47533632286995514,בארי,0.7852112676056338,
23,אבן שמואל,400,785,912,787,761,0.9694267515923567,מחל,0.44331210191082804,אבן שמואל,0.8629385964912281,
23,ניר יצחק,402,360,563,361,9,0.025,אמת,0.5138888888888888,ניר יצחק,0.6412078152753108,
23,אורים,403,237,448,238,15,0.06329113924050633,פה,0.5991561181434599,אורים,0.53125,
23,נווה אילן,405,484,696,486,123,0.25413223140495866,פה,0.5495867768595041,נווה אילן,0.6982758620689655,
23,חצוראשדוד,406,483,674,484,26,0.053830227743271224,פה,0.5652173913043478,חצוראשדוד,0.7181008902077152,
23,דברת,407,228,327,230,29,0.12719298245614036,פה,0.7192982456140351,דברת,0.7033639143730887,
23,נאות מרדכי,408,364,513,365,50,0.13736263736263737,פה,0.6456043956043956,נאות מרדכי,0.7115009746588694,
23,יחיעם,409,388,563,391,66,0.17010309278350516,פה,0.5103092783505154,יחיעם,0.69449378330373,
23,צאלים,413,271,394,271,40,0.14760147601476015,פה,0.46863468634686345,צאלים,0.6878172588832487,
23,קלחים,414,301,365,301,141,0.4684385382059801,מחל,0.3521594684385382,קלחים,0.8246575342465754,
23,שוקדה,415,220,262,221,212,0.9636363636363636,מחל,0.41818181818181815,שוקדה,0.8435114503816794,
23,מעין ברוך,416,334,479,336,55,0.16467065868263472,פה,0.5538922155688623,מעין ברוך,0.7014613778705637,
23,יקום,417,424,545,427,14,0.0330188679245283,פה,0.5943396226415094,יקום,0.7834862385321101,
23,בני ציון,418,636,846,637,109,0.17138364779874213,פה,0.660377358490566,בני ציון,0.7529550827423168,
23,סעד,419,450,623,456,307,0.6822222222222222,טב,0.48,סעד,0.7319422150882825,
23,משאבי שדה,421,296,466,296,22,0.07432432432432433,פה,0.5067567567567568,משאבי שדה,0.6351931330472103,
23,חרב לאת,422,413,547,414,118,0.2857142857142857,פה,0.6004842615012107,חרב לאת,0.7568555758683729,
23,העוגן,423,459,619,461,22,0.04793028322440087,פה,0.5664488017429193,העוגן,0.7447495961227787,
23,גבים,424,340,458,340,30,0.08823529411764706,פה,0.5588235294117647,גבים,0.74235807860262,
23,משמרת,425,523,659,524,60,0.1147227533460803,פה,0.7284894837476099,משמרת,0.795144157814871,
23,עין כרמל,426,405,525,405,35,0.08641975308641975,פה,0.6049382716049383,עין כרמל,0.7714285714285715,
23,כפר גלים,427,48,94,49,21,0.4375,מחל,0.3958333333333333,כפר גלים,0.5212765957446809,
23,ברור חיל,428,506,729,509,77,0.15217391304347827,פה,0.525691699604743,ברור חיל,0.6982167352537723,
23,אלוני אבא,429,530,682,530,66,0.12452830188679245,פה,0.6924528301886792,אלוני אבא,0.7771260997067448,
23,בית לחם הגלילית,430,456,630,456,77,0.16885964912280702,פה,0.6578947368421053,בית לחם הגלילית,0.7238095238095238,
23,דלתון,431,490,632,491,466,0.9510204081632653,מחל,0.6428571428571429,דלתון,0.7768987341772152,
23,שמרת,432,326,438,326,50,0.15337423312883436,פה,0.5276073619631901,שמרת,0.7442922374429224,
23,נחשולים,433,395,529,399,24,0.060759493670886074,פה,0.7063291139240506,נחשולים,0.7542533081285444,
23,החותרים,434,457,590,457,33,0.07221006564551423,פה,0.6477024070021882,החותרים,0.7745762711864407,
23,נצר סרני,435,503,608,504,27,0.0536779324055666,פה,0.6222664015904572,נצר סרני,0.8289473684210527,
23,עין דור,436,566,907,567,39,0.06890459363957598,פה,0.5724381625441696,עין דור,0.6251378169790518,
23,רשפים,437,499,616,500,107,0.21442885771543085,פה,0.4969939879759519,רשפים,0.8116883116883117,
23,שלוחות,439,257,354,258,199,0.77431906614786,טב,0.4980544747081712,שלוחות,0.7288135593220338,
23,יסודות,440,290,317,290,288,0.993103448275862,ג,0.9448275862068966,יסודות,0.9148264984227129,
23,גדעונה,442,226,293,227,156,0.6902654867256637,מחל,0.5353982300884956,גדעונה,0.7747440273037542,
23,כפר הנשיא,443,371,712,373,36,0.09703504043126684,פה,0.6253369272237197,כפר הנשיא,0.523876404494382,
23,רגבים,444,290,414,290,29,0.1,פה,0.6379310344827587,רגבים,0.7004830917874396,
23,רמות מנשה,445,656,845,657,35,0.053353658536585365,פה,0.5579268292682927,רמות מנשה,0.7775147928994083,
23,אודים,446,614,807,615,108,0.1758957654723127,פה,0.6449511400651465,אודים,0.7620817843866171,
23,נורדיה,447,1175,1550,1183,315,0.2680851063829787,פה,0.6187234042553191,נורדיה,0.7632258064516129,
23,בני עטרות,448,510,613,511,82,0.1607843137254902,פה,0.6392156862745098,בני עטרות,0.833605220228385,
23,נחלים,449,763,904,764,672,0.8807339449541285,טב,0.5792922673656619,נחלים,0.8451327433628318,
23,בארות יצחק,450,275,396,280,186,0.6763636363636364,טב,0.4581818181818182,בארות יצחק,0.7070707070707071,
23,יזרעאל,452,339,562,340,11,0.032448377581120944,פה,0.616519174041298,יזרעאל,0.604982206405694,
23,יפתח,453,382,543,384,28,0.07329842931937172,פה,0.680628272251309,יפתח,0.7071823204419889,
23,סער,454,437,623,437,96,0.21967963386727687,פה,0.5537757437070938,סער,0.7014446227929374,
23,שורש,456,848,1096,851,271,0.31957547169811323,פה,0.5,שורש,0.7764598540145985,
23,גזית,457,450,633,450,24,0.05333333333333334,פה,0.5088888888888888,גזית,0.7109004739336493,
23,רמת רזיאל,460,342,467,344,108,0.3157894736842105,פה,0.4093567251461988,רמת רזיאל,0.7366167023554604,
23,טל שחר,462,614,783,616,112,0.18241042345276873,פה,0.5993485342019544,טל שחר,0.7867177522349936,
23,געתון,463,375,547,375,38,0.10133333333333333,פה,0.5813333333333334,געתון,0.6855575868372943,
23,הראל,464,120,220,120,7,0.058333333333333334,פה,0.525,הראל,0.5454545454545454,
23,צובה,465,390,618,390,27,0.06923076923076923,פה,0.45897435897435895,צובה,0.6310679611650486,
23,בית דגן,466,3813,5109,3832,2543,0.6669289273537896,מחל,0.5234723314975085,בית דגן,0.7500489332550401,
23,קרית עקרון,469,5864,8193,5904,4507,0.7685879945429741,מחל,0.5977148703956344,קרית עקרון,0.7206151592823141,
23,אבו גוש,472,2682,4821,2718,303,0.11297539149888143,ודעם,0.8042505592841164,אבו גוש,0.5637834474175483,
23,אבו סנאן,473,6037,9422,6090,461,0.07636243167135995,ודעם,0.7384462481364916,אבו סנאן,0.6463595839524517,
23,דחי,475,288,511,292,5,0.017361111111111112,ודעם,0.9583333333333334,דחי,0.5714285714285714,
23,אכסאל,478,6512,9637,6553,49,0.007524570024570024,ודעם,0.9808046683046683,אכסאל,0.6799833973228183,
23,בית גן,480,4277,8713,4311,336,0.07855973813420622,פה,0.45592705167173253,בית גן,0.4947779180534833,
23,מגאר,481,8623,16044,8706,994,0.11527310680737562,ודעם,0.5351965673199582,מגאר,0.5426327599102468,
23,בועיינהנוגידאת,482,4297,6562,4323,41,0.009541540609727717,ודעם,0.9325110542238771,בועיינהנוגידאת,0.6587930508991161,
23,בענה,483,4450,5653,4460,59,0.013258426966292135,ודעם,0.9734831460674157,בענה,0.7889616133026711,
23,גולס,485,2815,4710,2846,685,0.2433392539964476,פה,0.555595026642984,גולס,0.6042462845010615,
23,גש גוש חלב,487,1513,2459,1527,20,0.013218770654329148,ודעם,0.7395902181097158,גש גוש חלב,0.6209841398942659,
23,דבוריה,489,4906,7039,4922,12,0.0024459845087647777,ודעם,0.9836934366082348,דבוריה,0.6992470521380878,
23,דייר אלאסד,490,6857,8208,6877,220,0.03208400175003646,ודעם,0.9369986874726557,דייר אלאסד,0.8378411306042886,
23,דייר חנא,492,5851,7322,5860,88,0.015040164074517177,ודעם,0.9690651170740044,דייר חנא,0.8003277792952745,
23,דאלית אלכרמל,494,7102,12693,7150,468,0.06589693044212898,פה,0.7321881160236553,דאלית אלכרמל,0.5633026077365477,
23,חורפיש,496,2364,4571,2374,263,0.11125211505922165,פה,0.5139593908629442,חורפיש,0.519361190111573,
23,טייבה בעמק,497,702,1230,703,6,0.008547008547008548,ודעם,0.9344729344729344,טייבה בעמק,0.5715447154471545,
23,טורעאן,498,6029,9475,6057,167,0.027699452645546525,ודעם,0.9504063692154586,טורעאן,0.6392612137203166,
23,יפיע,499,8650,13182,8705,132,0.015260115606936415,ודעם,0.9492485549132949,יפיע,0.6603702017903201,
23,ירכא,502,6325,10719,6444,2188,0.3459288537549407,פה,0.315098814229249,ירכא,0.6011754827875735,
23,כאבול,504,6643,8073,6660,23,0.00346229113352401,ודעם,0.9900647297907572,כאבול,0.8249721293199554,
23,כאוכב אבו אלהיגא,505,2127,2632,2132,4,0.0018805829807240243,ודעם,0.9929478138222849,כאוכב אבו אלהיגא,0.8100303951367781,
23,כפר יאסיף,507,5530,7927,5562,117,0.02115732368896926,ודעם,0.9206148282097649,כפר יאסיף,0.7016525797905891,
23,כפר כמא,508,1095,2597,1099,24,0.021917808219178082,פה,0.6885844748858447,כפר כמא,0.42318059299191374,
23,כפר כנא,509,10348,14685,10431,142,0.013722458446076537,ודעם,0.9457866254348667,כפר כנא,0.7103166496424923,
23,כפר מנדא,510,8883,12686,8957,944,0.10627040414274457,ודעם,0.861870989530564,כפר מנדא,0.7060539177045562,
23,עילוט,511,3281,5255,3301,16,0.0048765620237732395,ודעם,0.9814081072843646,עילוט,0.628163653663178,
23,כפר מצר,512,1177,1812,1179,53,0.045029736618521665,ודעם,0.9005947323704333,כפר מצר,0.6506622516556292,
23,עין ראפה,514,360,657,373,8,0.022222222222222223,ודעם,0.8555555555555555,עין ראפה,0.5677321156773212,
23,מגד אלכרום,516,7927,10360,7951,42,0.005298347420209411,ודעם,0.9865018291913713,מגד אלכרום,0.7674710424710425,
23,מזרעה,517,2228,2911,2238,9,0.004039497307001795,ודעם,0.979802513464991,מזרעה,0.7688079697698386,
23,מעיליא,518,1827,2552,1831,25,0.013683634373289545,ודעם,0.8686371100164204,מעיליא,0.7174764890282131,
23,משהד,520,3773,5592,3790,32,0.008481314603763583,ודעם,0.9798568778160615,משהד,0.6777539341917024,
23,עין נקובא,521,937,1680,955,35,0.03735325506937033,ודעם,0.855923159018143,עין נקובא,0.5684523809523809,
23,נחף,522,6007,8471,6028,62,0.010321291826202764,ודעם,0.974862660229732,נחף,0.7116042970133396,
23,ניין,523,877,1345,881,5,0.005701254275940707,ודעם,0.7206385404789054,ניין,0.6550185873605948,
23,נאעורה,524,1039,1469,1045,3,0.0028873917228103944,ודעם,0.9210779595765158,נאעורה,0.7113682777399591,
23,סאגור,525,1421,3024,1428,438,0.30823363828289935,אמת,0.32723434201266716,סאגור,0.4722222222222222,
23,סולם,526,1335,2012,1338,4,0.00299625468164794,ודעם,0.949812734082397,סולם,0.6650099403578529,
23,שזור,527,217,279,217,173,0.7972350230414746,מחל,0.7327188940092166,שזור,0.7777777777777778,
23,עוזייר,528,1279,2014,1283,9,0.007036747458952306,ודעם,0.9562157935887412,עוזייר,0.6370407149950348,
23,אעבלין,529,6183,9104,6232,77,0.012453501536470969,ודעם,0.9146045608927705,אעבלין,0.6845342706502636,
23,עיילבון,530,2912,4158,2922,138,0.04739010989010989,ודעם,0.7833104395604396,עיילבון,0.7027417027417028,
23,עראבה,531,12031,16725,12066,36,0.002992269969246114,ודעם,0.9890283434460976,עראבה,0.7214349775784753,
23,עין מאהל,532,6575,9058,6608,61,0.009277566539923954,ודעם,0.9776425855513308,עין מאהל,0.7295208655332303,
23,עספיא,534,5096,9170,5136,181,0.03551805337519623,פה,0.49646781789638933,עספיא,0.5600872410032716,
23,פסוטה,535,1596,2627,1604,24,0.015037593984962405,ודעם,0.7951127819548872,פסוטה,0.6105824133993148,
23,פקיעין בוקייעה,536,2944,4417,2964,211,0.07167119565217392,ודעם,0.31997282608695654,פקיעין בוקייעה,0.6710436948154856,
23,פוריידיס,537,5188,8696,5222,92,0.017733230531996914,ודעם,0.964148033924441,פוריידיס,0.6005059797608095,
23,שעב,538,3787,4868,3800,29,0.007657776604172168,ודעם,0.9804594665962504,שעב,0.780608052588332,
23,רומאנה,539,581,742,584,3,0.0051635111876075735,ודעם,0.9122203098106713,רומאנה,0.7870619946091644,
23,ריחאניה,540,547,920,554,22,0.04021937842778794,פה,0.5923217550274223,ריחאניה,0.6021739130434782,
23,גסר אזרקא,541,4885,8896,4941,46,0.009416581371545548,ודעם,0.966632548618219,גסר אזרקא,0.5554181654676259,
23,ריינה,542,7706,11436,7764,75,0.009732675837010122,ודעם,0.9700233584220088,ריינה,0.6789087093389297,
23,ראמה,543,4017,6374,4065,296,0.07368683096838437,ודעם,0.6519790888722927,ראמה,0.6377470975839348,
23,עין אלאסד,546,343,639,350,40,0.11661807580174927,פה,0.5043731778425656,עין אלאסד,0.5477308294209703,
23,טמרה יזרעאל,547,719,1042,723,3,0.004172461752433936,ודעם,0.9624478442280946,טמרה יזרעאל,0.6938579654510557,
23,גנות הדר,549,544,713,545,168,0.3088235294117647,פה,0.6011029411764706,גנות הדר,0.7643758765778401,
23,ניר בנים,553,443,605,443,54,0.12189616252821671,פה,0.6952595936794582,ניר בנים,0.7322314049586777,
23,שדמה,555,277,381,277,32,0.11552346570397112,פה,0.703971119133574,שדמה,0.7270341207349081,
23,בוסתן הגליל,559,550,713,551,211,0.3836363636363636,פה,0.5072727272727273,בוסתן הגליל,0.7727910238429172,
23,בית אלעזרי,562,823,1047,825,280,0.3402187120291616,פה,0.5321992709599028,בית אלעזרי,0.7879656160458453,
23,משמר דוד,563,439,516,440,82,0.1867881548974943,פה,0.6082004555808656,משמר דוד,0.8527131782945736,
23,רבדים,564,441,589,441,25,0.05668934240362812,פה,0.5510204081632653,רבדים,0.7487266553480475,
23,אזור,565,6689,9778,6730,3797,0.5676483779339213,מחל,0.41112273882493644,אזור,0.6882798118224586,
23,צרעה,567,552,835,555,25,0.04528985507246377,פה,0.5471014492753623,צרעה,0.6646706586826348,
23,מעונה,570,462,652,465,276,0.5974025974025974,מחל,0.5281385281385281,מעונה,0.7131901840490797,
23,בית גמליאל,571,608,774,608,531,0.8733552631578947,טב,0.4555921052631579,בית גמליאל,0.7855297157622739,
23,בית העמק,572,337,501,337,19,0.05637982195845697,פה,0.5519287833827893,בית העמק,0.6726546906187625,
23,מבקיעים,573,282,369,284,172,0.6099290780141844,מחל,0.4787234042553192,מבקיעים,0.7696476964769647,
23,גשר הזיו,574,816,1181,819,233,0.2855392156862745,פה,0.48651960784313725,גשר הזיו,0.6934801016088061,
23,יסעור,575,391,533,391,47,0.12020460358056266,פה,0.629156010230179,יסעור,0.7335834896810507,
23,כברי,576,600,845,601,38,0.06333333333333334,פה,0.665,כברי,0.7112426035502959,
23,יד בנימין,577,1744,2163,1749,1666,0.9552752293577982,טב,0.4466743119266055,יד בנימין,0.8085991678224688,
23,סאסא,578,291,421,292,10,0.03436426116838488,פה,0.4845360824742268,סאסא,0.6935866983372921,
23,כפר ראש הנקרה,579,718,1001,721,205,0.28551532033426186,פה,0.5139275766016713,כפר ראש הנקרה,0.7202797202797203,
23,כרם מהרל,580,501,654,502,84,0.16766467065868262,פה,0.6367265469061876,כרם מהרל,0.7675840978593272,
23,כפר הנגיד,582,598,779,599,150,0.2508361204013378,פה,0.6304347826086957,כפר הנגיד,0.7689345314505777,
23,זיקים,584,489,717,492,95,0.19427402862985685,פה,0.50920245398773,זיקים,0.6861924686192469,
23,לביא,585,380,535,382,308,0.8105263157894737,טב,0.5368421052631579,לביא,0.7140186915887851,
23,מגידו,586,472,634,472,53,0.11228813559322035,פה,0.6186440677966102,מגידו,0.7444794952681388,
23,סביון,587,2603,3874,2607,692,0.2658470995005763,פה,0.6046868997310795,סביון,0.6729478575116159,
23,בני ראם,588,721,895,723,660,0.9153952843273232,מחל,0.44798890429958393,בני ראם,0.8078212290502793,
23,בצת,589,224,298,224,69,0.3080357142857143,פה,0.5044642857142857,בצת,0.7516778523489933,
23,נווה אור,590,241,342,241,34,0.14107883817427386,פה,0.5850622406639004,נווה אור,0.7046783625730995,
23,עשרת,591,699,897,701,126,0.18025751072961374,פה,0.6852646638054364,עשרת,0.7814938684503902,
23,בני דרום,592,393,478,398,335,0.8524173027989822,טב,0.5419847328244275,בני דרום,0.8326359832635983,
23,ערוגות,593,543,673,544,172,0.31675874769797424,פה,0.570902394106814,ערוגות,0.8083209509658247,
23,צפריה,594,409,510,412,362,0.8850855745721271,טב,0.4767726161369193,צפריה,0.807843137254902,
23,לוחמי הגיטאות,595,415,537,415,44,0.10602409638554217,פה,0.6240963855421687,לוחמי הגיטאות,0.7728119180633147,
23,מלכיה,596,257,427,257,25,0.09727626459143969,פה,0.5603112840466926,מלכיה,0.6018735362997658,
23,פלמחים,597,442,591,442,55,0.1244343891402715,פה,0.5294117647058824,פלמחים,0.7478849407783418,
23,בית קמה,598,544,675,545,73,0.13419117647058823,פה,0.5606617647058824,בית קמה,0.8074074074074075,
23,פרוד,599,312,438,314,45,0.14423076923076922,פה,0.6057692307692307,פרוד,0.7168949771689498,
23,נירים,602,262,379,262,24,0.0916030534351145,פה,0.4389312977099237,נירים,0.6912928759894459,
23,אלקוש,603,147,242,148,109,0.7414965986394558,מחל,0.5782312925170068,אלקוש,0.6115702479338843,
23,בית עריף,604,580,738,585,439,0.756896551724138,מחל,0.5982758620689655,בית עריף,0.7926829268292683,
23,כפר שמאי,605,263,335,263,231,0.8783269961977186,מחל,0.5437262357414449,כפר שמאי,0.7850746268656716,
23,מזור,606,616,810,618,99,0.16071428571428573,פה,0.7094155844155844,מזור,0.762962962962963,
23,מירון,607,296,453,297,276,0.9324324324324325,טב,0.3108108108108108,מירון,0.6556291390728477,
23,כפר חושן,609,426,577,427,347,0.8145539906103286,מחל,0.57981220657277,כפר חושן,0.7400346620450606,
23,סתריה,610,629,809,631,125,0.1987281399046105,פה,0.6248012718600954,סתריה,0.7799752781211372,
23,צרופה,612,512,704,512,293,0.572265625,מחל,0.390625,צרופה,0.7272727272727273,
23,ציפורי,613,482,655,482,94,0.1950207468879668,פה,0.6120331950207469,ציפורי,0.7358778625954199,
23,שומרה,614,202,303,203,157,0.7772277227722773,מחל,0.7128712871287128,שומרה,0.66996699669967,
23,קדרון,615,876,1152,879,107,0.12214611872146118,פה,0.7031963470319634,קדרון,0.7630208333333334,
23,רינתיה,616,537,691,538,227,0.4227188081936685,פה,0.45996275605214154,רינתיה,0.7785817655571635,
23,ברקאי,617,333,518,334,11,0.03303303303303303,פה,0.5225225225225225,ברקאי,0.6447876447876448,
23,חדיד,618,486,600,486,386,0.7942386831275721,מחל,0.6069958847736625,חדיד,0.81,
23,בית גוברין,619,229,290,230,10,0.043668122270742356,פה,0.6331877729257642,בית גוברין,0.7931034482758621,
23,משואות יצחק,620,383,463,385,317,0.8276762402088773,טב,0.6840731070496083,משואות יצחק,0.8315334773218143,
23,עין צורים,622,357,446,359,270,0.7563025210084033,טב,0.5322128851540616,עין צורים,0.804932735426009,
23,יראון,623,219,369,220,11,0.0502283105022831,פה,0.593607305936073,יראון,0.5962059620596206,
23,גלגוליה,627,5065,6383,5078,4,0.0007897334649555774,ודעם,0.9508390918065153,גלגוליה,0.7955506814977283,
23,גת,628,4577,8186,4597,13,0.002840288398514311,ודעם,0.9768407253659602,גת,0.5615685316393844,
23,כפר ברא,633,1787,2352,1796,5,0.0027979854504756574,ודעם,0.9837716843872412,כפר ברא,0.7636054421768708,
23,כפר קאסם,634,11113,15139,11185,67,0.00602897507423738,ודעם,0.9171240889048862,כפר קאסם,0.7388202655393354,
23,מוקייבלה,635,1552,2571,1558,5,0.0032216494845360823,ודעם,0.9826030927835051,מוקייבלה,0.6059898872034228,
23,צנדלה,636,739,1238,742,1,0.0013531799729364006,ודעם,0.993234100135318,צנדלה,0.5993537964458805,
23,ערערה,637,9081,13286,9119,36,0.003964321110009911,ודעם,0.9866754762691333,ערערה,0.6863615836218576,
23,קלנסווה,638,10391,14379,10437,34,0.003272062361659128,ודעם,0.9859493792705226,קלנסווה,0.7258501982057167,
23,מצר,648,299,430,299,8,0.026755852842809364,אמת,0.5284280936454849,מצר,0.6953488372093023,
23,מייסר,649,837,1326,842,8,0.009557945041816009,ודעם,0.978494623655914,מייסר,0.6349924585218703,
23,אבטין,652,1151,1818,1161,10,0.008688097306689836,ודעם,0.9643788010425717,אבטין,0.6386138613861386,
23,כפר קרע,654,9232,12877,9264,158,0.017114384748700175,ודעם,0.9656629116117851,כפר קרע,0.7194222256736817,
23,שייח דנון,658,1494,1990,1503,7,0.004685408299866131,ודעם,0.9243641231593038,שייח דנון,0.7552763819095477,
23,שער אפרים,661,934,1237,934,462,0.49464668094218417,מחל,0.4089935760171306,שער אפרים,0.7550525464834277,
23,חוסן,662,531,733,535,381,0.7175141242937854,מחל,0.6064030131826742,חוסן,0.7298772169167803,
23,טירת יהודה,663,638,788,640,589,0.9231974921630094,מחל,0.42476489028213166,טירת יהודה,0.8121827411167513,
23,כרם בן זמרה,664,295,406,296,239,0.8101694915254237,מחל,0.6203389830508474,כרם בן זמרה,0.729064039408867,
23,תקומה,665,414,488,416,341,0.8236714975845411,טב,0.39371980676328505,תקומה,0.8524590163934426,
23,עומר,666,4666,6407,4672,1647,0.35297899699957136,פה,0.49228461208744106,עומר,0.7292024348368972,
23,ברעם,667,350,505,351,14,0.04,פה,0.4742857142857143,ברעם,0.695049504950495,
23,מפלסים,668,480,677,481,64,0.13333333333333333,פה,0.6020833333333333,מפלסים,0.7104874446085672,
23,משמר איילון,670,308,396,308,106,0.34415584415584416,פה,0.5097402597402597,משמר איילון,0.7777777777777778,
23,בית נקופה,672,359,472,359,153,0.42618384401114207,פה,0.3983286908077994,בית נקופה,0.760593220338983,
23,כפר טרומן,673,437,572,438,159,0.36384439359267734,פה,0.528604118993135,כפר טרומן,0.7657342657342657,
23,לימן,674,386,543,389,152,0.39378238341968913,פה,0.5025906735751295,לימן,0.716390423572744,
23,הבונים,675,205,300,205,16,0.07804878048780488,פה,0.6878048780487804,הבונים,0.6833333333333333,
23,עין השלושה,676,186,311,187,21,0.11290322580645161,פה,0.6344086021505376,עין השלושה,0.6012861736334405,
23,הסוללים,677,535,718,535,79,0.14766355140186915,פה,0.6485981308411215,הסוללים,0.745125348189415,
23,מעגן,678,218,328,219,36,0.1651376146788991,פה,0.6376146788990825,מעגן,0.6676829268292683,
23,אביאל,679,413,519,413,123,0.29782082324455206,פה,0.5447941888619855,אביאל,0.7957610789980732,
23,אומץ,680,388,512,388,67,0.17268041237113402,פה,0.6649484536082474,אומץ,0.7578125,
23,גבעת שמואל,681,13848,18240,13891,9367,0.6764153668399769,מחל,0.30899768919699594,גבעת שמואל,0.7615679824561403,
23,אליקים,682,420,586,423,372,0.8857142857142857,מחל,0.6214285714285714,אליקים,0.7218430034129693,
23,גבע כרמל,683,524,723,526,158,0.3015267175572519,פה,0.5877862595419847,גבע כרמל,0.7275242047026279,
23,היוגב,684,435,565,436,35,0.08045977011494253,פה,0.7655172413793103,היוגב,0.7716814159292036,
23,בניה,685,500,624,503,116,0.232,פה,0.65,בניה,0.8060897435897436,
23,נווה ימין,686,735,1000,737,465,0.6326530612244898,מחל,0.5197278911564626,נווה ימין,0.737,
23,עין איילה,687,546,744,546,95,0.17399267399267399,פה,0.6391941391941391,עין איילה,0.7338709677419355,
23,עלמה,688,452,584,452,433,0.9579646017699115,מחל,0.7256637168141593,עלמה,0.773972602739726,
23,מגדים,689,571,788,572,252,0.4413309982486865,פה,0.46760070052539404,מגדים,0.7258883248730964,
23,כפר אחים,690,425,536,425,194,0.45647058823529413,פה,0.49411764705882355,כפר אחים,0.792910447761194,
23,שפיר,692,446,534,448,311,0.6973094170403588,מחל,0.4618834080717489,שפיר,0.8389513108614233,
23,נתיב הלה,693,349,462,351,16,0.045845272206303724,פה,0.5902578796561605,נתיב הלה,0.7597402597402597,
23,מעגן מיכאל,694,1115,1702,1116,53,0.04753363228699552,פה,0.590134529147982,מעגן מיכאל,0.6556991774383079,
23,מגן,695,333,463,333,13,0.03903903903903904,פה,0.5495495495495496,מגן,0.7192224622030238,
23,כפר חבד,696,2838,4163,2842,2670,0.9408033826638478,ג,0.39217758985200846,כפר חבד,0.6826807590679799,
23,בארותיים,697,542,700,543,104,0.1918819188191882,פה,0.6439114391143912,בארותיים,0.7757142857142857,
23,בורגתה,698,617,803,617,160,0.2593192868719611,פה,0.6353322528363047,בורגתה,0.7683686176836861,
23,ניר ישראל,699,459,592,459,146,0.31808278867102396,פה,0.5599128540305011,ניר ישראל,0.7753378378378378,
23,חצב,700,658,857,661,403,0.6124620060790273,מחל,0.513677811550152,חצב,0.7712952158693116,
23,ארבל,701,335,452,335,149,0.44477611940298506,פה,0.4208955223880597,ארבל,0.7411504424778761,
23,האון,702,86,154,87,20,0.23255813953488372,פה,0.46511627906976744,האון,0.564935064935065,
23,גבעת עוז,703,256,401,257,28,0.109375,פה,0.57421875,גבעת עוז,0.6408977556109726,
23,נחשונים,705,245,352,246,18,0.07346938775510205,פה,0.5265306122448979,נחשונים,0.6988636363636364,
23,גיאה,706,423,556,423,130,0.3073286052009456,פה,0.5460992907801419,גיאה,0.7607913669064749,
23,כפר דניאל,707,362,488,363,52,0.143646408839779,פה,0.6740331491712708,כפר דניאל,0.7438524590163934,
23,עמקה,708,446,576,449,388,0.8699551569506726,מחל,0.6614349775784754,עמקה,0.7795138888888888,
23,תפרח,709,866,1011,871,856,0.9884526558891455,ג,0.7632794457274826,תפרח,0.8615232443125618,
23,בית זית,710,875,1185,875,249,0.2845714285714286,פה,0.4582857142857143,בית זית,0.7383966244725738,
23,עזריה,711,640,777,644,520,0.8125,מחל,0.68125,עזריה,0.8288288288288288,
23,בן עמי,712,413,552,413,131,0.3171912832929782,פה,0.5254237288135594,בן עמי,0.7481884057971014,
23,רעים,713,251,358,251,10,0.0398406374501992,פה,0.601593625498008,רעים,0.7011173184357542,
23,ארז,714,313,441,316,28,0.08945686900958466,פה,0.5463258785942492,ארז,0.7165532879818595,
23,להבות חביבה,715,469,609,470,31,0.06609808102345416,פה,0.673773987206823,להבות חביבה,0.7717569786535303,
23,אייל,716,307,391,308,10,0.03257328990228013,פה,0.6351791530944625,אייל,0.7877237851662404,
23,חגור,717,574,724,576,191,0.3327526132404181,פה,0.5592334494773519,חגור,0.7955801104972375,
23,ירחיב,718,558,790,562,390,0.6989247311827957,מחל,0.5716845878136201,ירחיב,0.7113924050632912,
23,תל קציר,719,220,311,221,28,0.12727272727272726,פה,0.5954545454545455,תל קציר,0.7106109324758842,
23,ניר גלים,720,547,643,547,495,0.9049360146252285,טב,0.5118829981718465,ניר גלים,0.8506998444790047,
23,שדה אילן,721,307,382,308,262,0.8534201954397395,טב,0.4820846905537459,שדה אילן,0.806282722513089,
23,מגשימים,722,530,676,532,117,0.22075471698113208,פה,0.660377358490566,מגשימים,0.7869822485207101,
23,בית הגדי,723,469,575,471,458,0.976545842217484,מחל,0.7803837953091685,בית הגדי,0.8191304347826087,
23,הודיה,726,319,498,322,230,0.7210031347962382,מחל,0.5705329153605015,הודיה,0.6465863453815262,
23,תלמי יחיאל,727,469,626,469,203,0.43283582089552236,פה,0.5031982942430704,תלמי יחיאל,0.7492012779552716,
23,משמר השבעה,729,525,708,527,191,0.3638095238095238,פה,0.52,משמר השבעה,0.7443502824858758,
23,אליפלט,730,348,468,349,303,0.8706896551724138,מחל,0.7528735632183908,אליפלט,0.7457264957264957,
23,מישר,731,382,474,382,71,0.18586387434554974,פה,0.662303664921466,מישר,0.8059071729957806,
23,משמר הירדן,732,410,539,410,244,0.5951219512195122,מחל,0.5219512195121951,משמר הירדן,0.7606679035250464,
23,גן יאשיה,734,497,639,497,68,0.13682092555331993,פה,0.676056338028169,גן יאשיה,0.7777777777777778,
23,רמות מאיר,735,381,550,383,118,0.30971128608923887,פה,0.5695538057742782,רמות מאיר,0.6963636363636364,
23,גילת,736,771,1021,775,565,0.7328145265888456,מחל,0.5979247730220493,גילת,0.7590597453476984,
23,עולש,737,571,761,571,153,0.2679509632224168,פה,0.5936952714535902,עולש,0.7503285151116952,
23,דור,738,222,285,222,60,0.2702702702702703,פה,0.6441441441441441,דור,0.7789473684210526,
23,שדה עוזיהו,739,794,990,798,696,0.8765743073047859,מחל,0.6826196473551638,שדה עוזיהו,0.806060606060606,
23,אשתאול,740,603,749,605,452,0.7495854063018242,מחל,0.5074626865671642,אשתאול,0.807743658210948,
23,שואבה,741,356,478,357,130,0.3651685393258427,פה,0.4297752808988764,שואבה,0.7468619246861925,
23,מסילת ציון,742,559,696,560,171,0.30590339892665475,פה,0.5044722719141324,מסילת ציון,0.8045977011494253,
23,כפר שמואל,743,495,590,497,109,0.2202020202020202,פה,0.6343434343434343,כפר שמואל,0.8423728813559322,
23,תלמי יפה,744,371,496,371,135,0.3638814016172507,פה,0.48517520215633425,תלמי יפה,0.7479838709677419,
23,גמזו,745,552,676,553,495,0.8967391304347826,טב,0.5670289855072463,גמזו,0.8180473372781065,
23,ברכיה,746,649,766,649,615,0.9476117103235747,מחל,0.5315870570107858,ברכיה,0.8472584856396866,
23,בית שקמה,747,440,570,440,379,0.8613636363636363,מחל,0.634090909090909,בית שקמה,0.7719298245614035,
23,מסלול,748,371,498,372,234,0.6307277628032345,מחל,0.48517520215633425,מסלול,0.7469879518072289,
23,פטיש,749,536,665,538,470,0.8768656716417911,מחל,0.5354477611940298,פטיש,0.8090225563909774,
23,פדויים,750,247,338,248,199,0.805668016194332,מחל,0.5789473684210527,פדויים,0.7337278106508875,
23,בית מאיר,751,266,364,267,245,0.9210526315789473,מחל,0.424812030075188,בית מאיר,0.7335164835164835,
23,תעוז,752,349,430,351,230,0.6590257879656161,מחל,0.46131805157593125,תעוז,0.8162790697674419,
23,ינוב,753,463,621,463,223,0.4816414686825054,פה,0.3952483801295896,ינוב,0.7455716586151369,
23,גורן,755,267,342,267,227,0.850187265917603,מחל,0.6629213483146067,גורן,0.7807017543859649,
23,בית עזרא,756,626,828,627,327,0.5223642172523961,מחל,0.40415335463258784,בית עזרא,0.7572463768115942,
23,מצליח,757,742,978,744,504,0.6792452830188679,מחל,0.5902964959568733,מצליח,0.7607361963190185,
23,יד חנה,758,457,577,457,90,0.19693654266958424,פה,0.6214442013129103,יד חנה,0.7920277296360485,
23,יציץ,759,444,578,444,363,0.8175675675675675,מחל,0.6914414414414415,יציץ,0.7681660899653979,
23,בן זכאי,760,505,611,508,473,0.9366336633663367,מחל,0.6475247524752475,בן זכאי,0.8314238952536824,
23,שובה,761,340,419,340,322,0.9470588235294117,מחל,0.6647058823529411,שובה,0.8114558472553699,
23,בטחה,762,473,609,476,429,0.9069767441860465,מחל,0.6342494714587738,בטחה,0.7816091954022989,
23,שתולים,763,1066,1413,1068,726,0.6810506566604128,מחל,0.5609756097560976,שתולים,0.7558386411889597,
23,כפר מרדכי,764,362,461,363,42,0.11602209944751381,פה,0.6988950276243094,כפר מרדכי,0.7874186550976139,
23,משגב דב,765,392,500,392,100,0.25510204081632654,פה,0.6122448979591837,משגב דב,0.784,
23,קוממיות,766,183,253,183,183,1.0,ג,0.9672131147540983,קוממיות,0.7233201581027668,
23,פורת,767,670,904,673,596,0.8895522388059701,מחל,0.6208955223880597,פורת,0.7444690265486725,
23,כרמיה,768,344,459,344,81,0.23546511627906977,פה,0.49709302325581395,כרמיה,0.7494553376906318,
23,ניר עציון,769,320,411,320,247,0.771875,טב,0.50625,ניר עציון,0.7785888077858881,
23,מבוא ביתר,771,462,613,462,231,0.5,מחל,0.4090909090909091,מבוא ביתר,0.7536704730831973,
23,אמונים,772,511,713,512,266,0.5205479452054794,מחל,0.39921722113502933,אמונים,0.7180925666199158,
23,עמיקם,773,394,523,395,85,0.21573604060913706,פה,0.5710659898477157,עמיקם,0.7552581261950286,
23,צוריאל,774,214,294,216,159,0.7429906542056075,מחל,0.6214953271028038,צוריאל,0.7346938775510204,
23,יד נתן,775,323,423,323,71,0.21981424148606812,פה,0.6811145510835913,יד נתן,0.7635933806146572,
23,מחסיה,776,261,318,261,227,0.8697318007662835,מחל,0.6053639846743295,מחסיה,0.8207547169811321,
23,נחשון,777,344,467,347,17,0.04941860465116279,פה,0.4796511627906977,נחשון,0.7430406852248393,
23,תרום,778,471,576,472,393,0.8343949044585988,מחל,0.5392781316348195,תרום,0.8194444444444444,
23,עמינדב,779,448,634,449,225,0.5022321428571429,מחל,0.3950892857142857,עמינדב,0.7082018927444795,
23,אורה,780,601,840,602,365,0.6073211314475874,מחל,0.46422628951747086,אורה,0.7166666666666667,
23,אבן ספיר,783,349,497,351,245,0.7020057306590258,מחל,0.6275071633237822,אבן ספיר,0.7062374245472837,
23,בית נחמיה,784,467,622,471,187,0.4004282655246253,פה,0.43897216274089934,בית נחמיה,0.7572347266881029,
23,אחיהוד,785,506,659,512,465,0.9189723320158103,מחל,0.6719367588932806,אחיהוד,0.7769347496206374,
23,כפר זיתים,786,356,474,356,310,0.8707865168539326,מחל,0.6966292134831461,כפר זיתים,0.7510548523206751,
23,גבעת יערים,787,701,933,704,388,0.5534950071326676,מחל,0.39942938659058486,גבעת יערים,0.7545551982851019,
23,זיתן,788,693,817,694,586,0.8455988455988456,מחל,0.6767676767676768,זיתן,0.8494492044063647,
23,רנן,789,316,443,318,182,0.5759493670886076,מחל,0.5031645569620253,רנן,0.7178329571106095,
23,משען,791,567,709,569,479,0.8447971781305115,מחל,0.6525573192239859,משען,0.8025387870239774,
23,נתיב השיירה,792,307,402,307,151,0.49185667752442996,פה,0.43973941368078173,נתיב השיירה,0.763681592039801,
23,גבעתי,793,491,654,493,350,0.7128309572301426,מחל,0.5213849287169042,גבעתי,0.753822629969419,
23,עגור,794,242,302,242,211,0.871900826446281,מחל,0.6611570247933884,עגור,0.8013245033112583,
23,יערה,795,401,557,403,295,0.7356608478802993,מחל,0.4688279301745636,יערה,0.7235188509874326,
23,צלפון,796,515,677,518,399,0.7747572815533981,מחל,0.658252427184466,צלפון,0.7651403249630724,
23,אחיעזר,797,1022,1178,1026,1006,0.9843444227005871,שס,0.4608610567514677,אחיעזר,0.8709677419354839,
23,יגל,798,493,616,494,406,0.8235294117647058,מחל,0.6673427991886409,יגל,0.801948051948052,
23,זכריה,799,587,764,588,507,0.8637137989778535,מחל,0.7359454855195912,זכריה,0.7696335078534031,
23,בית חנניה,800,461,612,461,75,0.16268980477223427,פה,0.6746203904555315,בית חנניה,0.7532679738562091,
23,חמד,801,476,570,478,406,0.8529411764705882,טב,0.45168067226890757,חמד,0.8385964912280702,
23,גבעת כח,802,481,651,482,326,0.6777546777546778,מחל,0.5280665280665281,גבעת כח,0.7403993855606759,
23,יושיביה,803,271,337,272,266,0.981549815498155,מחל,0.4981549815498155,יושיביה,0.8071216617210683,
23,אחיסמך,804,742,878,744,698,0.9407008086253369,מחל,0.6900269541778976,אחיסמך,0.8473804100227791,
23,ישעי,805,427,549,430,404,0.9461358313817331,מחל,0.5761124121779859,ישעי,0.7832422586520947,
23,עין יהב,806,386,537,386,27,0.06994818652849741,פה,0.7797927461139896,עין יהב,0.7188081936685289,
23,חניאל,807,466,657,468,70,0.15021459227467812,פה,0.7103004291845494,חניאל,0.7123287671232876,
23,ניר אליהו,808,301,417,302,22,0.07308970099667775,פה,0.5780730897009967,ניר אליהו,0.7242206235011991,
23,נחם,809,332,418,333,290,0.8734939759036144,מחל,0.6204819277108434,נחם,0.7966507177033493,
23,עופר,810,298,395,299,96,0.3221476510067114,פה,0.4563758389261745,עופר,0.7569620253164557,
23,יכיני,811,383,473,383,330,0.8616187989556136,מחל,0.7023498694516971,יכיני,0.8097251585623678,
23,שלומי,812,3485,5217,3496,2367,0.6791965566714491,מחל,0.5067431850789096,שלומי,0.6701169254360744,
23,עין יעקב,813,562,712,563,370,0.6583629893238434,מחל,0.5,עין יעקב,0.7907303370786517,
23,תלמים,814,446,567,448,404,0.905829596412556,מחל,0.5493273542600897,תלמים,0.7901234567901234,
23,זבדיאל,815,353,415,353,342,0.9688385269121813,מחל,0.6175637393767706,זבדיאל,0.8506024096385543,
23,זנוח,816,288,398,289,259,0.8993055555555556,מחל,0.6805555555555556,זנוח,0.7261306532663316,
23,עזריקם,817,744,949,746,586,0.7876344086021505,מחל,0.6706989247311828,עזריקם,0.78609062170706,
23,זרחיה,818,418,488,419,405,0.9688995215311005,מחל,0.562200956937799,זרחיה,0.8586065573770492,
23,אביגדור,819,484,617,488,92,0.19008264462809918,פה,0.6735537190082644,אביגדור,0.7909238249594813,
23,חלץ,820,258,354,259,216,0.8372093023255814,מחל,0.6472868217054264,חלץ,0.731638418079096,
23,אחוזם,821,277,396,277,258,0.9314079422382672,מחל,0.6859205776173285,אחוזם,0.6994949494949495,
23,מטע,822,398,545,399,214,0.5376884422110553,מחל,0.44974874371859297,מטע,0.7321100917431193,
23,בר גיורא,823,310,412,311,229,0.7387096774193549,מחל,0.5870967741935483,בר גיורא,0.7548543689320388,
23,כוכב מיכאל,824,514,701,519,117,0.22762645914396887,פה,0.6186770428015564,כוכב מיכאל,0.7403708987161198,
23,נס הרים,825,596,786,597,330,0.5536912751677853,מחל,0.4463087248322148,נס הרים,0.7595419847328244,
23,עוזה,826,288,366,289,278,0.9652777777777778,מחל,0.5069444444444444,עוזה,0.7896174863387978,
23,נווה מבטח,827,358,454,358,83,0.23184357541899442,פה,0.6089385474860335,נווה מבטח,0.788546255506608,
23,ישרש,828,520,727,520,340,0.6538461538461539,מחל,0.5365384615384615,ישרש,0.7152682255845942,
23,מבטחים,829,240,389,240,182,0.7583333333333333,מחל,0.5666666666666667,מבטחים,0.6169665809768637,
23,ירוחם,831,4941,7435,4993,3836,0.776361060514066,מחל,0.47561222424610405,ירוחם,0.6715534633490249,
23,נורית,833,93,111,93,41,0.44086021505376344,פה,0.44086021505376344,נורית,0.8378378378378378,
23,גנות,836,268,351,269,98,0.3656716417910448,פה,0.5186567164179104,גנות,0.7663817663817664,
23,עזריאל,837,499,608,499,437,0.875751503006012,מחל,0.6392785571142284,עזריאל,0.8207236842105263,
23,פדיה,838,464,598,465,342,0.7370689655172413,מחל,0.625,פדיה,0.7775919732441472,
23,פתחיה,839,478,612,482,313,0.6548117154811716,מחל,0.5481171548117155,פתחיה,0.7875816993464052,
23,כיסופים,840,156,313,157,20,0.1282051282051282,פה,0.42948717948717946,כיסופים,0.5015974440894568,
23,אלישמע,841,627,812,632,408,0.6507177033492823,מחל,0.49920255183413076,אלישמע,0.7783251231527094,
23,געש,842,523,672,524,40,0.07648183556405354,פה,0.5831739961759083,געש,0.7797619047619048,
23,מרגליות,843,196,342,196,113,0.576530612244898,מחל,0.4846938775510204,מרגליות,0.5730994152046783,
23,נחל עוז,844,250,352,251,30,0.12,פה,0.576,נחל עוז,0.7130681818181818,
23,כפר עזה,845,532,727,532,55,0.10338345864661654,פה,0.6447368421052632,כפר עזה,0.7317744154057771,
23,שפר,846,227,321,227,171,0.7533039647577092,מחל,0.6079295154185022,שפר,0.7071651090342679,
23,בית רבן,848,248,331,248,241,0.9717741935483871,טב,0.49193548387096775,בית רבן,0.7492447129909365,
23,דבירה,849,490,651,490,60,0.12244897959183673,פה,0.5877551020408164,דבירה,0.7526881720430108,
23,אחיטוב,850,542,714,546,266,0.4907749077490775,פה,0.42435424354243545,אחיטוב,0.7647058823529411,
23,ניצני עוז,851,571,743,572,246,0.4308231173380035,פה,0.4203152364273205,ניצני עוז,0.7698519515477793,
23,גונן,852,234,343,234,15,0.0641025641025641,פה,0.6666666666666666,גונן,0.6822157434402333,
23,גאליה,853,641,835,643,173,0.2698907956318253,פה,0.6006240249609984,גאליה,0.770059880239521,
23,רחוב,854,246,328,246,231,0.9390243902439024,מחל,0.7886178861788617,רחוב,0.75,
23,שעלבים,856,638,745,638,614,0.9623824451410659,טב,0.6974921630094044,שעלבים,0.8563758389261745,
23,כפר אביב,857,411,536,411,103,0.25060827250608275,פה,0.6204379562043796,כפר אביב,0.7667910447761194,
23,נווה ירק,858,670,848,671,125,0.1865671641791045,פה,0.6940298507462687,נווה ירק,0.7912735849056604,
23,כסלון,859,213,277,213,180,0.8450704225352113,מחל,0.6056338028169014,כסלון,0.7689530685920578,
23,שדה אליעזר,861,457,626,458,189,0.4135667396061269,פה,0.45951859956236324,שדה אליעזר,0.731629392971246,
23,גני יוחנן,862,399,531,400,174,0.43609022556390975,פה,0.48872180451127817,גני יוחנן,0.7532956685499058,
23,גינתון,863,517,656,519,155,0.29980657640232106,פה,0.5609284332688588,גינתון,0.7911585365853658,
23,בקוע,864,429,540,430,288,0.6713286713286714,מחל,0.5547785547785548,בקוע,0.7962962962962963,
23,שיבולים,865,202,263,204,184,0.9108910891089109,מחל,0.6881188118811881,שיבולים,0.7756653992395437,
23,יטבתה,866,436,683,436,28,0.06422018348623854,פה,0.518348623853211,יטבתה,0.6383601756954612,
23,אלוני יצחק,868,23,120,23,5,0.21739130434782608,פה,0.5652173913043478,אלוני יצחק,0.19166666666666668,
23,גבעת השלושה,870,386,500,386,56,0.14507772020725387,פה,0.616580310880829,גבעת השלושה,0.772,
23,עינת,871,474,575,474,40,0.08438818565400844,פה,0.6223628691983122,עינת,0.8243478260869566,
23,גאולי תימן,872,207,261,207,131,0.6328502415458938,מחל,0.5217391304347826,גאולי תימן,0.7931034482758621,
23,שלווה,873,324,388,326,310,0.9567901234567902,מחל,0.6882716049382716,שלווה,0.8402061855670103,
23,מגדל העמק,874,13442,21246,13528,9037,0.6722957893170659,מחל,0.4532807617914001,מגדל העמק,0.6367316200696602,
23,בית חירות,877,469,610,470,11,0.023454157782515993,פה,0.7377398720682303,בית חירות,0.7704918032786885,
23,עין שריד,880,814,1102,818,343,0.4213759213759214,פה,0.4557739557739558,עין שריד,0.7422867513611615,
23,שדה בוקר,885,279,415,279,11,0.03942652329749104,פה,0.5878136200716846,שדה בוקר,0.672289156626506,
23,כפר הריף,888,469,579,470,111,0.23667377398720682,פה,0.6098081023454158,כפר הריף,0.8117443868739206,
23,כפר חסידים ב,889,154,204,155,104,0.6753246753246753,מחל,0.42207792207792205,כפר חסידים ב,0.7598039215686274,
23,עבדון,892,375,521,379,299,0.7973333333333333,מחל,0.6186666666666667,עבדון,0.727447216890595,
23,שבלי  אום אלגנם,913,2527,4174,2541,26,0.010288880094974277,ודעם,0.8563514048278591,שבלי אום אלגנם,0.6087685673215142,
23,ישע,916,198,279,198,86,0.43434343434343436,פה,0.398989898989899,ישע,0.7096774193548387,
23,עצמון שגב,917,663,898,664,60,0.09049773755656108,פה,0.6726998491704375,עצמון שגב,0.7394209354120267,
23,גבעת ישעיהו,919,391,513,391,89,0.22762148337595908,פה,0.45524296675191817,גבעת ישעיהו,0.7621832358674464,
23,שער מנשה,921,11,136,11,6,0.5454545454545454,פה,0.36363636363636365,שער מנשה,0.08088235294117647,
23,רכסים,922,5330,6334,5357,5182,0.9722326454033771,שס,0.4530956848030019,רכסים,0.8457530786233028,
23,מסעודין אלעזאזמה,939,4390,7394,4424,10,0.002277904328018223,ודעם,0.9854214123006834,מסעודין אלעזאזמה,0.5983229645658642,
23,סואעד חמרייה,942,82,150,84,0,0.0,ודעם,0.8536585365853658,סואעד חמרייה,0.56,
23,בסמת טבעון,944,2926,5371,2936,87,0.029733424470266577,ודעם,0.8810663021189337,בסמת טבעון,0.5466393595233662,
23,הוזייל שבט,956,458,1113,462,3,0.006550218340611353,ודעם,0.8646288209606987,הוזייל שבט,0.41509433962264153,
23,עוקבי בנו עוקבה,957,174,292,174,0,0.0,ודעם,0.9655172413793104,עוקבי בנו עוקבה,0.5958904109589042,
23,אבו עבדון שבט,958,40,142,41,0,0.0,ודעם,1.0,אבו עבדון שבט,0.2887323943661972,
23,אסד שבט,960,130,493,131,2,0.015384615384615385,ודעם,0.9,אסד שבט,0.2657200811359026,
23,אבו רוקייק שבט,961,2166,4870,2171,7,0.003231763619575254,ודעם,0.9815327793167128,אבו רוקייק שבט,0.4457905544147844,
23,טובאזנגריה,962,2304,4473,2318,46,0.019965277777777776,ודעם,0.8524305555555556,טובאזנגריה,0.5182204337133914,
23,אעצם שבט,963,2031,4690,2036,7,0.0034465780403741997,ודעם,0.9817823732151649,אעצם שבט,0.4341151385927505,
23,קודייראת אצאנעשבט,964,381,1350,385,1,0.0026246719160104987,ודעם,0.9501312335958005,קודייראת אצאנעשבט,0.2851851851851852,
23,אטרש שבט,965,511,1585,514,3,0.005870841487279843,ודעם,0.9393346379647749,אטרש שבט,0.32429022082018927,
23,אבו רובייעה שבט,966,1503,4060,1524,9,0.005988023952095809,ודעם,0.9520958083832335,אבו רובייעה שבט,0.3753694581280788,
23,אבו גווייעד שבט,967,589,2018,595,7,0.011884550084889643,ודעם,0.9405772495755518,אבו גווייעד שבט,0.29484638255698714,
23,אבו קורינאת שבט,968,1328,3037,1336,9,0.00677710843373494,ודעם,0.9510542168674698,אבו קורינאת שבט,0.4399078037537043,
23,עטאוונה שבט,969,31,110,31,1,0.03225806451612903,ודעם,0.967741935483871,עטאוונה שבט,0.2818181818181818,
23,תראבין אצאנע שבט,970,48,520,48,0,0.0,ודעם,0.8958333333333334,תראבין אצאנע שבט,0.09230769230769231,
23,קוואעין שבט,972,117,489,118,21,0.1794871794871795,ודעם,0.7948717948717948,קוואעין שבט,0.24130879345603273,
23,זרזיר,975,2842,5365,2863,128,0.045038705137227304,ודעם,0.669247009148487,זרזיר,0.5336439888164026,
23,גנאביב שבט,976,210,478,211,3,0.014285714285714285,ודעם,0.8238095238095238,גנאביב שבט,0.44142259414225943,
23,כעביהטבאשחגאגרה,978,2207,3689,2214,69,0.031264159492523785,ודעם,0.8192115994562755,כעביהטבאשחגאגרה,0.6001626457034427,
23,ראס עלי,990,284,406,286,6,0.02112676056338028,ודעם,0.971830985915493,ראס עלי,0.7044334975369458,
23,חמאם,993,648,1165,655,7,0.010802469135802469,ודעם,0.8564814814814815,חמאם,0.5622317596566524,
23,מנשית זבדה,994,592,852,593,2,0.0033783783783783786,ודעם,0.8733108108108109,מנשית זבדה,0.6960093896713615,
23,רומת הייב,997,648,1368,651,36,0.05555555555555555,ודעם,0.5756172839506173,רומת הייב,0.4758771929824561,
23,ביר אלמכסור,998,3561,6487,3582,146,0.04099971918000562,ודעם,0.8076383038472339,ביר אלמכסור,0.5521812856482196,
23,מבשרת ציון,1015,13559,18944,13589,6893,0.5083708238070654,מחל,0.39914447968139244,מבשרת ציון,0.7173247466216216,
23,אור עקיבא,1020,10237,15949,10300,7377,0.7206212757643841,מחל,0.565888443880043,אור עקיבא,0.6458085146404163,
23,חרוצים,1024,434,565,437,170,0.391705069124424,פה,0.4815668202764977,חרוצים,0.7734513274336283,
23,שדרות,1031,13414,20663,13513,9994,0.7450424929178471,מחל,0.5114805427165647,שדרות,0.6539708657987707,
23,קרית מלאכי,1034,11862,17219,11944,10119,0.8530601922104198,מחל,0.5091890069128309,קרית מלאכי,0.6936523607642721,
23,נצאצרה שבט,1041,177,320,177,0,0.0,ודעם,0.9830508474576272,נצאצרה שבט,0.553125,
23,גיזו,1043,113,146,113,58,0.5132743362831859,מחל,0.4424778761061947,גיזו,0.773972602739726,
23,יעף,1044,139,171,140,36,0.2589928057553957,פה,0.5467625899280576,יעף,0.8187134502923976,
23,שתולה,1045,162,230,162,119,0.7345679012345679,מחל,0.5246913580246914,שתולה,0.7043478260869566,
23,אוהד,1046,185,267,185,103,0.5567567567567567,מחל,0.43783783783783786,אוהד,0.6928838951310862,
23,חזון,1047,227,257,227,210,0.9251101321585903,מחל,0.6828193832599119,חזון,0.8832684824902723,
23,בית חשמונאי,1050,1122,1486,1122,486,0.43315508021390375,פה,0.46345811051693403,בית חשמונאי,0.7550471063257066,
23,תלמי אליהו,1051,129,217,129,92,0.7131782945736435,מחל,0.5116279069767442,תלמי אליהו,0.5944700460829493,
23,קטורה,1052,225,438,225,20,0.08888888888888889,פה,0.43555555555555553,קטורה,0.5136986301369864,
23,תל שבע,1054,5531,9683,5575,32,0.0057855722292533,ודעם,0.9788465015367926,תל שבע,0.5757513167406796,
23,נווה זוהר,1057,21,55,21,10,0.47619047619047616,מחל,0.42857142857142855,נווה זוהר,0.38181818181818183,
23,שדה ניצן,1058,211,364,211,36,0.17061611374407584,פה,0.5402843601895735,שדה ניצן,0.5796703296703297,
23,כסיפה,1059,5171,8531,5198,41,0.007928833881260878,ודעם,0.9419841423322375,כסיפה,0.6093072324463721,
23,לקיה,1060,3773,7663,3797,16,0.004240657301881791,ודעם,0.9719056453750331,לקיה,0.4954978467962939,
23,נוף הגליל,1061,22153,39579,22433,8847,0.39935900329526475,מחל,0.33620728569493974,נוף הגליל,0.5667904696935243,
23,מעלותתרשיחא,1063,11594,18341,11674,5152,0.44436777643608766,מחל,0.32499568742452994,מעלותתרשיחא,0.6364974646965814,
23,אמירים,1064,407,609,409,94,0.23095823095823095,פה,0.4987714987714988,אמירים,0.6715927750410509,
23,זמרת,1065,342,370,342,314,0.9181286549707602,מחל,0.6081871345029239,זמרת,0.9243243243243243,
23,בני עיש,1066,3732,5768,3767,2092,0.5605573419078242,מחל,0.4252411575562701,בני עיש,0.6530859916782247,
23,דובב,1067,250,361,250,226,0.904,מחל,0.788,דובב,0.6925207756232687,
23,אדמית,1068,195,354,195,40,0.20512820512820512,פה,0.3333333333333333,אדמית,0.5508474576271186,
23,רםאון,1069,487,652,488,62,0.1273100616016427,פה,0.6940451745379876,רםאון,0.7484662576687117,
23,אביעזר,1070,445,577,445,245,0.550561797752809,מחל,0.4404494382022472,אביעזר,0.7712305025996534,
23,נווה מיכאל,1071,379,467,381,328,0.8654353562005277,מחל,0.5857519788918206,נווה מיכאל,0.815845824411135,
23,גן הדרום,1072,291,356,291,125,0.42955326460481097,פה,0.4536082474226804,גן הדרום,0.8174157303370787,
23,גבעת שפירא,1077,171,215,172,27,0.15789473684210525,פה,0.7368421052631579,גבעת שפירא,0.8,
23,צפרירים,1079,205,307,207,102,0.4975609756097561,מחל,0.3902439024390244,צפרירים,0.6742671009771987,
23,מבועים,1080,667,925,669,454,0.6806596701649176,מחל,0.5517241379310345,מבועים,0.7232432432432433,
23,אבן מנחם,1081,193,281,193,153,0.7927461139896373,מחל,0.6476683937823834,אבן מנחם,0.6868327402135231,
23,מעגלים,1082,858,1058,862,824,0.9603729603729604,מחל,0.5885780885780886,מעגלים,0.8147448015122873,
23,תושיה,1083,254,316,254,246,0.968503937007874,טב,0.531496062992126,תושיה,0.8037974683544303,
23,בן שמן כפר נוער,1084,167,236,167,37,0.2215568862275449,פה,0.47904191616766467,בן שמן כפר נוער,0.7076271186440678,
23,כרם שלום,1085,81,145,82,41,0.5061728395061729,פה,0.25925925925925924,כרם שלום,0.5655172413793104,
23,כרם יבנה ישיבה,1094,144,157,144,143,0.9930555555555556,טב,0.7013888888888888,כרם יבנה ישיבה,0.9171974522292994,
23,כפר מימון,1095,350,434,351,317,0.9057142857142857,טב,0.58,כפר מימון,0.8087557603686636,
23,מרכז שפירא,1098,1151,1429,1152,1085,0.9426585577758471,טב,0.5134665508253693,מרכז שפירא,0.8061581525542337,
23,צוקי ים,1102,119,165,119,25,0.21008403361344538,פה,0.5798319327731093,צוקי ים,0.7212121212121212,
23,גני הדר,1103,202,258,202,42,0.2079207920792079,פה,0.6089108910891089,גני הדר,0.7829457364341085,
23,פוריה  כפר עבודה,1104,183,265,184,146,0.7978142076502732,מחל,0.6502732240437158,פוריה כפר עבודה,0.6943396226415094,
23,פוריה  נווה עובד,1105,705,1019,708,561,0.7957446808510639,מחל,0.676595744680851,פוריה נווה עובד,0.6947988223748773,
23,אומן,1108,231,367,231,154,0.6666666666666666,מחל,0.5844155844155844,אומן,0.6294277929155313,
23,חבר,1110,259,362,259,173,0.667953667953668,מחל,0.5675675675675675,חבר,0.7154696132596685,
23,יודפת,1112,487,611,488,25,0.0513347022587269,פה,0.5523613963039015,יודפת,0.7986906710310966,
23,צור הדסה,1113,4515,6051,4529,2101,0.4653377630121816,מחל,0.35171650055370984,צור הדסה,0.7484713270533796,
23,שריגים ליאון,1114,566,815,569,123,0.21731448763250882,פה,0.4840989399293286,שריגים ליאון,0.698159509202454,
23,אביבים,1115,246,332,246,242,0.983739837398374,מחל,0.7113821138211383,אביבים,0.7409638554216867,
23,אדרת,1123,408,570,409,337,0.8259803921568627,מחל,0.5833333333333334,אדרת,0.7175438596491228,
23,נאות הכיכר,1124,135,221,136,27,0.2,פה,0.5851851851851851,נאות הכיכר,0.6153846153846154,
23,אלמגור,1125,219,294,219,12,0.0547945205479452,פה,0.771689497716895,אלמגור,0.7448979591836735,
23,אילות,1126,164,253,164,16,0.0975609756097561,פה,0.5365853658536586,אילות,0.6482213438735178,
23,מעלה גלבוע,1127,290,360,290,174,0.6,טב,0.43448275862068964,מעלה גלבוע,0.8055555555555556,
23,מי עמי,1128,196,255,198,12,0.061224489795918366,פה,0.5663265306122449,מי עמי,0.7764705882352941,
23,גרופית,1129,169,289,169,21,0.1242603550295858,פה,0.6390532544378699,גרופית,0.5847750865051903,
23,כפר רוזנואלד זרעית,1130,149,220,149,114,0.7651006711409396,מחל,0.6778523489932886,כפר רוזנואלד זרעית,0.6772727272727272,
23,שניר,1132,307,435,310,34,0.11074918566775244,פה,0.5863192182410424,שניר,0.7126436781609196,
23,ורדון,1133,172,222,172,95,0.5523255813953488,מחל,0.38953488372093026,ורדון,0.7747747747747747,
23,יד השמונה,1134,114,161,114,44,0.38596491228070173,פה,0.42105263157894735,יד השמונה,0.7080745341614907,
23,צוחר,1136,304,450,304,182,0.5986842105263158,מחל,0.5131578947368421,צוחר,0.6755555555555556,
23,קרית יערים,1137,2559,3332,2577,2523,0.9859320046893317,ג,0.7014458772958186,קרית יערים,0.7734093637454982,
23,יעד,1138,408,561,408,20,0.049019607843137254,פה,0.6029411764705882,יעד,0.7272727272727273,
23,כרמיאל,1139,24370,41328,24537,11170,0.4583504308576118,מחל,0.36434140336479276,כרמיאל,0.5937137049941928,
23,מדרשת בן גוריון,1140,802,1140,804,103,0.128428927680798,פה,0.4850374064837905,מדרשת בן גוריון,0.7052631578947368,
23,מבוא מודיעים,1141,98,177,99,82,0.8367346938775511,מחל,0.3469387755102041,מבוא מודיעים,0.559322033898305,
23,נס עמים,1143,187,229,187,43,0.22994652406417113,פה,0.5828877005347594,נס עמים,0.8165938864628821,
23,אלומה,1145,280,330,280,278,0.9928571428571429,שס,0.65,אלומה,0.8484848484848485,
23,עלומים,1146,265,346,265,212,0.8,טב,0.5320754716981132,עלומים,0.7658959537572254,
23,נטועה,1147,185,243,185,139,0.7513513513513513,מחל,0.518918918918919,נטועה,0.7613168724279835,
23,צור נתן,1148,164,228,166,57,0.3475609756097561,פה,0.5182926829268293,צור נתן,0.7280701754385965,
23,עזר,1149,483,626,483,221,0.4575569358178054,פה,0.43478260869565216,עזר,0.7715654952076677,
23,צופר,1150,267,352,267,29,0.10861423220973783,פה,0.7116104868913857,צופר,0.7585227272727273,
23,פארן,1151,259,370,260,20,0.07722007722007722,פה,0.752895752895753,פארן,0.7027027027027027,
23,אשלים,1152,299,409,300,110,0.36789297658862874,פה,0.42474916387959866,אשלים,0.7334963325183375,
23,כישור,1153,90,124,92,14,0.15555555555555556,פה,0.6,כישור,0.7419354838709677,
23,מגן שאול,1155,315,386,315,214,0.6793650793650794,מחל,0.6,מגן שאול,0.8160621761658031,
23,סמר,1156,147,230,147,3,0.02040816326530612,אמת,0.5102040816326531,סמר,0.6391304347826087,
23,אחווה,1157,143,185,143,33,0.23076923076923078,פה,0.6153846153846154,אחווה,0.772972972972973,
23,יהל,1158,120,217,121,18,0.15,פה,0.5333333333333333,יהל,0.5576036866359447,
23,שכניה,1160,467,616,467,41,0.08779443254817987,פה,0.6338329764453962,שכניה,0.7581168831168831,
23,רהט,1161,22388,33987,22545,202,0.009022690727175273,ודעם,0.925093800250134,רהט,0.6633418660075912,
23,בית רימון,1162,322,390,322,286,0.8881987577639752,טב,0.6925465838509317,בית רימון,0.8256410256410256,
23,מורן,1163,252,334,252,31,0.12301587301587301,פה,0.6349206349206349,מורן,0.7544910179640718,
23,שילת,1165,400,499,401,76,0.19,פה,0.5925,שילת,0.8036072144288577,
23,כפר רות,1166,148,185,149,48,0.32432432432432434,פה,0.5472972972972973,כפר רות,0.8054054054054054,
23,קיסריה,1167,3196,4946,3201,1044,0.32665832290362956,פה,0.5506883604505632,קיסריה,0.6471896482005661,
23,הוואשלה שבט,1169,578,1074,581,1,0.0017301038062283738,ודעם,0.9325259515570934,הוואשלה שבט,0.5409683426443203,
23,סייד שבט,1170,276,898,277,19,0.06884057971014493,ודעם,0.8442028985507246,סייד שבט,0.30846325167037864,
23,לוטם,1171,356,501,357,42,0.11797752808988764,פה,0.601123595505618,לוטם,0.7125748502994012,
23,תובל,1172,252,379,252,13,0.051587301587301584,אמת,0.4880952380952381,תובל,0.6649076517150396,
23,לפידות,1173,95,130,95,59,0.6210526315789474,מחל,0.5578947368421052,לפידות,0.7307692307692307,
23,מנוף,1174,460,654,460,27,0.058695652173913045,פה,0.6869565217391305,מנוף,0.7033639143730887,
23,עידן,1175,172,298,173,30,0.1744186046511628,פה,0.6395348837209303,עידן,0.5805369127516778,
23,ספיר,1176,196,332,197,92,0.46938775510204084,פה,0.3673469387755102,ספיר,0.5933734939759037,
23,טללים,1177,233,330,234,62,0.26609442060085836,פה,0.5278969957081545,טללים,0.7090909090909091,
23,מורשת,1178,761,1000,763,711,0.9342969776609724,טב,0.6438896189224704,מורשת,0.763,
23,קורנית,1179,465,630,465,47,0.1010752688172043,פה,0.589247311827957,קורנית,0.7380952380952381,
23,צביה,1180,198,268,198,20,0.10101010101010101,פה,0.7121212121212122,צביה,0.7388059701492538,
23,טלאל,1181,695,934,696,207,0.29784172661870506,פה,0.5453237410071943,טלאל,0.7451820128479657,
23,אלון הגליל,1182,613,828,614,44,0.07177814029363784,פה,0.6639477977161501,אלון הגליל,0.7415458937198067,
23,כליל,1183,344,471,344,25,0.07267441860465117,אמת,0.4622093023255814,כליל,0.7303609341825902,
23,מתת,1184,104,159,104,13,0.125,אמת,0.4519230769230769,מתת,0.6540880503144654,
23,הושעיה,1186,1041,1374,1042,792,0.760806916426513,טב,0.5110470701248799,הושעיה,0.7583697234352256,
23,אשחר,1188,466,620,467,183,0.3927038626609442,פה,0.3626609442060086,אשחר,0.7532258064516129,
23,מצפה נטופה,1190,469,637,471,396,0.8443496801705757,טב,0.6204690831556503,מצפה נטופה,0.7394034536891679,
23,בר יוחאי,1191,459,626,460,434,0.9455337690631809,מחל,0.39215686274509803,בר יוחאי,0.7348242811501597,
23,ערערהבנגב,1192,5087,8586,5113,24,0.004717908393945351,ודעם,0.9575388244544918,ערערהבנגב,0.5955043093407874,
23,ניצנה קהילת חינוך,1195,65,204,66,26,0.4,פה,0.38461538461538464,ניצנה קהילת חינוך,0.3235294117647059,
23,נאות סמדר,1197,149,260,150,18,0.12080536912751678,פה,0.6778523489932886,נאות סמדר,0.5769230769230769,
23,כרמים,1198,167,215,168,53,0.31736526946107785,פה,0.40718562874251496,כרמים,0.7813953488372093,
23,עדי,1199,1109,1491,1110,279,0.2515779981965735,פה,0.6627592425608656,עדי,0.744466800804829,
23,מודיעיןמכביםרעות,1200,47710,62927,47859,19473,0.4081534269545169,פה,0.45575351079438275,מודיעיןמכביםרעות,0.7605479364978467,
23,כמון,1201,396,536,398,30,0.07575757575757576,פה,0.6313131313131313,כמון,0.7425373134328358,
23,מכמנים,1202,270,370,270,40,0.14814814814814814,פה,0.6074074074074074,מכמנים,0.7297297297297297,
23,הררית,1203,264,353,267,20,0.07575757575757576,פה,0.553030303030303,הררית,0.7563739376770539,
23,גילון,1204,693,924,693,127,0.18326118326118326,פה,0.6666666666666666,גילון,0.75,
23,מנות,1205,265,350,265,181,0.6830188679245283,מחל,0.5886792452830188,מנות,0.7571428571428571,
23,גיתה,1206,138,203,139,39,0.2826086956521739,פה,0.35507246376811596,גיתה,0.6847290640394089,
23,לבון,1207,333,447,333,100,0.3003003003003003,פה,0.5525525525525525,לבון,0.7449664429530202,
23,הילה,1208,332,487,333,50,0.15060240963855423,פה,0.5572289156626506,הילה,0.6837782340862423,
23,חרשים,1209,166,219,166,9,0.05421686746987952,אמת,0.5060240963855421,חרשים,0.7579908675799086,
23,כחל,1210,256,352,256,42,0.1640625,פה,0.6484375,כחל,0.7272727272727273,
23,קדרים,1211,138,188,138,14,0.10144927536231885,פה,0.572463768115942,קדרים,0.7340425531914894,
23,עמוקה,1212,95,143,97,16,0.16842105263157894,פה,0.5578947368421052,עמוקה,0.6783216783216783,
23,צבעון,1213,136,163,138,14,0.10294117647058823,אמת,0.4338235294117647,צבעון,0.8466257668711656,
23,טפחות,1214,203,246,203,198,0.9753694581280788,מחל,0.4630541871921182,טפחות,0.8252032520325203,
23,גורנות הגליל,1219,107,165,108,76,0.7102803738317757,מחל,0.5607476635514018,גורנות הגליל,0.6545454545454545,
23,אבירים,1220,159,210,160,11,0.06918238993710692,פה,0.5157232704402516,אבירים,0.7619047619047619,
23,צורית,1221,557,721,557,90,0.1615798922800718,פה,0.6678635547576302,צורית,0.7725381414701803,
23,מצפה אביב,1222,546,730,546,98,0.1794871794871795,פה,0.6318681318681318,מצפה אביב,0.7479452054794521,
23,שדי אברהם,1223,186,251,186,40,0.21505376344086022,פה,0.6451612903225806,שדי אברהם,0.7410358565737052,
23,כוכב יאיר,1224,5765,7703,5775,1626,0.28204683434518646,פה,0.5621856027753686,כוכב יאיר,0.7497079060106452,
23,יובלים,1226,753,991,754,58,0.07702523240371846,פה,0.6600265604249668,יובלים,0.7608476286579213,
23,יתד,1227,252,340,257,135,0.5357142857142857,מחל,0.44841269841269843,יתד,0.7558823529411764,
23,רקפת,1228,589,793,589,77,0.1307300509337861,פה,0.6417657045840407,רקפת,0.742749054224464,
23,כלנית,1229,155,187,155,151,0.9741935483870968,מחל,0.7354838709677419,כלנית,0.8288770053475936,
23,לבנים,1230,240,322,240,114,0.475,פה,0.4041666666666667,לבנים,0.7453416149068323,
23,פרי גן,1231,110,168,110,72,0.6545454545454545,מחל,0.5545454545454546,פרי גן,0.6547619047619048,
23,יבול,1232,157,204,157,43,0.27388535031847133,פה,0.5095541401273885,יבול,0.7696078431372549,
23,שקף,1233,239,293,239,58,0.24267782426778242,פה,0.5355648535564853,שקף,0.8156996587030717,
23,קבועה שבט,1234,427,754,430,5,0.0117096018735363,ודעם,0.9508196721311475,קבועה שבט,0.5702917771883289,
23,שורשים,1235,282,401,283,57,0.20212765957446807,פה,0.6205673758865248,שורשים,0.7057356608478803,
23,נירית,1236,644,836,645,76,0.11801242236024845,פה,0.7003105590062112,נירית,0.7715311004784688,98.0
23,תלמי יוסף,1237,154,269,156,34,0.22077922077922077,פה,0.564935064935065,תלמי יוסף,0.5799256505576208,
23,סופה,1238,109,186,110,15,0.13761467889908258,פה,0.5963302752293578,סופה,0.5913978494623656,
23,חולית,1239,96,133,96,19,0.19791666666666666,פה,0.46875,חולית,0.7218045112781954,
23,עין הבשור,1240,537,725,538,133,0.24767225325884543,פה,0.5977653631284916,עין הבשור,0.7420689655172413,
23,דקל,1241,182,270,183,67,0.36813186813186816,פה,0.46153846153846156,דקל,0.6777777777777778,
23,נתיב העשרה,1242,524,686,524,168,0.32061068702290074,פה,0.5477099236641222,נתיב העשרה,0.7638483965014577,
23,קציר,1243,1494,2211,1496,344,0.23025435073627845,פה,0.49531459170013387,קציר,0.6766169154228856,
23,תמרת,1244,887,1164,894,97,0.10935738444193913,פה,0.6809470124013529,תמרת,0.7680412371134021,
23,סלמה,1245,1412,2252,1422,45,0.03186968838526912,ודעם,0.8739376770538244,סלמה,0.6314387211367674,
23,עראמשה,1246,545,1029,549,54,0.09908256880733946,ודעם,0.6935779816513762,עראמשה,0.5335276967930029,
23,חריש,1247,5135,7109,5160,3355,0.6533592989289192,מחל,0.3250243427458617,חריש,0.725840483893656,
23,אליפז,1248,73,113,74,11,0.1506849315068493,פה,0.6712328767123288,אליפז,0.6548672566371682,
23,הרדוף,1249,314,405,314,7,0.022292993630573247,אמת,0.49363057324840764,הרדוף,0.7753086419753087,
23,עין תמר,1251,95,147,95,33,0.3473684210526316,פה,0.5789473684210527,עין תמר,0.6462585034013606,
23,כורזים,1252,216,336,216,41,0.18981481481481483,פה,0.5787037037037037,כורזים,0.6428571428571429,
23,אמנון,1253,224,305,224,126,0.5625,מחל,0.4419642857142857,אמנון,0.7344262295081967,
23,נטף,1254,246,345,246,6,0.024390243902439025,פה,0.45934959349593496,נטף,0.7130434782608696,
23,לוטן,1255,87,158,87,9,0.10344827586206896,אמת,0.47126436781609193,לוטן,0.5506329113924051,
23,אשרת,1256,309,429,310,204,0.6601941747572816,מחל,0.56957928802589,אשרת,0.7226107226107226,
23,חנתון,1257,402,532,402,94,0.23383084577114427,פה,0.5398009950248757,חנתון,0.7556390977443609,
23,מסד,1258,266,370,266,43,0.16165413533834586,פה,0.5300751879699248,מסד,0.7189189189189189,
23,נווה שלום,1259,171,225,171,0,0.0,ודעם,0.6842105263157895,נווה שלום,0.76,
23,רתמים,1260,193,236,195,149,0.772020725388601,טב,0.6010362694300518,רתמים,0.826271186440678,
23,הר עמשא,1261,82,115,82,17,0.2073170731707317,פה,0.3780487804878049,הר עמשא,0.7130434782608696,
23,צוקים,1262,138,190,138,18,0.13043478260869565,פה,0.6086956521739131,צוקים,0.7263157894736842,
23,כפר ורדים,1263,3231,4632,3242,645,0.19962859795728877,פה,0.5899102445063448,כפר ורדים,0.6999136442141624,
23,כרמי יוסף,1264,1079,1413,1079,183,0.1696014828544949,פה,0.6570898980537535,כרמי יוסף,0.7636234961075725,
23,שומריה,1265,279,334,279,273,0.978494623655914,טב,0.6093189964157706,שומריה,0.8353293413173652,
23,שחרות,1266,68,130,68,5,0.07352941176470588,פה,0.4852941176470588,שחרות,0.5230769230769231,
23,מיתר,1268,5305,7161,5320,2340,0.4410933081998115,פה,0.42695570216776624,מיתר,0.7429130009775171,
23,להבים,1271,3747,4957,3753,1159,0.3093141179610355,פה,0.5257539364825193,להבים,0.7571111559410934,
23,חלוץ,1272,270,415,271,23,0.08518518518518518,פה,0.562962962962963,חלוץ,0.653012048192771,
23,גן נר,1274,1489,2101,1492,727,0.4882471457353929,מחל,0.42175957018132976,גן נר,0.7101380295097572,
23,אבטליון,1275,233,308,233,34,0.1459227467811159,פה,0.6094420600858369,אבטליון,0.7564935064935064,
23,ניצני סיני,1280,129,205,129,36,0.27906976744186046,פה,0.46511627906976744,ניצני סיני,0.6292682926829268,
23,מירב,1282,297,385,297,273,0.9191919191919192,טב,0.6094276094276094,מירב,0.7714285714285715,
23,תל תאומים,1283,250,337,253,234,0.936,מחל,0.716,תל תאומים,0.7507418397626113,
23,נופית,1284,1539,2028,1540,301,0.19558154645873943,פה,0.6621182586094867,נופית,0.7593688362919132,
23,כרכום,1285,292,462,292,77,0.2636986301369863,פה,0.5856164383561644,כרכום,0.6320346320346321,
23,שגבשלום,1286,3347,5146,3375,30,0.0089632506722438,ודעם,0.9743053480729011,שגבשלום,0.6558492032646716,
23,שני,1287,319,466,319,156,0.4890282131661442,מחל,0.27899686520376177,שני,0.6845493562231759,141.0
23,גבעת אלה,1288,1212,1610,1212,135,0.11138613861386139,פה,0.6889438943894389,גבעת אלה,0.7527950310559006,
23,זמר,1290,3209,4720,3236,14,0.004362729822374571,ודעם,0.9803677157993145,זמר,0.6855932203389831,
23,כמהין,1291,169,234,171,43,0.25443786982248523,פה,0.4437869822485207,כמהין,0.7307692307692307,
23,גדיידהמכר,1292,10015,14464,10059,66,0.006590114827758362,ודעם,0.9791313030454318,גדיידהמכר,0.6954507743362832,
23,גבעת אבני,1293,1152,1676,1154,610,0.5295138888888888,מחל,0.4262152777777778,גבעת אבני,0.6885441527446301,
23,אור הגנוז,1294,184,281,184,175,0.9510869565217391,ג,0.45108695652173914,אור הגנוז,0.6548042704626335,
23,יאנוחגת,1295,2592,4569,2613,959,0.3699845679012346,פה,0.38927469135802467,יאנוחגת,0.571897570584373,
23,כסראסמיע,1296,3427,5682,3462,1391,0.40589436825211556,מחל,0.38751094251531953,כסראסמיע,0.6092925026399155,
23,כפר חנניה,1297,383,525,384,229,0.597911227154047,מחל,0.4595300261096606,כפר חנניה,0.7314285714285714,
23,חורה,1303,4101,8100,4168,186,0.04535479151426482,ודעם,0.9161180199951231,חורה,0.5145679012345679,
23,שוהם,1304,11877,15710,11918,4640,0.39067104487665233,פה,0.5042519154668688,שוהם,0.7586250795671546,
23,אלעד,1309,17816,20909,17906,17625,0.989279299506062,שס,0.5039290525370453,אלעד,0.8563776364245062,
23,לפיד,1310,1330,1806,1331,359,0.2699248120300752,פה,0.5541353383458647,לפיד,0.7369878183831672,
23,אבשלום,1311,157,250,158,44,0.2802547770700637,ל,0.4713375796178344,אבשלום,0.632,
23,פוריה עילית,1313,571,870,575,344,0.6024518388791593,מחל,0.521891418563923,פוריה עילית,0.6609195402298851,
23,נווה זיו,1314,398,532,401,173,0.43467336683417085,פה,0.4321608040201005,נווה זיו,0.7537593984962406,
23,מתן,1315,1931,2562,1936,395,0.20455722423614708,פה,0.629207664422579,מתן,0.7556596409055425,
23,אלעריאן,1316,103,127,104,1,0.009708737864077669,ודעם,0.9902912621359223,אלעריאן,0.8188976377952756,
23,דמיידה,1317,238,318,239,4,0.01680672268907563,ודעם,0.8949579831932774,דמיידה,0.7515723270440252,
23,בת חפר,1319,2925,4044,2932,733,0.2505982905982906,פה,0.598974358974359,בת חפר,0.7250247279920871,
23,עין חוד,1320,137,194,137,0,0.0,ודעם,0.9927007299270073,עין חוד,0.7061855670103093,
23,חואלד,1321,270,500,273,1,0.003703703703703704,ודעם,0.9333333333333333,חואלד,0.546,
23,בת הדר,1323,397,498,397,232,0.5843828715365239,מחל,0.4634760705289673,בת הדר,0.7971887550200804,
23,ארסוף,1324,71,123,72,16,0.22535211267605634,פה,0.5774647887323944,ארסוף,0.5853658536585366,
23,בסמה,1326,4433,6639,4467,9,0.0020302278366794496,ודעם,0.9711256485450034,בסמה,0.6728422955264347,
23,מעלה עירון,1327,6042,9896,6068,22,0.003641178417742469,ודעם,0.9849387619993379,מעלה עירון,0.6131770412287793,
23,אחוזת ברק,1330,1302,1713,1304,610,0.4685099846390169,מחל,0.4109062980030722,אחוזת ברק,0.7612375948628137,
23,כמאנה,1331,659,1054,663,13,0.019726858877086494,ודעם,0.9575113808801214,כמאנה,0.6290322580645161,
23,חוסנייה,1332,337,552,338,5,0.01483679525222552,ודעם,0.913946587537092,חוסנייה,0.6123188405797102,
23,נוף איילון,1333,1379,1683,1380,1309,0.949238578680203,טב,0.6838288614938361,נוף איילון,0.8199643493761141,
23,ראס אלעין,1334,180,271,183,1,0.005555555555555556,ודעם,0.6722222222222223,ראס אלעין,0.6752767527675276,
23,ערב אל נעים,1335,279,517,285,123,0.44086021505376344,מחל,0.41935483870967744,ערב אל נעים,0.5512572533849129,
23,אירוס,1336,309,410,309,105,0.33980582524271846,פה,0.5598705501618123,אירוס,0.7536585365853659,
23,שמשית,1337,1351,1831,1351,201,0.14877868245743894,פה,0.6661732050333087,שמשית,0.7378481703986892,
23,כדיתה,1338,60,126,62,35,0.5833333333333334,מחל,0.4166666666666667,כדיתה,0.49206349206349204,
23,מרחב עם,1340,176,202,177,161,0.9147727272727273,טב,0.6420454545454546,מרחב עם,0.8762376237623762,
23,אבו קרינאת יישוב,1342,331,578,334,4,0.012084592145015106,ודעם,0.797583081570997,אבו קרינאת יישוב,0.5778546712802768,
23,מכחול,1343,244,430,248,6,0.02459016393442623,ודעם,0.8852459016393442,מכחול,0.5767441860465117,
23,גבעות בר,1344,490,604,490,225,0.45918367346938777,פה,0.42857142857142855,גבעות בר,0.8112582781456954,
23,צור יצחק,1345,2880,3517,2888,759,0.2635416666666667,פה,0.6052083333333333,צור יצחק,0.8211543929485356,
23,תראבין אצאנעישוב,1346,206,587,206,40,0.1941747572815534,ודעם,0.7766990291262136,תראבין אצאנעישוב,0.35093696763202725,
23,קצר אסר,1347,879,1244,883,7,0.007963594994311717,ודעם,0.9658703071672355,קצר אסר,0.7098070739549839,
23,ביר הדאג,1348,921,1213,924,1,0.0010857763300760044,ודעם,0.988056460369164,ביר הדאג,0.761747732893652,
23,דריגאת,1349,423,555,424,11,0.026004728132387706,ודעם,0.9054373522458629,דריגאת,0.7639639639639639,
23,אום בטין,1358,1150,2011,1158,9,0.00782608695652174,ודעם,0.9782608695652174,אום בטין,0.5758329189457981,
23,אל סייד,1359,879,1762,889,25,0.02844141069397042,ודעם,0.7952218430034129,אל סייד,0.5045402951191827,
23,סעוה,1360,398,937,399,9,0.022613065326633167,ודעם,0.8944723618090452,סעוה,0.4258271077908218,
23,בת חן,1361,315,417,319,41,0.13015873015873017,פה,0.7301587301587301,בת חן,0.7649880095923262,
23,בני נצרים,1363,266,310,266,258,0.9699248120300752,טב,0.5639097744360902,בני נצרים,0.8580645161290322,
23,שלומית,1364,113,130,113,109,0.9646017699115044,טב,0.7345132743362832,שלומית,0.8692307692307693,
23,אליאב,1365,196,224,197,80,0.40816326530612246,פה,0.4489795918367347,אליאב,0.8794642857142857,
23,נווה,1366,272,321,276,269,0.9889705882352942,ג,0.5147058823529411,נווה,0.8598130841121495,
23,כחלה,1367,164,249,166,0,0.0,ודעם,0.6219512195121951,כחלה,0.6666666666666666,
23,בני דקלים,1368,463,543,464,435,0.9395248380129589,טב,0.7062634989200864,בני דקלים,0.85451197053407,
23,נטע,1369,216,245,218,211,0.9768518518518519,טב,0.8333333333333334,נטע,0.889795918367347,
23,מצפה אילן,1370,204,229,204,189,0.9264705882352942,טב,0.7205882352941176,מצפה אילן,0.8908296943231441,
23,גני טל,1371,367,421,367,342,0.9318801089918256,טב,0.5776566757493188,גני טל,0.8717339667458432,
23,נצר חזני,1372,227,261,227,213,0.9383259911894273,טב,0.4977973568281938,נצר חזני,0.8697318007662835,
23,כרמי קטיף,1374,213,246,213,208,0.9765258215962441,טב,0.8450704225352113,כרמי קטיף,0.8658536585365854,
23,אבו תלול,1375,574,943,576,3,0.005226480836236934,ודעם,0.9843205574912892,אבו תלול,0.6108165429480382,
23,באר גנים,1376,757,904,759,687,0.9075297225891678,מחל,0.5429326287978864,באר גנים,0.8396017699115044,
23,מחנה הילה,1411,99,127,99,25,0.25252525252525254,פה,0.6767676767676768,מחנה הילה,0.7795275590551181,
23,מחנה תל נוף,1412,140,187,141,54,0.38571428571428573,פה,0.5214285714285715,מחנה תל נוף,0.7540106951871658,
23,מחנה יהודית,1413,94,132,95,40,0.425531914893617,פה,0.4574468085106383,מחנה יהודית,0.7196969696969697,
23,מחנה מרים,1414,82,105,83,26,0.3170731707317073,פה,0.5609756097560976,מחנה מרים,0.7904761904761904,
23,מחנה יפה,1415,163,203,164,71,0.43558282208588955,פה,0.4785276073619632,מחנה יפה,0.8078817733990148,
23,מחנה יוכבד,1416,74,114,74,18,0.24324324324324326,פה,0.6891891891891891,מחנה יוכבד,0.6491228070175439,
23,מחנה טלי,1418,96,155,96,42,0.4375,פה,0.4479166666666667,מחנה טלי,0.6193548387096774,
23,ניצן ב,1419,417,583,420,378,0.9064748201438849,מחל,0.6211031175059952,ניצן ב,0.7204116638078902,
23,תנובות,2002,432,601,432,241,0.5578703703703703,מחל,0.44907407407407407,תנובות,0.718801996672213,
23,תלמי אלעזר,2003,518,664,519,135,0.2606177606177606,פה,0.5752895752895753,תלמי אלעזר,0.7816265060240963,
23,שדה יצחק,2008,278,403,280,86,0.30935251798561153,פה,0.5503597122302158,שדה יצחק,0.6947890818858561,
23,יובל,2009,315,436,315,148,0.46984126984126984,פה,0.4,יובל,0.7224770642201835,
23,כפר בן נון,2010,414,539,415,106,0.2560386473429952,פה,0.5,כפר בן נון,0.7699443413729128,
23,ינון,2011,712,904,716,506,0.7106741573033708,מחל,0.5926966292134831,ינון,0.7920353982300885,
23,אורות,2012,317,437,319,55,0.17350157728706625,פה,0.668769716088328,אורות,0.7299771167048055,
23,בן שמן מושב,2013,465,591,466,137,0.2946236559139785,פה,0.546236559139785,בן שמן מושב,0.7884940778341794,
23,גבעולים,2014,248,296,249,226,0.9112903225806451,מחל,0.7661290322580645,גבעולים,0.8412162162162162,
23,שדי חמד,2015,555,724,559,109,0.1963963963963964,פה,0.6360360360360361,שדי חמד,0.7720994475138122,
23,רוויה,2016,181,255,181,170,0.9392265193370166,מחל,0.7513812154696132,רוויה,0.7098039215686275,
23,גבעת חיים איחוד,2018,731,972,732,19,0.025991792065663474,פה,0.66484268125855,גבעת חיים איחוד,0.7530864197530864,
23,אשל הנשיא,2021,73,114,73,36,0.4931506849315068,פה,0.3698630136986301,אשל הנשיא,0.6403508771929824,
23,להב,2023,335,494,338,16,0.04776119402985075,פה,0.573134328358209,להב,0.6842105263157895,
23,אום אלקוטוף,2024,579,717,580,5,0.008635578583765112,ודעם,0.9637305699481865,אום אלקוטוף,0.8089260808926081,
23,ירדנה,2026,213,285,213,159,0.7464788732394366,מחל,0.6291079812206573,ירדנה,0.7473684210526316,
23,מדרך עוז,2029,411,561,412,279,0.6788321167883211,מחל,0.5523114355231143,מדרך עוז,0.7344028520499108,
23,מנוחה,2030,342,427,342,301,0.8801169590643275,מחל,0.6812865497076024,מנוחה,0.8009367681498829,
23,בית חלקיה,2033,376,455,378,373,0.9920212765957447,ג,0.9281914893617021,בית חלקיה,0.8307692307692308,
23,חצור הגלילית,2034,5015,7107,5035,4317,0.8608175473579263,מחל,0.5258225324027916,חצור הגלילית,0.7084564513859575,
23,עדנים,2035,235,295,235,51,0.2170212765957447,פה,0.6595744680851063,עדנים,0.7966101694915254,
23,ברקת,2038,923,1124,923,872,0.9447453954496208,מחל,0.5969664138678223,ברקת,0.8211743772241993,
23,עין גדי,2042,313,482,316,41,0.13099041533546327,פה,0.5527156549520766,עין גדי,0.6556016597510373,
23,בחן,2043,461,591,461,45,0.09761388286334056,פה,0.6832971800433839,בחן,0.7800338409475466,
23,מלילות,2044,219,275,219,197,0.8995433789954338,מחל,0.6940639269406392,מלילות,0.7963636363636364,
23,נחלה,2045,385,474,389,287,0.7454545454545455,מחל,0.4701298701298701,נחלה,0.820675105485232,
23,סגולה,2046,327,425,327,99,0.30275229357798167,פה,0.5626911314984709,סגולה,0.7694117647058824,
23,ניר משה,2047,290,417,292,108,0.3724137931034483,פה,0.43448275862068964,ניר משה,0.7002398081534772,
23,ניר עקיבא,2048,383,494,383,240,0.6266318537859008,מחל,0.2819843342036554,ניר עקיבא,0.7753036437246964,
23,שדה צבי,2049,335,425,336,224,0.6686567164179105,מחל,0.48955223880597015,שדה צבי,0.7905882352941176,
23,תלמי בילו,2050,278,357,278,216,0.7769784172661871,מחל,0.6690647482014388,תלמי בילו,0.7787114845938375,
23,רווחה,2051,348,419,350,328,0.9425287356321839,מחל,0.6752873563218391,רווחה,0.8353221957040573,
23,אביטל,2052,330,417,330,289,0.8757575757575757,מחל,0.7272727272727273,אביטל,0.7913669064748201,
23,פרזון,2053,215,290,216,166,0.772093023255814,מחל,0.641860465116279,פרזון,0.7448275862068966,
23,מיטב,2054,288,373,289,239,0.8298611111111112,מחל,0.6770833333333334,מיטב,0.774798927613941,
23,מאור,2055,709,918,711,294,0.4146685472496474,פה,0.4541607898448519,מאור,0.7745098039215687,
23,שדי תרומות,2057,267,369,267,257,0.9625468164794008,מחל,0.8726591760299626,שדי תרומות,0.7235772357723578,
23,פעמי תשז,2059,304,384,304,243,0.7993421052631579,מחל,0.48026315789473684,פעמי תשז,0.7916666666666666,
23,ברוש,2060,272,342,272,204,0.75,מחל,0.5845588235294118,ברוש,0.7953216374269005,
23,תדהר,2061,302,409,302,210,0.695364238410596,מחל,0.5695364238410596,תדהר,0.7383863080684596,
23,תאשור,2062,191,292,192,85,0.44502617801047123,פה,0.3507853403141361,תאשור,0.6575342465753424,
23,דישון,2063,197,296,198,137,0.6954314720812182,מחל,0.5279187817258884,דישון,0.668918918918919,
23,זרועה,2064,229,305,229,202,0.8820960698689956,מחל,0.6593886462882096,זרועה,0.7508196721311475,
23,טירת כרמל,2100,12426,18822,12494,9249,0.7443264123611781,מחל,0.596249798808949,טירת כרמל,0.6637976835617894,
23,דימונה,2200,17404,28214,17556,13528,0.777292576419214,מחל,0.6183061365203402,דימונה,0.6222442758914014,
23,קרית טבעון,2300,9455,13692,9469,2098,0.22189317821258595,פה,0.5424643046007404,קרית טבעון,0.691571720712825,
23,אור יהודה,2400,18734,26945,18883,14434,0.7704708017508274,מחל,0.5484146471655813,אור יהודה,0.7007979216923362,
23,נשר,2500,12579,19794,12661,5882,0.4676047380554893,מחל,0.39367199300421335,נשר,0.6396382742245125,
23,באר יעקב,2530,12635,16522,12689,7085,0.5607439651760981,מחל,0.43450732093391375,באר יעקב,0.7680062946374531,
23,גדרה,2550,13059,17628,13122,6732,0.5155065472088215,מחל,0.3991117237154453,גדרה,0.7443839346494214,
23,ערד,2560,12682,21515,12774,6475,0.5105661567576092,ג,0.24365242075382432,ערד,0.5937253079247037,
23,אילת,2600,22636,50714,22754,13591,0.600415267715144,מחל,0.4969959356776816,אילת,0.44867295027014237,
23,בית שמש,2610,43031,65157,43317,38851,0.902860728312147,ג,0.3589737631010202,בית שמש,0.6648096137022883,
23,קרית אונו,2620,21447,29021,21506,7190,0.3352450226138854,פה,0.520678882827435,קרית אונו,0.7410495847834326,
23,קרית גת,2630,28767,42639,29040,20782,0.7224250008690514,מחל,0.4574338651927556,קרית גת,0.6810666291423345,
23,ראש העין,2640,33216,43052,33310,18852,0.567557803468208,מחל,0.4014932562620424,ראש העין,0.7737155068289511,
23,רמת השרון,2650,27048,37312,27094,7106,0.2627181307305531,פה,0.5963472345459923,רמת השרון,0.7261470840480274,
23,יבנה,2660,25019,33555,25148,15490,0.619129461609177,מחל,0.4564930652703945,יבנה,0.7494561168231262,
23,אום אלפחם,2710,22409,35711,22535,87,0.0038823686911508767,ודעם,0.9852737739301174,אום אלפחם,0.6310380555011061,
23,טירה,2720,13153,18238,13218,58,0.004409640386223675,ודעם,0.9661674142781115,טירה,0.7247505208904486,
23,טייבה,2730,19991,28357,20117,58,0.0029013055875143816,ודעם,0.9830423690660798,טייבה,0.7094191910286701,
23,קרית שמונה,2800,11131,18252,11200,8158,0.7329080945108256,מחל,0.5813493846015632,קרית שמונה,0.6136313828621521,
23,ירושלים,3000,261589,415991,263214,201758,0.7712786088100034,מחל,0.27753842860364925,ירושלים,0.6327396506174412,
23,חברון,3400,215,297,216,171,0.7953488372093023,טב,0.4558139534883721,חברון,0.7272727272727273,43.0
23,כפר עציון,3488,367,473,369,319,0.8692098092643051,טב,0.5912806539509536,כפר עציון,0.7801268498942917,63.0
23,נתיב הגדוד,3555,166,233,167,49,0.29518072289156627,פה,0.3614457831325301,נתיב הגדוד,0.7167381974248928,103.0
23,אלמוג,3556,134,193,135,32,0.23880597014925373,פה,0.5074626865671642,אלמוג,0.6994818652849741,9.0
23,קדומים,3557,2083,2609,2085,1985,0.9529524723955833,טב,0.6111377820451273,קדומים,0.7991567650440782,123.0
23,תומר,3558,189,246,189,81,0.42857142857142855,פה,0.4497354497354497,תומר,0.7682926829268293,145.0
23,אלקנה,3560,2097,2536,2100,1955,0.9322842155460181,טב,0.6204101096804959,אלקנה,0.8280757097791798,13.0
23,מגדל עוז,3561,163,259,164,153,0.9386503067484663,טב,0.6932515337423313,מגדל עוז,0.6332046332046332,70.0
23,תקוע,3563,1615,2158,1619,1411,0.8736842105263158,טב,0.47058823529411764,תקוע,0.7502316960148285,147.0
23,כוכב השחר,3564,1002,1234,1002,953,0.9510978043912176,טב,0.6586826347305389,כוכב השחר,0.8119935170178282,59.0
23,רימונים,3565,364,509,366,291,0.7994505494505495,מחל,0.6923076923076923,רימונים,0.7190569744597249,135.0
23,יפית,3566,101,160,103,77,0.7623762376237624,מחל,0.5841584158415841,יפית,0.64375,56.0
23,סלעית,3567,628,769,629,100,0.1592356687898089,פה,0.7181528662420382,סלעית,0.8179453836150845,105.0
23,ריחן,3568,156,207,156,62,0.3974358974358974,פה,0.46153846153846156,ריחן,0.7536231884057971,134.0
23,מבוא דותן,3569,208,290,210,164,0.7884615384615384,מחל,0.4951923076923077,מבוא דותן,0.7241379310344828,67.0
23,אריאל,3570,9606,15146,9694,6275,0.6532375598584218,מחל,0.5239433687278784,אריאל,0.6400369734583389,17.0
23,שבי שומרון,3571,444,559,446,385,0.8671171171171171,טב,0.4009009009009009,שבי שומרון,0.7978533094812165,137.0
23,כפר תפוח,3572,485,622,486,428,0.8824742268041237,טב,0.4061855670103093,כפר תפוח,0.7813504823151125,64.0
23,נוה צוף,3573,578,756,579,557,0.9636678200692042,טב,0.583044982698962,נוה צוף,0.7658730158730159,
23,בית אל,3574,2683,3360,2692,2585,0.963473723443906,טב,0.6749906820723072,בית אל,0.8011904761904762,19.0
23,בית חורון,3575,687,826,689,639,0.9301310043668122,מחל,0.4512372634643377,בית חורון,0.8341404358353511,23.0
23,מצפה יריחו,3576,1043,1317,1045,971,0.9309683604985618,טב,0.5167785234899329,מצפה יריחו,0.7934700075930144,85.0
23,שדמות מחולה,3578,311,391,311,307,0.9871382636655949,טב,0.7652733118971061,שדמות מחולה,0.7953964194373402,138.0
23,אלון מורה,3579,714,924,716,649,0.9089635854341737,טב,0.6918767507002801,אלון מורה,0.7748917748917749,7.0
23,ארגמן,3598,86,124,86,58,0.6744186046511628,מחל,0.6046511627906976,ארגמן,0.6935483870967742,16.0
23,מחולה,3599,256,339,256,240,0.9375,טב,0.62890625,מחולה,0.7551622418879056,74.0
23,קליה,3601,222,318,222,64,0.2882882882882883,פה,0.5720720720720721,קליה,0.6981132075471698,125.0
23,ראש צורים,3602,413,492,414,383,0.927360774818402,טב,0.7094430992736077,ראש צורים,0.8414634146341463,129.0
23,הר גילה,3603,774,1002,775,490,0.6330749354005168,מחל,0.49612403100775193,הר גילה,0.7734530938123753,40.0
23,אלון שבות,3604,1641,2177,1647,1513,0.9219987812309567,טב,0.6502132845825715,אלון שבות,0.7565457050987597,8.0
23,משואה,3605,105,155,105,62,0.5904761904761905,מחל,0.3904761904761905,משואה,0.6774193548387096,87.0
23,גלגל,3606,90,155,91,44,0.4888888888888889,מחל,0.4111111111111111,גלגל,0.5870967741935483,36.0
23,ייטב,3607,159,205,160,141,0.8867924528301887,מחל,0.44654088050314467,ייטב,0.7804878048780488,
23,מעלה אפרים,3608,589,1108,590,438,0.7436332767402377,מחל,0.49575551782682514,מעלה אפרים,0.5324909747292419,78.0
23,חמרה,3609,87,131,87,46,0.5287356321839081,מחל,0.47126436781609193,חמרה,0.6641221374045801,49.0
23,מצפה שלם,3610,186,251,187,81,0.43548387096774194,פה,0.3817204301075269,מצפה שלם,0.7450199203187251,86.0
23,קרית ארבע,3611,3268,4726,3284,2887,0.8834149326805385,מחל,0.4510403916768666,קרית ארבע,0.6948793906051629,126.0
23,בקעות,3612,104,140,104,60,0.5769230769230769,מחל,0.4807692307692308,בקעות,0.7428571428571429,25.0
23,גיתית,3613,195,241,195,160,0.8205128205128205,טב,0.4717948717948718,גיתית,0.8091286307053942,35.0
23,מכורה,3614,95,135,96,45,0.47368421052631576,מחל,0.42105263157894735,מכורה,0.7111111111111111,75.0
23,פצאל,3615,186,239,187,102,0.5483870967741935,מחל,0.43548387096774194,פצאל,0.7824267782426778,121.0
23,מעלה אדומים,3616,19874,28027,19967,15960,0.8030592734225621,מחל,0.5931870785951494,מעלה אדמים,0.7124201662682413,77.0
23,עופרה,3617,1426,1892,1428,1369,0.9600280504908836,טב,0.6395511921458625,עופרה,0.7547568710359408,
23,אלעזר,3618,1154,1468,1157,1093,0.9471403812824957,טב,0.6282495667244368,אלעזר,0.7881471389645777,11.0
23,רועי,3619,86,131,86,31,0.36046511627906974,פה,0.5,רועי,0.6564885496183206,131.0
23,מעלה שומרון,3637,431,572,432,368,0.8538283062645011,מחל,0.5034802784222738,מעלה שומרון,0.7552447552447552,82.0
23,כפר אדומים,3638,1911,2534,1917,1440,0.7535321821036107,מחל,0.36996336996337,כפר אדומים,0.7565114443567482,61.0
23,ורד יריחו,3639,187,238,189,122,0.6524064171122995,מחל,0.5614973262032086,ורד יריחו,0.7941176470588235,42.0
23,קרני שומרון,3640,4137,5496,4151,3612,0.8730964467005076,טב,0.4196277495769882,קרני שומרון,0.7552765647743813,128.0
23,שילה,3641,1569,1972,1570,1453,0.9260675589547482,טב,0.5991077119184194,שילה,0.7961460446247465,139.0
23,חיננית,3643,628,810,630,498,0.7929936305732485,טב,0.43312101910828027,חיננית,0.7777777777777778,46.0
23,גבעון החדשה,3644,706,1005,710,414,0.5864022662889519,מחל,0.4702549575070821,גבעון החדשה,0.7064676616915423,32.0
23,בית הערבה,3645,142,175,142,86,0.6056338028169014,מחל,0.3873239436619718,בית הערבה,0.8114285714285714,22.0
23,חמדת,3646,94,119,94,92,0.9787234042553191,טב,0.6170212765957447,חמדת,0.7899159663865546,48.0
23,יקיר,3647,1028,1211,1029,988,0.9610894941634242,טב,0.5894941634241245,יקיר,0.8497109826589595,58.0
23,מתתיהו,3648,360,492,363,357,0.9916666666666667,ג,0.8472222222222222,מתתיהו,0.7378048780487805,
23,שקד,3649,410,578,412,252,0.6146341463414634,מחל,0.47317073170731705,שקד,0.71280276816609,144.0
23,אפרת,3650,5470,7271,5481,4985,0.9113345521023766,טב,0.5272394881170018,אפרת,0.7538165314262137,15.0
23,מעלה מכמש,3651,747,955,748,707,0.9464524765729585,טב,0.5555555555555556,מעלה מכמש,0.7832460732984293,80.0
23,בית אריה,3652,2641,3633,2648,1810,0.6853464596743658,מחל,0.5501703900037864,בית אריה,0.7288742086429948,21.0
23,מעלה עמוס,3653,279,364,279,268,0.9605734767025089,ג,0.5412186379928315,מעלה עמוס,0.7664835164835165,81.0
23,ברקן,3654,996,1381,1001,715,0.7178714859437751,מחל,0.6094377510040161,ברקן,0.724837074583635,
23,נילי,3655,834,1130,837,447,0.5359712230215827,מחל,0.4196642685851319,נילי,0.7407079646017699,
23,כרמל,3656,216,265,216,211,0.9768518518518519,טב,0.7175925925925926,כרמל,0.8150943396226416,66.0
23,מעון,3657,215,301,215,199,0.9255813953488372,טב,0.7395348837209302,מעון,0.7142857142857143,76.0
23,עטרת,3658,237,299,237,226,0.9535864978902954,טב,0.7341772151898734,עטרת,0.7926421404682275,108.0
23,פסגות,3659,842,995,843,824,0.9786223277909739,טב,0.6817102137767221,פסגות,0.8472361809045226,120.0
23,עמנואל,3660,1657,2261,1659,1590,0.9595654797827399,שס,0.45141822570911283,עמנואל,0.7337461300309598,113.0
23,מבוא חורון,3709,1005,1136,1007,971,0.9661691542288557,טב,0.6348258706467662,מבוא חורון,0.886443661971831,68.0
23,ברכה,3710,1002,1163,1005,954,0.9520958083832335,מחל,0.5978043912175649,ברכה,0.8641444539982803,27.0
23,ענב,3712,428,505,429,401,0.9369158878504673,טב,0.4135514018691589,ענב,0.8495049504950495,114.0
23,נעמה,3713,88,145,88,43,0.48863636363636365,פה,0.45454545454545453,נעמה,0.6068965517241379,
23,עלמון,3715,740,987,740,553,0.7472972972972973,מחל,0.6486486486486487,עלמון,0.7497467071935157,111.0
23,חרמש,3717,132,207,132,74,0.5606060606060606,מחל,0.45454545454545453,חרמש,0.6376811594202898,50.0
23,תלם,3719,164,205,164,144,0.8780487804878049,טב,0.45121951219512196,תלם,0.8,146.0
23,שערי תקווה,3720,2940,3911,2946,2127,0.7234693877551021,מחל,0.4717687074829932,שערי תקווה,0.7532600357964715,143.0
23,אשכולות,3722,250,338,250,146,0.584,מחל,0.5,אשכולות,0.7396449704142012,18.0
23,פני חבר,3723,173,229,175,162,0.9364161849710982,טב,0.5491329479768786,פני חבר,0.7641921397379913,119.0
23,נגוהות,3724,122,142,123,105,0.860655737704918,טב,0.639344262295082,נגוהות,0.8661971830985915,90.0
23,נווה דניאל,3725,1155,1539,1161,1085,0.9393939393939394,טב,0.606926406926407,נווה דניאל,0.7543859649122807,91.0
23,נוקדים,3726,885,1191,886,760,0.8587570621468926,מחל,0.4271186440677966,נוקדים,0.7439126784214946,94.0
23,עלי זהב,3727,1356,1610,1356,1284,0.9469026548672567,טב,0.6320058997050148,עלי זהב,0.8422360248447205,110.0
23,גבעת זאב,3730,8837,11582,8864,7612,0.8613782958017426,מחל,0.3735430575987326,גבעת זאב,0.7653255050941116,34.0
23,טנא,3743,384,512,386,275,0.7161458333333334,טב,0.375,טנא,0.75390625,54.0
23,ברוכין,3744,395,450,395,389,0.9848101265822785,טב,0.8025316455696202,ברוכין,0.8777777777777778,26.0
23,מצדות יהודה,3745,252,329,253,240,0.9523809523809523,טב,0.7579365079365079,מצדות יהודה,0.7689969604863222,83.0
23,קרית נטפים,3746,361,420,362,341,0.9445983379501385,טב,0.4709141274238227,קרית נטפים,0.861904761904762,127.0
23,דולב,3747,688,864,689,660,0.9593023255813954,טב,0.6395348837209303,דולב,0.7974537037037037,38.0
23,עתניאל,3748,346,460,346,330,0.953757225433526,טב,0.6445086705202312,עתניאל,0.7521739130434782,117.0
23,יצהר,3749,528,684,529,401,0.759469696969697,טב,0.3522727272727273,יצהר,0.7733918128654971,57.0
23,אלפי מנשה,3750,4277,5820,4293,1992,0.4657470189385083,פה,0.4337152209492635,אלפי מנשה,0.7376288659793815,12.0
23,מגדלים,3751,181,247,182,149,0.8232044198895028,טב,0.5911602209944752,מגדלים,0.7368421052631579,71.0
23,מעלה לבונה,3752,338,431,339,311,0.9201183431952663,טב,0.5562130177514792,מעלה לבונה,0.7865429234338747,79.0
23,אספר,3754,281,376,282,271,0.9644128113879004,ג,0.5195729537366548,אספר,0.75,
23,סוסיה,3756,526,674,527,499,0.9486692015209125,טב,0.7072243346007605,סוסיה,0.7818991097922848,104.0
23,אדורה,3759,191,246,191,139,0.7277486910994765,מחל,0.3769633507853403,אדורה,0.7764227642276422,3.0
23,אורנית,3760,4927,6421,4937,2324,0.4716866247209255,פה,0.4402273188552872,אורנית,0.7688833515028811,4.0
23,איתמר,3762,442,592,442,421,0.9524886877828054,טב,0.6153846153846154,איתמר,0.7466216216216216,5.0
23,גבע בנימין,3763,2395,3230,2405,2071,0.8647181628392484,מחל,0.5169102296450939,גבע בנימין,0.7445820433436533,
23,חגי,3764,262,335,262,254,0.9694656488549618,טב,0.683206106870229,חגי,0.7820895522388059,44.0
23,עלי,3765,1654,2154,1658,1594,0.9637243047158404,טב,0.5689238210399032,עלי,0.7697307335190343,109.0
23,כרמי צור,3766,442,554,443,433,0.9796380090497737,טב,0.6719457013574661,כרמי צור,0.7996389891696751,65.0
23,נחליאל,3767,252,332,252,232,0.9206349206349206,ג,0.25,נחליאל,0.7590361445783133,96.0
23,פדואל,3768,933,1092,933,915,0.9807073954983923,טב,0.7170418006430869,פדואל,0.8543956043956044,118.0
23,הר אדר,3769,2308,3037,2311,708,0.30675909878682844,פה,0.5363951473136915,הר אדר,0.7609483042476127,39.0
23,חשמונאים,3770,1719,2301,1723,1600,0.9307737056428156,טב,0.47760325770796974,חשמונאים,0.7488048674489353,51.0
23,סנסנה,3777,236,259,236,225,0.9533898305084746,טב,0.7838983050847458,סנסנה,0.9111969111969112,106.0
23,עץ אפרים,3778,1069,1356,1072,912,0.8531337698783911,מחל,0.4536950420954163,עץ אפרים,0.7905604719764012,116.0
23,כוכב יעקב,3779,3516,4325,3532,3403,0.9678612059158134,שס,0.4124004550625711,כוכב יעקב,0.8166473988439307,60.0
23,ביתר עילית,3780,21211,26014,21339,20993,0.9897223138937343,ג,0.6406110037244825,ביתר עלית,0.8202890751134004,24.0
23,קדר,3781,724,1002,725,584,0.8066298342541437,מחל,0.7044198895027625,קדר,0.7235528942115769,124.0
23,שמעה,3784,327,442,327,276,0.8440366972477065,טב,0.40672782874617736,שמעה,0.7398190045248869,140.0
23,משכיות,3785,125,172,125,117,0.936,טב,0.504,משכיות,0.7267441860465116,88.0
23,נעלה,3787,927,1214,930,547,0.5900755124056095,מחל,0.47680690399137,נעלה,0.7660626029654036,100.0
23,טלמון,3788,1775,2143,1778,1724,0.9712676056338028,טב,0.7047887323943662,טלמון,0.8296780214652356,53.0
23,נופים,3790,395,529,398,345,0.8734177215189873,מחל,0.6253164556962025,נופים,0.7523629489603024,93.0
23,צופים,3791,1149,1444,1151,890,0.7745865970409052,טב,0.3637946040034813,צופים,0.7970914127423823,122.0
23,אבני חפץ,3793,881,1107,882,851,0.9659477866061293,טב,0.4540295119182747,אבני חפץ,0.7967479674796748,1.0
23,בת עין,3794,619,855,620,558,0.901453957996769,מחל,0.39095315024232635,בת עין,0.7251461988304093,29.0
23,רבבה,3795,1023,1192,1024,991,0.9687194525904204,טב,0.7282502443792767,רבבה,0.8590604026845637,130.0
23,כפר האורנים,3796,1177,1623,1178,262,0.22259983007646558,פה,0.627017841971113,כפר האורנים,0.7258163894023414,
23,מודיעין עילית,3797,23653,28796,24027,23553,0.9957722064854353,ג,0.8001522005665244,מודיעין עלית,0.8343867203778302,73.0
23,רחלים,3822,277,312,277,267,0.9638989169675091,טב,0.7870036101083032,רחלים,0.8878205128205128,133.0
23,גני מודיעין,3823,1481,1882,1486,1424,0.9615124915597569,שס,0.4699527346387576,גני מודיעין,0.7895855472901169,37.0
23,עמיחי,3824,66,73,66,60,0.9090909090909091,טב,0.4393939393939394,עמיחי,0.9041095890410958,112.0
23,חיפה,4000,144625,249627,145488,53347,0.36886430423509076,פה,0.3462817631806396,חיפה,0.582821569782115,
23,בוקעאתא,4001,76,567,76,38,0.5,פה,0.2631578947368421,בוקעאתא,0.13403880070546736,
23,אליעד,4002,219,307,222,53,0.2420091324200913,פה,0.5570776255707762,אליעד,0.7231270358306189,
23,אלרום,4003,250,343,252,47,0.188,פה,0.484,אלרום,0.7346938775510204,
23,כפר חרוב,4004,236,400,236,27,0.11440677966101695,פה,0.6779661016949152,כפר חרוב,0.59,
23,חספין,4005,620,818,621,600,0.967741935483871,טב,0.6951612903225807,חספין,0.7591687041564792,
23,קשת,4006,308,427,310,298,0.9675324675324676,טב,0.6753246753246753,קשת,0.7259953161592506,
23,יונתן,4007,303,388,308,267,0.8811881188118812,טב,0.6039603960396039,יונתן,0.7938144329896907,
23,מעלה גמלא,4008,293,398,295,53,0.18088737201365188,פה,0.6552901023890785,מעלה גמלא,0.7412060301507538,
23,שעל,4009,166,218,166,60,0.3614457831325301,פה,0.5180722891566265,שעל,0.7614678899082569,
23,אודם,4010,89,121,89,20,0.2247191011235955,פה,0.6067415730337079,אודם,0.7355371900826446,
23,אבני איתן,4011,311,402,311,264,0.8488745980707395,טב,0.5080385852090032,אבני איתן,0.7736318407960199,
23,אניעם,4012,272,445,272,103,0.3786764705882353,פה,0.5294117647058824,אניעם,0.6112359550561798,
23,אורטל,4013,177,248,177,34,0.192090395480226,פה,0.6214689265536724,אורטל,0.7137096774193549,
23,נטור,4014,186,250,188,112,0.6021505376344086,טב,0.3279569892473118,נטור,0.752,
23,בני יהודה,4015,592,893,595,210,0.3547297297297297,פה,0.46621621621621623,בני יהודה,0.6662933930571109,
23,אלוני הבשן,4017,152,221,152,142,0.9342105263157895,טב,0.5131578947368421,אלוני הבשן,0.6877828054298643,
23,מיצר,4019,90,125,90,13,0.14444444444444443,פה,0.6333333333333333,מיצר,0.72,
23,גבעת יואב,4021,328,471,331,95,0.2896341463414634,פה,0.5426829268292683,גבעת יואב,0.70276008492569,
23,גשור,4022,151,220,153,34,0.2251655629139073,פה,0.5695364238410596,גשור,0.6954545454545454,
23,קלע,4024,141,220,142,43,0.3049645390070922,פה,0.524822695035461,קלע,0.6454545454545455,
23,קדמת צבי,4025,282,392,283,77,0.2730496453900709,פה,0.5531914893617021,קדמת צבי,0.7219387755102041,
23,חדנס,4026,380,642,381,150,0.39473684210526316,פה,0.5210526315789473,חדנס,0.5934579439252337,
23,כנף,4028,226,323,226,51,0.22566371681415928,פה,0.6238938053097345,כנף,0.6996904024767802,
23,קצרין,4100,3498,6175,3523,1890,0.5403087478559176,מחל,0.39165237278444825,קצרין,0.5705263157894737,
23,מרום גולן,4101,405,576,406,57,0.14074074074074075,פה,0.6962962962962963,מרום גולן,0.7048611111111112,
23,מגדל שמס,4201,163,900,164,31,0.1901840490797546,פה,0.6687116564417178,מגדל שמס,0.18222222222222223,
23,מסעדה,4203,78,354,79,16,0.20512820512820512,פה,0.5897435897435898,מסעדה,0.2231638418079096,
23,מבוא חמה,4204,266,402,266,18,0.06766917293233082,פה,0.6616541353383458,מבוא חמה,0.6616915422885572,
23,אפיק,4301,176,259,176,26,0.14772727272727273,פה,0.5738636363636364,אפיק,0.6795366795366795,
23,נווה אטיב,4303,98,163,98,34,0.3469387755102041,פה,0.5102040816326531,נווה אטיב,0.6012269938650306,
23,נוב,4304,391,503,391,354,0.9053708439897699,טב,0.5652173913043478,נוב,0.7773359840954275,
23,עגר,4501,669,1707,677,334,0.4992526158445441,שס,0.273542600896861,עגר,0.39660222612770946,
23,עין קנייא,4502,16,146,16,8,0.5,מחל,0.5,עין קנייא,0.1095890410958904,
23,עין זיוון,4503,187,281,187,35,0.18716577540106952,פה,0.5882352941176471,עין זיוון,0.6654804270462633,
23,נאות גולן,4551,288,423,289,77,0.2673611111111111,פה,0.5833333333333334,נאות גולן,0.6832151300236406,
23,רמת מגשימים,4701,341,439,341,316,0.9266862170087976,טב,0.6715542521994134,רמת מגשימים,0.7767653758542141,
23,רמות,4702,337,438,337,61,0.18100890207715134,פה,0.6498516320474778,רמות,0.769406392694064,
23,תל אביב  יפו,5000,267115,434208,268116,78323,0.29321827677217677,פה,0.48157909514628533,תל אביב יפו,0.617482865354853,
23,באקה אלגרביה,6000,11812,19193,11879,62,0.005248899424314257,ודעם,0.9780731459532679,באקה אלגרביה,0.618923565883395,
23,בני ברק,6100,84846,111344,85775,82464,0.9719256063927586,ג,0.6119557787049478,בני ברק,0.7703603247593045,
23,בת ים,6200,64615,124576,65107,36377,0.5629807320281668,מחל,0.4279192138048441,בת ים,0.5226287567428718,
23,גבעתיים,6300,33861,48523,33978,8655,0.2556037919730664,פה,0.5551224122146422,גבעתיים,0.7002452445232158,
23,הרצליה,6400,54833,82906,55010,19001,0.34652490288694765,פה,0.5143982638192329,הרצליה,0.6635225436035993,
23,חדרה,6500,47954,76558,48251,27798,0.579680527171873,מחל,0.4505776369020311,חדרה,0.6302541863685049,
23,חולון,6600,101066,158891,101584,57158,0.5655512239526646,מחל,0.4252666574317773,חולון,0.6393313655273112,
23,טבריה,6700,21148,35061,21251,16764,0.7926990731984112,מחל,0.5099773028182334,טבריה,0.6061150566156128,
23,קרית אתא,6800,31122,47351,31314,20532,0.6597262386736071,מחל,0.5064584538268749,קרית אתא,0.6613165508648181,
23,כפר סבא,6900,58110,80780,58330,20338,0.3499913956289795,פה,0.49728101875752884,כפר סבא,0.7220846744243624,
23,לוד,7000,34320,55743,34612,19042,0.5548368298368298,מחל,0.38916083916083916,לוד,0.6209210125038122,
23,אשקלון,7100,72072,114443,72538,46343,0.6430097680097681,מחל,0.48114385614385613,אשקלון,0.6338351843275691,
23,נס ציונה,7200,25500,33856,25604,9424,0.3695686274509804,פה,0.5076470588235295,נס ציונה,0.7562618147448015,
23,נצרת,7300,34644,57757,34849,427,0.01232536658584459,ודעם,0.9567313243274449,נצרת,0.6033727513548142,
23,נתניה,7400,109763,184613,110399,69307,0.6314240682197098,מחל,0.4306278071845704,נתניה,0.5980023075298055,
23,סחנין,7500,17085,21624,17136,63,0.003687445127304653,ודעם,0.9721978343576236,סחנין,0.7924528301886793,
23,עכו,7600,26354,42009,26526,13126,0.49806480989603097,מחל,0.39420960764969265,עכו,0.6314361208312504,
23,עפולה,7700,26244,41761,26407,17911,0.6824798049077885,מחל,0.5265965554031398,עפולה,0.632336390412107,
23,פרדס חנהכרכור,7800,21758,30567,21841,9492,0.4362533321077305,פה,0.4015994117106352,פרדס חנהכרכור,0.7145287401446004,
23,פתח תקווה,7900,131489,191908,132135,76373,0.5808318566572108,מחל,0.35939888507783924,פתח תקווה,0.6885330470850616,
23,צפת,8000,14622,23506,14713,12270,0.839146491588018,מחל,0.39563671180413074,צפת,0.6259252956691909,
23,קרית מוצקין,8200,24675,37981,24829,11459,0.4643971631205674,מחל,0.39570415400202635,קרית מוצקין,0.6537215976409257,
23,ראשון לציון,8300,137894,207038,138490,67160,0.487040770446865,מחל,0.4017143603057421,ראשון לציון,0.6689110211651967,
23,רחובות,8400,73986,107289,74296,38870,0.5253696645311275,מחל,0.34184845781634365,רחובות,0.6924847840878375,
23,רמלה,8500,35294,55672,35652,22518,0.6380121267070891,מחל,0.48486994956649854,רמלה,0.6403937347320017,
23,רמת גן,8600,87421,132937,87752,33004,0.3775294265679871,פה,0.46596355566740255,רמת גן,0.6601021536517298,
23,רעננה,8700,44155,65757,44302,18750,0.42464047106782926,פה,0.46339032952100556,רעננה,0.6737229496479462,
23,שפרעם,8800,19032,29120,19200,261,0.01371374527112232,ודעם,0.8309688944934847,שפרעם,0.6593406593406593,
23,טמרה,8900,18317,22876,18354,199,0.010864224490910084,ודעם,0.9813834143145712,טמרה,0.8023255813953488,
23,באר שבע,9000,99266,161968,100051,64487,0.6496383454556445,מחל,0.5016924223802712,באר שבע,0.6177207843524647,
23,נהריה,9100,31749,50929,31941,18468,0.5816876122082585,מחל,0.47840876878011906,נהריה,0.6271672328143101,
23,בית שאן,9200,10112,14358,10152,9010,0.8910205696202531,מחל,0.6271756329113924,בית שאן,0.7070622649394066,
23,זכרון יעקב,9300,12134,16895,12172,4594,0.3786055711224658,פה,0.49076973792648754,זכרון יעקב,0.7204498372299497,
23,יהודמונוסון,9400,16825,23179,16902,8162,0.485111441307578,פה,0.4157503714710253,יהודמונוסון,0.729194529531041,
23,קרית ביאליק,9500,21882,34435,22028,10256,0.4686957316515858,מחל,0.3987295494013344,קרית ביאליק,0.639697981704661,
23,קרית ים,9600,20828,36535,21016,11570,0.5555022085653928,מחל,0.4815152679085846,קרית ים,0.5752292322430546,
23,הוד השרון,9700,34834,46218,34935,10114,0.2903485100763622,פה,0.5744961818912556,הוד השרון,0.755874334674802,
23,בנימינהגבעת עדה,9800,7620,10257,7636,2095,0.27493438320209973,פה,0.5455380577427822,בנימינהגבעת עדה,0.7444671931363946,
23,מעטפות חיצוניות,9999,327702,0,330209,171115,0.5221664805219376,מחל,0.32666569016972735,מעטפות חיצוניות,,
24,שחר,7,353,540,353,237,0.6713881019830028,מחל,0.35694050991501414,שחר,0.6537037037037037,
24,תירוש,10,227,332,227,214,0.9427312775330396,מחל,0.4669603524229075,תירוש,0.6837349397590361,
24,ניר חן,11,293,433,293,166,0.5665529010238908,מחל,0.2354948805460751,ניר חן,0.6766743648960739,
24,חצבה,13,384,539,387,153,0.3984375,כן,0.2604166666666667,חצבה,0.7179962894248608,
24,נועם,15,217,322,217,204,0.9400921658986175,מחל,0.5714285714285714,נועם,0.6739130434782609,
24,בית ניר,16,342,453,343,46,0.13450292397660818,מרצ,0.34210526315789475,בית ניר,0.7571743929359823,
24,שדה משה,18,305,402,305,146,0.4786885245901639,מחל,0.25245901639344265,שדה משה,0.7587064676616916,
24,באר אורה,21,468,649,469,206,0.44017094017094016,מחל,0.27136752136752135,באר אורה,0.7226502311248074,
24,מקווה ישראל,22,115,160,115,46,0.4,פה,0.2782608695652174,מקווה ישראל,0.71875,
24,אמציה,23,103,158,103,73,0.7087378640776699,ט,0.23300970873786409,אמציה,0.6518987341772152,
24,לכיש,24,468,601,468,119,0.25427350427350426,אמת,0.23931623931623933,לכיש,0.778702163061564,
24,ראש פינה,26,1637,2478,1642,753,0.4599877825290165,מחל,0.2156383628588882,ראש פינה,0.6626311541565779,
24,שדות מיכה,27,183,270,184,164,0.8961748633879781,מחל,0.453551912568306,שדות מיכה,0.6814814814814815,
24,מזכרת בתיה,28,8104,10859,8127,4226,0.5214708785784797,מחל,0.24358341559723592,מזכרת בתיה,0.748411455935169,
24,יסוד המעלה,29,917,1301,917,484,0.5278080697928026,כן,0.21264994547437296,יסוד המעלה,0.7048424289008455,
24,אופקים,31,13757,22735,13859,11705,0.8508395725812313,מחל,0.3257250854110635,אופקים,0.6095887398284583,
24,עוצם,32,350,450,351,340,0.9714285714285714,שס,0.4514285714285714,עוצם,0.78,
24,בת שלמה,33,355,442,357,120,0.3380281690140845,פה,0.29014084507042254,בת שלמה,0.8076923076923077,
24,גדות,35,243,372,244,44,0.18106995884773663,אמת,0.3497942386831276,גדות,0.6559139784946236,
24,שדה דוד,36,302,420,303,250,0.8278145695364238,מחל,0.5231788079470199,שדה דוד,0.7214285714285714,
24,איתן,37,270,366,270,260,0.9629629629629629,מחל,0.4666666666666667,איתן,0.7377049180327869,
24,גפן,39,206,270,207,185,0.8980582524271845,מחל,0.6067961165048543,גפן,0.7666666666666667,
24,אליכין,41,1937,2632,1943,1482,0.7651006711409396,מחל,0.4408879710893134,אליכין,0.7382218844984803,
24,מטולה,43,859,1468,862,374,0.43538998835855647,כן,0.1909196740395809,מטולה,0.5871934604904632,
24,זוהר,44,190,269,193,172,0.9052631578947369,מחל,0.5631578947368421,זוהר,0.7174721189591078,
24,יבנאל,46,1683,2573,1694,1359,0.8074866310160428,שס,0.4385026737967914,יבנאל,0.6583754372328022,
24,כפר תבור,47,2430,3448,2435,1127,0.4637860082304527,פה,0.23703703703703705,כפר תבור,0.7062064965197216,
24,מנחמיה,48,567,940,568,396,0.6984126984126984,מחל,0.4426807760141093,מנחמיה,0.6042553191489362,
24,אילניה,49,311,460,312,149,0.4790996784565916,מחל,0.31189710610932475,אילניה,0.6782608695652174,
24,לוזית,52,331,475,331,224,0.676737160120846,מחל,0.3595166163141994,לוזית,0.6968421052631579,
24,עתלית,53,4475,6382,4485,2375,0.5307262569832403,מחל,0.3039106145251397,עתלית,0.7027577561892824,
24,נוגה,55,274,413,274,222,0.8102189781021898,מחל,0.5656934306569343,נוגה,0.6634382566585957,
24,כנרת קבוצה,57,431,641,432,126,0.2923433874709977,אמת,0.25754060324825984,כנרת קבוצה,0.6739469578783152,
24,מצפה,58,85,118,85,37,0.43529411764705883,פה,0.27058823529411763,מצפה,0.7203389830508474,
24,נחושה,59,638,832,639,567,0.8887147335423198,ב,0.4702194357366771,נחושה,0.7680288461538461,
24,דגניה א,62,352,515,352,77,0.21875,אמת,0.36363636363636365,דגניה א,0.683495145631068,
24,כנרת מושבה,63,369,535,369,173,0.46883468834688347,מחל,0.2682926829268293,כנרת מושבה,0.6897196261682244,
24,יד רמבם,64,619,856,622,527,0.851373182552504,מחל,0.6090468497576736,יד רמבם,0.7266355140186916,
24,מגדל,65,892,1435,899,741,0.8307174887892377,מחל,0.47533632286995514,מגדל,0.6264808362369338,
24,מרחביה קיבוץ,66,663,940,665,254,0.38310708898944196,מחל,0.21116138763197587,מרחביה קיבוץ,0.7074468085106383,
24,אור הנר,67,481,625,483,153,0.3180873180873181,אמת,0.2702702702702703,אור הנר,0.7728,
24,ניר עוז,69,240,332,242,38,0.15833333333333333,מרצ,0.36666666666666664,ניר עוז,0.7289156626506024,
24,אשדוד,70,110362,180164,111019,75160,0.6810315144705605,מחל,0.30685380837607146,אשדוד,0.6162107857285585,
24,אשבול,71,306,416,306,236,0.7712418300653595,מחל,0.42483660130718953,אשבול,0.7355769230769231,
24,גן שמואל,72,678,872,679,108,0.1592920353982301,מרצ,0.443952802359882,גן שמואל,0.7786697247706422,
24,עין הוד,74,357,511,357,68,0.19047619047619047,מרצ,0.29971988795518206,עין הוד,0.6986301369863014,
24,כפר גלעדי,76,356,581,356,140,0.39325842696629215,כן,0.29775280898876405,כפר גלעדי,0.612736660929432,
24,איילת השחר,77,574,813,576,141,0.2456445993031359,אמת,0.2961672473867596,איילת השחר,0.7084870848708487,
24,קרית ענבים,78,211,328,211,45,0.2132701421800948,אמת,0.26066350710900477,קרית ענבים,0.6432926829268293,
24,דגניה ב,79,407,572,407,106,0.26044226044226043,פה,0.29238329238329236,דגניה ב,0.7115384615384616,
24,נהלל,80,583,764,583,145,0.24871355060034306,פה,0.38078902229845624,נהלל,0.7630890052356021,
24,עין חרוד מאוחד,82,494,692,496,156,0.3157894736842105,אמת,0.3016194331983806,עין חרוד מאוחד,0.7167630057803468,
24,תל יוסף,84,276,369,276,74,0.26811594202898553,אמת,0.2608695652173913,תל יוסף,0.7479674796747967,
24,כפר יחזקאל,85,589,733,591,222,0.3769100169779287,פה,0.2767402376910017,כפר יחזקאל,0.8062755798090041,
24,גבע,86,383,524,383,86,0.2245430809399478,אמת,0.3342036553524804,גבע,0.7309160305343512,
24,עין חרוד איחוד,89,381,513,381,86,0.22572178477690288,פה,0.31758530183727035,עין חרוד איחוד,0.7426900584795322,
24,חפציבה,90,411,564,412,133,0.3236009732360097,אמת,0.2116788321167883,חפציבה,0.7304964539007093,
24,גיניגר,92,386,551,387,108,0.27979274611398963,אמת,0.30569948186528495,גיניגר,0.7023593466424682,
24,בלפוריה,94,331,420,331,142,0.42900302114803623,פה,0.19637462235649547,בלפוריה,0.7880952380952381,
24,בית אלפא,95,414,584,417,112,0.27053140096618356,מרצ,0.25120772946859904,בית אלפא,0.714041095890411,
24,יגור,96,907,1368,909,175,0.19294377067254687,אמת,0.35942668136714445,יגור,0.6644736842105263,
24,מרחביה מושב,97,429,589,429,186,0.43356643356643354,פה,0.2564102564102564,מרחביה מושב,0.7283531409168081,
24,כפר מלל,98,223,280,223,90,0.40358744394618834,פה,0.22869955156950672,כפר מלל,0.7964285714285714,
24,מצפה רמון,99,1860,3710,1870,1089,0.5854838709677419,מחל,0.25591397849462366,מצפה רמון,0.5040431266846361,
24,מאיר שפיה,102,56,115,58,21,0.375,מחל,0.19642857142857142,מאיר שפיה,0.5043478260869565,
24,תל עדשים,103,679,863,684,294,0.4329896907216495,פה,0.2812960235640648,תל עדשים,0.7925840092699884,
24,מזרע,104,507,705,507,110,0.21696252465483234,מרצ,0.32938856015779094,מזרע,0.7191489361702128,
24,כפר גדעון,106,135,189,136,119,0.8814814814814815,ג,0.32592592592592595,כפר גדעון,0.7195767195767195,
24,כפר סילבר,107,36,86,36,19,0.5277777777777778,פה,0.25,כפר סילבר,0.4186046511627907,
24,כפר חסידים א,112,391,527,392,225,0.5754475703324808,פה,0.24296675191815856,כפר חסידים א,0.7438330170777988,
24,אדירים,113,180,234,180,168,0.9333333333333333,מחל,0.4666666666666667,אדירים,0.7692307692307693,
24,חופית,115,572,762,574,161,0.28146853146853146,פה,0.2972027972027972,חופית,0.7532808398950132,
24,רמת ישי,122,4284,5835,4297,1942,0.45331465919701214,פה,0.27521008403361347,רמת ישי,0.7364181662382177,
24,שריד,126,534,764,534,97,0.18164794007490637,מרצ,0.32209737827715357,שריד,0.6989528795811518,
24,רמת רחל,127,288,356,288,95,0.3298611111111111,אמת,0.2361111111111111,רמת רחל,0.8089887640449438,
24,גת רימון,128,157,205,157,65,0.4140127388535032,פה,0.267515923566879,גת רימון,0.7658536585365854,
24,משמר העמק,130,730,948,731,111,0.15205479452054796,מרצ,0.3410958904109589,משמר העמק,0.7710970464135021,
24,כפר ברוך,132,282,376,283,124,0.4397163120567376,פה,0.24822695035460993,כפר ברוך,0.7526595744680851,
24,גבת,133,553,690,555,131,0.23688969258589512,אמת,0.30560578661844484,גבת,0.8043478260869565,
24,יפעת,134,633,845,634,166,0.26224328593996843,פה,0.292259083728278,יפעת,0.7502958579881657,
24,רמת דוד,135,292,375,292,75,0.2568493150684932,אמת,0.2773972602739726,רמת דוד,0.7786666666666666,
24,עין שמר,139,422,591,424,100,0.23696682464454977,מרצ,0.3767772511848341,עין שמר,0.7174280879864636,
24,כפר יהושע,140,657,852,659,212,0.3226788432267884,אמת,0.2541856925418569,כפר יהושע,0.7734741784037559,
24,ברק,141,201,305,202,139,0.6915422885572139,מחל,0.3880597014925373,ברק,0.6622950819672131,
24,שדה יעקב,142,506,651,507,395,0.7806324110671937,ב,0.30632411067193677,שדה יעקב,0.7788018433179723,
24,בית זרע,143,381,629,384,63,0.16535433070866143,מרצ,0.30971128608923887,בית זרע,0.6104928457869634,
24,גן שלמה,144,331,413,332,81,0.24471299093655588,פה,0.26586102719033233,גן שלמה,0.8038740920096852,
24,גדיש,145,201,285,201,189,0.9402985074626866,מחל,0.7910447761194029,גדיש,0.7052631578947368,
24,דבורה,146,143,221,143,78,0.5454545454545454,כן,0.26573426573426573,דבורה,0.6470588235294118,
24,גבעת ברנר,147,1417,1875,1420,402,0.2836979534227241,אמת,0.27805222300635146,גבעת ברנר,0.7573333333333333,
24,תל מונד,154,7220,9826,7241,3223,0.446398891966759,פה,0.29750692520775623,תל מונד,0.7369224506411561,
24,באר טוביה,155,666,827,666,244,0.3663663663663664,פה,0.30180180180180183,באר טוביה,0.8053204353083434,
24,עיינות,156,41,129,42,23,0.5609756097560976,מחל,0.21951219512195122,עיינות,0.32558139534883723,
24,עין ורד,157,905,1131,909,253,0.2795580110497238,פה,0.30718232044198895,עין ורד,0.8037135278514589,
24,נען,158,998,1335,999,185,0.18537074148296592,אמת,0.40681362725450904,נען,0.748314606741573,
24,בית חנן,159,400,515,400,143,0.3575,פה,0.2425,בית חנן,0.7766990291262136,
24,חולדה,160,535,654,537,165,0.308411214953271,פה,0.27476635514018694,חולדה,0.8211009174311926,
24,חירות,162,753,933,753,168,0.22310756972111553,פה,0.3426294820717131,חירות,0.8070739549839229,
24,תימורים,163,447,627,448,178,0.3982102908277405,פה,0.31767337807606266,תימורים,0.7145135566188198,
24,מלאה,164,219,277,220,193,0.8812785388127854,מחל,0.6255707762557078,מלאה,0.7942238267148014,
24,ניר יפה,165,316,443,316,211,0.6677215189873418,מחל,0.41455696202531644,ניר יפה,0.7133182844243793,
24,גן יבנה,166,12059,16828,12100,7573,0.6279956878679824,מחל,0.3681897338087735,גן יבנה,0.7190396957451866,
24,עין החורש,167,527,694,529,70,0.13282732447817835,מרצ,0.36622390891840606,עין החורש,0.7622478386167147,
24,כפר יונה,168,12481,17539,12535,6895,0.5524397083567022,מחל,0.3159201987020271,כפר יונה,0.7146929699526768,
24,כפר יעבץ,170,378,492,380,345,0.9126984126984127,מחל,0.47354497354497355,כפר יעבץ,0.7723577235772358,
24,פרדסיה,171,4053,5355,4058,1849,0.4562052800394769,פה,0.2758450530471256,פרדסיה,0.757796451914099,
24,גבעת חיים מאוחד,173,672,892,672,101,0.15029761904761904,אמת,0.34970238095238093,גבעת חיים מאוחד,0.7533632286995515,
24,נטעים,174,435,569,435,170,0.39080459770114945,פה,0.27816091954022987,נטעים,0.7644991212653779,
24,אביחיל,175,743,981,743,290,0.39030955585464333,פה,0.23149394347240915,אביחיל,0.7573904179408767,
24,אפיקים,176,726,1094,729,133,0.18319559228650137,אמת,0.38292011019283745,אפיקים,0.6663619744058501,
24,כפר בילו,177,682,879,683,236,0.3460410557184751,פה,0.2668621700879765,כפר בילו,0.7770193401592719,
24,רמת יוחנן,178,571,843,572,150,0.2626970227670753,אמת,0.3362521891418564,רמת יוחנן,0.6785290628706999,
24,אבן יהודה,182,7566,10189,7587,3037,0.401401004493788,פה,0.2943431139307428,אבן יהודה,0.7446265580528021,
24,ירקונה,183,231,311,231,65,0.2813852813852814,פה,0.3116883116883117,ירקונה,0.7427652733118971,
24,רמת הכובש,184,523,681,523,104,0.1988527724665392,אמת,0.3365200764818356,רמת הכובש,0.7679882525697503,
24,נעורים,186,67,169,69,27,0.40298507462686567,אמת,0.208955223880597,נעורים,0.40828402366863903,
24,כפר הס,187,812,1070,813,183,0.22536945812807882,פה,0.37192118226600984,כפר הס,0.7598130841121495,
24,אשדות יעקב  מאוחד,188,362,553,362,137,0.3784530386740331,פה,0.20441988950276244,אשדות יעקב מאוחד,0.6546112115732369,
24,כפר פינס,189,305,390,310,272,0.8918032786885246,ט,0.4819672131147541,כפר פינס,0.7948717948717948,
24,כפר ויתקין,190,1059,1404,1059,263,0.24834749763928235,פה,0.2927289896128423,כפר ויתקין,0.7542735042735043,
24,הדר עם,191,409,524,409,116,0.28361858190709044,פה,0.3154034229828851,הדר עם,0.7805343511450382,
24,כפר החורש,192,366,478,366,84,0.22950819672131148,אמת,0.28688524590163933,כפר החורש,0.7656903765690377,
24,כפר חיים,193,338,431,339,98,0.28994082840236685,פה,0.26331360946745563,כפר חיים,0.7865429234338747,
24,משמר השרון,194,356,520,356,78,0.21910112359550563,אמת,0.3960674157303371,משמר השרון,0.6846153846153846,
24,קדימהצורן,195,11672,15750,11709,5055,0.43308773132282385,פה,0.2936086360520905,קדימהצורן,0.7434285714285714,
24,גיבתון,196,227,280,227,75,0.3303964757709251,אמת,0.2599118942731278,גיבתון,0.8107142857142857,
24,מעברות,197,585,754,585,104,0.17777777777777778,מרצ,0.36752136752136755,מעברות,0.7758620689655172,
24,צופית,198,616,840,617,202,0.32792207792207795,פה,0.29383116883116883,צופית,0.7345238095238096,
24,אשדות יעקב  איחוד,199,487,679,488,172,0.3531827515400411,פה,0.2546201232032854,אשדות יעקב איחוד,0.7187039764359352,
24,בית ינאי,200,192,295,193,50,0.2604166666666667,פה,0.3020833333333333,בית ינאי,0.6542372881355932,
24,בית עובד,202,191,254,191,50,0.2617801047120419,פה,0.28272251308900526,בית עובד,0.7519685039370079,
24,אלישיב,204,368,482,369,266,0.7228260869565217,מחל,0.41304347826086957,אלישיב,0.7655601659751037,
24,חגלה,205,406,518,412,128,0.31527093596059114,פה,0.23645320197044334,חגלה,0.7953667953667953,
24,רמות השבים,206,916,1184,916,280,0.3056768558951965,פה,0.3078602620087336,רמות השבים,0.7736486486486487,
24,גבעת חן,207,243,296,243,83,0.34156378600823045,פה,0.2839506172839506,גבעת חן,0.8209459459459459,
24,מוצא עילית,208,652,943,652,231,0.35429447852760737,פה,0.2331288343558282,מוצא עילית,0.6914103923647932,
24,בית צבי,212,31,64,31,31,1.0,ט,0.5483870967741935,בית צבי,0.484375,
24,משמרות,213,534,658,534,116,0.21722846441947566,פה,0.2902621722846442,משמרות,0.8115501519756839,
24,כפר הראה,217,579,765,580,515,0.8894645941278065,ב,0.33678756476683935,כפר הראה,0.7581699346405228,
24,גני עם,218,173,214,175,66,0.3815028901734104,פה,0.2543352601156069,גני עם,0.8177570093457944,
24,חיבת ציון,219,412,498,412,171,0.41504854368932037,פה,0.24514563106796117,חיבת ציון,0.8273092369477911,
24,כפר ביאליק,220,328,462,329,152,0.4634146341463415,פה,0.2682926829268293,כפר ביאליק,0.7121212121212122,
24,עין עירון,223,328,410,329,73,0.2225609756097561,פה,0.2896341463414634,עין עירון,0.802439024390244,
24,שושנת העמקים,224,312,447,312,196,0.6282051282051282,מחל,0.3685897435897436,שושנת העמקים,0.697986577181208,
24,גן השומרון,225,479,629,479,151,0.31524008350730687,פה,0.2818371607515658,גן השומרון,0.7615262321144675,
24,גני תקווה,229,11730,15611,11774,5700,0.4859335038363171,פה,0.2704177323103154,גני תקווה,0.7542117737492794,
24,מעש,230,522,669,523,225,0.43103448275862066,פה,0.26436781609195403,מעש,0.7817638266068759,
24,שפיים,232,785,1013,787,163,0.20764331210191084,אמת,0.31210191082802546,שפיים,0.7769002961500494,
24,כפר ידידיה,233,389,494,389,113,0.29048843187660667,פה,0.2930591259640103,כפר ידידיה,0.7874493927125507,
24,ביצרון,234,702,890,703,260,0.37037037037037035,פה,0.32051282051282054,ביצרון,0.7898876404494382,
24,חבצלת השרון,235,213,341,213,90,0.4225352112676056,פה,0.23943661971830985,חבצלת השרון,0.624633431085044,
24,שער העמקים,237,444,561,444,49,0.11036036036036036,מרצ,0.3490990990990991,שער העמקים,0.7914438502673797,
24,גן חיים,239,427,537,431,124,0.2903981264637002,פה,0.32786885245901637,גן חיים,0.8026070763500931,
24,יקנעם עילית,240,12333,18454,12396,6695,0.5428525095272845,מחל,0.3279007540744344,יקנעם עילית,0.6717242874173621,
24,יקנעם מושבה,241,779,1018,779,209,0.2682926829268293,פה,0.30937098844672656,יקנעם מושבה,0.7652259332023575,
24,בית השיטה,242,755,1035,761,203,0.26887417218543047,אמת,0.31920529801324504,בית השיטה,0.7352657004830918,
24,נתיבות,246,17499,25025,17601,16019,0.9154237384993428,שס,0.39556546088347905,נתיבות,0.7033366633366633,
24,רשפון,247,684,894,684,191,0.27923976608187134,פה,0.3260233918128655,רשפון,0.7651006711409396,
24,בית שערים,248,381,500,381,120,0.31496062992125984,פה,0.32545931758530183,בית שערים,0.762,
24,כפר סירקין,249,785,989,787,323,0.41146496815286626,כן,0.26496815286624203,כפר סירקין,0.7957532861476239,
24,הזורע,250,635,911,635,102,0.16062992125984252,מרצ,0.31811023622047246,הזורע,0.6970362239297475,
24,ביתן אהרן,252,91,223,91,37,0.4065934065934066,פה,0.2857142857142857,ביתן אהרן,0.4080717488789238,
24,חולתה,253,335,461,335,80,0.23880597014925373,אמת,0.3761194029850746,חולתה,0.7266811279826464,
24,כפר המכבי,254,218,316,219,56,0.25688073394495414,פה,0.3394495412844037,כפר המכבי,0.6930379746835443,
24,כפר חיטים,255,344,519,344,201,0.5843023255813954,מחל,0.34011627906976744,כפר חיטים,0.6628131021194605,
24,ניר דוד תל עמל,256,477,625,477,85,0.17819706498951782,פה,0.3228511530398323,ניר דוד תל עמל,0.7632,
24,נופך,257,315,405,315,199,0.6317460317460317,מחל,0.38412698412698415,נופך,0.7777777777777778,
24,שדה נחום,259,435,603,436,200,0.45977011494252873,פה,0.26436781609195403,שדה נחום,0.7230514096185738,
24,גינוסר,262,341,552,342,104,0.30498533724340177,אמת,0.24926686217008798,גינוסר,0.6195652173913043,
24,מסדה,263,172,273,172,53,0.3081395348837209,פה,0.20930232558139536,מסדה,0.63003663003663,
24,שער הגולן,264,364,489,366,68,0.18681318681318682,אמת,0.25,שער הגולן,0.7484662576687117,
24,בית יוסף,265,213,366,213,200,0.9389671361502347,מחל,0.6713615023474179,בית יוסף,0.5819672131147541,
24,כפר שמריהו,267,1232,1909,1235,437,0.3547077922077922,פה,0.3262987012987013,כפר שמריהו,0.6469355683603981,
24,טירת צבי,268,404,518,404,314,0.7772277227722773,ב,0.4306930693069307,טירת צבי,0.7799227799227799,
24,מולדת,269,607,844,607,172,0.2833607907742998,פה,0.3228995057660626,מולדת,0.7191943127962085,
24,עין השופט,270,537,870,538,73,0.13594040968342644,מרצ,0.3165735567970205,עין השופט,0.6183908045977011,
24,מעוז חיים,272,293,483,293,80,0.27303754266211605,אמת,0.29692832764505117,מעוז חיים,0.6066252587991718,
24,עין גב,273,319,479,320,85,0.2664576802507837,אמת,0.3573667711598746,עין גב,0.6680584551148225,
24,כפר מנחם,274,671,899,673,150,0.22354694485842028,מרצ,0.2608047690014903,כפר מנחם,0.7486095661846496,
24,צור משה,276,1461,1905,1461,464,0.31759069130732376,פה,0.3675564681724846,צור משה,0.7669291338582677,
24,אושה,278,276,382,276,68,0.2463768115942029,פה,0.3115942028985507,אושה,0.7225130890052356,
24,חניתה,280,446,716,446,135,0.30269058295964124,אמת,0.273542600896861,חניתה,0.6229050279329609,
24,פקיעין חדשה,281,256,336,256,239,0.93359375,מחל,0.546875,פקיעין חדשה,0.7619047619047619,
24,שבי ציון,282,625,902,625,277,0.4432,פה,0.2304,שבי ציון,0.6929046563192904,
24,שדה ורבורג,284,754,998,755,192,0.2546419098143236,פה,0.3302387267904509,שדה ורבורג,0.7565130260521042,
24,אלונים,285,396,508,398,101,0.255050505050505,פה,0.3055555555555556,אלונים,0.7834645669291339,
24,מעלה החמישה,286,413,574,413,100,0.24213075060532688,אמת,0.2711864406779661,מעלה החמישה,0.7195121951219512,
24,תל יצחק,287,211,652,213,63,0.2985781990521327,פה,0.22748815165876776,תל יצחק,0.3266871165644172,
24,בית יהושע,288,571,755,571,177,0.30998248686514884,פה,0.3064798598949212,בית יהושע,0.7562913907284768,
24,עין המפרץ,289,544,719,547,85,0.15625,מרצ,0.3805147058823529,עין המפרץ,0.760778859527121,
24,מעין צבי,290,476,676,476,133,0.27941176470588236,פה,0.296218487394958,מעין צבי,0.7041420118343196,
24,שרונה,292,337,434,337,142,0.42136498516320475,כן,0.24925816023738873,שרונה,0.7764976958525346,
24,שדה יואב,293,308,390,310,69,0.22402597402597402,פה,0.24025974025974026,שדה יואב,0.7948717948717948,
24,אילון,294,612,837,613,164,0.2679738562091503,מרצ,0.2875816993464052,אילון,0.7323775388291517,
24,כפר רופין,295,284,400,284,81,0.2852112676056338,אמת,0.2852112676056338,כפר רופין,0.71,
24,נווה איתן,296,108,184,108,32,0.2962962962962963,אמת,0.39814814814814814,נווה איתן,0.5869565217391305,
24,כפר מסריק,297,426,596,426,64,0.15023474178403756,מרצ,0.3004694835680751,כפר מסריק,0.714765100671141,
24,מסילות,298,281,435,281,60,0.21352313167259787,פה,0.24199288256227758,מסילות,0.6459770114942529,
24,דליה,300,510,674,510,66,0.12941176470588237,מרצ,0.3784313725490196,דליה,0.7566765578635015,
24,בית עוזיאל,301,331,473,331,218,0.6586102719033232,מחל,0.3987915407854985,בית עוזיאל,0.6997885835095138,
24,דפנה,302,442,597,442,98,0.22171945701357465,אמת,0.3054298642533937,דפנה,0.7403685092127303,
24,דן,303,399,532,400,59,0.14786967418546365,מרצ,0.3283208020050125,דן,0.7518796992481203,
24,שדה אליהו,304,396,643,396,335,0.8459595959595959,ב,0.44696969696969696,שדה אליהו,0.6158631415241057,
24,גשר,305,251,403,253,64,0.2549800796812749,אמת,0.38247011952191234,גשר,0.6277915632754343,
24,שדמות דבורה,306,384,482,385,125,0.3255208333333333,פה,0.2864583333333333,שדמות דבורה,0.7987551867219918,
24,הזורעים,307,441,533,444,403,0.9138321995464853,ט,0.34467120181405897,הזורעים,0.8330206378986866,
24,מחניים,308,416,599,416,152,0.36538461538461536,אמת,0.22355769230769232,מחניים,0.6944908180300501,
24,נהורה,309,685,962,686,539,0.7868613138686131,מחל,0.47007299270072994,נהורה,0.7130977130977131,
24,כפר גליקסון,310,220,287,220,43,0.19545454545454546,אמת,0.2863636363636364,כפר גליקסון,0.7665505226480837,
24,גן שורק,311,201,271,201,89,0.4427860696517413,פה,0.30845771144278605,גן שורק,0.7416974169741697,
24,נווה ים,312,153,210,153,78,0.5098039215686274,מחל,0.2549019607843137,נווה ים,0.7285714285714285,
24,אפק,313,394,519,394,108,0.27411167512690354,פה,0.2868020304568528,אפק,0.7591522157996147,
24,נגבה,315,478,709,479,123,0.25732217573221755,פה,0.24267782426778242,נגבה,0.6755994358251057,
24,כפר נטר,316,549,697,550,203,0.3697632058287796,פה,0.28051001821493626,כפר נטר,0.7890961262553802,
24,בית אורן,317,224,338,224,64,0.2857142857142857,אמת,0.23214285714285715,בית אורן,0.6627218934911243,
24,עמיעוז,318,133,214,133,107,0.8045112781954887,מחל,0.46616541353383456,עמיעוז,0.6214953271028038,
24,עמיר,319,367,503,367,71,0.19346049046321526,מרצ,0.3242506811989101,עמיר,0.7296222664015904,
24,כפר ורבורג,320,660,850,660,288,0.43636363636363634,פה,0.2818181818181818,כפר ורבורג,0.7764705882352941,
24,בית הלל,322,403,571,404,108,0.2679900744416873,פה,0.28287841191067,בית הלל,0.7075306479859895,
24,שאר ישוב,324,300,413,301,125,0.4166666666666667,פה,0.29333333333333333,שאר ישוב,0.7288135593220338,
24,מצובה,325,568,854,568,205,0.3609154929577465,פה,0.2992957746478873,מצובה,0.6651053864168618,
24,בית יצחקשער חפר,326,1283,1650,1285,433,0.33749025720966486,פה,0.3180046765393609,בית יצחקשער חפר,0.7787878787878788,
24,שדות ים,327,593,722,593,189,0.31871838111298484,פה,0.24451939291736932,שדות ים,0.8213296398891967,
24,שדה נחמיה,329,574,792,574,172,0.29965156794425085,אמת,0.23519163763066203,שדה נחמיה,0.7247474747474747,
24,אלומות,330,205,316,205,66,0.32195121951219513,פה,0.23902439024390243,אלומות,0.6487341772151899,
24,ניר צבי,331,710,905,710,237,0.33380281690140845,פה,0.29577464788732394,ניר צבי,0.7845303867403315,
24,קבוצת יבנה,334,443,602,444,302,0.6817155756207675,ב,0.39503386004514673,קבוצת יבנה,0.7375415282392026,
24,רמת השופט,335,523,743,525,108,0.20650095602294455,פה,0.25047801147227533,רמת השופט,0.7065948855989233,
24,דורות,336,414,557,415,115,0.2777777777777778,אמת,0.30193236714975846,דורות,0.7450628366247756,
24,איבים,338,40,138,40,37,0.925,מחל,0.425,איבים,0.2898550724637681,
24,רמת צבי,339,391,468,392,142,0.3631713554987212,פה,0.2557544757033248,רמת צבי,0.8376068376068376,
24,גת קיבוץ,340,423,598,423,87,0.20567375886524822,פה,0.2576832151300236,גת קיבוץ,0.7073578595317725,
24,גברעם,342,325,404,326,106,0.3261538461538461,פה,0.3169230769230769,גברעם,0.806930693069307,
24,חמדיה,343,220,317,221,80,0.36363636363636365,פה,0.2409090909090909,חמדיה,0.6971608832807571,
24,מענית,344,457,563,460,62,0.13566739606126915,פה,0.30196936542669583,מענית,0.8170515097690941,
24,כפר סאלד,345,369,508,376,83,0.22493224932249323,אמת,0.3116531165311653,כפר סאלד,0.7401574803149606,
24,גליל ים,346,276,353,276,80,0.2898550724637681,אמת,0.30434782608695654,גליל ים,0.7818696883852692,
24,מנרה,347,147,210,147,27,0.1836734693877551,אמת,0.38095238095238093,מנרה,0.7,
24,ניר עם,348,268,417,270,107,0.39925373134328357,אמת,0.22761194029850745,ניר עם,0.6474820143884892,
24,ניצן,351,1138,1498,1141,1090,0.9578207381370826,ט,0.3945518453427065,ניצן,0.7616822429906542,
24,גבולות,352,198,319,198,22,0.1111111111111111,מרצ,0.25252525252525254,גבולות,0.6206896551724138,
24,בית זיד,353,64,112,64,9,0.140625,פה,0.375,בית זיד,0.5714285714285714,
24,רביבים,354,437,712,439,106,0.2425629290617849,אמת,0.32265446224256294,רביבים,0.6165730337078652,
24,חורשים,355,199,298,199,60,0.3015075376884422,מרצ,0.23115577889447236,חורשים,0.6677852348993288,
24,הגושרים,356,498,699,498,162,0.3253012048192771,פה,0.22690763052208834,הגושרים,0.7124463519313304,
24,כפר בלום,357,497,731,499,179,0.36016096579476864,אמת,0.27565392354124746,כפר בלום,0.6826265389876881,
24,יד מרדכי,358,464,675,464,109,0.2349137931034483,מרצ,0.3168103448275862,יד מרדכי,0.6874074074074074,
24,ניצנים,359,308,399,308,63,0.20454545454545456,אמת,0.3181818181818182,ניצנים,0.7719298245614035,
24,גבעת נילי,360,341,444,341,194,0.5689149560117303,מחל,0.4281524926686217,גבעת נילי,0.7680180180180181,
24,רוחמה,362,368,521,368,62,0.16847826086956522,מרצ,0.29347826086956524,רוחמה,0.7063339731285988,
24,חפץ חיים,363,289,345,290,279,0.9653979238754326,ט,0.45674740484429066,חפץ חיים,0.8405797101449275,
24,כפר אוריה,364,407,537,408,184,0.4520884520884521,מחל,0.2113022113022113,כפר אוריה,0.7597765363128491,
24,בית קשת,365,334,472,334,48,0.1437125748502994,אמת,0.41916167664670656,בית קשת,0.7076271186440678,
24,שמיר,366,504,695,504,108,0.21428571428571427,מרצ,0.3194444444444444,שמיר,0.7251798561151079,
24,עין העמק,367,461,603,461,366,0.7939262472885033,מחל,0.5639913232104121,עין העמק,0.7645107794361525,
24,ביריה,368,414,595,415,370,0.893719806763285,מחל,0.5072463768115942,ביריה,0.6974789915966386,
24,גלעד אבן יצחק,369,290,367,292,36,0.12413793103448276,פה,0.35172413793103446,גלעד אבן יצחק,0.7956403269754768,
24,גזר,370,209,388,209,38,0.18181818181818182,פה,0.3014354066985646,גזר,0.538659793814433,
24,רמות נפתלי,372,285,438,287,151,0.5298245614035088,מחל,0.22807017543859648,רמות נפתלי,0.6552511415525114,
24,בית הלוי,373,417,537,417,107,0.2565947242206235,פה,0.33573141486810554,בית הלוי,0.776536312849162,
24,חוקוק,374,301,464,301,73,0.2425249169435216,אמת,0.4019933554817276,חוקוק,0.6487068965517241,
24,מגל,375,680,829,680,182,0.2676470588235294,אמת,0.2838235294117647,מגל,0.8202653799758746,
24,עברון,376,518,686,519,74,0.14285714285714285,פה,0.2702702702702703,עברון,0.7565597667638484,
24,המעפיל,377,476,641,477,101,0.21218487394957983,מרצ,0.28781512605042014,המעפיל,0.7441497659906396,
24,משגב עם,378,173,257,173,20,0.11560693641618497,אמת,0.3872832369942196,משגב עם,0.6731517509727627,
24,גאולים,379,507,700,508,303,0.5976331360946746,מחל,0.3254437869822485,גאולים,0.7257142857142858,
24,להבות הבשן,380,489,701,490,105,0.2147239263803681,מרצ,0.2658486707566462,להבות הבשן,0.6990014265335235,
24,מכמורת,382,735,1065,735,208,0.2829931972789116,אמת,0.23537414965986395,מכמורת,0.6901408450704225,
24,עין הנציב,383,309,433,311,247,0.7993527508090615,ב,0.5307443365695793,עין הנציב,0.7182448036951501,
24,עמיעד,385,267,441,267,67,0.250936329588015,פה,0.24719101123595505,עמיעד,0.6054421768707483,
24,בני דרור,386,574,980,575,196,0.34146341463414637,פה,0.30313588850174217,בני דרור,0.5867346938775511,
24,כפר מונש,387,461,622,463,116,0.25162689804772237,פה,0.368763557483731,כפר מונש,0.7443729903536977,
24,כפר קיש,388,332,468,335,134,0.4036144578313253,פה,0.27710843373493976,כפר קיש,0.7158119658119658,
24,בצרה,389,578,785,580,182,0.314878892733564,פה,0.3235294117647059,בצרה,0.7388535031847133,
24,רגבה,390,609,841,610,217,0.3563218390804598,פה,0.2857142857142857,רגבה,0.7253269916765755,
24,גלאון,393,326,473,327,71,0.21779141104294478,מרצ,0.30368098159509205,גלאון,0.6913319238900634,
24,שובל,394,455,632,455,97,0.21318681318681318,מרצ,0.26373626373626374,שובל,0.7199367088607594,
24,משמר הנגב,395,552,822,553,146,0.2644927536231884,אמת,0.34057971014492755,משמר הנגב,0.6727493917274939,
24,נבטים,396,588,773,591,393,0.6683673469387755,מחל,0.2891156462585034,נבטים,0.7645536869340233,
24,חצרים,397,616,814,616,109,0.17694805194805194,אמת,0.2905844155844156,חצרים,0.7567567567567568,
24,שרשרת,398,188,264,188,171,0.9095744680851063,מחל,0.5159574468085106,שרשרת,0.7121212121212122,
24,בארי,399,674,844,674,114,0.16913946587537093,אמת,0.4094955489614243,בארי,0.7985781990521327,
24,אבן שמואל,400,818,978,819,784,0.9584352078239609,ט,0.4058679706601467,אבן שמואל,0.8374233128834356,
24,ניר יצחק,402,381,578,383,43,0.11286089238845144,מרצ,0.4041994750656168,ניר יצחק,0.6626297577854672,
24,אורים,403,236,451,238,44,0.1864406779661017,אמת,0.3220338983050847,אורים,0.5277161862527716,
24,נווה אילן,405,491,709,492,154,0.3136456211812627,פה,0.26272912423625255,נווה אילן,0.693935119887165,
24,חצוראשדוד,406,474,669,477,73,0.1540084388185654,מרצ,0.379746835443038,חצוראשדוד,0.7130044843049327,
24,דברת,407,253,347,253,73,0.2885375494071146,פה,0.2924901185770751,דברת,0.729106628242075,
24,נאות מרדכי,408,377,522,377,93,0.246684350132626,פה,0.2838196286472148,נאות מרדכי,0.7222222222222222,
24,יחיעם,409,393,571,396,108,0.2748091603053435,פה,0.2340966921119593,יחיעם,0.6935201401050788,
24,צאלים,413,268,389,268,74,0.27611940298507465,מרצ,0.2537313432835821,צאלים,0.6889460154241646,
24,קלחים,414,278,373,279,147,0.5287769784172662,מחל,0.302158273381295,קלחים,0.7479892761394102,
24,שוקדה,415,215,285,216,207,0.9627906976744186,ט,0.2837209302325581,שוקדה,0.7578947368421053,
24,מעין ברוך,416,328,472,328,89,0.27134146341463417,אמת,0.2774390243902439,מעין ברוך,0.6949152542372882,
24,יקום,417,434,556,435,54,0.12442396313364056,מרצ,0.3847926267281106,יקום,0.7823741007194245,
24,בני ציון,418,632,856,632,182,0.2879746835443038,פה,0.34968354430379744,בני ציון,0.7383177570093458,
24,סעד,419,476,616,476,364,0.7647058823529411,ב,0.3802521008403361,סעד,0.7727272727272727,
24,משאבי שדה,421,288,463,289,51,0.17708333333333334,אמת,0.3194444444444444,משאבי שדה,0.6241900647948164,
24,חרב לאת,422,427,570,428,183,0.42857142857142855,פה,0.234192037470726,חרב לאת,0.7508771929824561,
24,העוגן,423,463,625,464,69,0.1490280777537797,מרצ,0.326133909287257,העוגן,0.7424,
24,גבים,424,339,465,340,86,0.2536873156342183,אמת,0.3333333333333333,גבים,0.7311827956989247,
24,משמרת,425,522,655,522,128,0.24521072796934865,פה,0.36973180076628354,משמרת,0.7969465648854962,
24,עין כרמל,426,420,536,421,96,0.22857142857142856,אמת,0.2761904761904762,עין כרמל,0.7854477611940298,
24,כפר גלים,427,58,106,58,31,0.5344827586206896,מחל,0.41379310344827586,כפר גלים,0.5471698113207547,
24,ברור חיל,428,515,750,517,161,0.312621359223301,אמת,0.2757281553398058,ברור חיל,0.6893333333333334,
24,אלוני אבא,429,531,705,532,126,0.23728813559322035,פה,0.3220338983050847,אלוני אבא,0.7546099290780142,
24,בית לחם הגלילית,430,458,623,459,176,0.38427947598253276,פה,0.2794759825327511,בית לחם הגלילית,0.7367576243980738,
24,דלתון,431,436,644,436,424,0.9724770642201835,מחל,0.5504587155963303,דלתון,0.6770186335403726,
24,שמרת,432,321,450,322,62,0.19314641744548286,מרצ,0.32710280373831774,שמרת,0.7155555555555555,
24,נחשולים,433,427,537,427,113,0.2646370023419204,אמת,0.27400468384074944,נחשולים,0.7951582867783985,
24,החותרים,434,461,598,462,106,0.2299349240780911,אמת,0.2754880694143167,החותרים,0.7725752508361204,
24,נצר סרני,435,502,620,502,128,0.2549800796812749,אמת,0.35258964143426297,נצר סרני,0.8096774193548387,
24,עין דור,436,578,922,578,106,0.18339100346020762,מרצ,0.2750865051903114,עין דור,0.6268980477223427,
24,רשפים,437,519,640,520,178,0.34296724470134876,אמת,0.21965317919075145,רשפים,0.8125,
24,שלוחות,439,246,339,246,197,0.8008130081300813,ב,0.47560975609756095,שלוחות,0.7256637168141593,
24,יסודות,440,312,339,312,310,0.9935897435897436,ג,0.875,יסודות,0.9203539823008849,
24,גדעונה,442,231,313,231,167,0.7229437229437229,מחל,0.46320346320346323,גדעונה,0.7380191693290735,
24,כפר הנשיא,443,403,714,404,99,0.2456575682382134,פה,0.24813895781637718,כפר הנשיא,0.5658263305322129,
24,רגבים,444,284,425,284,91,0.3204225352112676,אמת,0.25704225352112675,רגבים,0.668235294117647,
24,רמות מנשה,445,699,892,700,118,0.1688125894134478,פה,0.2804005722460658,רמות מנשה,0.7847533632286996,
24,אודים,446,646,833,647,220,0.34055727554179566,פה,0.24922600619195046,אודים,0.7767106842737095,
24,נורדיה,447,916,1520,917,399,0.435589519650655,פה,0.29912663755458513,נורדיה,0.6032894736842105,
24,בני עטרות,448,507,611,508,156,0.3076923076923077,פה,0.29191321499013806,בני עטרות,0.8314238952536824,
24,נחלים,449,748,904,749,675,0.9024064171122995,ב,0.4037433155080214,נחלים,0.8285398230088495,
24,בארות יצחק,450,277,396,279,210,0.7581227436823105,ב,0.4296028880866426,בארות יצחק,0.7045454545454546,
24,יזרעאל,452,346,564,348,54,0.15606936416184972,אמת,0.3699421965317919,יזרעאל,0.6170212765957447,
24,יפתח,453,390,548,390,94,0.24102564102564103,אמת,0.2846153846153846,יפתח,0.7116788321167883,
24,סער,454,431,648,432,139,0.3225058004640371,פה,0.2482598607888631,סער,0.6666666666666666,
24,שורש,456,475,1067,476,176,0.3705263157894737,פה,0.22736842105263158,שורש,0.44611059044048734,
24,גזית,457,467,655,467,74,0.15845824411134904,מרצ,0.3576017130620985,גזית,0.7129770992366412,
24,רמת רזיאל,460,350,479,350,119,0.34,פה,0.19142857142857142,רמת רזיאל,0.7306889352818372,
24,טל שחר,462,628,815,630,198,0.31528662420382164,פה,0.21337579617834396,טל שחר,0.7730061349693251,
24,געתון,463,390,551,392,88,0.22564102564102564,מרצ,0.3282051282051282,געתון,0.7114337568058077,
24,הראל,464,119,220,119,17,0.14285714285714285,פה,0.2857142857142857,הראל,0.5409090909090909,
24,צובה,465,398,607,398,79,0.1984924623115578,אמת,0.4221105527638191,צובה,0.6556836902800659,
24,בית דגן,466,3731,5162,3742,2639,0.7073170731707317,מחל,0.4248190833556687,בית דגן,0.7249128244866331,
24,קרית עקרון,469,5496,8224,5536,4373,0.7956695778748181,מחל,0.5090975254730713,קרית עקרון,0.6731517509727627,
24,אבו גוש,472,1947,4961,1994,511,0.26245505906522854,ודעם,0.4884437596302003,אבו גוש,0.4019350937311026,
24,אבו סנאן,473,5070,9705,5151,1161,0.22899408284023667,ודעם,0.4195266272189349,אבו סנאן,0.530757341576507,
24,דחי,475,105,529,106,17,0.1619047619047619,ודעם,0.5333333333333333,דחי,0.2003780718336484,
24,אכסאל,478,4219,9946,4256,213,0.050485897132021805,ודעם,0.5996681678122778,אכסאל,0.4279107178765333,
24,בית גן,480,3399,8907,3423,1039,0.3056781406295969,ל,0.34274786701971166,בית גן,0.3843044796227686,
24,מגאר,481,7054,16438,7132,1291,0.1830167280975333,ודעם,0.2662319251488517,מגאר,0.4338727339092347,
24,בועיינהנוגידאת,482,3459,6773,3527,159,0.04596704249783174,עם,0.64411679676207,בועיינהנוגידאת,0.5207441311088145,
24,בענה,483,3254,5795,3299,97,0.029809465273509528,ודעם,0.5421020282728949,בענה,0.5692838654012079,
24,גולס,485,2756,4814,2798,1358,0.4927431059506531,ל,0.28846153846153844,גולס,0.5812214374740341,
24,גש גוש חלב,487,1112,2501,1131,159,0.14298561151079137,ודעם,0.5836330935251799,גש גוש חלב,0.45221911235505796,
24,דבוריה,489,3452,7270,3478,63,0.01825028968713789,ודעם,0.5506952491309386,דבוריה,0.478404401650619,
24,דייר אלאסד,490,5167,8479,5204,376,0.07276949874201664,ודעם,0.49816140894135863,דייר אלאסד,0.6137516216534968,
24,דייר חנא,492,5042,7503,5071,216,0.042840142800476,ודעם,0.5928203094010314,דייר חנא,0.6758629881380781,
24,דאלית אלכרמל,494,5136,12939,5183,1059,0.20619158878504673,ל,0.25837227414330216,דאלית אלכרמל,0.40057191436741635,
24,חורפיש,496,2117,4690,2130,1008,0.4761454888993859,כן,0.2725555030703826,חורפיש,0.4541577825159915,
24,טייבה בעמק,497,454,1268,463,42,0.09251101321585903,ודעם,0.3700440528634361,טייבה בעמק,0.36514195583596215,
24,טורעאן,498,3730,9719,3756,115,0.030831099195710455,ודעם,0.5029490616621984,טורעאן,0.3864595122955036,
24,יפיע,499,5586,13420,5664,321,0.057465091299677765,ודעם,0.6007876834944504,יפיע,0.4220566318926975,
24,ירכא,502,5522,11014,5614,2484,0.44983701557406736,מחל,0.35222745382107934,ירכא,0.5097149082985292,
24,כאבול,504,5205,8328,5247,36,0.0069164265129683,ודעם,0.5354466858789625,כאבול,0.6300432276657061,
24,כאוכב אבו אלהיגא,505,1507,2712,1522,19,0.012607830126078301,ודעם,0.53085600530856,כאוכב אבו אלהיגא,0.5612094395280236,
24,כפר יאסיף,507,4499,8071,4543,220,0.0488997555012225,ודעם,0.7197154923316292,כפר יאסיף,0.5628794449262793,
24,כפר כמא,508,858,2642,871,256,0.29836829836829837,כן,0.20163170163170163,כפר כמא,0.3296744890234671,
24,כפר כנא,509,7210,15189,7311,303,0.0420249653259362,ודעם,0.4855755894590846,כפר כנא,0.4813351767726644,
24,כפר מנדא,510,7241,13137,7313,550,0.07595635961883718,עם,0.5362518989089905,כפר מנדא,0.5566719951282637,
24,עילוט,511,1714,5429,1747,150,0.08751458576429405,עם,0.4935822637106184,עילוט,0.32179038496960766,
24,כפר מצר,512,862,1865,871,63,0.07308584686774942,עם,0.339907192575406,כפר מצר,0.4670241286863271,
24,עין ראפה,514,249,685,257,28,0.11244979919678715,ודעם,0.4939759036144578,עין ראפה,0.37518248175182484,
24,מגד אלכרום,516,5741,10661,5757,80,0.013934854554955583,ודעם,0.7881902107646751,מגד אלכרום,0.5400056279898696,
24,מזרעה,517,1537,2986,1552,26,0.016916070266753416,ודעם,0.6109303838646715,מזרעה,0.5197588747488279,
24,מעיליא,518,1658,2565,1668,65,0.039203860072376355,ודעם,0.6791314837153196,מעיליא,0.6502923976608187,
24,משהד,520,2814,5753,2854,69,0.024520255863539446,עם,0.5465529495380241,משהד,0.49608899704501996,
24,עין נקובא,521,863,1754,888,196,0.22711471610660486,ודעם,0.4183082271147161,עין נקובא,0.5062713797035348,
24,נחף,522,4132,8811,4167,130,0.03146176185866408,עם,0.4871732817037754,נחף,0.4729315628192033,
24,ניין,523,713,1371,740,359,0.5035063113604488,מחל,0.5021037868162693,ניין,0.5397520058351568,
24,נאעורה,524,600,1530,605,87,0.145,ודעם,0.4033333333333333,נאעורה,0.3954248366013072,
24,סאגור,525,1445,3114,1458,856,0.5923875432525951,מחל,0.2685121107266436,סאגור,0.4682080924855491,
24,סולם,526,819,2077,824,46,0.05616605616605617,ודעם,0.5103785103785103,סולם,0.3967260471834376,
24,שזור,527,192,278,194,170,0.8854166666666666,מחל,0.671875,שזור,0.697841726618705,
24,עוזייר,528,891,2104,898,39,0.04377104377104377,עם,0.590347923681257,עוזייר,0.4268060836501901,
24,אעבלין,529,4618,9349,4651,244,0.05283672585534863,ודעם,0.6199653529666522,אעבלין,0.49748636217777303,
24,עיילבון,530,2477,4224,2497,306,0.12353653613241825,ודעם,0.5296729915220024,עיילבון,0.5911458333333334,
24,עראבה,531,9498,17322,9553,81,0.008528111181301326,ודעם,0.5826489787323647,עראבה,0.5514952084054959,
24,עין מאהל,532,3706,9334,3755,206,0.05558553696708041,ודעם,0.5110631408526713,עין מאהל,0.40229269337904433,
24,עספיא,534,3862,9324,3888,498,0.12894873122734335,ל,0.3174520973588814,עספיא,0.416988416988417,
24,פסוטה,535,1146,2654,1150,133,0.11605584642233857,ודעם,0.6195462478184991,פסוטה,0.43330821401657876,
24,פקיעין בוקייעה,536,2606,4496,2631,260,0.0997697620874904,ל,0.4382194934765925,פקיעין בוקייעה,0.5851868327402135,
24,פוריידיס,537,2546,8926,2591,276,0.10840534171249018,עם,0.39945011783189316,פוריידיס,0.2902755993726193,
24,שעב,538,2946,5038,2965,28,0.009504412763068567,ודעם,0.508825526137135,שעב,0.5885271933306868,
24,רומאנה,539,549,780,559,18,0.03278688524590164,ודעם,0.6539162112932605,רומאנה,0.7166666666666667,
24,ריחאניה,540,420,945,430,130,0.30952380952380953,כן,0.18333333333333332,ריחאניה,0.455026455026455,
24,גסר אזרקא,541,2212,9184,2246,142,0.06419529837251356,ודעם,0.583634719710669,גסר אזרקא,0.24455574912891986,
24,ריינה,542,5208,11664,5280,165,0.03168202764976959,ודעם,0.5522273425499232,ריינה,0.45267489711934156,
24,ראמה,543,3463,6456,3517,601,0.17354894600057755,ודעם,0.41091539127923765,ראמה,0.5447645600991325,
24,עין אלאסד,546,286,647,292,49,0.17132867132867133,ל,0.5174825174825175,עין אלאסד,0.45131375579598143,
24,טמרה יזרעאל,547,445,1072,456,52,0.11685393258426967,ודעם,0.49213483146067416,טמרה יזרעאל,0.4253731343283582,
24,גנות הדר,549,543,721,545,261,0.48066298342541436,פה,0.287292817679558,גנות הדר,0.7558945908460472,
24,ניר בנים,553,450,615,450,128,0.28444444444444444,פה,0.34444444444444444,ניר בנים,0.7317073170731707,
24,שדמה,555,286,382,286,80,0.27972027972027974,פה,0.3006993006993007,שדמה,0.7486910994764397,
24,בוסתן הגליל,559,552,733,552,277,0.5018115942028986,מחל,0.2427536231884058,בוסתן הגליל,0.7530695770804912,
24,בית אלעזרי,562,798,1060,800,408,0.5112781954887218,פה,0.22431077694235588,בית אלעזרי,0.7547169811320755,
24,משמר דוד,563,509,596,510,184,0.3614931237721022,פה,0.2632612966601179,משמר דוד,0.8557046979865772,
24,רבדים,564,469,628,470,80,0.17057569296375266,מרצ,0.3582089552238806,רבדים,0.7484076433121019,
24,אזור,565,6533,9930,6568,4134,0.6327873871115873,מחל,0.3460890861778662,אזור,0.6614300100704934,
24,צרעה,567,535,836,537,82,0.15327102803738318,אמת,0.30280373831775703,צרעה,0.6423444976076556,
24,מעונה,570,477,668,478,301,0.6310272536687631,מחל,0.4360587002096436,מעונה,0.7155688622754491,
24,בית גמליאל,571,603,767,604,545,0.9038142620232172,ב,0.3714759535655058,בית גמליאל,0.78748370273794,
24,בית העמק,572,359,510,360,63,0.17548746518105848,אמת,0.28690807799442897,בית העמק,0.7058823529411765,
24,מבקיעים,573,265,370,266,173,0.6528301886792452,מחל,0.3849056603773585,מבקיעים,0.7189189189189189,
24,גשר הזיו,574,806,1215,810,322,0.39950372208436724,פה,0.24317617866004962,גשר הזיו,0.6666666666666666,
24,יסעור,575,384,543,386,89,0.23177083333333334,פה,0.3515625,יסעור,0.7108655616942909,
24,כברי,576,620,860,622,151,0.2435483870967742,אמת,0.2903225806451613,כברי,0.7232558139534884,
24,יד בנימין,577,1735,2224,1736,1678,0.9671469740634006,ט,0.5037463976945245,יד בנימין,0.7805755395683454,
24,סאסא,578,304,417,304,43,0.14144736842105263,מרצ,0.39144736842105265,סאסא,0.7290167865707434,
24,כפר ראש הנקרה,579,736,1038,739,272,0.3695652173913043,פה,0.25407608695652173,כפר ראש הנקרה,0.7119460500963392,
24,כרם מהרל,580,501,673,502,147,0.2934131736526946,פה,0.2774451097804391,כרם מהרל,0.7459138187221397,
24,כפר הנגיד,582,603,775,604,287,0.4759535655058043,פה,0.24875621890547264,כפר הנגיד,0.7793548387096774,
24,זיקים,584,519,736,519,184,0.35452793834296725,מרצ,0.22736030828516376,זיקים,0.7051630434782609,
24,לביא,585,388,530,388,320,0.8247422680412371,ב,0.38917525773195877,לביא,0.7320754716981132,
24,מגידו,586,483,650,483,120,0.2484472049689441,פה,0.2919254658385093,מגידו,0.7430769230769231,
24,סביון,587,2696,3930,2700,1130,0.41913946587537093,פה,0.29896142433234424,סביון,0.6870229007633588,
24,בני ראם,588,714,912,718,666,0.9327731092436975,מחל,0.30532212885154064,בני ראם,0.7872807017543859,
24,בצת,589,225,310,225,114,0.5066666666666667,פה,0.21777777777777776,בצת,0.7258064516129032,
24,נווה אור,590,231,345,233,62,0.2683982683982684,פה,0.26406926406926406,נווה אור,0.6753623188405797,
24,עשרת,591,668,895,672,225,0.33682634730538924,פה,0.35179640718562877,עשרת,0.7508379888268156,
24,בני דרום,592,426,501,428,364,0.8544600938967136,ב,0.4460093896713615,בני דרום,0.8542914171656687,
24,ערוגות,593,543,675,544,282,0.5193370165745856,כן,0.2283609576427256,ערוגות,0.8059259259259259,
24,צפריה,594,435,542,436,381,0.8758620689655172,ב,0.36091954022988504,צפריה,0.8044280442804428,
24,לוחמי הגיטאות,595,449,576,449,121,0.26948775055679286,פה,0.27616926503340755,לוחמי הגיטאות,0.7795138888888888,
24,מלכיה,596,248,423,249,56,0.22580645161290322,אמת,0.3548387096774194,מלכיה,0.5886524822695035,
24,פלמחים,597,466,623,466,117,0.2510729613733906,אמת,0.27253218884120173,פלמחים,0.7479935794542536,
24,בית קמה,598,571,721,572,151,0.26444833625218916,פה,0.2679509632224168,בית קמה,0.7933425797503467,
24,פרוד,599,315,434,318,82,0.26031746031746034,פה,0.34285714285714286,פרוד,0.7327188940092166,
24,נירים,602,264,380,266,59,0.22348484848484848,מרצ,0.3181818181818182,נירים,0.7,
24,אלקוש,603,141,245,141,123,0.8723404255319149,מחל,0.5531914893617021,אלקוש,0.5755102040816327,
24,בית עריף,604,569,752,570,462,0.81195079086116,מחל,0.5061511423550088,בית עריף,0.7579787234042553,
24,כפר שמאי,605,240,337,240,209,0.8708333333333333,מחל,0.45416666666666666,כפר שמאי,0.712166172106825,
24,מזור,606,637,830,638,198,0.3108320251177394,פה,0.3579277864992151,מזור,0.7686746987951807,
24,מירון,607,281,495,282,263,0.9359430604982206,ט,0.38434163701067614,מירון,0.5696969696969697,
24,כפר חושן,609,410,598,412,382,0.9317073170731708,מחל,0.4975609756097561,כפר חושן,0.6889632107023411,
24,סתריה,610,620,804,620,218,0.35161290322580646,פה,0.27419354838709675,סתריה,0.7711442786069652,
24,צרופה,612,546,733,546,347,0.6355311355311355,מחל,0.3626373626373626,צרופה,0.7448840381991815,
24,ציפורי,613,491,682,492,169,0.34419551934826886,פה,0.2668024439918534,ציפורי,0.7214076246334311,
24,שומרה,614,192,307,193,165,0.859375,מחל,0.65625,שומרה,0.6286644951140065,
24,קדרון,615,891,1179,892,231,0.25925925925925924,פה,0.31986531986531985,קדרון,0.7565733672603902,
24,רינתיה,616,511,681,513,276,0.5401174168297456,מחל,0.27788649706457924,רינתיה,0.7533039647577092,
24,ברקאי,617,341,525,341,67,0.19648093841642228,מרצ,0.36363636363636365,ברקאי,0.6495238095238095,
24,חדיד,618,492,630,494,393,0.7987804878048781,מחל,0.4654471544715447,חדיד,0.7841269841269841,
24,בית גוברין,619,224,292,225,41,0.18303571428571427,אמת,0.3080357142857143,בית גוברין,0.7705479452054794,
24,משואות יצחק,620,383,459,383,318,0.8302872062663186,ב,0.4751958224543081,משואות יצחק,0.8344226579520697,
24,עין צורים,622,345,436,348,262,0.7594202898550725,ב,0.3855072463768116,עין צורים,0.7981651376146789,
24,יראון,623,211,367,213,34,0.16113744075829384,אמת,0.36018957345971564,יראון,0.5803814713896458,
24,גלגוליה,627,3840,6571,3881,26,0.0067708333333333336,עם,0.6109375,גלגוליה,0.590625475574494,
24,גת,628,2198,8412,2238,60,0.0272975432211101,ודעם,0.4608735213830755,גת,0.2660485021398003,
24,כפר ברא,633,1351,2453,1361,48,0.03552923760177646,עם,0.771280532938564,כפר ברא,0.5548308194048104,
24,כפר קאסם,634,8666,15663,8811,125,0.01442418647588276,עם,0.6270482344795754,כפר קאסם,0.5625359126604099,
24,מוקייבלה,635,930,2632,947,26,0.02795698924731183,ודעם,0.4913978494623656,מוקייבלה,0.3598024316109423,
24,צנדלה,636,333,1266,337,4,0.012012012012012012,ודעם,0.5315315315315315,צנדלה,0.26619273301737756,
24,ערערה,637,5286,13695,5352,59,0.011161558834657586,ודעם,0.6101021566401816,ערערה,0.39079956188389925,
24,קלנסווה,638,5123,14818,5191,88,0.017177435096623072,ודעם,0.6828030450907672,קלנסווה,0.3503171818059117,
24,מצר,648,304,435,304,30,0.09868421052631579,מרצ,0.5098684210526315,מצר,0.6988505747126437,
24,מייסר,649,448,1362,450,9,0.020089285714285716,ודעם,0.6004464285714286,מייסר,0.3303964757709251,
24,אבטין,652,653,1876,658,62,0.09494640122511486,עם,0.5865237366003063,אבטין,0.35074626865671643,
24,כפר קרע,654,5973,13230,6026,217,0.0363301523522518,ודעם,0.5405993638037837,כפר קרע,0.45547996976568406,
24,שייח דנון,658,982,2049,991,14,0.014256619144602852,ודעם,0.5040733197556008,שייח דנון,0.48365056124938993,
24,שער אפרים,661,922,1275,923,531,0.5759219088937093,מחל,0.33080260303687636,שער אפרים,0.7239215686274509,
24,חוסן,662,513,764,515,376,0.732943469785575,מחל,0.5087719298245614,חוסן,0.6740837696335078,
24,טירת יהודה,663,635,816,638,566,0.8913385826771654,מחל,0.32440944881889766,טירת יהודה,0.7818627450980392,
24,כרם בן זמרה,664,294,404,294,256,0.8707482993197279,מחל,0.5068027210884354,כרם בן זמרה,0.7277227722772277,
24,תקומה,665,406,505,406,332,0.8177339901477833,ב,0.2881773399014778,תקומה,0.803960396039604,
24,עומר,666,4490,6520,4495,2250,0.5011135857461024,מחל,0.24164810690423164,עומר,0.6894171779141104,
24,ברעם,667,366,517,367,48,0.13114754098360656,מרצ,0.40437158469945356,ברעם,0.7098646034816247,
24,מפלסים,668,473,699,475,155,0.3276955602536998,פה,0.2642706131078224,מפלסים,0.6795422031473534,
24,משמר איילון,670,300,402,301,144,0.48,מחל,0.23333333333333334,משמר איילון,0.7487562189054726,
24,בית נקופה,672,357,474,357,188,0.5266106442577031,מחל,0.2801120448179272,בית נקופה,0.7531645569620253,
24,כפר טרומן,673,450,576,451,219,0.4866666666666667,פה,0.24222222222222223,כפר טרומן,0.7829861111111112,
24,לימן,674,365,530,367,198,0.5424657534246575,מחל,0.2684931506849315,לימן,0.6924528301886792,
24,הבונים,675,211,305,211,47,0.22274881516587677,אמת,0.2843601895734597,הבונים,0.6918032786885245,
24,עין השלושה,676,190,313,190,45,0.23684210526315788,פה,0.3105263157894737,עין השלושה,0.6070287539936102,
24,הסוללים,677,541,744,544,158,0.2920517560073937,פה,0.30868761552680224,הסוללים,0.7311827956989247,
24,מעגן,678,208,321,211,82,0.3942307692307692,פה,0.25961538461538464,מעגן,0.6573208722741433,
24,אביאל,679,404,521,408,148,0.36633663366336633,אמת,0.19801980198019803,אביאל,0.783109404990403,
24,אומץ,680,393,509,393,138,0.3511450381679389,פה,0.2697201017811705,אומץ,0.7721021611001965,
24,גבעת שמואל,681,13994,18823,14036,10114,0.7227383164213235,ב,0.24067457481777904,גבעת שמואל,0.7456834723476597,
24,אליקים,682,383,582,385,338,0.8825065274151436,מחל,0.46736292428198434,אליקים,0.6615120274914089,
24,גבע כרמל,683,531,731,533,269,0.5065913370998116,מחל,0.24105461393596986,גבע כרמל,0.7291381668946648,
24,היוגב,684,451,575,452,138,0.30598669623059865,פה,0.3325942350332594,היוגב,0.7860869565217391,
24,בניה,685,494,619,495,189,0.3825910931174089,פה,0.3016194331983806,בניה,0.7996768982229402,
24,נווה ימין,686,681,955,682,441,0.6475770925110133,מחל,0.41262848751835535,נווה ימין,0.7141361256544503,
24,עין איילה,687,552,767,555,170,0.3079710144927536,פה,0.28442028985507245,עין איילה,0.7235984354628422,
24,עלמה,688,426,597,428,413,0.9694835680751174,מחל,0.687793427230047,עלמה,0.7169179229480737,
24,מגדים,689,608,811,610,325,0.5345394736842105,מחל,0.2713815789473684,מגדים,0.752157829839704,
24,כפר אחים,690,424,541,426,307,0.7240566037735849,כן,0.3113207547169811,כפר אחים,0.7874306839186691,
24,שפיר,692,448,555,449,336,0.75,מחל,0.34375,שפיר,0.809009009009009,
24,נתיב הלה,693,350,480,353,65,0.18571428571428572,אמת,0.4085714285714286,נתיב הלה,0.7354166666666667,
24,מעגן מיכאל,694,1132,1730,1134,204,0.18021201413427562,אמת,0.29858657243816256,מעגן מיכאל,0.6554913294797687,
24,מגן,695,320,457,320,38,0.11875,מרצ,0.45625,מגן,0.700218818380744,
24,כפר חבד,696,2810,4286,2814,2759,0.9818505338078292,ט,0.5811387900355872,כפר חבד,0.6565562295846944,
24,בארותיים,697,564,719,566,186,0.32978723404255317,פה,0.2730496453900709,בארותיים,0.7872044506258693,
24,בורגתה,698,621,821,623,303,0.48792270531400966,פה,0.2286634460547504,בורגתה,0.758830694275274,
24,ניר ישראל,699,450,604,452,226,0.5022222222222222,פה,0.2111111111111111,ניר ישראל,0.7483443708609272,
24,חצב,700,659,879,660,485,0.7359635811836115,מחל,0.417298937784522,חצב,0.7508532423208191,
24,ארבל,701,333,477,333,210,0.6306306306306306,מחל,0.3033033033033033,ארבל,0.6981132075471698,
24,האון,702,85,148,85,23,0.27058823529411763,אמת,0.3411764705882353,האון,0.5743243243243243,
24,גבעת עוז,703,247,398,247,64,0.2591093117408907,מרצ,0.24696356275303644,גבעת עוז,0.6206030150753769,
24,נחשונים,705,243,356,243,40,0.1646090534979424,מרצ,0.3333333333333333,נחשונים,0.6825842696629213,
24,גיאה,706,435,567,435,191,0.43908045977011495,פה,0.26436781609195403,גיאה,0.7671957671957672,
24,כפר דניאל,707,372,495,375,99,0.2661290322580645,פה,0.33064516129032256,כפר דניאל,0.7575757575757576,
24,עמקה,708,419,591,422,365,0.8711217183770883,מחל,0.5465393794749404,עמקה,0.7140439932318104,
24,תפרח,709,881,1049,887,877,0.9954597048808173,ג,0.7400681044267877,תפרח,0.8455672068636797,
24,בית זית,710,855,1173,857,351,0.4105263157894737,פה,0.1976608187134503,בית זית,0.7306052855924978,
24,עזריה,711,632,796,634,518,0.819620253164557,מחל,0.5854430379746836,עזריה,0.7964824120603015,
24,בן עמי,712,415,556,416,178,0.42891566265060244,פה,0.2216867469879518,בן עמי,0.7482014388489209,
24,רעים,713,276,376,277,45,0.16304347826086957,אמת,0.3333333333333333,רעים,0.7367021276595744,
24,ארז,714,323,451,324,100,0.30959752321981426,אמת,0.2848297213622291,ארז,0.7184035476718403,
24,להבות חביבה,715,475,626,475,103,0.2168421052631579,פה,0.30105263157894735,להבות חביבה,0.7587859424920128,
24,אייל,716,322,394,323,60,0.18633540372670807,אמת,0.30745341614906835,אייל,0.8197969543147208,
24,חגור,717,578,726,579,246,0.42560553633217996,פה,0.2958477508650519,חגור,0.7975206611570248,
24,ירחיב,718,574,832,577,400,0.6968641114982579,מחל,0.47560975609756095,ירחיב,0.6935096153846154,
24,תל קציר,719,226,326,228,65,0.28761061946902655,פה,0.2831858407079646,תל קציר,0.6993865030674846,
24,ניר גלים,720,547,654,548,503,0.9195612431444241,ב,0.376599634369287,ניר גלים,0.8379204892966361,
24,שדה אילן,721,319,396,319,268,0.8401253918495298,ב,0.3510971786833856,שדה אילן,0.8055555555555556,
24,מגשימים,722,549,697,551,247,0.44990892531876137,פה,0.2859744990892532,מגשימים,0.7905308464849354,
24,בית הגדי,723,464,586,465,440,0.9482758620689655,מחל,0.6314655172413793,בית הגדי,0.7935153583617748,
24,הודיה,726,340,522,342,259,0.7617647058823529,מחל,0.47058823529411764,הודיה,0.6551724137931034,
24,תלמי יחיאל,727,452,631,454,280,0.6194690265486725,מחל,0.27654867256637167,תלמי יחיאל,0.7194928684627575,
24,משמר השבעה,729,514,710,517,252,0.490272373540856,מחל,0.27431906614785995,משמר השבעה,0.7281690140845071,
24,אליפלט,730,325,463,326,300,0.9230769230769231,מחל,0.6553846153846153,אליפלט,0.7041036717062635,
24,מישר,731,384,477,384,130,0.3385416666666667,פה,0.3125,מישר,0.8050314465408805,
24,משמר הירדן,732,395,568,397,268,0.6784810126582278,מחל,0.47848101265822784,משמר הירדן,0.698943661971831,
24,גן יאשיה,734,514,659,514,151,0.29377431906614787,פה,0.29961089494163423,גן יאשיה,0.779969650986343,
24,רמות מאיר,735,401,554,403,170,0.4239401496259352,פה,0.22443890274314215,רמות מאיר,0.7274368231046932,
24,גילת,736,744,1060,754,620,0.8333333333333334,מחל,0.5026881720430108,גילת,0.7113207547169811,
24,עולש,737,601,772,604,242,0.40266222961730447,פה,0.2529118136439268,עולש,0.7823834196891192,
24,דור,738,223,287,223,86,0.38565022421524664,פה,0.2556053811659193,דור,0.7770034843205574,
24,שדה עוזיהו,739,759,1009,759,688,0.9064558629776021,מחל,0.621870882740448,שדה עוזיהו,0.7522299306243806,
24,אשתאול,740,580,755,582,445,0.7672413793103449,מחל,0.4603448275862069,אשתאול,0.7708609271523179,
24,שואבה,741,326,463,327,140,0.4294478527607362,מחל,0.26380368098159507,שואבה,0.7062634989200864,
24,מסילת ציון,742,553,713,553,244,0.4412296564195298,פה,0.19529837251356238,מסילת ציון,0.7755960729312763,
24,כפר שמואל,743,489,599,490,180,0.36809815950920244,פה,0.2985685071574642,כפר שמואל,0.8180300500834724,
24,תלמי יפה,744,358,512,358,165,0.46089385474860334,פה,0.23743016759776536,תלמי יפה,0.69921875,
24,גמזו,745,533,682,535,488,0.9155722326454033,ב,0.37335834896810505,גמזו,0.7844574780058651,
24,ברכיה,746,636,783,637,617,0.970125786163522,מחל,0.3946540880503145,ברכיה,0.8135376756066411,
24,בית שקמה,747,389,578,393,351,0.9023136246786633,מחל,0.5295629820051414,בית שקמה,0.6799307958477508,
24,מסלול,748,370,515,370,282,0.7621621621621621,מחל,0.44054054054054054,מסלול,0.7184466019417476,
24,פטיש,749,529,671,531,481,0.9092627599243857,מחל,0.4555765595463138,פטיש,0.7913561847988078,
24,פדויים,750,238,337,239,196,0.8235294117647058,מחל,0.453781512605042,פדויים,0.7091988130563798,
24,בית מאיר,751,255,360,255,225,0.8823529411764706,מחל,0.29411764705882354,בית מאיר,0.7083333333333334,
24,תעוז,752,336,435,337,224,0.6666666666666666,מחל,0.30952380952380953,תעוז,0.774712643678161,
24,ינוב,753,451,620,452,257,0.5698447893569845,מחל,0.31042128603104213,ינוב,0.7290322580645161,
24,גורן,755,241,331,242,217,0.9004149377593361,מחל,0.5311203319502075,גורן,0.7311178247734139,
24,בית עזרא,756,634,835,635,411,0.6482649842271293,מחל,0.3028391167192429,בית עזרא,0.7604790419161677,
24,מצליח,757,692,965,694,509,0.7355491329479769,מחל,0.523121387283237,מצליח,0.7191709844559585,
24,יד חנה,758,462,584,463,149,0.3225108225108225,פה,0.29004329004329005,יד חנה,0.7928082191780822,
24,יציץ,759,428,578,428,341,0.7967289719626168,מחל,0.5981308411214953,יציץ,0.740484429065744,
24,בן זכאי,760,482,612,482,457,0.9481327800829875,מחל,0.558091286307054,בן זכאי,0.7875816993464052,
24,שובה,761,302,426,305,283,0.9370860927152318,מחל,0.5165562913907285,שובה,0.715962441314554,
24,בטחה,762,476,618,479,445,0.9348739495798319,מחל,0.5462184873949579,בטחה,0.7750809061488673,
24,שתולים,763,1042,1432,1048,785,0.753358925143954,מחל,0.463531669865643,שתולים,0.7318435754189944,
24,כפר מרדכי,764,361,471,361,104,0.2880886426592798,פה,0.32132963988919666,כפר מרדכי,0.7664543524416136,
24,משגב דב,765,395,505,395,158,0.4,פה,0.27848101265822783,משגב דב,0.7821782178217822,
24,קוממיות,766,155,252,155,155,1.0,ג,0.9419354838709677,קוממיות,0.6150793650793651,
24,פורת,767,606,907,608,547,0.9026402640264026,מחל,0.5214521452145214,פורת,0.6703417861080485,
24,כרמיה,768,333,458,334,114,0.34234234234234234,מרצ,0.2222222222222222,כרמיה,0.7292576419213974,
24,ניר עציון,769,306,426,306,238,0.7777777777777778,ב,0.35294117647058826,ניר עציון,0.7183098591549296,
24,מבוא ביתר,771,477,635,477,257,0.5387840670859538,מחל,0.24528301886792453,מבוא ביתר,0.7511811023622047,
24,אמונים,772,512,713,514,341,0.666015625,מחל,0.326171875,אמונים,0.7208976157082749,
24,עמיקם,773,403,549,403,116,0.2878411910669975,אמת,0.20843672456575682,עמיקם,0.7340619307832422,
24,צוריאל,774,216,305,216,177,0.8194444444444444,מחל,0.5509259259259259,צוריאל,0.7081967213114754,
24,יד נתן,775,313,430,313,147,0.4696485623003195,פה,0.2779552715654952,יד נתן,0.727906976744186,
24,מחסיה,776,245,314,245,218,0.889795918367347,מחל,0.45714285714285713,מחסיה,0.7802547770700637,
24,נחשון,777,352,474,353,45,0.1278409090909091,מרצ,0.45170454545454547,נחשון,0.7447257383966245,
24,תרום,778,468,592,468,400,0.8547008547008547,מחל,0.452991452991453,תרום,0.7905405405405406,
24,עמינדב,779,452,633,454,265,0.5862831858407079,מחל,0.3163716814159292,עמינדב,0.717219589257504,
24,אורה,780,563,827,568,365,0.6483126110124334,מחל,0.30017761989342806,אורה,0.686819830713422,
24,אבן ספיר,783,352,503,352,235,0.6676136363636364,מחל,0.4744318181818182,אבן ספיר,0.6998011928429424,
24,בית נחמיה,784,469,638,469,260,0.5543710021321961,מחל,0.3070362473347548,בית נחמיה,0.7351097178683386,
24,אחיהוד,785,512,685,512,460,0.8984375,מחל,0.552734375,אחיהוד,0.7474452554744525,
24,כפר זיתים,786,343,480,345,298,0.8688046647230321,מחל,0.5889212827988338,כפר זיתים,0.71875,
24,גבעת יערים,787,663,923,664,378,0.5701357466063348,מחל,0.30618401206636503,גבעת יערים,0.7193932827735645,
24,זיתן,788,624,812,625,549,0.8798076923076923,מחל,0.5849358974358975,זיתן,0.7697044334975369,
24,רנן,789,310,459,312,198,0.6387096774193548,מחל,0.4258064516129032,רנן,0.6797385620915033,
24,משען,791,543,713,544,488,0.8987108655616943,מחל,0.5616942909760589,משען,0.7629733520336606,
24,נתיב השיירה,792,282,405,282,187,0.6631205673758865,מחל,0.32269503546099293,נתיב השיירה,0.6962962962962963,
24,גבעתי,793,455,665,457,381,0.8373626373626374,מחל,0.5208791208791209,גבעתי,0.687218045112782,
24,עגור,794,232,316,233,202,0.8706896551724138,מחל,0.625,עגור,0.7373417721518988,
24,יערה,795,376,569,385,303,0.8058510638297872,מחל,0.5053191489361702,יערה,0.6766256590509666,
24,צלפון,796,496,696,499,401,0.8084677419354839,מחל,0.5141129032258065,צלפון,0.7169540229885057,
24,אחיעזר,797,1005,1217,1008,973,0.9681592039800995,שס,0.4507462686567164,אחיעזר,0.828266228430567,
24,יגל,798,475,625,476,409,0.8610526315789474,מחל,0.6147368421052631,יגל,0.7616,
24,זכריה,799,578,762,579,508,0.8788927335640139,מחל,0.6211072664359861,זכריה,0.7598425196850394,
24,בית חנניה,800,477,627,478,163,0.3417190775681342,פה,0.3228511530398323,בית חנניה,0.7623604465709729,
24,חמד,801,494,582,494,429,0.868421052631579,ב,0.3643724696356275,חמד,0.8487972508591065,
24,גבעת כח,802,466,645,466,326,0.6995708154506438,מחל,0.3969957081545064,גבעת כח,0.7224806201550388,
24,יושיביה,803,269,354,270,260,0.966542750929368,מחל,0.3643122676579926,יושיביה,0.7627118644067796,
24,אחיסמך,804,684,890,685,647,0.945906432748538,מחל,0.6154970760233918,אחיסמך,0.7696629213483146,
24,ישעי,805,413,567,415,386,0.9346246973365617,מחל,0.5157384987893463,ישעי,0.7319223985890653,
24,עין יהב,806,410,567,410,159,0.3878048780487805,כן,0.32195121951219513,עין יהב,0.7231040564373897,
24,חניאל,807,469,663,471,136,0.2899786780383795,פה,0.302771855010661,חניאל,0.7104072398190046,
24,ניר אליהו,808,321,422,322,69,0.21495327102803738,אמת,0.34579439252336447,ניר אליהו,0.7630331753554502,
24,נחם,809,302,411,302,283,0.9370860927152318,מחל,0.5761589403973509,נחם,0.7347931873479319,
24,עופר,810,290,392,291,143,0.49310344827586206,מחל,0.22758620689655173,עופר,0.7423469387755102,
24,יכיני,811,356,483,356,322,0.9044943820224719,מחל,0.6039325842696629,יכיני,0.7370600414078675,
24,שלומי,812,3426,5415,3450,2442,0.712784588441331,מחל,0.43812025685931116,שלומי,0.6371191135734072,
24,עין יעקב,813,548,748,550,379,0.6916058394160584,מחל,0.3740875912408759,עין יעקב,0.7352941176470589,
24,תלמים,814,419,566,419,401,0.9570405727923628,מחל,0.42482100238663484,תלמים,0.7402826855123675,
24,זבדיאל,815,354,418,355,342,0.9661016949152542,מחל,0.556497175141243,זבדיאל,0.8492822966507177,
24,זנוח,816,277,409,277,244,0.8808664259927798,מחל,0.5595667870036101,זנוח,0.6772616136919315,
24,עזריקם,817,700,966,705,585,0.8357142857142857,מחל,0.6042857142857143,עזריקם,0.7298136645962733,
24,זרחיה,818,428,506,430,417,0.9742990654205608,מחל,0.48130841121495327,זרחיה,0.849802371541502,
24,אביגדור,819,478,616,479,184,0.38493723849372385,פה,0.3305439330543933,אביגדור,0.7775974025974026,
24,חלץ,820,256,360,257,226,0.8828125,מחל,0.58203125,חלץ,0.7138888888888889,
24,אחוזם,821,288,401,289,264,0.9166666666666666,מחל,0.6006944444444444,אחוזם,0.7206982543640897,
24,מטע,822,406,561,406,207,0.5098522167487685,מחל,0.33004926108374383,מטע,0.7237076648841355,
24,בר גיורא,823,304,420,305,238,0.7828947368421053,מחל,0.4901315789473684,בר גיורא,0.7261904761904762,
24,כוכב מיכאל,824,508,717,510,187,0.36811023622047245,פה,0.28937007874015747,כוכב מיכאל,0.7112970711297071,
24,נס הרים,825,586,810,586,398,0.6791808873720137,מחל,0.32081911262798635,נס הרים,0.7234567901234568,
24,עוזה,826,260,362,260,252,0.9692307692307692,מחל,0.4230769230769231,עוזה,0.7182320441988951,
24,נווה מבטח,827,362,468,364,153,0.42265193370165743,פה,0.26519337016574585,נווה מבטח,0.7777777777777778,
24,ישרש,828,545,717,548,410,0.7522935779816514,מחל,0.4954128440366973,ישרש,0.7642956764295676,
24,מבטחים,829,239,397,239,206,0.8619246861924686,מחל,0.5439330543933054,מבטחים,0.6020151133501259,
24,ירוחם,831,4727,7650,4787,3812,0.8064311402580918,מחל,0.39983075946689234,ירוחם,0.6257516339869281,
24,נורית,833,101,127,101,55,0.5445544554455446,מחל,0.27722772277227725,נורית,0.7952755905511811,
24,גנות,836,267,354,268,134,0.50187265917603,מחל,0.23220973782771537,גנות,0.7570621468926554,
24,עזריאל,837,462,601,467,416,0.9004329004329005,מחל,0.5367965367965368,עזריאל,0.7770382695507487,
24,פדיה,838,455,594,460,370,0.8131868131868132,מחל,0.5758241758241758,פדיה,0.7744107744107744,
24,פתחיה,839,466,618,468,345,0.740343347639485,מחל,0.44420600858369097,פתחיה,0.7572815533980582,
24,כיסופים,840,155,315,155,36,0.23225806451612904,אמת,0.41935483870967744,כיסופים,0.49206349206349204,
24,אלישמע,841,653,820,655,501,0.7672281776416539,מחל,0.4548238897396631,אלישמע,0.7987804878048781,
24,געש,842,556,703,557,94,0.16906474820143885,מרצ,0.3579136690647482,געש,0.7923186344238976,
24,מרגליות,843,188,338,189,131,0.6968085106382979,מחל,0.3829787234042553,מרגליות,0.5591715976331361,
24,נחל עוז,844,236,350,236,71,0.3008474576271186,אמת,0.3389830508474576,נחל עוז,0.6742857142857143,
24,כפר עזה,845,542,742,543,143,0.26383763837638374,פה,0.3044280442804428,כפר עזה,0.7318059299191375,
24,שפר,846,207,327,209,156,0.7536231884057971,מחל,0.5362318840579711,שפר,0.6391437308868502,
24,בית רבן,848,231,322,231,228,0.987012987012987,ט,0.5454545454545454,בית רבן,0.717391304347826,
24,דבירה,849,526,671,527,148,0.2813688212927757,מרצ,0.24524714828897337,דבירה,0.7853949329359166,
24,אחיטוב,850,521,715,522,335,0.6429942418426103,מחל,0.2783109404990403,אחיטוב,0.73006993006993,
24,ניצני עוז,851,537,736,538,286,0.5325884543761639,מחל,0.3016759776536313,ניצני עוז,0.7309782608695652,
24,גונן,852,219,339,221,44,0.2009132420091324,אמת,0.2420091324200913,גונן,0.6519174041297935,
24,גאליה,853,648,843,649,266,0.4104938271604938,פה,0.33796296296296297,גאליה,0.7698695136417556,
24,רחוב,854,234,330,235,222,0.9487179487179487,מחל,0.7564102564102564,רחוב,0.7121212121212122,
24,שעלבים,856,637,778,638,610,0.957613814756672,ט,0.6420722135007849,שעלבים,0.8200514138817481,
24,כפר אביב,857,415,547,417,163,0.3927710843373494,פה,0.22650602409638554,כפר אביב,0.7623400365630713,
24,נווה ירק,858,663,836,663,241,0.363499245852187,פה,0.34087481146304677,נווה ירק,0.7930622009569378,
24,כסלון,859,207,289,207,175,0.8454106280193237,מחל,0.4782608695652174,כסלון,0.7162629757785467,
24,שדה אליעזר,861,438,643,439,218,0.4977168949771689,מחל,0.2557077625570776,שדה אליעזר,0.6827371695178849,
24,גני יוחנן,862,386,528,389,213,0.5518134715025906,מחל,0.31865284974093266,גני יוחנן,0.7367424242424242,
24,גינתון,863,508,666,512,231,0.4547244094488189,פה,0.23622047244094488,גינתון,0.7687687687687688,
24,בקוע,864,401,542,401,312,0.7780548628428927,מחל,0.4538653366583541,בקוע,0.7398523985239852,
24,שיבולים,865,190,260,190,176,0.9263157894736842,מחל,0.5736842105263158,שיבולים,0.7307692307692307,
24,יטבתה,866,435,697,435,60,0.13793103448275862,אמת,0.42298850574712643,יטבתה,0.624103299856528,
24,אלוני יצחק,868,23,125,23,5,0.21739130434782608,פה,0.2608695652173913,אלוני יצחק,0.184,
24,גבעת השלושה,870,417,518,418,139,0.3333333333333333,אמת,0.26139088729016785,גבעת השלושה,0.806949806949807,
24,עינת,871,483,584,485,121,0.2505175983436853,אמת,0.32712215320910976,עינת,0.8304794520547946,
24,גאולי תימן,872,182,257,182,122,0.6703296703296703,מחל,0.45054945054945056,גאולי תימן,0.708171206225681,
24,שלווה,873,309,403,311,300,0.970873786407767,מחל,0.5242718446601942,שלווה,0.771712158808933,
24,מגדל העמק,874,12832,21363,12935,8764,0.6829800498753117,מחל,0.3797537406483791,מגדל העמק,0.6054861208631747,
24,בית חירות,877,472,601,473,102,0.21610169491525424,פה,0.3177966101694915,בית חירות,0.7870216306156406,
24,עין שריד,880,818,1103,820,412,0.5036674816625917,מחל,0.2555012224938875,עין שריד,0.743427017225748,
24,שדה בוקר,885,281,422,281,66,0.23487544483985764,אמת,0.3167259786476868,שדה בוקר,0.6658767772511849,
24,כפר הריף,888,450,582,452,171,0.38,פה,0.27555555555555555,כפר הריף,0.7766323024054983,
24,כפר חסידים ב,889,159,219,159,114,0.7169811320754716,מחל,0.2830188679245283,כפר חסידים ב,0.726027397260274,
24,עבדון,892,361,520,362,325,0.9002770083102493,מחל,0.5235457063711911,עבדון,0.6961538461538461,
24,שבלי  אום אלגנם,913,1593,4323,1612,112,0.07030759573132454,עם,0.5097300690521029,שבלי אום אלגנם,0.37288919731667824,
24,ישע,916,191,296,192,94,0.49214659685863876,מחל,0.32460732984293195,ישע,0.6486486486486487,
24,עצמון שגב,917,708,943,709,156,0.22033898305084745,פה,0.3375706214689266,עצמון שגב,0.7518557794273595,
24,גבעת ישעיהו,919,380,509,381,141,0.37105263157894736,אמת,0.21052631578947367,גבעת ישעיהו,0.7485265225933202,
24,שער מנשה,921,13,122,13,13,1.0,מחל,0.46153846153846156,שער מנשה,0.10655737704918032,
24,רכסים,922,5361,6603,5393,5236,0.9766834545793696,שס,0.4506621898899459,רכסים,0.8167499621384219,
24,מסעודין אלעזאזמה,939,3702,7867,3740,30,0.008103727714748784,עם,0.9421934089681253,מסעודין אלעזאזמה,0.47540358459387316,
24,סואעד חמרייה,942,51,166,53,1,0.0196078431372549,עם,0.6274509803921569,סואעד חמרייה,0.3192771084337349,
24,בסמת טבעון,944,1755,5494,1792,325,0.18518518518518517,עם,0.5088319088319089,בסמת טבעון,0.3261740080087368,
24,הוזייל שבט,956,308,1130,313,23,0.07467532467532467,עם,0.7207792207792207,הוזייל שבט,0.27699115044247785,
24,עוקבי בנו עוקבה,957,127,327,128,2,0.015748031496062992,עם,0.7952755905511811,עוקבי בנו עוקבה,0.39143730886850153,
24,אבו עבדון שבט,958,27,150,27,4,0.14814814814814814,עם,0.7037037037037037,אבו עבדון שבט,0.18,
24,אסד שבט,960,82,511,83,2,0.024390243902439025,עם,0.7682926829268293,אסד שבט,0.162426614481409,
24,אבו רוקייק שבט,961,1744,5091,1754,46,0.026376146788990827,עם,0.8916284403669725,אבו רוקייק שבט,0.34452956197210766,
24,טובאזנגריה,962,1505,4617,1522,306,0.20332225913621263,עם,0.4691029900332226,טובאזנגריה,0.3296512887156162,
24,אעצם שבט,963,1489,4973,1498,20,0.013431833445265278,עם,0.9019476158495635,אעצם שבט,0.3012266237683491,
24,קודייראת אצאנעשבט,964,290,1422,293,5,0.017241379310344827,עם,0.8931034482758621,קודייראת אצאנעשבט,0.2060478199718706,
24,אטרש שבט,965,494,1679,498,20,0.04048582995951417,עם,0.8987854251012146,אטרש שבט,0.296605122096486,
24,אבו רובייעה שבט,966,966,4221,978,70,0.07246376811594203,עם,0.7867494824016563,אבו רובייעה שבט,0.23169864960909736,
24,אבו גווייעד שבט,967,344,2149,344,5,0.014534883720930232,עם,0.8953488372093024,אבו גווייעד שבט,0.16007445323406236,
24,אבו קורינאת שבט,968,1007,3193,1012,11,0.010923535253227408,עם,0.9155908639523337,אבו קורינאת שבט,0.3169433134982775,
24,עטאוונה שבט,969,14,113,14,0,0.0,עם,0.6428571428571429,עטאוונה שבט,0.12389380530973451,
24,תראבין אצאנע שבט,970,56,546,57,14,0.25,עם,0.75,תראבין אצאנע שבט,0.1043956043956044,
24,קוואעין שבט,972,115,517,118,12,0.10434782608695652,ודעם,0.5652173913043478,קוואעין שבט,0.22823984526112184,
24,זרזיר,975,1891,5547,1907,294,0.15547329455314648,עם,0.5118984664198837,זרזיר,0.34378943573102577,
24,גנאביב שבט,976,162,516,162,17,0.10493827160493827,עם,0.7283950617283951,גנאביב שבט,0.313953488372093,
24,כעביהטבאשחגאגרה,978,1532,3807,1540,230,0.15013054830287206,עם,0.6664490861618799,כעביהטבאשחגאגרה,0.40451799317047543,
24,ראס עלי,990,184,424,184,61,0.33152173913043476,עם,0.375,ראס עלי,0.4339622641509434,
24,חמאם,993,401,1197,408,99,0.24688279301745636,עם,0.42643391521197005,חמאם,0.3408521303258145,
24,מנשית זבדה,994,391,886,396,24,0.061381074168797956,עם,0.629156010230179,מנשית זבדה,0.4469525959367946,
24,רומת הייב,997,500,1417,510,167,0.334,עם,0.464,רומת הייב,0.35991531404375443,
24,ביר אלמכסור,998,2601,6690,2622,206,0.07920030757400999,עם,0.7850826605151865,ביר אלמכסור,0.3919282511210762,
24,מבשרת ציון,1015,13331,19158,13356,7688,0.5767009226614658,מחל,0.31918085664991375,מבשרת ציון,0.6971500156592546,
24,אור עקיבא,1020,9621,16288,9672,6970,0.7244569171603783,מחל,0.48383743893566156,אור עקיבא,0.593811394891945,
24,חרוצים,1024,427,572,427,200,0.468384074941452,מחל,0.2646370023419204,חרוצים,0.7465034965034965,
24,שדרות,1031,12701,21394,12793,10195,0.8026927013620975,מחל,0.41154239823635935,שדרות,0.5979713938487426,
24,קרית מלאכי,1034,10846,17485,10922,9813,0.9047575142909828,מחל,0.4195094965886041,קרית מלאכי,0.6246496997426365,
24,נצאצרה שבט,1041,118,337,118,1,0.00847457627118644,עם,0.6440677966101694,נצאצרה שבט,0.35014836795252224,
24,גיזו,1043,122,150,122,62,0.5081967213114754,מחל,0.30327868852459017,גיזו,0.8133333333333334,
24,יעף,1044,134,175,135,46,0.34328358208955223,פה,0.23134328358208955,יעף,0.7714285714285715,
24,שתולה,1045,148,229,148,119,0.8040540540540541,מחל,0.3716216216216216,שתולה,0.6462882096069869,
24,אוהד,1046,181,266,181,120,0.6629834254143646,מחל,0.39779005524861877,אוהד,0.6804511278195489,
24,חזון,1047,203,258,203,191,0.9408866995073891,מחל,0.625615763546798,חזון,0.7868217054263565,
24,בית חשמונאי,1050,1134,1503,1138,573,0.5052910052910053,מחל,0.2865961199294533,בית חשמונאי,0.7571523619427811,
24,תלמי אליהו,1051,138,229,138,94,0.6811594202898551,מחל,0.36231884057971014,תלמי אליהו,0.6026200873362445,
24,קטורה,1052,224,450,228,31,0.13839285714285715,אמת,0.40625,קטורה,0.5066666666666667,
24,תל שבע,1054,4362,10315,4409,95,0.02177900045850527,עם,0.8326455754241173,תל שבע,0.42743577314590403,
24,נווה זוהר,1057,25,55,25,15,0.6,מחל,0.32,נווה זוהר,0.45454545454545453,
24,שדה ניצן,1058,212,372,212,86,0.4056603773584906,פה,0.24056603773584906,שדה ניצן,0.5698924731182796,
24,כסיפה,1059,4129,8910,4171,103,0.02494550738677646,עם,0.6667473964640349,כסיפה,0.4681257014590348,
24,לקיה,1060,3174,8003,3206,62,0.019533711405166982,עם,0.5626969124133585,לקיה,0.40059977508434336,
24,נוף הגליל,1061,19714,39640,20004,8240,0.41797707213148017,מחל,0.2962869027087349,נוף הגליל,0.5046417759838547,
24,מעלותתרשיחא,1063,10778,18650,10864,5068,0.47021710892558916,מחל,0.2821488216737799,מעלותתרשיחא,0.5825201072386059,
24,אמירים,1064,389,612,391,111,0.2853470437017995,אמת,0.20308483290488433,אמירים,0.6388888888888888,
24,זמרת,1065,332,385,332,323,0.9728915662650602,מחל,0.5180722891566265,זמרת,0.8623376623376623,
24,בני עיש,1066,3483,5750,3514,1955,0.5612977318403675,מחל,0.33878840080390465,בני עיש,0.6111304347826086,
24,דובב,1067,238,358,238,224,0.9411764705882353,מחל,0.7016806722689075,דובב,0.664804469273743,
24,אדמית,1068,194,357,194,61,0.31443298969072164,מרצ,0.2268041237113402,אדמית,0.5434173669467787,
24,רםאון,1069,509,671,510,153,0.3005893909626719,פה,0.3182711198428291,רםאון,0.7600596125186289,
24,אביעזר,1070,456,587,458,272,0.5964912280701754,מחל,0.3048245614035088,אביעזר,0.7802385008517888,
24,נווה מיכאל,1071,337,473,337,285,0.8456973293768546,מחל,0.4836795252225519,נווה מיכאל,0.7124735729386892,
24,גן הדרום,1072,265,350,266,149,0.5622641509433962,מחל,0.3132075471698113,גן הדרום,0.76,
24,גבעת שפירא,1077,170,219,170,36,0.21176470588235294,פה,0.4117647058823529,גבעת שפירא,0.776255707762557,
24,צפרירים,1079,223,319,223,109,0.48878923766816146,מחל,0.2556053811659193,צפרירים,0.6990595611285266,
24,מבועים,1080,610,932,613,430,0.7049180327868853,מחל,0.460655737704918,מבועים,0.657725321888412,
24,אבן מנחם,1081,190,275,190,163,0.8578947368421053,מחל,0.5105263157894737,אבן מנחם,0.6909090909090909,
24,מעגלים,1082,853,1074,854,814,0.9542790152403282,מחל,0.48300117233294254,מעגלים,0.7951582867783985,
24,תושיה,1083,258,337,258,252,0.9767441860465116,ט,0.5310077519379846,תושיה,0.7655786350148368,
24,בן שמן כפר נוער,1084,154,234,154,49,0.3181818181818182,פה,0.33766233766233766,בן שמן כפר נוער,0.6581196581196581,
24,כרם שלום,1085,75,151,75,47,0.6266666666666667,ט,0.29333333333333333,כרם שלום,0.4966887417218543,
24,כרם יבנה ישיבה,1094,124,154,124,123,0.9919354838709677,ט,0.782258064516129,כרם יבנה ישיבה,0.8051948051948052,
24,כפר מימון,1095,358,446,358,335,0.9357541899441341,ט,0.3770949720670391,כפר מימון,0.8026905829596412,
24,מרכז שפירא,1098,1192,1495,1193,1129,0.9471476510067114,ט,0.49161073825503354,מרכז שפירא,0.7979933110367893,
24,צוקי ים,1102,136,189,136,51,0.375,פה,0.25,צוקי ים,0.7195767195767195,
24,גני הדר,1103,211,274,211,81,0.38388625592417064,אמת,0.22274881516587677,גני הדר,0.7700729927007299,
24,פוריה  כפר עבודה,1104,167,267,168,131,0.7844311377245509,מחל,0.5269461077844312,פוריה כפר עבודה,0.6292134831460674,
24,פוריה  נווה עובד,1105,665,1033,666,525,0.7894736842105263,מחל,0.5804511278195489,פוריה נווה עובד,0.6447241045498547,
24,אומן,1108,266,413,266,176,0.6616541353383458,מחל,0.48872180451127817,אומן,0.6440677966101694,
24,חבר,1110,283,409,287,187,0.6607773851590106,מחל,0.42402826855123676,חבר,0.7017114914425427,
24,יודפת,1112,485,623,488,60,0.12371134020618557,אמת,0.3917525773195876,יודפת,0.78330658105939,
24,צור הדסה,1113,4688,6345,4699,2440,0.5204778156996587,מחל,0.2566126279863481,צור הדסה,0.7405831363278171,
24,שריגים ליאון,1114,556,810,556,177,0.3183453237410072,פה,0.22841726618705036,שריגים ליאון,0.6864197530864198,
24,אביבים,1115,242,342,243,239,0.987603305785124,מחל,0.5785123966942148,אביבים,0.7105263157894737,
24,אדרת,1123,403,586,404,335,0.8312655086848635,מחל,0.45409429280397023,אדרת,0.689419795221843,
24,נאות הכיכר,1124,143,220,143,62,0.43356643356643354,כן,0.25874125874125875,נאות הכיכר,0.65,
24,אלמגור,1125,231,295,232,58,0.2510822510822511,אמת,0.29004329004329005,אלמגור,0.7864406779661017,
24,אילות,1126,169,265,169,49,0.28994082840236685,אמת,0.25443786982248523,אילות,0.6377358490566037,
24,מעלה גלבוע,1127,295,367,296,217,0.735593220338983,ב,0.4711864406779661,מעלה גלבוע,0.8065395095367848,
24,מי עמי,1128,186,256,187,35,0.1881720430107527,אמת,0.2903225806451613,מי עמי,0.73046875,
24,גרופית,1129,166,284,166,37,0.22289156626506024,פה,0.3132530120481928,גרופית,0.5845070422535211,
24,כפר רוזנואלד זרעית,1130,147,224,147,118,0.8027210884353742,מחל,0.5782312925170068,כפר רוזנואלד זרעית,0.65625,
24,שניר,1132,340,456,341,102,0.3,פה,0.27647058823529413,שניר,0.7478070175438597,
24,ורדון,1133,143,217,143,93,0.6503496503496503,מחל,0.34965034965034963,ורדון,0.6589861751152074,
24,יד השמונה,1134,121,158,121,35,0.2892561983471074,ל,0.4132231404958678,יד השמונה,0.7658227848101266,
24,צוחר,1136,280,456,282,210,0.75,מחל,0.5071428571428571,צוחר,0.618421052631579,
24,קרית יערים,1137,2488,3391,2500,2422,0.9734726688102894,ג,0.6668006430868167,קרית יערים,0.7372456502506636,
24,יעד,1138,426,568,426,74,0.17370892018779344,אמת,0.2981220657276995,יעד,0.75,
24,כרמיאל,1139,23232,41375,23411,10904,0.4693526170798898,מחל,0.2856835399449036,כרמיאל,0.5658247734138973,
24,מדרשת בן גוריון,1140,822,1161,823,215,0.2615571776155718,מרצ,0.25304136253041365,מדרשת בן גוריון,0.7088716623600344,
24,מבוא מודיעים,1141,95,177,95,66,0.6947368421052632,ט,0.21052631578947367,מבוא מודיעים,0.536723163841808,
24,נס עמים,1143,189,241,189,58,0.30687830687830686,פה,0.35978835978835977,נס עמים,0.7842323651452282,
24,אלומה,1145,410,489,411,409,0.9975609756097561,שס,0.43414634146341463,אלומה,0.8404907975460123,
24,עלומים,1146,268,359,268,221,0.8246268656716418,ב,0.6007462686567164,עלומים,0.7465181058495822,
24,נטועה,1147,177,241,177,154,0.8700564971751412,מחל,0.5480225988700564,נטועה,0.7344398340248963,
24,צור נתן,1148,169,225,170,80,0.47337278106508873,מחל,0.26627218934911245,צור נתן,0.7555555555555555,
24,עזר,1149,473,620,475,266,0.5623678646934461,מחל,0.30021141649048627,עזר,0.7661290322580645,
24,צופר,1150,230,361,231,107,0.4652173913043478,כן,0.34782608695652173,צופר,0.6398891966759003,
24,פארן,1151,277,385,278,86,0.3104693140794224,פה,0.2851985559566787,פארן,0.7220779220779221,
24,אשלים,1152,288,435,292,143,0.4965277777777778,מחל,0.23958333333333334,אשלים,0.671264367816092,
24,כישור,1153,89,125,90,20,0.2247191011235955,פה,0.2808988764044944,כישור,0.72,
24,מגן שאול,1155,279,386,279,212,0.7598566308243727,מחל,0.5161290322580645,מגן שאול,0.7227979274611399,
24,סמר,1156,142,236,142,11,0.07746478873239436,מרצ,0.44366197183098594,סמר,0.6016949152542372,
24,אחווה,1157,145,183,145,73,0.503448275862069,פה,0.25517241379310346,אחווה,0.7923497267759563,
24,יהל,1158,131,218,132,36,0.2748091603053435,פה,0.24427480916030533,יהל,0.6055045871559633,
24,שכניה,1160,445,617,445,97,0.21797752808988763,פה,0.27191011235955054,שכניה,0.7212317666126418,
24,רהט,1161,16887,35764,17087,1106,0.06549416711079528,עם,0.6292414283176407,רהט,0.4777709428475562,
24,בית רימון,1162,333,407,333,298,0.8948948948948949,ב,0.5285285285285285,בית רימון,0.8181818181818182,
24,מורן,1163,267,350,267,79,0.2958801498127341,פה,0.2883895131086142,מורן,0.7628571428571429,
24,שילת,1165,404,507,405,130,0.3217821782178218,פה,0.2623762376237624,שילת,0.7988165680473372,
24,כפר רות,1166,156,191,157,76,0.48717948717948717,פה,0.23076923076923078,כפר רות,0.8219895287958116,
24,קיסריה,1167,3294,5162,3311,1520,0.461445051608986,פה,0.26624165148755313,קיסריה,0.6414180550174351,
24,הוואשלה שבט,1169,505,1124,507,35,0.06930693069306931,עם,0.8594059405940594,הוואשלה שבט,0.451067615658363,
24,סייד שבט,1170,231,922,236,96,0.4155844155844156,עם,0.4675324675324675,סייד שבט,0.2559652928416486,
24,לוטם,1171,340,506,346,68,0.2,פה,0.3323529411764706,לוטם,0.6837944664031621,
24,תובל,1172,193,299,194,27,0.13989637305699482,אמת,0.34196891191709844,תובל,0.6488294314381271,
24,לפידות,1173,91,125,91,68,0.7472527472527473,מחל,0.4725274725274725,לפידות,0.728,
24,מנוף,1174,464,651,464,103,0.22198275862068967,פה,0.34051724137931033,מנוף,0.7127496159754224,
24,עידן,1175,174,310,174,77,0.4425287356321839,כן,0.28735632183908044,עידן,0.5612903225806452,
24,ספיר,1176,197,349,198,90,0.45685279187817257,פה,0.17766497461928935,ספיר,0.5673352435530086,
24,טללים,1177,235,355,235,88,0.37446808510638296,פה,0.25957446808510637,טללים,0.6619718309859155,
24,מורשת,1178,801,1059,802,752,0.9388264669163545,ב,0.3970037453183521,מורשת,0.7573182247403211,
24,קורנית,1179,491,640,491,126,0.25661914460285135,פה,0.3054989816700611,קורנית,0.7671875,
24,צביה,1180,198,271,198,41,0.20707070707070707,פה,0.29292929292929293,צביה,0.7306273062730627,
24,טלאל,1181,709,961,714,301,0.4245416078984485,פה,0.24400564174894218,טלאל,0.7429760665972945,
24,אלון הגליל,1182,653,850,654,133,0.20367534456355282,פה,0.2557427258805513,אלון הגליל,0.7694117647058824,
24,כליל,1183,378,496,379,34,0.08994708994708994,אמת,0.3994708994708995,כליל,0.7641129032258065,
24,מתת,1184,114,174,114,23,0.20175438596491227,אמת,0.2807017543859649,מתת,0.6551724137931034,
24,פלך,1185,88,104,88,2,0.022727272727272728,אמת,0.4318181818181818,פלך,0.8461538461538461,
24,הושעיה,1186,1073,1424,1076,852,0.7940354147250699,ב,0.4426840633737186,הושעיה,0.7556179775280899,
24,אשחר,1188,494,641,494,231,0.4676113360323887,ב,0.23481781376518218,אשחר,0.7706708268330733,
24,מצפה נטופה,1190,490,665,494,389,0.7938775510204081,ב,0.45918367346938777,מצפה נטופה,0.7428571428571429,
24,בר יוחאי,1191,400,649,400,384,0.96,ט,0.39,בר יוחאי,0.6163328197226502,
24,ערערהבנגב,1192,4353,9100,4378,76,0.01745922352400643,עם,0.8823799678382724,ערערהבנגב,0.4810989010989011,
24,ניצנה קהילת חינוך,1195,62,229,63,26,0.41935483870967744,ל,0.16129032258064516,ניצנה קהילת חינוך,0.27510917030567683,
24,נאות סמדר,1197,160,262,160,31,0.19375,אמת,0.34375,נאות סמדר,0.6106870229007634,
24,כרמים,1198,177,219,177,73,0.4124293785310734,אמת,0.3107344632768362,כרמים,0.8082191780821918,
24,עדי,1199,1131,1480,1131,430,0.3801945181255526,פה,0.3297966401414677,עדי,0.7641891891891892,
24,מודיעיןמכביםרעות,1200,48725,65214,48856,23832,0.4891123653155464,פה,0.24180605438686506,מודיעיןמכביםרעות,0.7491642898764069,
24,כמון,1201,436,565,436,69,0.15825688073394495,אמת,0.268348623853211,כמון,0.7716814159292036,
24,מכמנים,1202,277,382,277,75,0.27075812274368233,פה,0.24548736462093862,מכמנים,0.725130890052356,
24,הררית,1203,289,380,290,39,0.13494809688581316,אמת,0.356401384083045,הררית,0.7631578947368421,
24,גילון,1204,688,930,688,193,0.2805232558139535,פה,0.33575581395348836,גילון,0.7397849462365591,
24,מנות,1205,266,358,266,197,0.7406015037593985,מחל,0.4774436090225564,מנות,0.7430167597765364,
24,גיתה,1206,139,206,140,43,0.30935251798561153,אמת,0.2014388489208633,גיתה,0.6796116504854369,
24,לבון,1207,337,471,339,133,0.39465875370919884,פה,0.2997032640949555,לבון,0.7197452229299363,
24,הילה,1208,335,502,335,68,0.20298507462686566,אמת,0.3044776119402985,הילה,0.6673306772908366,
24,חרשים,1209,186,235,186,19,0.10215053763440861,מרצ,0.46236559139784944,חרשים,0.7914893617021277,
24,כחל,1210,262,356,262,103,0.3931297709923664,פה,0.22900763358778625,כחל,0.7359550561797753,
24,קדרים,1211,141,195,141,33,0.23404255319148937,אמת,0.28368794326241137,קדרים,0.7230769230769231,
24,עמוקה,1212,102,147,103,26,0.2549019607843137,אמת,0.27450980392156865,עמוקה,0.7006802721088435,
24,צבעון,1213,150,177,150,25,0.16666666666666666,אמת,0.2866666666666667,צבעון,0.847457627118644,
24,טפחות,1214,204,255,205,199,0.9754901960784313,מחל,0.4264705882352941,טפחות,0.803921568627451,
24,גורנות הגליל,1219,107,176,109,71,0.6635514018691588,מחל,0.38317757009345793,גורנות הגליל,0.6193181818181818,
24,אבירים,1220,150,221,151,24,0.16,אמת,0.31333333333333335,אבירים,0.6832579185520362,
24,צורית,1221,555,732,555,165,0.2972972972972973,פה,0.3387387387387387,צורית,0.7581967213114754,
24,מצפה אביב,1222,580,741,582,170,0.29310344827586204,פה,0.3275862068965517,מצפה אביב,0.7854251012145749,
24,שדי אברהם,1223,186,259,187,84,0.45161290322580644,פה,0.1935483870967742,שדי אברהם,0.722007722007722,
24,כוכב יאיר,1224,5824,7746,5833,2219,0.38100961538461536,פה,0.29052197802197804,כוכב יאיר,0.7530338239091143,
24,יובלים,1226,785,1012,785,147,0.18726114649681527,פה,0.3286624203821656,יובלים,0.775691699604743,
24,יתד,1227,267,356,267,169,0.6329588014981273,מחל,0.3295880149812734,יתד,0.75,
24,רקפת,1228,577,801,577,128,0.2218370883882149,פה,0.3535528596187175,רקפת,0.7203495630461922,
24,כלנית,1229,139,190,139,135,0.9712230215827338,מחל,0.6474820143884892,כלנית,0.7315789473684211,
24,לבנים,1230,239,329,239,114,0.4769874476987448,מחל,0.2928870292887029,לבנים,0.7264437689969605,
24,פרי גן,1231,96,168,96,64,0.6666666666666666,מחל,0.3958333333333333,פרי גן,0.5714285714285714,
24,יבול,1232,164,214,165,68,0.4146341463414634,פה,0.21951219512195122,יבול,0.7710280373831776,
24,שקף,1233,252,301,252,114,0.4523809523809524,כן,0.24206349206349206,שקף,0.8372093023255814,
24,קבועה שבט,1234,254,786,258,10,0.03937007874015748,עם,0.9173228346456693,קבועה שבט,0.3282442748091603,
24,שורשים,1235,290,423,290,90,0.3103448275862069,פה,0.2793103448275862,שורשים,0.6855791962174941,
24,נירית,1236,655,851,656,172,0.26259541984732826,פה,0.3374045801526718,נירית,0.7708578143360753,98.0
24,תלמי יוסף,1237,165,271,165,65,0.3939393939393939,פה,0.2,תלמי יוסף,0.6088560885608856,
24,סופה,1238,115,187,115,37,0.3217391304347826,פה,0.23478260869565218,סופה,0.6149732620320856,
24,חולית,1239,91,137,92,25,0.27472527472527475,אמת,0.26373626373626374,חולית,0.6715328467153284,
24,עין הבשור,1240,536,727,537,198,0.3694029850746269,פה,0.31529850746268656,עין הבשור,0.7386519944979367,
24,דקל,1241,187,277,187,79,0.42245989304812837,פה,0.22459893048128343,דקל,0.6750902527075813,
24,נתיב העשרה,1242,546,706,546,274,0.5018315018315018,פה,0.23076923076923078,נתיב העשרה,0.773371104815864,
24,קציר,1243,1522,2270,1527,478,0.3140604467805519,פה,0.24770039421813403,קציר,0.6726872246696035,
24,תמרת,1244,906,1162,907,212,0.23399558498896247,פה,0.31788079470198677,תמרת,0.7805507745266781,
24,סלמה,1245,1065,2335,1071,91,0.08544600938967137,עם,0.6910798122065728,סלמה,0.4586723768736617,
24,עראמשה,1246,358,1061,362,145,0.40502793296089384,מחל,0.3994413407821229,עראמשה,0.3411875589066918,
24,חריש,1247,7358,10902,7402,4930,0.6700190269094862,מחל,0.21201413427561838,חריש,0.6789579893597505,
24,אליפז,1248,69,117,69,21,0.30434782608695654,פה,0.391304347826087,אליפז,0.5897435897435898,
24,הרדוף,1249,322,423,325,24,0.07453416149068323,מרצ,0.40372670807453415,הרדוף,0.7683215130023641,
24,עין תמר,1251,95,148,96,54,0.5684210526315789,פה,0.29473684210526313,עין תמר,0.6486486486486487,
24,כורזים,1252,218,338,218,82,0.3761467889908257,אמת,0.18807339449541285,כורזים,0.6449704142011834,
24,אמנון,1253,219,337,220,139,0.634703196347032,מחל,0.2876712328767123,אמנון,0.6528189910979229,
24,נטף,1254,275,359,275,37,0.13454545454545455,אמת,0.37454545454545457,נטף,0.766016713091922,
24,לוטן,1255,97,166,97,11,0.1134020618556701,אמת,0.31958762886597936,לוטן,0.5843373493975904,
24,אשרת,1256,331,443,332,238,0.7190332326283988,מחל,0.46827794561933533,אשרת,0.7494356659142212,
24,חנתון,1257,402,539,403,133,0.3308457711442786,פה,0.27611940298507465,חנתון,0.7476808905380334,
24,מסד,1258,286,384,286,91,0.3181818181818182,אמת,0.24475524475524477,מסד,0.7447916666666666,
24,נווה שלום,1259,178,230,178,2,0.011235955056179775,ודעם,0.5056179775280899,נווה שלום,0.7739130434782608,
24,רתמים,1260,224,264,224,188,0.8392857142857143,ב,0.49107142857142855,רתמים,0.8484848484848485,
24,הר עמשא,1261,89,120,89,20,0.2247191011235955,אמת,0.2247191011235955,הר עמשא,0.7416666666666667,
24,צוקים,1262,135,203,135,31,0.22962962962962963,אמת,0.2962962962962963,צוקים,0.6650246305418719,
24,כפר ורדים,1263,3248,4708,3259,960,0.2955665024630542,פה,0.2583128078817734,כפר ורדים,0.6922259983007647,
24,כרמי יוסף,1264,1102,1415,1102,342,0.3103448275862069,פה,0.2967332123411978,כרמי יוסף,0.7787985865724382,
24,שומריה,1265,261,346,262,259,0.9923371647509579,ט,0.8888888888888888,שומריה,0.7572254335260116,
24,שחרות,1266,82,139,82,12,0.14634146341463414,אמת,0.25609756097560976,שחרות,0.5899280575539568,
24,מיתר,1268,5512,7551,5523,3070,0.556966618287373,מחל,0.22714078374455732,מיתר,0.7314263011521652,
24,להבים,1271,3781,5160,3785,1766,0.4670722031208675,פה,0.23618090452261306,להבים,0.7335271317829457,
24,חלוץ,1272,291,426,294,48,0.16494845360824742,פה,0.2852233676975945,חלוץ,0.6901408450704225,
24,גן נר,1274,1473,2152,1479,832,0.5648336727766463,מחל,0.35030549898167007,גן נר,0.6872676579925651,
24,אבטליון,1275,231,316,231,44,0.19047619047619047,פה,0.3203463203463203,אבטליון,0.7310126582278481,
24,באר מילכה,1278,89,101,90,39,0.43820224719101125,אמת,0.25842696629213485,באר מילכה,0.8910891089108911,
24,ניצני סיני,1280,148,214,148,78,0.527027027027027,פה,0.1891891891891892,ניצני סיני,0.6915887850467289,
24,מירב,1282,327,430,327,296,0.9051987767584098,ב,0.4617737003058104,מירב,0.7604651162790698,
24,תל תאומים,1283,240,343,240,219,0.9125,מחל,0.5375,תל תאומים,0.6997084548104956,
24,נופית,1284,1513,2016,1516,473,0.3126239259748843,פה,0.39127561136814276,נופית,0.751984126984127,
24,כרכום,1285,303,460,307,126,0.4158415841584158,מחל,0.1848184818481848,כרכום,0.6673913043478261,
24,שגבשלום,1286,2693,5507,2717,104,0.038618640920906055,עם,0.8663200891199406,שגבשלום,0.4933720719084801,
24,שני,1287,237,366,240,109,0.459915611814346,מחל,0.25316455696202533,שני,0.6557377049180327,141.0
24,גבעת אלה,1288,1204,1600,1208,276,0.2292358803986711,פה,0.36710963455149503,גבעת אלה,0.755,
24,זמר,1290,1885,4864,1915,47,0.02493368700265252,ודעם,0.5204244031830239,זמר,0.39370888157894735,
24,כמהין,1291,94,143,95,38,0.40425531914893614,אמת,0.24468085106382978,כמהין,0.6643356643356644,
24,גדיידהמכר,1292,6121,14820,6162,188,0.030713935631432772,ודעם,0.6659042640091488,גדיידהמכר,0.41578947368421054,
24,גבעת אבני,1293,1163,1699,1164,733,0.6302665520206363,מחל,0.355116079105761,גבעת אבני,0.6851088875809299,
24,אור הגנוז,1294,161,296,162,158,0.9813664596273292,ג,0.4472049689440994,אור הגנוז,0.5472972972972973,
24,יאנוחגת,1295,2131,4706,2146,848,0.3979352416705772,ל,0.29188174565931485,יאנוחגת,0.4560135996600085,
24,כסראסמיע,1296,3595,5857,3658,2058,0.572461752433936,מחל,0.4692628650904033,כסראסמיע,0.6245518183370327,
24,כפר חנניה,1297,375,525,376,249,0.664,מחל,0.37866666666666665,כפר חנניה,0.7161904761904762,
24,חורה,1303,3446,8597,3511,224,0.06500290191526407,עם,0.656993615786419,חורה,0.40839827846923343,
24,שוהם,1304,12019,15973,12038,5964,0.49621432731508447,פה,0.25850736334137614,שוהם,0.7536467789394603,
24,אלעד,1309,17757,22029,17852,17608,0.9916089429520752,שס,0.4790223573801881,אלעד,0.8103863089563756,
24,לפיד,1310,1325,1797,1326,500,0.37735849056603776,פה,0.2943396226415094,לפיד,0.7378964941569283,
24,אבשלום,1311,162,278,165,52,0.32098765432098764,ל,0.41975308641975306,אבשלום,0.5935251798561151,
24,פוריה עילית,1313,562,885,564,375,0.6672597864768683,מחל,0.43416370106761565,פוריה עילית,0.6372881355932203,
24,נווה זיו,1314,418,566,418,239,0.5717703349282297,מחל,0.2942583732057416,נווה זיו,0.7385159010600707,
24,מתן,1315,2002,2635,2004,646,0.3226773226773227,פה,0.34115884115884115,מתן,0.7605313092979127,
24,אלעריאן,1316,84,130,84,4,0.047619047619047616,ודעם,0.5714285714285714,אלעריאן,0.6461538461538462,
24,דמיידה,1317,162,333,163,15,0.09259259259259259,עם,0.5864197530864198,דמיידה,0.4894894894894895,
24,בת חפר,1319,2958,4109,2965,1157,0.3911426639621366,פה,0.31710615280594995,בת חפר,0.7215867607690436,
24,עין חוד,1320,96,198,98,1,0.010416666666666666,ודעם,0.78125,עין חוד,0.494949494949495,
24,חואלד,1321,220,513,222,22,0.1,עם,0.55,חואלד,0.4327485380116959,
24,בת הדר,1323,394,511,395,266,0.6751269035532995,מחל,0.41116751269035534,בת הדר,0.7729941291585127,
24,ארסוף,1324,83,132,83,21,0.25301204819277107,פה,0.3614457831325301,ארסוף,0.6287878787878788,
24,בסמה,1326,2546,6890,2604,86,0.03377847604084839,ודעם,0.5396700706991359,בסמה,0.37793904208998547,
24,מעלה עירון,1327,3158,10221,3212,100,0.031665611146295125,ודעם,0.6665611146295124,מעלה עירון,0.31425496526758634,
24,אחוזת ברק,1330,1272,1809,1280,665,0.5227987421383647,מחל,0.31053459119496857,אחוזת ברק,0.7075732448866777,
24,כמאנה,1331,410,1083,413,8,0.01951219512195122,עם,0.6634146341463415,כמאנה,0.38134810710988,
24,חוסנייה,1332,232,577,235,11,0.04741379310344827,עם,0.6853448275862069,חוסנייה,0.4072790294627383,
24,נוף איילון,1333,1353,1686,1355,1318,0.9741315594974131,ט,0.5624538063562454,נוף איילון,0.8036773428232503,
24,ראס אלעין,1334,160,275,163,25,0.15625,עם,0.55,ראס אלעין,0.5927272727272728,
24,ערב אל נעים,1335,354,539,357,252,0.711864406779661,מחל,0.6666666666666666,ערב אל נעים,0.6623376623376623,
24,אירוס,1336,358,434,358,169,0.4720670391061452,מחל,0.25977653631284914,אירוס,0.8248847926267281,
24,שמשית,1337,1364,1913,1364,417,0.3057184750733138,פה,0.32111436950146627,שמשית,0.7130162049137481,
24,כדיתה,1338,48,138,49,22,0.4583333333333333,אמת,0.1875,כדיתה,0.35507246376811596,
24,מרחב עם,1340,158,217,158,148,0.9367088607594937,ט,0.5253164556962026,מרחב עם,0.728110599078341,
24,אבו קרינאת יישוב,1342,251,621,252,8,0.03187250996015936,עם,0.9043824701195219,אבו קרינאת יישוב,0.4057971014492754,
24,מכחול,1343,218,521,222,24,0.11009174311926606,עם,0.6651376146788991,מכחול,0.42610364683301344,
24,גבעות בר,1344,518,651,520,309,0.5965250965250966,מחל,0.24324324324324326,גבעות בר,0.7987711213517665,
24,צור יצחק,1345,2950,3664,2954,1093,0.3705084745762712,פה,0.34508474576271186,צור יצחק,0.8062227074235808,
24,תראבין אצאנעישוב,1346,245,617,246,161,0.6571428571428571,מחל,0.6489795918367347,תראבין אצאנעישוב,0.3987034035656402,
24,קצר אסר,1347,832,1316,843,8,0.009615384615384616,עם,0.9086538461538461,קצר אסר,0.6405775075987842,
24,ביר הדאג,1348,816,1281,821,8,0.00980392156862745,עם,0.9620098039215687,ביר הדאג,0.6409055425448869,
24,דריגאת,1349,333,593,336,54,0.16216216216216217,עם,0.6576576576576577,דריגאת,0.5666104553119731,
24,אום בטין,1358,1040,2157,1048,9,0.008653846153846154,עם,0.9144230769230769,אום בטין,0.4858599907278628,
24,אל סייד,1359,804,1864,813,282,0.35074626865671643,עם,0.5236318407960199,אל סייד,0.4361587982832618,
24,סעוה,1360,369,995,370,25,0.06775067750677506,עם,0.8401084010840109,סעוה,0.37185929648241206,
24,בת חן,1361,219,409,220,66,0.3013698630136986,פה,0.3287671232876712,בת חן,0.5378973105134475,
24,בני נצרים,1363,263,312,263,260,0.9885931558935361,ט,0.908745247148289,בני נצרים,0.842948717948718,
24,שלומית,1364,117,138,117,117,1.0,ט,0.6837606837606838,שלומית,0.8478260869565217,
24,אליאב,1365,239,262,240,116,0.48535564853556484,ב,0.2301255230125523,אליאב,0.916030534351145,
24,נווה,1366,284,339,284,283,0.9964788732394366,ט,0.9753521126760564,נווה,0.8377581120943953,
24,כחלה,1367,101,252,103,11,0.10891089108910891,עם,0.43564356435643564,כחלה,0.4087301587301587,
24,בני דקלים,1368,536,627,537,530,0.9888059701492538,ט,0.7593283582089553,בני דקלים,0.8564593301435407,
24,נטע,1369,246,279,246,240,0.975609756097561,ט,0.6178861788617886,נטע,0.8817204301075269,
24,מצפה אילן,1370,231,273,232,218,0.9437229437229437,ב,0.6883116883116883,מצפה אילן,0.8498168498168498,
24,גני טל,1371,396,439,397,373,0.9419191919191919,ב,0.39646464646464646,גני טל,0.9043280182232346,
24,נצר חזני,1372,228,272,228,218,0.956140350877193,ט,0.4298245614035088,נצר חזני,0.8382352941176471,
24,כרמי קטיף,1374,254,303,254,254,1.0,ט,0.7322834645669292,כרמי קטיף,0.8382838283828383,
24,אבו תלול,1375,479,1004,480,15,0.031315240083507306,עם,0.9081419624217119,אבו תלול,0.47808764940239046,
24,באר גנים,1376,802,1010,803,733,0.9139650872817955,מחל,0.3478802992518703,באר גנים,0.7950495049504951,
24,מחנה הילה,1411,102,126,102,46,0.45098039215686275,פה,0.24509803921568626,מחנה הילה,0.8095238095238095,
24,מחנה תל נוף,1412,131,179,131,70,0.5343511450381679,פה,0.22137404580152673,מחנה תל נוף,0.7318435754189944,
24,מחנה יהודית,1413,104,132,105,49,0.47115384615384615,פה,0.2403846153846154,מחנה יהודית,0.7954545454545454,
24,מחנה מרים,1414,68,107,68,36,0.5294117647058824,פה,0.2647058823529412,מחנה מרים,0.6355140186915887,
24,מחנה יפה,1415,148,230,148,69,0.46621621621621623,פה,0.25,מחנה יפה,0.6434782608695652,
24,מחנה יוכבד,1416,57,125,57,27,0.47368421052631576,פה,0.2631578947368421,מחנה יוכבד,0.456,
24,מחנה טלי,1418,64,153,65,35,0.546875,מחל,0.25,מחנה טלי,0.42483660130718953,
24,ניצן ב,1419,340,542,340,309,0.9088235294117647,מחל,0.4176470588235294,ניצן ב,0.6273062730627307,
24,תנובות,2002,433,612,434,300,0.6928406466512702,מחל,0.3648960739030023,תנובות,0.7091503267973857,
24,תלמי אלעזר,2003,525,688,525,182,0.3466666666666667,פה,0.2780952380952381,תלמי אלעזר,0.7630813953488372,
24,שדה יצחק,2008,292,426,292,124,0.4246575342465753,פה,0.2636986301369863,שדה יצחק,0.6854460093896714,
24,יובל,2009,321,442,321,192,0.5981308411214953,מחל,0.27102803738317754,יובל,0.7262443438914027,
24,כפר בן נון,2010,414,544,415,141,0.34057971014492755,פה,0.21980676328502416,כפר בן נון,0.7628676470588235,
24,ינון,2011,666,927,670,517,0.7762762762762763,מחל,0.5195195195195195,ינון,0.7227615965480043,
24,אורות,2012,315,433,315,111,0.3523809523809524,פה,0.27936507936507937,אורות,0.7274826789838337,
24,בן שמן מושב,2013,463,591,464,188,0.4060475161987041,פה,0.2526997840172786,בן שמן מושב,0.7851099830795262,
24,גבעולים,2014,237,308,237,215,0.9071729957805907,מחל,0.6962025316455697,גבעולים,0.7694805194805194,
24,שדי חמד,2015,542,711,542,204,0.3763837638376384,פה,0.26014760147601473,שדי חמד,0.7623066104078763,
24,רוויה,2016,168,259,168,158,0.9404761904761905,מחל,0.6488095238095238,רוויה,0.6486486486486487,
24,גבעת חיים איחוד,2018,734,990,736,87,0.11852861035422343,אמת,0.42779291553133514,גבעת חיים איחוד,0.7434343434343434,
24,אשל הנשיא,2021,59,108,59,27,0.4576271186440678,פה,0.23728813559322035,אשל הנשיא,0.5462962962962963,
24,להב,2023,382,525,383,65,0.17015706806282724,מרצ,0.3010471204188482,להב,0.7295238095238096,
24,אום אלקוטוף,2024,376,744,381,34,0.09042553191489362,ודעם,0.4441489361702128,אום אלקוטוף,0.5120967741935484,
24,ירדנה,2026,201,277,201,177,0.8805970149253731,מחל,0.5671641791044776,ירדנה,0.7256317689530686,
24,מדרך עוז,2029,401,564,402,288,0.7182044887780549,מחל,0.4538653366583541,מדרך עוז,0.7127659574468085,
24,מנוחה,2030,339,446,339,312,0.9203539823008849,מחל,0.5014749262536873,מנוחה,0.7600896860986547,
24,בית חלקיה,2033,390,470,394,386,0.9897435897435898,ג,0.8846153846153846,בית חלקיה,0.8382978723404255,
24,חצור הגלילית,2034,4830,7286,4854,4288,0.8877846790890269,מחל,0.45942028985507244,חצור הגלילית,0.6662091682679111,
24,עדנים,2035,228,293,230,86,0.37719298245614036,פה,0.31140350877192985,עדנים,0.7849829351535836,
24,ברקת,2038,895,1156,900,863,0.964245810055866,מחל,0.3776536312849162,ברקת,0.7785467128027682,
24,עין גדי,2042,308,491,308,78,0.2532467532467532,אמת,0.37012987012987014,עין גדי,0.6272912423625254,
24,בחן,2043,488,629,489,118,0.24180327868852458,פה,0.3360655737704918,בחן,0.7774244833068362,
24,מלילות,2044,205,281,207,190,0.926829268292683,מחל,0.6780487804878049,מלילות,0.7366548042704626,
24,נחלה,2045,377,479,379,302,0.8010610079575596,מחל,0.38992042440318303,נחלה,0.791231732776618,
24,סגולה,2046,330,440,332,160,0.48484848484848486,פה,0.24848484848484848,סגולה,0.7545454545454545,
24,ניר משה,2047,304,421,304,141,0.46381578947368424,מחל,0.2236842105263158,ניר משה,0.7220902612826603,
24,ניר עקיבא,2048,398,523,400,282,0.7085427135678392,ט,0.271356783919598,ניר עקיבא,0.7648183556405354,
24,שדה צבי,2049,316,427,317,219,0.6930379746835443,מחל,0.3670886075949367,שדה צבי,0.7423887587822015,
24,תלמי בילו,2050,267,356,270,223,0.8352059925093633,מחל,0.5355805243445693,תלמי בילו,0.7584269662921348,
24,רווחה,2051,345,425,346,323,0.936231884057971,מחל,0.6579710144927536,רווחה,0.8141176470588235,
24,אביטל,2052,299,397,299,272,0.9096989966555183,מחל,0.6020066889632107,אביטל,0.7531486146095718,
24,פרזון,2053,234,342,237,202,0.8632478632478633,מחל,0.5641025641025641,פרזון,0.6929824561403509,
24,מיטב,2054,265,359,265,231,0.8716981132075472,מחל,0.6264150943396226,מיטב,0.7381615598885793,
24,מאור,2055,722,940,723,364,0.5041551246537396,מחל,0.23130193905817176,מאור,0.7691489361702127,
24,שדי תרומות,2057,248,368,249,233,0.9395161290322581,מחל,0.782258064516129,שדי תרומות,0.6766304347826086,
24,פעמי תשז,2059,292,387,293,256,0.8767123287671232,מחל,0.4623287671232877,פעמי תשז,0.7571059431524548,
24,ברוש,2060,249,356,251,201,0.8072289156626506,מחל,0.4979919678714859,ברוש,0.7050561797752809,
24,תדהר,2061,305,421,305,244,0.8,מחל,0.5344262295081967,תדהר,0.7244655581947743,
24,תאשור,2062,191,288,191,102,0.5340314136125655,מחל,0.28272251308900526,תאשור,0.6631944444444444,
24,דישון,2063,198,306,200,153,0.7727272727272727,מחל,0.47474747474747475,דישון,0.6535947712418301,
24,זרועה,2064,229,324,230,211,0.9213973799126638,מחל,0.6244541484716157,זרועה,0.7098765432098766,
24,טירת כרמל,2100,12264,19634,12336,9207,0.75073385518591,מחל,0.4983692106979778,טירת כרמל,0.6282978506672099,
24,דימונה,2200,15979,28585,16107,12682,0.7936666875273797,מחל,0.5485950309781589,דימונה,0.5634773482595767,
24,קרית טבעון,2300,9315,13918,9345,2988,0.3207729468599034,פה,0.24745034889962425,קרית טבעון,0.67143267710878,
24,אור יהודה,2400,17803,26810,17902,14107,0.792394540246026,מחל,0.47857102735494017,אור יהודה,0.6677359194330473,
24,נשר,2500,11823,19769,11886,6038,0.5106994840565,מחל,0.325044404973357,נשר,0.6012443725024027,
24,באר יעקב,2530,12492,17182,12529,7723,0.6182356708293307,מחל,0.3465417867435158,באר יעקב,0.7291933418693982,
24,גדרה,2550,12635,18140,12685,7355,0.5821131776810448,מחל,0.3152354570637119,גדרה,0.6992833517089305,
24,ערד,2560,12186,21593,12286,6524,0.5353684556047924,ג,0.26243229935992124,ערד,0.5689806881859862,
24,אילת,2600,21023,51155,21139,13131,0.6246016267897065,מחל,0.4217285829805451,אילת,0.4132342879483921,
24,בית שמש,2610,42470,69429,42775,38646,0.909959971744761,ג,0.3588886272663056,בית שמש,0.616097019977243,
24,קרית אונו,2620,21553,29593,21621,9198,0.4267619356934069,פה,0.2714239317032432,קרית אונו,0.730611969046734,
24,קרית גת,2630,26958,43396,27158,19918,0.7388530306402552,מחל,0.37806958973217597,קרית גת,0.6258180477463361,
24,ראש העין,2640,34737,46544,34841,22347,0.6433198030918041,מחל,0.3054092178368886,ראש העין,0.7485605018906841,
24,רמת השרון,2650,26955,37614,27000,10350,0.38397328881469117,פה,0.2915229085512892,רמת השרון,0.7178178337852927,
24,יבנה,2660,24572,34792,24695,16610,0.6759726517987954,מחל,0.37298551196483803,יבנה,0.7097896068061623,
24,אום אלפחם,2710,11972,36766,12187,197,0.016455061810892083,ודעם,0.8047945205479452,אום אלפחם,0.33147473208943046,
24,טירה,2720,8690,18697,8806,110,0.012658227848101266,ודעם,0.48043728423475257,טירה,0.47098464994384126,
24,טייבה,2730,12517,29204,12675,192,0.015339138771271072,ודעם,0.6638970999440761,טייבה,0.43401588823448845,
24,קרית שמונה,2800,10393,18324,10474,7882,0.7583950736072357,מחל,0.5137111517367459,קרית שמונה,0.5716000873171797,
24,ירושלים,3000,248649,423130,250088,196723,0.7911674690024895,ג,0.23561325402474975,ירושלים,0.5910429418854726,
24,חברון,3400,201,309,201,187,0.9303482587064676,ט,0.8109452736318408,חברון,0.6504854368932039,43.0
24,כפר עציון,3488,377,488,378,327,0.8673740053050398,ב,0.4297082228116711,כפר עציון,0.7745901639344263,63.0
24,נתיב הגדוד,3555,156,236,156,77,0.4935897435897436,אמת,0.20512820512820512,נתיב הגדוד,0.6610169491525424,103.0
24,אלמוג,3556,125,189,125,44,0.352,אמת,0.272,אלמוג,0.6613756613756614,9.0
24,קדומים,3557,2056,2660,2060,1991,0.9683852140077821,ט,0.5622568093385214,קדומים,0.7744360902255639,123.0
24,תומר,3558,196,249,198,108,0.5510204081632653,מחל,0.22959183673469388,תומר,0.7951807228915663,145.0
24,אלקנה,3560,2117,2612,2120,1980,0.9352857817666509,ב,0.3793103448275862,אלקנה,0.8116385911179173,13.0
24,מגדל עוז,3561,165,267,167,151,0.9151515151515152,ב,0.4909090909090909,מגדל עוז,0.6254681647940075,70.0
24,תקוע,3563,1593,2230,1605,1351,0.8480853735091023,ב,0.37037037037037035,תקוע,0.7197309417040358,147.0
24,כוכב השחר,3564,1008,1284,1009,998,0.9900793650793651,ט,0.7033730158730159,כוכב השחר,0.7858255451713395,59.0
24,רימונים,3565,349,524,351,282,0.8080229226361032,מחל,0.501432664756447,רימונים,0.6698473282442748,135.0
24,יפית,3566,99,166,99,74,0.7474747474747475,מחל,0.42424242424242425,יפית,0.5963855421686747,56.0
24,סלעית,3567,647,802,649,185,0.28593508500772796,פה,0.3678516228748068,סלעית,0.8092269326683291,105.0
24,ריחן,3568,173,220,174,91,0.5260115606936416,מחל,0.21965317919075145,ריחן,0.7909090909090909,134.0
24,מבוא דותן,3569,201,301,201,176,0.8756218905472637,מחל,0.3781094527363184,מבוא דותן,0.6677740863787376,67.0
24,אריאל,3570,9257,15147,9333,5692,0.6148860321918548,מחל,0.390731338446581,אריאל,0.6161616161616161,17.0
24,שבי שומרון,3571,449,567,450,424,0.9443207126948775,ט,0.6146993318485523,שבי שומרון,0.7936507936507936,137.0
24,כפר תפוח,3572,502,670,504,484,0.9641434262948207,ט,0.6135458167330677,כפר תפוח,0.7522388059701492,64.0
24,נוה צוף,3573,582,759,583,563,0.9673539518900344,ט,0.5257731958762887,נוה צוף,0.7681159420289855,
24,בית אל,3574,2600,3402,2606,2549,0.9803846153846154,ט,0.7476923076923077,בית אל,0.7660199882422105,19.0
24,בית חורון,3575,694,863,695,627,0.9034582132564841,ב,0.31556195965417866,בית חורון,0.8053302433371958,23.0
24,מצפה יריחו,3576,1028,1347,1034,987,0.9601167315175098,ט,0.580739299610895,מצפה יריחו,0.7676317743132888,85.0
24,שדמות מחולה,3578,315,419,316,302,0.9587301587301588,ט,0.5714285714285714,שדמות מחולה,0.7541766109785203,138.0
24,אלון מורה,3579,714,948,716,703,0.9845938375350141,ט,0.8095238095238095,אלון מורה,0.7552742616033755,7.0
24,ארגמן,3598,79,122,81,53,0.6708860759493671,מחל,0.3670886075949367,ארגמן,0.6639344262295082,16.0
24,מחולה,3599,271,355,271,250,0.922509225092251,ב,0.4280442804428044,מחולה,0.7633802816901408,74.0
24,קליה,3601,219,325,220,97,0.4429223744292237,פה,0.2694063926940639,קליה,0.676923076923077,125.0
24,ראש צורים,3602,419,509,420,379,0.9045346062052506,ב,0.548926014319809,ראש צורים,0.825147347740668,129.0
24,הר גילה,3603,739,1019,742,512,0.6928281461434371,מחל,0.4100135317997294,הר גילה,0.7281648675171737,40.0
24,אלון שבות,3604,1662,2231,1666,1501,0.9031287605294825,ב,0.3989169675090253,אלון שבות,0.7467503361721202,8.0
24,משואה,3605,110,157,110,78,0.7090909090909091,מחל,0.34545454545454546,משואה,0.7006369426751592,87.0
24,גלגל,3606,88,162,88,49,0.5568181818181818,מחל,0.3181818181818182,גלגל,0.5432098765432098,36.0
24,ייטב,3607,161,236,162,128,0.7950310559006211,ט,0.4906832298136646,ייטב,0.6864406779661016,
24,מעלה אפרים,3608,562,1110,566,417,0.7419928825622776,מחל,0.3612099644128114,מעלה אפרים,0.5099099099099099,78.0
24,חמרה,3609,87,136,87,56,0.6436781609195402,מחל,0.3103448275862069,חמרה,0.6397058823529411,49.0
24,מצפה שלם,3610,191,264,191,102,0.5340314136125655,אמת,0.24083769633507854,מצפה שלם,0.7234848484848485,86.0
24,קרית ארבע,3611,3018,4757,3031,2810,0.9310801855533466,ט,0.5377733598409543,קרית ארבע,0.6371662812697078,126.0
24,בקעות,3612,101,144,101,52,0.5148514851485149,מחל,0.33663366336633666,בקעות,0.7013888888888888,25.0
24,גיתית,3613,190,246,190,168,0.8842105263157894,ט,0.35789473684210527,גיתית,0.7723577235772358,35.0
24,מכורה,3614,90,139,92,47,0.5222222222222223,מחל,0.3111111111111111,מכורה,0.6618705035971223,75.0
24,פצאל,3615,186,244,187,112,0.6021505376344086,מחל,0.24731182795698925,פצאל,0.7663934426229508,121.0
24,מעלה אדומים,3616,18852,28082,18918,15094,0.8006577551453427,מחל,0.46684701888393804,מעלה אדמים,0.6736699665266007,77.0
24,עופרה,3617,1471,1959,1473,1413,0.9605710401087696,ט,0.4615907545887152,עופרה,0.7519142419601837,
24,אלעזר,3618,1124,1485,1124,1035,0.9208185053380783,ב,0.3790035587188612,אלעזר,0.7569023569023569,11.0
24,רועי,3619,77,132,77,41,0.5324675324675324,מחל,0.3116883116883117,רועי,0.5833333333333334,131.0
24,כפר אדומים,3638,1968,2624,1973,1509,0.7667682926829268,ב,0.34197154471544716,כפר אדומים,0.7519054878048781,61.0
24,ורד יריחו,3639,190,255,192,126,0.6631578947368421,מחל,0.42105263157894735,ורד יריחו,0.7529411764705882,42.0
24,קרני שומרון,3640,4551,6301,4572,3977,0.8738738738738738,ט,0.3689299055152714,קרני שומרון,0.7255991112521822,128.0
24,שילה,3641,1636,2159,1640,1592,0.9731051344743277,ט,0.6980440097799511,שילה,0.7596109309865678,139.0
24,חיננית,3643,641,845,643,525,0.8190327613104524,ט,0.34321372854914195,חיננית,0.7609467455621302,46.0
24,גבעון החדשה,3644,692,1002,695,427,0.6170520231213873,מחל,0.3208092485549133,גבעון החדשה,0.6936127744510978,32.0
24,בית הערבה,3645,165,204,166,108,0.6545454545454545,ב,0.3151515151515151,בית הערבה,0.8137254901960784,22.0
24,חמדת,3646,101,134,101,100,0.9900990099009901,ב,0.44554455445544555,חמדת,0.753731343283582,48.0
24,יקיר,3647,1055,1279,1057,1021,0.9677725118483412,ב,0.4085308056872038,יקיר,0.8264268960125097,58.0
24,מתתיהו,3648,346,497,352,341,0.9855491329479769,ג,0.7774566473988439,מתתיהו,0.7082494969818913,
24,שקד,3649,449,611,453,281,0.6258351893095768,מחל,0.3028953229398664,שקד,0.7414075286415712,144.0
24,אפרת,3650,5644,7611,5660,5012,0.8880226789510985,ב,0.4303685329553508,אפרת,0.7436604913940349,15.0
24,מעלה מכמש,3651,777,1003,778,744,0.9575289575289575,ט,0.47619047619047616,מעלה מכמש,0.7756729810568295,80.0
24,בית אריה,3652,2636,3753,2646,1826,0.6927162367223065,מחל,0.3930197268588771,בית אריה,0.7050359712230215,21.0
24,מעלה עמוס,3653,286,381,286,281,0.9825174825174825,ג,0.5314685314685315,מעלה עמוס,0.7506561679790026,81.0
24,ברקן,3654,987,1425,990,676,0.684903748733536,מחל,0.43059777102330293,ברקן,0.6947368421052632,
24,נילי,3655,891,1194,892,539,0.6049382716049383,מחל,0.3108866442199775,נילי,0.7470686767169179,
24,כרמל,3656,227,277,227,226,0.9955947136563876,ט,0.6696035242290749,כרמל,0.8194945848375451,66.0
24,מעון,3657,206,300,206,201,0.9757281553398058,ט,0.8009708737864077,מעון,0.6866666666666666,76.0
24,עטרת,3658,256,311,256,249,0.97265625,ט,0.73046875,עטרת,0.8231511254019293,108.0
24,פסגות,3659,844,1045,847,830,0.9834123222748815,ט,0.6895734597156398,פסגות,0.8105263157894737,120.0
24,עמנואל,3660,1591,2376,1599,1581,0.9937146448774355,שס,0.4098051539912005,עמנואל,0.672979797979798,113.0
24,מבוא חורון,3709,1031,1202,1031,1012,0.9815712900096993,ט,0.6896217264791464,מבוא חורון,0.8577371048252912,68.0
24,ברכה,3710,1045,1235,1046,1036,0.9913875598086125,מחל,0.4421052631578947,ברכה,0.8469635627530364,27.0
24,ענב,3712,431,517,433,418,0.9698375870069605,ט,0.45011600928074247,ענב,0.8375241779497099,114.0
24,נעמה,3713,92,148,92,58,0.6304347826086957,מחל,0.30434782608695654,נעמה,0.6216216216216216,
24,עלמון,3715,740,1022,740,541,0.731081081081081,מחל,0.5283783783783784,עלמון,0.7240704500978473,111.0
24,חרמש,3717,130,212,131,78,0.6,מחל,0.34615384615384615,חרמש,0.6179245283018868,50.0
24,תלם,3719,156,215,156,144,0.9230769230769231,ט,0.5641025641025641,תלם,0.7255813953488373,146.0
24,שערי תקווה,3720,2968,3954,2975,2203,0.7422506738544474,מחל,0.3106469002695418,שערי תקווה,0.7524026302478503,143.0
24,אשכולות,3722,265,362,266,164,0.6188679245283019,מחל,0.3849056603773585,אשכולות,0.7348066298342542,18.0
24,פני חבר,3723,196,249,198,185,0.9438775510204082,ט,0.7806122448979592,פני חבר,0.7951807228915663,119.0
24,נגוהות,3724,139,158,139,137,0.9856115107913669,ט,0.6618705035971223,נגוהות,0.879746835443038,90.0
24,נווה דניאל,3725,1162,1572,1164,1056,0.9087779690189329,ב,0.45266781411359724,נווה דניאל,0.7404580152671756,91.0
24,נוקדים,3726,939,1289,944,779,0.8296059637912673,ב,0.30564430244941426,נוקדים,0.7323506594259116,94.0
24,עלי זהב,3727,1511,1780,1513,1406,0.9305095962938451,ב,0.49040370615486434,עלי זהב,0.85,110.0
24,גבעת זאב,3730,8703,11899,8738,7613,0.8747558313225324,מחל,0.264506492014248,גבעת זאב,0.7343474241532902,34.0
24,טנא,3743,396,529,396,322,0.8131313131313131,ט,0.2878787878787879,טנא,0.7485822306238186,54.0
24,ברוכין,3744,474,561,474,465,0.9810126582278481,ט,0.569620253164557,ברוכין,0.8449197860962567,26.0
24,מצדות יהודה,3745,349,452,352,330,0.9455587392550143,ט,0.6561604584527221,מצדות יהודה,0.7787610619469026,83.0
24,קרית נטפים,3746,359,429,359,352,0.9805013927576601,ט,0.3955431754874652,קרית נטפים,0.8368298368298368,127.0
24,דולב,3747,687,883,691,672,0.9781659388646288,ט,0.5851528384279476,דולב,0.782559456398641,38.0
24,עתניאל,3748,350,466,350,333,0.9514285714285714,ט,0.5257142857142857,עתניאל,0.7510729613733905,117.0
24,יצהר,3749,564,737,566,562,0.9964539007092199,ט,0.900709219858156,יצהר,0.76797829036635,57.0
24,אלפי מנשה,3750,4356,5951,4368,2286,0.5247933884297521,מחל,0.28833792470156105,אלפי מנשה,0.7339942866745085,12.0
24,מגדלים,3751,202,273,204,170,0.8415841584158416,ט,0.4405940594059406,מגדלים,0.7472527472527473,71.0
24,מעלה לבונה,3752,334,431,334,327,0.9790419161676647,ט,0.7125748502994012,מעלה לבונה,0.7749419953596288,79.0
24,אספר,3754,280,398,284,278,0.9928571428571429,ג,0.425,אספר,0.7135678391959799,
24,סוסיה,3756,508,704,508,496,0.9763779527559056,ט,0.5551181102362205,סוסיה,0.7215909090909091,104.0
24,אדורה,3759,183,244,183,151,0.825136612021858,ט,0.36065573770491804,אדורה,0.75,3.0
24,אורנית,3760,4939,6514,4952,2653,0.5371532698926909,פה,0.23506782749544441,אורנית,0.7602087810868898,4.0
24,איתמר,3762,434,615,434,423,0.9746543778801844,ט,0.7903225806451613,איתמר,0.7056910569105691,5.0
24,גבע בנימין,3763,2222,3337,2233,1961,0.8825382538253825,מחל,0.3852385238523852,גבע בנימין,0.6691639196883428,
24,חגי,3764,291,359,291,290,0.9965635738831615,ט,0.7560137457044673,חגי,0.8105849582172702,44.0
24,עלי,3765,1673,2236,1681,1603,0.9581589958158996,ט,0.588762701733413,עלי,0.751788908765653,109.0
24,כרמי צור,3766,436,561,436,422,0.9678899082568807,ט,0.6376146788990825,כרמי צור,0.7771836007130125,65.0
24,נחליאל,3767,247,343,247,242,0.979757085020243,ט,0.6072874493927125,נחליאל,0.7201166180758017,96.0
24,פדואל,3768,927,1120,928,895,0.9654800431499461,ט,0.5943905070118662,פדואל,0.8285714285714286,118.0
24,הר אדר,3769,2378,3108,2384,1055,0.44365012615643395,פה,0.22455845248107653,הר אדר,0.767052767052767,39.0
24,חשמונאים,3770,1661,2275,1670,1541,0.9277543648404576,ב,0.3756773028296207,חשמונאים,0.734065934065934,51.0
24,סנסנה,3777,237,280,237,229,0.9662447257383966,ב,0.620253164556962,סנסנה,0.8464285714285714,106.0
24,עץ אפרים,3778,1076,1389,1080,906,0.8420074349442379,ב,0.2732342007434944,עץ אפרים,0.7775377969762419,116.0
24,כוכב יעקב,3779,3539,4609,3563,3475,0.9819157954224357,שס,0.3828765187906188,כוכב יעקב,0.7730527229333912,60.0
24,ביתר עילית,3780,21174,27647,21376,21043,0.9938131670917163,ג,0.6022480400491168,ביתר עלית,0.7731761131406663,24.0
24,קדר,3781,697,1038,698,552,0.7919655667144907,מחל,0.5724533715925395,קדר,0.6724470134874759,124.0
24,רותם,3782,64,100,65,43,0.671875,ב,0.265625,רותם,0.65,132.0
24,שמעה,3784,333,455,334,287,0.8618618618618619,ט,0.4174174174174174,שמעה,0.734065934065934,140.0
24,משכיות,3785,77,93,77,76,0.987012987012987,ט,0.8441558441558441,משכיות,0.8279569892473119,88.0
24,נעלה,3787,1004,1375,1008,633,0.6304780876494024,מחל,0.3745019920318725,נעלה,0.7330909090909091,100.0
24,טלמון,3788,1849,2307,1852,1824,0.9864791779340184,ט,0.7166035694970254,טלמון,0.8027741655830082,53.0
24,נופים,3790,405,567,406,353,0.8716049382716049,מחל,0.4246913580246914,נופים,0.7160493827160493,93.0
24,צופים,3791,1122,1477,1122,885,0.7887700534759359,ב,0.3074866310160428,צופים,0.7596479350033852,122.0
24,אבני חפץ,3793,899,1219,901,887,0.9866518353726362,ט,0.557285873192436,אבני חפץ,0.7391304347826086,1.0
24,בת עין,3794,523,895,525,464,0.887189292543021,ט,0.5774378585086042,בת עין,0.5865921787709497,29.0
24,רבבה,3795,1119,1314,1120,1096,0.9794459338695264,ט,0.6470062555853441,רבבה,0.852359208523592,130.0
24,כפר האורנים,3796,1253,1684,1255,485,0.3870710295291301,פה,0.30806065442936953,כפר האורנים,0.745249406175772,
24,מודיעין עילית,3797,24369,30528,24734,24305,0.9973737125035906,ג,0.792359144815134,מודיעין עלית,0.8102070230607966,73.0
24,רחלים,3822,308,346,308,306,0.9935064935064936,ט,0.6493506493506493,רחלים,0.8901734104046243,133.0
24,גני מודיעין,3823,1441,1958,1446,1392,0.9659958362248439,שס,0.42748091603053434,גני מודיעין,0.7385086823289071,37.0
24,חיפה,4000,136966,249870,137706,59181,0.4320853350466539,מחל,0.2136953696537827,חיפה,0.5511105775003001,
24,בוקעאתא,4001,92,595,92,38,0.41304347826086957,ל,0.3695652173913043,בוקעאתא,0.1546218487394958,
24,אליעד,4002,219,311,222,74,0.3378995433789954,פה,0.2465753424657534,אליעד,0.7138263665594855,
24,אלרום,4003,260,359,261,80,0.3076923076923077,פה,0.25384615384615383,אלרום,0.7270194986072424,
24,כפר חרוב,4004,247,405,248,61,0.24696356275303644,פה,0.31983805668016196,כפר חרוב,0.6123456790123457,
24,חספין,4005,595,813,598,574,0.9647058823529412,ט,0.5764705882352941,חספין,0.7355473554735548,
24,קשת,4006,310,425,311,295,0.9516129032258065,ט,0.6741935483870968,קשת,0.731764705882353,
24,יונתן,4007,309,414,309,261,0.8446601941747572,ב,0.43042071197411,יונתן,0.7463768115942029,
24,מעלה גמלא,4008,300,393,303,96,0.32,פה,0.30333333333333334,מעלה גמלא,0.7709923664122137,
24,שעל,4009,165,224,167,75,0.45454545454545453,מחל,0.24848484848484848,שעל,0.7455357142857143,
24,אודם,4010,94,122,95,35,0.3723404255319149,פה,0.24468085106382978,אודם,0.7786885245901639,
24,אבני איתן,4011,299,412,299,261,0.8729096989966555,ט,0.431438127090301,אבני איתן,0.7257281553398058,
24,אניעם,4012,282,442,282,131,0.4645390070921986,מחל,0.2695035460992908,אניעם,0.6380090497737556,
24,אורטל,4013,191,256,191,51,0.2670157068062827,פה,0.28272251308900526,אורטל,0.74609375,
24,נטור,4014,206,270,206,131,0.6359223300970874,ב,0.3592233009708738,נטור,0.762962962962963,
24,בני יהודה,4015,566,917,570,248,0.4381625441696113,פה,0.25618374558303886,בני יהודה,0.6215921483097055,
24,אלוני הבשן,4017,148,213,151,126,0.8513513513513513,ט,0.2972972972972973,אלוני הבשן,0.7089201877934272,
24,מיצר,4019,90,118,90,17,0.18888888888888888,אמת,0.26666666666666666,מיצר,0.7627118644067796,
24,גבעת יואב,4021,341,488,341,135,0.39589442815249265,פה,0.21407624633431085,גבעת יואב,0.6987704918032787,
24,גשור,4022,151,223,151,41,0.271523178807947,פה,0.25165562913907286,גשור,0.6771300448430493,
24,קלע,4024,145,236,145,44,0.30344827586206896,פה,0.2689655172413793,קלע,0.614406779661017,
24,קדמת צבי,4025,298,406,298,130,0.436241610738255,מחל,0.18791946308724833,קדמת צבי,0.7339901477832512,
24,חדנס,4026,405,677,406,203,0.5012345679012346,פה,0.2839506172839506,חדנס,0.5997045790251108,
24,כנף,4028,238,336,238,85,0.35714285714285715,פה,0.2857142857142857,כנף,0.7083333333333334,
24,קצרין,4100,3408,6311,3437,1884,0.5528169014084507,מחל,0.3004694835680751,קצרין,0.5446046585327207,
24,מרום גולן,4101,422,579,423,88,0.20853080568720378,פה,0.38388625592417064,מרום גולן,0.7305699481865285,
24,מגדל שמס,4201,168,962,169,90,0.5357142857142857,מחל,0.3869047619047619,מגדל שמס,0.17567567567567569,
24,מסעדה,4203,72,376,73,38,0.5277777777777778,מחל,0.4027777777777778,מסעדה,0.19414893617021275,
24,מבוא חמה,4204,280,409,281,69,0.24642857142857144,אמת,0.26071428571428573,מבוא חמה,0.687041564792176,
24,אפיק,4301,174,256,177,46,0.26436781609195403,פה,0.3045977011494253,אפיק,0.69140625,
24,נווה אטיב,4303,103,175,105,47,0.4563106796116505,פה,0.2912621359223301,נווה אטיב,0.6,
24,נוב,4304,409,537,412,373,0.9119804400977995,ב,0.4792176039119804,נוב,0.7672253258845437,
24,עגר,4501,844,1759,851,520,0.6161137440758294,מחל,0.3056872037914692,עגר,0.48379761227970436,
24,עין קנייא,4502,17,165,17,8,0.47058823529411764,מחל,0.47058823529411764,עין קנייא,0.10303030303030303,
24,עין זיוון,4503,204,295,204,52,0.2549019607843137,אמת,0.23529411764705882,עין זיוון,0.6915254237288135,
24,נאות גולן,4551,296,428,296,113,0.38175675675675674,פה,0.27364864864864863,נאות גולן,0.6915887850467289,
24,רמת מגשימים,4701,351,464,352,330,0.9401709401709402,ט,0.4415954415954416,רמת מגשימים,0.7586206896551724,
24,רמות,4702,328,433,328,112,0.34146341463414637,פה,0.2621951219512195,רמות,0.7575057736720554,
24,תל אביב  יפו,5000,262696,439193,263478,98482,0.37488960623686696,פה,0.22085985321436186,תל אביב יפו,0.5999139330544886,
24,באקה אלגרביה,6000,6075,19745,6187,123,0.020246913580246915,ודעם,0.5705349794238683,באקה אלגרביה,0.31334515067105595,
24,בני ברק,6100,82602,112807,83372,80832,0.9785719474104744,ג,0.6075034502796542,בני ברק,0.7390676110525056,
24,בת ים,6200,59723,123920,60202,35104,0.5877802521641579,מחל,0.3576511561709894,בת ים,0.4858134280180762,
24,גבעתיים,6300,33649,48689,33737,12169,0.36164521976878955,פה,0.267437368123867,גבעתיים,0.6929080490459858,
24,הרצליה,6400,54971,84414,55141,24253,0.4411962671226647,פה,0.2674319186480144,הרצליה,0.6532210296870188,
24,חדרה,6500,45665,77744,45929,28275,0.6191831818679514,מחל,0.3713347202452644,חדרה,0.5907722782465528,
24,חולון,6600,96703,159282,97226,58916,0.6092468692801671,מחל,0.34681447318076997,חולון,0.6104016775279065,
24,טבריה,6700,19654,35479,19755,16095,0.818917268749364,מחל,0.4335504223058919,טבריה,0.5568082527692437,
24,קרית אתא,6800,29223,47608,29412,20366,0.6969168121000582,מחל,0.4224412278000205,קרית אתא,0.6177953285162158,
24,כפר סבא,6900,56591,81178,56750,24690,0.43628845576151687,פה,0.26269194748281527,כפר סבא,0.6990810318066472,
24,לוד,7000,30185,57343,30487,18952,0.6278615206228259,מחל,0.34321682955110155,לוד,0.5316603595905341,
24,אשקלון,7100,67730,116313,68124,44660,0.6593828436438801,מחל,0.40016240956739996,אשקלון,0.5856954940548348,
24,נס ציונה,7200,25336,34276,25419,11863,0.4682270287338175,פה,0.2613672245026839,נס ציונה,0.7415976193254755,
24,נצרת,7300,22605,58635,22887,963,0.04260119442601194,ודעם,0.6472904224729042,נצרת,0.3903300076745971,
24,נתניה,7400,104965,187010,105653,69330,0.6605058829133521,מחל,0.35084075644262375,נתניה,0.5649590930966258,
24,סחנין,7500,15530,22299,15666,100,0.00643915003219575,עם,0.6181584030907921,סחנין,0.7025427149199516,
24,עכו,7600,21993,42169,22220,12340,0.5610876187877961,מחל,0.38262174328195336,עכו,0.5269273637031943,
24,עפולה,7700,25573,43422,25751,18011,0.7042975012708717,מחל,0.43240918155867514,עפולה,0.5930403942701856,
24,פרדס חנהכרכור,7800,21462,31135,21536,10412,0.4851365203615693,מחל,0.26460721274811294,פרדס חנהכרכור,0.6916974466035009,
24,פתח תקווה,7900,127857,194320,128425,79192,0.6193794629938134,מחל,0.27455673134830316,פתח תקווה,0.660894400988061,
24,צפת,8000,13231,23806,13334,11338,0.8569269140654523,מחל,0.31297709923664124,צפת,0.5601108964126691,
24,קרית מוצקין,8200,24272,39426,24409,12780,0.5265326301911668,מחל,0.3188035596572182,קרית מוצקין,0.6191092172677928,
24,ראשון לציון,8300,133936,208797,134508,72648,0.5424083144188269,מחל,0.31591954366264485,ראשון לציון,0.644204658112904,
24,רחובות,8400,72543,109092,72849,41420,0.5709716995437188,מחל,0.26331968625504876,רחובות,0.6677758222417776,
24,רמלה,8500,31368,56406,31730,21457,0.6840410609538383,מחל,0.45138357561846465,רמלה,0.5625288089919512,
24,רמת גן,8600,87673,135884,87996,39963,0.45581878115269236,פה,0.2335838855748064,רמת גן,0.6475817609137205,
24,רעננה,8700,44539,66998,44677,23020,0.5168504007723568,פה,0.23846516536069512,רעננה,0.6668408012179468,
24,שפרעם,8800,13215,29818,13366,587,0.044419220582671205,ודעם,0.5386303443057132,שפרעם,0.44825273324837345,
24,טמרה,8900,12265,23560,12339,152,0.01239298817774154,עם,0.4852833265389319,טמרה,0.5237266553480475,
24,באר שבע,9000,91657,163196,92304,62333,0.6800680799066083,מחל,0.42117896069040006,באר שבע,0.5656020980906394,
24,נהריה,9100,30670,52073,30846,18952,0.6179328333876752,מחל,0.397098141506358,נהריה,0.5923607243677146,
24,בית שאן,9200,9378,14469,9428,8531,0.9096822350181275,מחל,0.5460652591170825,בית שאן,0.6515999723546894,
24,זכרון יעקב,9300,12396,17294,12427,5652,0.45595353339787026,פה,0.2477412068409164,זכרון יעקב,0.71857291546201,
24,יהודמונוסון,9400,16730,23405,16789,9529,0.569575612671847,מחל,0.31918708906156606,יהודמונוסון,0.7173253578295236,
24,קרית ביאליק,9500,21491,35443,21607,11366,0.5288725513005444,מחל,0.32404262249313665,קרית ביאליק,0.6096267246000621,
24,קרית ים,9600,19224,36295,19391,10989,0.5716292134831461,מחל,0.4108926342072409,קרית ים,0.5342609174817468,
24,הוד השרון,9700,35341,47577,35412,13855,0.3920375767522141,פה,0.30406609886534053,הוד השרון,0.7443092250457154,
24,בנימינהגבעת עדה,9800,7650,10500,7670,2824,0.36915032679738563,פה,0.25973856209150326,בנימינהגבעת עדה,0.7304761904761905,
24,מעטפות חיצוניות,9999,421619,0,425512,234326,0.5557766609189814,מחל,0.24438177596360694,מעטפות חיצוניות,,
25,שחר,7,375,530,376,307,0.8186666666666667,מחל,0.384,שחר,0.7094339622641509,
25,תירוש,10,268,336,268,265,0.9888059701492538,מחל,0.40298507462686567,תירוש,0.7976190476190477,
25,ניר חן,11,299,445,299,194,0.6488294314381271,כן,0.25418060200668896,ניר חן,0.6719101123595506,
25,חצבה,13,407,566,408,176,0.43243243243243246,פה,0.36117936117936117,חצבה,0.7208480565371025,
25,נועם,15,244,316,247,234,0.9590163934426229,מחל,0.5040983606557377,נועם,0.7816455696202531,
25,בית ניר,16,365,488,366,54,0.14794520547945206,פה,0.410958904109589,בית ניר,0.75,
25,שדה משה,18,322,405,323,182,0.5652173913043478,פה,0.2981366459627329,שדה משה,0.7975308641975308,
25,באר אורה,21,494,732,495,271,0.548582995951417,מחל,0.3340080971659919,באר אורה,0.6762295081967213,
25,מקווה ישראל,22,111,157,111,52,0.46846846846846846,פה,0.32432432432432434,מקווה ישראל,0.7070063694267515,
25,אמציה,23,104,149,104,82,0.7884615384615384,ט,0.2980769230769231,אמציה,0.697986577181208,
25,לכיש,24,488,631,488,138,0.2827868852459016,פה,0.4323770491803279,לכיש,0.7733755942947702,
25,ראש פינה,26,1667,2531,1674,877,0.5260947810437913,פה,0.27174565086982605,ראש פינה,0.6613986566574477,
25,שדות מיכה,27,206,275,206,199,0.9660194174757282,מחל,0.3883495145631068,שדות מיכה,0.7490909090909091,
25,מזכרת בתיה,28,8483,11313,8510,4924,0.5804550277024637,פה,0.29494282683013084,מזכרת בתיה,0.752231945549368,
25,יסוד המעלה,29,890,1348,894,498,0.5595505617977528,פה,0.298876404494382,יסוד המעלה,0.6632047477744807,
25,אופקים,31,16284,23916,16406,14639,0.8989805944485384,מחל,0.32086710881847214,אופקים,0.6859842783074093,
25,עוצם,32,383,463,385,378,0.9869451697127938,שס,0.4699738903394256,עוצם,0.8315334773218143,
25,בת שלמה,33,323,439,324,125,0.38699690402476783,פה,0.3684210526315789,בת שלמה,0.7380410022779044,
25,גדות,35,249,377,249,50,0.20080321285140562,פה,0.43775100401606426,גדות,0.6604774535809018,
25,שדה דוד,36,361,449,365,310,0.8587257617728532,מחל,0.4626038781163435,שדה דוד,0.8129175946547884,
25,איתן,37,312,380,313,304,0.9743589743589743,ט,0.3685897435897436,איתן,0.8236842105263158,
25,גפן,39,223,270,223,209,0.9372197309417041,מחל,0.47533632286995514,גפן,0.825925925925926,
25,אליכין,41,2002,2663,2018,1675,0.8366633366633367,מחל,0.42957042957042957,אליכין,0.7577919639504318,
25,מטולה,43,816,1511,820,447,0.5477941176470589,כן,0.2965686274509804,מטולה,0.542686962276638,
25,זוהר,44,186,253,186,172,0.9247311827956989,מחל,0.521505376344086,זוהר,0.7351778656126482,
25,יבנאל,46,1872,2709,1897,1588,0.8482905982905983,שס,0.4444444444444444,יבנאל,0.7002583979328165,
25,כפר תבור,47,2453,3529,2466,1330,0.5421932327761925,פה,0.29637178964533223,כפר תבור,0.698781524511193,
25,מנחמיה,48,615,948,618,474,0.7707317073170732,מחל,0.42601626016260163,מנחמיה,0.6518987341772152,
25,אילניה,49,292,459,296,177,0.6061643835616438,מחל,0.3047945205479452,אילניה,0.644880174291939,
25,לוזית,52,394,507,396,276,0.700507614213198,מחל,0.30456852791878175,לוזית,0.7810650887573964,
25,עתלית,53,5009,6940,5029,2900,0.5789578758235177,מחל,0.3036534238370932,עתלית,0.7246397694524496,
25,נוגה,55,323,435,324,281,0.8699690402476781,מחל,0.44891640866873067,נוגה,0.7448275862068966,
25,כנרת קבוצה,57,424,657,426,145,0.3419811320754717,פה,0.375,כנרת קבוצה,0.6484018264840182,
25,מצפה,58,85,113,85,43,0.5058823529411764,פה,0.36470588235294116,מצפה,0.7522123893805309,
25,נחושה,59,655,890,657,625,0.9541984732824428,ט,0.33893129770992364,נחושה,0.7382022471910112,
25,דגניה א,62,338,525,340,73,0.21597633136094674,פה,0.363905325443787,דגניה א,0.6476190476190476,
25,כנרת מושבה,63,377,558,379,201,0.53315649867374,פה,0.3129973474801061,כנרת מושבה,0.6792114695340502,
25,יד רמבם,64,671,878,672,614,0.9150521609538003,מחל,0.5201192250372578,יד רמבם,0.765375854214123,
25,מגדל,65,976,1469,978,859,0.8801229508196722,מחל,0.4088114754098361,מגדל,0.6657590197413207,
25,מרחביה קיבוץ,66,648,950,656,276,0.42592592592592593,פה,0.3271604938271605,מרחביה קיבוץ,0.6905263157894737,
25,אור הנר,67,481,630,481,177,0.367983367983368,פה,0.3659043659043659,אור הנר,0.7634920634920634,
25,ניר עוז,69,239,329,241,51,0.21338912133891214,פה,0.35564853556485354,ניר עוז,0.7325227963525835,
25,אשדוד,70,116294,181784,117047,86179,0.7410442499183105,מחל,0.2892238636559066,אשדוד,0.6438795493552788,
25,אשבול,71,338,434,338,277,0.8195266272189349,מחל,0.3727810650887574,אשבול,0.7788018433179723,
25,גן שמואל,72,665,872,666,133,0.2,מרצ,0.3609022556390977,גן שמואל,0.7637614678899083,
25,עין הוד,74,333,518,334,55,0.16516516516516516,פה,0.37537537537537535,עין הוד,0.6447876447876448,
25,כפר גלעדי,76,354,591,354,146,0.4124293785310734,כן,0.327683615819209,כפר גלעדי,0.5989847715736041,
25,איילת השחר,77,588,826,590,210,0.35714285714285715,פה,0.29931972789115646,איילת השחר,0.7142857142857143,
25,קרית ענבים,78,206,333,206,58,0.2815533980582524,פה,0.3786407766990291,קרית ענבים,0.6186186186186187,
25,דגניה ב,79,403,591,403,113,0.2803970223325062,פה,0.4119106699751861,דגניה ב,0.6818950930626058,
25,נהלל,80,618,836,620,157,0.2540453074433657,פה,0.4773462783171521,נהלל,0.7416267942583732,
25,עין חרוד מאוחד,82,472,694,473,147,0.3114406779661017,פה,0.3792372881355932,עין חרוד מאוחד,0.6815561959654178,
25,תל יוסף,84,279,390,279,74,0.26523297491039427,פה,0.41935483870967744,תל יוסף,0.7153846153846154,
25,כפר יחזקאל,85,603,763,606,232,0.38474295190713104,פה,0.3946932006633499,כפר יחזקאל,0.7942332896461337,
25,גבע,86,351,514,351,67,0.1908831908831909,פה,0.45584045584045585,גבע,0.6828793774319066,
25,עין חרוד איחוד,89,363,506,365,92,0.2534435261707989,פה,0.45454545454545453,עין חרוד איחוד,0.7213438735177866,
25,חפציבה,90,409,587,411,146,0.3569682151589242,פה,0.39364303178484106,חפציבה,0.7001703577512777,
25,גיניגר,92,361,555,365,96,0.2659279778393352,פה,0.3157894736842105,גיניגר,0.6576576576576577,
25,בלפוריה,94,320,413,321,153,0.478125,פה,0.3375,בלפוריה,0.7772397094430993,
25,בית אלפא,95,513,724,518,185,0.36062378167641324,פה,0.30409356725146197,בית אלפא,0.7154696132596685,
25,יגור,96,890,1401,893,181,0.20337078651685395,פה,0.401123595505618,יגור,0.6374018558172734,
25,מרחביה מושב,97,434,603,434,204,0.4700460829493088,פה,0.33640552995391704,מרחביה מושב,0.7197346600331676,
25,כפר מלל,98,210,273,210,72,0.34285714285714286,פה,0.40476190476190477,כפר מלל,0.7692307692307693,
25,מצפה רמון,99,1964,3739,1985,1242,0.6323828920570265,ט,0.2724032586558045,מצפה רמון,0.5308906124632254,
25,מאיר שפיה,102,53,128,55,34,0.6415094339622641,מחל,0.37735849056603776,מאיר שפיה,0.4296875,
25,תל עדשים,103,666,898,668,348,0.5225225225225225,פה,0.34984984984984985,תל עדשים,0.7438752783964365,
25,מזרע,104,489,701,489,90,0.18404907975460122,פה,0.3619631901840491,מזרע,0.6975748930099858,
25,כפר גדעון,106,150,211,150,141,0.94,ג,0.28,כפר גדעון,0.7109004739336493,
25,כפר סילבר,107,28,85,28,13,0.4642857142857143,פה,0.42857142857142855,כפר סילבר,0.32941176470588235,
25,כפר חסידים א,112,379,538,379,232,0.6121372031662269,פה,0.29815303430079154,כפר חסידים א,0.7044609665427509,
25,אדירים,113,176,235,177,171,0.9715909090909091,מחל,0.38636363636363635,אדירים,0.7531914893617021,
25,חופית,115,568,788,574,132,0.2323943661971831,פה,0.49119718309859156,חופית,0.7284263959390863,
25,רמת ישי,122,4355,6016,4373,2208,0.5070034443168772,פה,0.34810562571756604,רמת ישי,0.7268949468085106,
25,שריד,126,532,772,533,96,0.18045112781954886,פה,0.4041353383458647,שריד,0.6904145077720207,
25,רמת רחל,127,283,359,283,83,0.29328621908127206,פה,0.4134275618374558,רמת רחל,0.7883008356545961,
25,גת רימון,128,142,192,142,64,0.4507042253521127,פה,0.3873239436619718,גת רימון,0.7395833333333334,
25,משמר העמק,130,713,939,716,106,0.14866760168302945,פה,0.34642356241234223,משמר העמק,0.7625133120340788,
25,כפר ברוך,132,335,436,336,168,0.5014925373134328,פה,0.35522388059701493,כפר ברוך,0.7706422018348624,
25,גבת,133,568,702,569,132,0.2323943661971831,פה,0.42077464788732394,גבת,0.8105413105413105,
25,יפעת,134,648,858,649,195,0.30092592592592593,פה,0.39351851851851855,יפעת,0.7564102564102564,
25,רמת דוד,135,305,404,305,89,0.29180327868852457,פה,0.39344262295081966,רמת דוד,0.754950495049505,
25,עין שמר,139,461,646,461,68,0.1475054229934924,פה,0.37093275488069416,עין שמר,0.7136222910216719,
25,כפר יהושע,140,695,900,695,233,0.33525179856115106,פה,0.35827338129496406,כפר יהושע,0.7722222222222223,
25,ברק,141,219,297,220,168,0.7671232876712328,מחל,0.365296803652968,ברק,0.7407407407407407,
25,שדה יעקב,142,522,671,524,448,0.8582375478927203,ט,0.35823754789272033,שדה יעקב,0.7809239940387481,
25,בית זרע,143,396,629,397,82,0.20707070707070707,פה,0.31565656565656564,בית זרע,0.6311605723370429,
25,גן שלמה,144,320,413,321,73,0.228125,פה,0.453125,גן שלמה,0.7772397094430993,
25,גדיש,145,209,283,210,203,0.9712918660287081,מחל,0.7416267942583732,גדיש,0.7420494699646644,
25,דבורה,146,139,226,139,87,0.6258992805755396,כן,0.33093525179856115,דבורה,0.6150442477876106,
25,גבעת ברנר,147,1427,1923,1430,423,0.2964260686755431,פה,0.39523475823405746,גבעת ברנר,0.7436297451898076,
25,תל מונד,154,7792,10458,7815,3751,0.4813911704312115,פה,0.38873203285420943,תל מונד,0.7472748135398738,
25,באר טוביה,155,672,849,673,270,0.4017857142857143,פה,0.40625,באר טוביה,0.7926972909305064,
25,עיינות,156,46,146,46,29,0.6304347826086957,כן,0.2826086956521739,עיינות,0.3150684931506849,
25,עין ורד,157,877,1157,878,244,0.2782212086659065,פה,0.49714937286202965,עין ורד,0.7588591184096802,
25,נען,158,991,1351,992,199,0.20080726538849647,פה,0.3884964682139253,נען,0.7342709104367136,
25,בית חנן,159,377,508,377,146,0.38726790450928383,פה,0.41644562334217505,בית חנן,0.7421259842519685,
25,חולדה,160,552,712,552,177,0.32065217391304346,פה,0.4583333333333333,חולדה,0.7752808988764045,
25,חירות,162,747,963,747,158,0.21151271753681392,פה,0.48460508701472554,חירות,0.7757009345794392,
25,תימורים,163,452,636,456,186,0.41150442477876104,פה,0.44026548672566373,תימורים,0.7169811320754716,
25,מלאה,164,215,277,215,202,0.9395348837209302,מחל,0.5162790697674419,מלאה,0.776173285198556,
25,ניר יפה,165,333,461,334,244,0.7327327327327328,מחל,0.3123123123123123,ניר יפה,0.7245119305856833,
25,גן יבנה,166,12783,17348,12833,8990,0.7032777908159275,מחל,0.37182195102871,גן יבנה,0.7397394512335715,
25,עין החורש,167,544,720,545,74,0.13602941176470587,פה,0.35294117647058826,עין החורש,0.7569444444444444,
25,כפר יונה,168,14208,19357,14279,8909,0.6270411036036037,מחל,0.3217905405405405,כפר יונה,0.7376659606343958,
25,כפר יעבץ,170,351,477,352,335,0.9544159544159544,מחל,0.46438746438746437,כפר יעבץ,0.7379454926624738,
25,פרדסיה,171,4377,5739,4389,2204,0.5035412382910669,פה,0.3771989947452593,פרדסיה,0.7647673810768426,
25,גבעת חיים מאוחד,173,670,917,672,135,0.20149253731343283,פה,0.35074626865671643,גבעת חיים מאוחד,0.732824427480916,
25,נטעים,174,444,592,445,178,0.4009009009009009,פה,0.38963963963963966,נטעים,0.7516891891891891,
25,אביחיל,175,694,987,698,245,0.3530259365994236,פה,0.38904899135446686,אביחיל,0.707193515704154,
25,אפיקים,176,705,1068,707,146,0.20709219858156028,פה,0.35319148936170214,אפיקים,0.6619850187265918,
25,כפר בילו,177,674,867,675,254,0.3768545994065282,פה,0.38130563798219586,כפר בילו,0.7785467128027682,
25,רמת יוחנן,178,582,862,584,157,0.2697594501718213,פה,0.35051546391752575,רמת יוחנן,0.6774941995359629,
25,אבן יהודה,182,7693,10452,7712,3314,0.43078122968932797,פה,0.41063304302612763,אבן יהודה,0.7378492154611558,
25,ירקונה,183,224,309,224,71,0.3169642857142857,פה,0.4642857142857143,ירקונה,0.7249190938511327,
25,רמת הכובש,184,529,696,531,122,0.23062381852551986,פה,0.389413988657845,רמת הכובש,0.7629310344827587,
25,נעורים,186,61,158,62,29,0.47540983606557374,פה,0.3114754098360656,נעורים,0.3924050632911392,
25,כפר הס,187,817,1067,817,190,0.23255813953488372,פה,0.47980416156670747,כפר הס,0.7656982193064668,
25,אשדות יעקב מאוחד,188,403,605,404,177,0.4392059553349876,פה,0.28287841191067,אשדות יעקב מאוחד,0.6677685950413224,
25,כפר פינס,189,312,399,315,297,0.9519230769230769,ט,0.5961538461538461,כפר פינס,0.7894736842105263,
25,כפר ויתקין,190,1053,1444,1057,240,0.22792022792022792,פה,0.4795821462488129,כפר ויתקין,0.731994459833795,
25,הדר עם,191,420,545,420,107,0.25476190476190474,פה,0.5142857142857142,הדר עם,0.7706422018348624,
25,כפר החורש,192,374,479,374,103,0.27540106951871657,פה,0.3502673796791444,כפר החורש,0.7807933194154488,
25,כפר חיים,193,338,436,339,84,0.2485207100591716,פה,0.5118343195266272,כפר חיים,0.7775229357798165,
25,משמר השרון,194,334,517,335,72,0.2155688622754491,פה,0.3473053892215569,משמר השרון,0.6479690522243714,
25,קדימהצורן,195,11962,16165,11997,5724,0.47851529844507606,פה,0.3761076743019562,קדימהצורן,0.7421589854624188,
25,גיבתון,196,216,276,216,65,0.30092592592592593,פה,0.4583333333333333,גיבתון,0.782608695652174,
25,מעברות,197,549,745,551,106,0.1930783242258652,פה,0.331511839708561,מעברות,0.7395973154362416,
25,צופית,198,628,858,628,182,0.2898089171974522,פה,0.4872611464968153,צופית,0.7319347319347319,
25,אשדות יעקב איחוד,199,476,683,477,165,0.34663865546218486,פה,0.3760504201680672,אשדות יעקב איחוד,0.698389458272328,
25,בית ינאי,200,201,308,201,41,0.20398009950248755,פה,0.527363184079602,בית ינאי,0.6525974025974026,
25,בית עובד,202,185,255,186,38,0.20540540540540542,פה,0.5027027027027027,בית עובד,0.7294117647058823,
25,אלישיב,204,377,488,377,302,0.8010610079575596,מחל,0.4244031830238727,אלישיב,0.7725409836065574,
25,חגלה,205,411,554,412,101,0.24574209245742093,פה,0.43309002433090027,חגלה,0.7436823104693141,
25,רמות השבים,206,905,1196,907,242,0.2674033149171271,פה,0.48287292817679556,רמות השבים,0.7583612040133779,
25,גבעת חן,207,235,285,235,75,0.3191489361702128,פה,0.39574468085106385,גבעת חן,0.8245614035087719,
25,מוצא עילית,208,847,1227,852,337,0.39787485242030696,פה,0.3530106257378985,מוצא עילית,0.6943765281173594,
25,בית צבי,212,37,65,38,37,1.0,ט,0.7297297297297297,בית צבי,0.5846153846153846,
25,משמרות,213,581,734,581,132,0.22719449225473323,פה,0.43201376936316693,משמרות,0.7915531335149864,
25,כפר הראה,217,586,762,589,545,0.9300341296928327,ט,0.4453924914675768,כפר הראה,0.7729658792650919,
25,גני עם,218,170,210,171,54,0.3176470588235294,פה,0.4176470588235294,גני עם,0.8142857142857143,
25,חיבת ציון,219,425,536,425,190,0.4470588235294118,פה,0.3788235294117647,חיבת ציון,0.792910447761194,
25,כפר ביאליק,220,352,474,353,178,0.5056818181818182,פה,0.3409090909090909,כפר ביאליק,0.7447257383966245,
25,עין עירון,223,320,423,320,78,0.24375,פה,0.465625,עין עירון,0.7565011820330969,
25,שושנת העמקים,224,317,443,318,211,0.6656151419558359,מחל,0.33753943217665616,שושנת העמקים,0.7178329571106095,
25,גן השומרון,225,479,642,479,142,0.2964509394572025,פה,0.4801670146137787,גן השומרון,0.7461059190031153,
25,גני תקווה,229,12704,16803,12736,6612,0.5204659949622166,פה,0.34768576826196473,גני תקווה,0.7579598881152175,
25,מעש,230,492,659,492,205,0.4166666666666667,פה,0.42886178861788615,מעש,0.7465857359635811,
25,שפיים,232,812,1042,813,147,0.1810344827586207,פה,0.3891625615763547,שפיים,0.7802303262955854,
25,כפר ידידיה,233,383,511,385,102,0.26631853785900783,פה,0.4908616187989556,כפר ידידיה,0.7534246575342466,
25,ביצרון,234,653,858,653,239,0.3660030627871363,פה,0.47166921898928027,ביצרון,0.7610722610722611,
25,חבצלת השרון,235,209,340,209,95,0.45454545454545453,פה,0.3397129186602871,חבצלת השרון,0.6147058823529412,
25,שער העמקים,237,431,562,435,51,0.11832946635730858,פה,0.33410672853828305,שער העמקים,0.7740213523131673,
25,גן חיים,239,430,544,433,121,0.2813953488372093,פה,0.46744186046511627,גן חיים,0.7959558823529411,
25,יקנעם עילית,240,12711,18933,12790,7711,0.606639918181103,מחל,0.33136653292423884,יקנעם עילית,0.6755400623250409,
25,יקנעם מושבה,241,757,1019,757,196,0.25891677675033026,פה,0.4900924702774108,יקנעם מושבה,0.7428851815505397,
25,בית השיטה,242,732,1051,736,205,0.28005464480874315,פה,0.39617486338797814,בית השיטה,0.7002854424357755,
25,נתיבות,246,21185,28166,21279,19958,0.9420816615529856,שס,0.4249704979938636,נתיבות,0.7554853369310516,
25,רשפון,247,674,920,675,194,0.2878338278931751,פה,0.5014836795252225,רשפון,0.7336956521739131,
25,בית שערים,248,392,526,393,119,0.30357142857142855,פה,0.45153061224489793,בית שערים,0.747148288973384,
25,כפר סירקין,249,792,999,793,313,0.3952020202020202,פה,0.4065656565656566,כפר סירקין,0.7937937937937938,
25,הזורע,250,622,917,623,80,0.12861736334405144,פה,0.3553054662379421,הזורע,0.6793893129770993,
25,ביתן אהרן,252,87,240,87,26,0.2988505747126437,פה,0.47126436781609193,ביתן אהרן,0.3625,
25,חולתה,253,349,482,349,89,0.25501432664756446,פה,0.3467048710601719,חולתה,0.7240663900414938,
25,כפר המכבי,254,235,323,235,56,0.23829787234042554,פה,0.5531914893617021,כפר המכבי,0.7275541795665634,
25,כפר חיטים,255,346,540,347,237,0.684971098265896,מחל,0.33815028901734107,כפר חיטים,0.6425925925925926,
25,ניר דוד תל עמל,256,457,641,461,70,0.15317286652078774,פה,0.45076586433260396,ניר דוד תל עמל,0.719188767550702,
25,נופך,257,329,406,332,257,0.7811550151975684,מחל,0.4376899696048632,נופך,0.8177339901477833,
25,שדה נחום,259,497,719,501,270,0.5432595573440644,פה,0.3038229376257545,שדה נחום,0.6968011126564673,
25,גינוסר,262,390,557,393,141,0.36153846153846153,פה,0.39487179487179486,גינוסר,0.7055655296229802,
25,מסדה,263,178,290,178,73,0.4101123595505618,כן,0.29775280898876405,מסדה,0.6137931034482759,
25,שער הגולן,264,346,490,346,69,0.1994219653179191,פה,0.37283236994219654,שער הגולן,0.7061224489795919,
25,בית יוסף,265,268,369,269,256,0.9552238805970149,מחל,0.5746268656716418,בית יוסף,0.7289972899728997,
25,כפר שמריהו,267,1243,1948,1249,404,0.3250201126307321,פה,0.48189863234111024,כפר שמריהו,0.641170431211499,
25,טירת צבי,268,424,562,425,363,0.8561320754716981,ט,0.29245283018867924,טירת צבי,0.7562277580071174,
25,מולדת,269,604,883,605,212,0.3509933774834437,פה,0.4586092715231788,מולדת,0.6851642129105323,
25,עין השופט,270,534,909,535,80,0.149812734082397,פה,0.31273408239700373,עין השופט,0.5885588558855885,
25,מעוז חיים,272,303,499,303,88,0.29042904290429045,פה,0.3927392739273927,מעוז חיים,0.6072144288577155,
25,עין גב,273,300,473,302,81,0.27,פה,0.3,עין גב,0.638477801268499,
25,כפר מנחם,274,687,940,689,135,0.1965065502183406,פה,0.4163027656477438,כפר מנחם,0.7329787234042553,
25,צור משה,276,1477,1967,1479,482,0.3263371699390657,פה,0.48408937034529453,צור משה,0.7519064565327911,
25,אושה,278,287,403,289,89,0.31010452961672474,פה,0.43902439024390244,אושה,0.71712158808933,
25,חניתה,280,447,726,447,133,0.2975391498881432,פה,0.3221476510067114,חניתה,0.6157024793388429,
25,פקיעין חדשה,281,281,355,282,267,0.9501779359430605,מחל,0.4804270462633452,פקיעין חדשה,0.7943661971830986,
25,שבי ציון,282,625,944,625,288,0.4608,פה,0.3568,שבי ציון,0.6620762711864406,
25,שדה ורבורג,284,733,1019,737,165,0.22510231923601637,פה,0.49931787175989084,שדה ורבורג,0.7232580961727183,
25,אלונים,285,393,521,395,94,0.23918575063613232,פה,0.44529262086513993,אלונים,0.7581573896353166,
25,מעלה החמישה,286,422,589,423,105,0.24881516587677724,פה,0.3696682464454976,מעלה החמישה,0.7181663837011885,
25,תל יצחק,287,227,683,229,72,0.31718061674008813,פה,0.3876651982378855,תל יצחק,0.33528550512445093,
25,בית יהושע,288,579,793,582,163,0.2815198618307427,פה,0.47150259067357514,בית יהושע,0.733921815889029,
25,עין המפרץ,289,537,733,539,89,0.16573556797020483,פה,0.35195530726256985,עין המפרץ,0.7353342428376535,
25,מעין צבי,290,481,684,482,137,0.28482328482328484,פה,0.40540540540540543,מעין צבי,0.7046783625730995,
25,שרונה,292,332,441,333,153,0.4608433734939759,פה,0.3042168674698795,שרונה,0.7551020408163265,
25,שדה יואב,293,302,398,303,64,0.2119205298013245,פה,0.4139072847682119,שדה יואב,0.7613065326633166,
25,אילון,294,638,878,638,190,0.29780564263322884,פה,0.2946708463949843,אילון,0.7266514806378133,
25,כפר רופין,295,270,401,273,88,0.32592592592592595,פה,0.34074074074074073,כפר רופין,0.6807980049875312,
25,נווה איתן,296,118,190,119,48,0.4067796610169492,אמת,0.2542372881355932,נווה איתן,0.6263157894736842,
25,כפר מסריק,297,431,620,431,98,0.2273781902552204,פה,0.3990719257540603,כפר מסריק,0.6951612903225807,
25,מסילות,298,279,437,281,82,0.2939068100358423,פה,0.35842293906810035,מסילות,0.6430205949656751,
25,דליה,300,500,690,500,58,0.116,פה,0.388,דליה,0.7246376811594203,
25,בית עוזיאל,301,367,479,368,280,0.7629427792915532,מחל,0.3651226158038147,בית עוזיאל,0.7682672233820459,
25,דפנה,302,472,650,472,132,0.2796610169491525,פה,0.3983050847457627,דפנה,0.7261538461538461,
25,דן,303,394,543,394,69,0.1751269035532995,פה,0.42385786802030456,דן,0.7255985267034991,
25,שדה אליהו,304,396,650,398,343,0.8661616161616161,ט,0.3686868686868687,שדה אליהו,0.6123076923076923,
25,גשר,305,250,405,251,63,0.252,פה,0.344,גשר,0.6197530864197531,
25,שדמות דבורה,306,386,495,387,122,0.3160621761658031,פה,0.49740932642487046,שדמות דבורה,0.7818181818181819,
25,הזורעים,307,447,575,447,420,0.9395973154362416,ט,0.5682326621923938,הזורעים,0.7773913043478261,
25,מחניים,308,405,589,406,177,0.43703703703703706,פה,0.2740740740740741,מחניים,0.6893039049235993,
25,נהורה,309,716,972,718,600,0.8379888268156425,מחל,0.42178770949720673,נהורה,0.7386831275720165,
25,כפר גליקסון,310,207,291,207,48,0.2318840579710145,פה,0.4251207729468599,כפר גליקסון,0.711340206185567,
25,גן שורק,311,196,266,197,98,0.5,פה,0.3826530612244898,גן שורק,0.7406015037593985,
25,נווה ים,312,155,211,155,85,0.5483870967741935,פה,0.2838709677419355,נווה ים,0.7345971563981043,
25,אפק,313,416,544,418,119,0.2860576923076923,פה,0.4639423076923077,אפק,0.7683823529411765,
25,נגבה,315,474,726,475,132,0.27848101265822783,פה,0.39662447257383965,נגבה,0.6542699724517906,
25,כפר נטר,316,544,706,544,170,0.3125,פה,0.4485294117647059,כפר נטר,0.7705382436260623,
25,בית אורן,317,229,358,229,73,0.31877729257641924,פה,0.2794759825327511,בית אורן,0.6396648044692738,
25,עמיעוז,318,163,223,163,134,0.8220858895705522,מחל,0.44171779141104295,עמיעוז,0.7309417040358744,
25,עמיר,319,375,532,375,80,0.21333333333333335,פה,0.29333333333333333,עמיר,0.7048872180451128,
25,כפר ורבורג,320,651,853,652,298,0.4577572964669739,פה,0.3763440860215054,כפר ורבורג,0.7643610785463072,
25,בית הלל,322,404,600,405,135,0.3341584158415842,פה,0.41336633663366334,בית הלל,0.675,
25,שאר ישוב,324,305,425,305,156,0.5114754098360655,פה,0.35737704918032787,שאר ישוב,0.7176470588235294,
25,מצובה,325,596,882,596,251,0.4211409395973154,פה,0.38422818791946306,מצובה,0.6757369614512472,
25,בית יצחקשער חפר,326,1257,1658,1265,392,0.3118536197295147,פה,0.47573587907716786,בית יצחקשער חפר,0.7629674306393245,
25,שדות ים,327,602,749,603,167,0.27740863787375414,פה,0.4568106312292359,שדות ים,0.8050734312416555,
25,שדה נחמיה,329,572,821,573,264,0.46153846153846156,פה,0.32517482517482516,שדה נחמיה,0.6979293544457978,
25,אלומות,330,227,333,228,93,0.40969162995594716,פה,0.31718061674008813,אלומות,0.6846846846846847,
25,ניר צבי,331,675,893,676,223,0.33037037037037037,פה,0.45925925925925926,ניר צבי,0.7569988801791714,
25,קבוצת יבנה,334,414,598,415,333,0.8043478260869565,כן,0.3188405797101449,קבוצת יבנה,0.6939799331103679,
25,רמת השופט,335,542,806,545,106,0.19557195571955718,פה,0.3948339483394834,רמת השופט,0.6761786600496278,
25,דורות,336,409,575,409,124,0.30317848410757947,פה,0.3691931540342298,דורות,0.711304347826087,
25,איבים,338,65,188,65,61,0.9384615384615385,מחל,0.4461538461538462,איבים,0.34574468085106386,
25,רמת צבי,339,385,488,386,146,0.37922077922077924,פה,0.34545454545454546,רמת צבי,0.7909836065573771,
25,גת קיבוץ,340,437,624,438,106,0.2425629290617849,פה,0.40045766590389015,גת קיבוץ,0.7019230769230769,
25,גברעם,342,336,419,337,111,0.33035714285714285,פה,0.45535714285714285,גברעם,0.8042959427207638,
25,חמדיה,343,229,335,231,103,0.4497816593886463,פה,0.34497816593886466,חמדיה,0.6895522388059702,
25,מענית,344,471,588,472,93,0.19745222929936307,פה,0.37154989384288745,מענית,0.8027210884353742,
25,כפר סאלד,345,375,533,378,97,0.25866666666666666,פה,0.41333333333333333,כפר סאלד,0.7091932457786116,
25,גליל ים,346,278,362,279,79,0.2841726618705036,פה,0.34172661870503596,גליל ים,0.7707182320441989,
25,מנרה,347,139,213,139,35,0.2517985611510791,אמת,0.31654676258992803,מנרה,0.6525821596244131,
25,ניר עם,348,316,460,316,157,0.49683544303797467,כן,0.2848101265822785,ניר עם,0.6869565217391305,
25,ניצן,351,1198,1588,1202,1167,0.9741235392320534,ט,0.498330550918197,ניצן,0.756926952141058,
25,גבולות,352,194,333,194,36,0.18556701030927836,פה,0.38144329896907214,גבולות,0.5825825825825826,
25,בית זיד,353,68,108,69,20,0.29411764705882354,פה,0.4264705882352941,בית זיד,0.6388888888888888,
25,רביבים,354,413,722,413,107,0.25907990314769974,פה,0.288135593220339,רביבים,0.5720221606648199,
25,חורשים,355,208,307,208,72,0.34615384615384615,פה,0.28846153846153844,חורשים,0.6775244299674267,
25,הגושרים,356,548,779,549,200,0.36496350364963503,פה,0.3813868613138686,הגושרים,0.7047496790757382,
25,כפר בלום,357,503,737,506,218,0.43339960238568587,פה,0.31610337972166996,כפר בלום,0.6865671641791045,
25,יד מרדכי,358,504,725,505,135,0.26785714285714285,פה,0.3531746031746032,יד מרדכי,0.696551724137931,
25,ניצנים,359,355,445,355,94,0.2647887323943662,פה,0.4112676056338028,ניצנים,0.797752808988764,
25,גבעת נילי,360,340,446,341,209,0.6147058823529412,מחל,0.4588235294117647,גבעת נילי,0.7645739910313901,
25,רוחמה,362,366,550,367,64,0.17486338797814208,פה,0.40437158469945356,רוחמה,0.6672727272727272,
25,חפץ חיים,363,307,370,308,301,0.9804560260586319,ט,0.5895765472312704,חפץ חיים,0.8324324324324325,
25,כפר אוריה,364,431,551,431,216,0.5011600928074246,פה,0.24129930394431554,כפר אוריה,0.7822141560798548,
25,בית קשת,365,340,496,342,62,0.18235294117647058,פה,0.3205882352941177,בית קשת,0.6895161290322581,
25,שמיר,366,488,707,490,115,0.23565573770491804,פה,0.375,שמיר,0.693069306930693,
25,עין העמק,367,497,627,497,425,0.8551307847082495,מחל,0.5010060362173038,עין העמק,0.7926634768740032,
25,ביריה,368,455,639,456,429,0.9428571428571428,מחל,0.421978021978022,ביריה,0.7136150234741784,
25,גלעד אבן יצחק,369,286,368,286,61,0.21328671328671328,פה,0.4965034965034965,גלעד אבן יצחק,0.7771739130434783,
25,גזר,370,211,399,211,48,0.22748815165876776,פה,0.3744075829383886,גזר,0.5288220551378446,
25,רמות נפתלי,372,295,461,297,175,0.5932203389830508,פה,0.2745762711864407,רמות נפתלי,0.6442516268980477,
25,בית הלוי,373,416,544,416,119,0.2860576923076923,פה,0.47836538461538464,בית הלוי,0.7647058823529411,
25,חוקוק,374,329,495,331,84,0.2553191489361702,פה,0.3495440729483283,חוקוק,0.6686868686868687,
25,מגל,375,685,884,685,163,0.23795620437956205,פה,0.4321167883211679,מגל,0.7748868778280543,
25,עברון,376,518,700,520,104,0.20077220077220076,פה,0.36293436293436293,עברון,0.7428571428571429,
25,המעפיל,377,483,651,483,99,0.20496894409937888,פה,0.3995859213250518,המעפיל,0.7419354838709677,
25,משגב עם,378,175,272,177,39,0.22285714285714286,פה,0.3657142857142857,משגב עם,0.6507352941176471,
25,גאולים,379,528,721,529,346,0.6553030303030303,מחל,0.3087121212121212,גאולים,0.7337031900138696,
25,להבות הבשן,380,459,716,465,114,0.24836601307189543,פה,0.3464052287581699,להבות הבשן,0.6494413407821229,
25,מכמורת,382,742,1097,743,202,0.2722371967654987,פה,0.4582210242587601,מכמורת,0.6773017319963537,
25,עין הנציב,383,313,438,313,270,0.8626198083067093,ט,0.25878594249201275,עין הנציב,0.7146118721461188,
25,עמיעד,385,282,473,283,84,0.2978723404255319,פה,0.375886524822695,עמיעד,0.5983086680761099,
25,בני דרור,386,518,975,519,182,0.35135135135135137,פה,0.46332046332046334,בני דרור,0.5323076923076923,
25,כפר מונש,387,469,624,469,114,0.24307036247334754,פה,0.5245202558635395,כפר מונש,0.7516025641025641,
25,כפר קיש,388,337,491,338,149,0.4421364985163205,פה,0.40059347181008903,כפר קיש,0.6883910386965377,
25,בצרה,389,603,813,604,174,0.2885572139303483,פה,0.5091210613598673,בצרה,0.7429274292742928,
25,רגבה,390,623,856,625,217,0.34831460674157305,פה,0.4510433386837881,רגבה,0.7301401869158879,
25,גלאון,393,337,480,338,62,0.18397626112759644,פה,0.3798219584569733,גלאון,0.7041666666666667,
25,שובל,394,465,645,466,96,0.2064516129032258,פה,0.36129032258064514,שובל,0.7224806201550388,
25,משמר הנגב,395,559,863,562,186,0.33273703041144903,פה,0.37209302325581395,משמר הנגב,0.6512166859791425,
25,נבטים,396,625,790,626,463,0.7408,מחל,0.3104,נבטים,0.7924050632911392,
25,חצרים,397,607,832,607,128,0.21087314662273476,פה,0.38879736408566723,חצרים,0.7295673076923077,
25,שרשרת,398,211,280,211,208,0.985781990521327,מחל,0.4928909952606635,שרשרת,0.7535714285714286,
25,בארי,399,661,859,663,112,0.16944024205748864,אמת,0.35098335854765506,בארי,0.7718277066356228,
25,אבן שמואל,400,904,1069,905,893,0.9878318584070797,ט,0.5331858407079646,אבן שמואל,0.8465855940130963,
25,ניר יצחק,402,363,561,367,60,0.1652892561983471,מרצ,0.3774104683195592,ניר יצחק,0.6541889483065954,
25,אורים,403,247,463,249,72,0.291497975708502,פה,0.3360323886639676,אורים,0.5377969762419006,
25,נווה אילן,405,505,736,506,217,0.4297029702970297,פה,0.3405940594059406,נווה אילן,0.6875,
25,חצוראשדוד,406,483,693,484,78,0.16149068322981366,פה,0.37888198757763975,חצוראשדוד,0.6984126984126984,
25,דברת,407,258,372,258,89,0.3449612403100775,פה,0.42248062015503873,דברת,0.6935483870967742,
25,נאות מרדכי,408,379,539,383,109,0.287598944591029,פה,0.40105540897097625,נאות מרדכי,0.7105751391465677,
25,יחיעם,409,398,615,401,133,0.3341708542713568,פה,0.3316582914572864,יחיעם,0.6520325203252032,
25,צאלים,413,254,390,255,90,0.3543307086614173,פה,0.29133858267716534,צאלים,0.6538461538461539,
25,קלחים,414,298,383,299,183,0.6140939597315436,מחל,0.28523489932885904,קלחים,0.7806788511749347,
25,שוקדה,415,255,302,255,250,0.9803921568627451,ט,0.4392156862745098,שוקדה,0.8443708609271523,
25,מעין ברוך,416,322,489,322,96,0.2981366459627329,פה,0.391304347826087,מעין ברוך,0.6584867075664622,
25,יקום,417,439,577,441,65,0.1480637813211845,פה,0.39863325740318906,יקום,0.7642980935875217,
25,בני ציון,418,617,856,618,184,0.29821717990275526,פה,0.526742301458671,בני ציון,0.7219626168224299,
25,סעד,419,468,636,471,382,0.8162393162393162,ט,0.3034188034188034,סעד,0.7405660377358491,
25,משאבי שדה,421,276,455,276,63,0.22826086956521738,פה,0.39492753623188404,משאבי שדה,0.6065934065934065,
25,חרב לאת,422,426,587,426,171,0.4014084507042254,פה,0.38497652582159625,חרב לאת,0.7257240204429302,
25,העוגן,423,457,647,457,77,0.16849015317286653,פה,0.36980306345733044,העוגן,0.7063369397217929,
25,גבים,424,328,474,331,109,0.3323170731707317,פה,0.2896341463414634,גבים,0.6983122362869199,
25,משמרת,425,532,677,532,146,0.2744360902255639,פה,0.5131578947368421,משמרת,0.7858197932053176,
25,עין כרמל,426,405,543,405,95,0.2345679012345679,פה,0.43703703703703706,עין כרמל,0.7458563535911602,
25,כפר גלים,427,67,116,68,44,0.6567164179104478,מחל,0.31343283582089554,כפר גלים,0.5862068965517241,
25,ברור חיל,428,514,781,515,192,0.3735408560311284,פה,0.3424124513618677,ברור חיל,0.6594110115236875,
25,אלוני אבא,429,545,744,545,139,0.25504587155963304,פה,0.5137614678899083,אלוני אבא,0.7325268817204301,
25,בית לחם הגלילית,430,449,604,449,170,0.37861915367483295,פה,0.41648106904231624,בית לחם הגלילית,0.7433774834437086,
25,דלתון,431,528,655,531,520,0.9848484848484849,מחל,0.553030303030303,דלתון,0.8106870229007633,
25,שמרת,432,340,468,340,87,0.25588235294117645,פה,0.35294117647058826,שמרת,0.7264957264957265,
25,נחשולים,433,414,546,415,112,0.27053140096618356,פה,0.4613526570048309,נחשולים,0.76007326007326,
25,החותרים,434,458,611,460,98,0.21397379912663755,פה,0.44541484716157204,החותרים,0.7528641571194763,
25,נצר סרני,435,541,661,542,93,0.17190388170055454,פה,0.39371534195933455,נצר סרני,0.8199697428139183,
25,עין דור,436,570,927,572,137,0.24035087719298245,פה,0.4087719298245614,עין דור,0.6170442286947141,
25,רשפים,437,545,692,546,241,0.44220183486238535,פה,0.3100917431192661,רשפים,0.7890173410404624,
25,שלוחות,439,239,342,241,196,0.8200836820083682,ב,0.26359832635983266,שלוחות,0.7046783625730995,
25,יסודות,440,320,352,320,319,0.996875,ג,0.865625,יסודות,0.9090909090909091,
25,גדעונה,442,230,320,231,187,0.8130434782608695,מחל,0.4260869565217391,גדעונה,0.721875,
25,כפר הנשיא,443,402,742,402,106,0.263681592039801,פה,0.3681592039800995,כפר הנשיא,0.5417789757412399,
25,רגבים,444,318,447,320,84,0.2641509433962264,פה,0.39937106918238996,רגבים,0.7158836689038032,
25,רמות מנשה,445,706,927,706,123,0.17422096317280453,פה,0.43201133144475923,רמות מנשה,0.761596548004315,
25,אודים,446,614,833,617,191,0.31107491856677527,פה,0.44136807817589574,אודים,0.7406962785114045,
25,נורדיה,447,926,1531,928,425,0.458963282937365,פה,0.40712742980561556,נורדיה,0.6061397779229262,
25,בני עטרות,448,485,603,485,179,0.36907216494845363,פה,0.3958762886597938,בני עטרות,0.8043117744610282,
25,נחלים,449,727,903,729,683,0.9394773039889959,ט,0.4786795048143054,נחלים,0.8073089700996677,
25,בארות יצחק,450,260,384,262,221,0.85,ב,0.2653846153846154,בארות יצחק,0.6822916666666666,
25,יזרעאל,452,352,565,353,62,0.17613636363636365,פה,0.36363636363636365,יזרעאל,0.6247787610619469,
25,יפתח,453,386,563,389,88,0.22797927461139897,פה,0.46113989637305697,יפתח,0.6909413854351687,
25,סער,454,469,691,469,180,0.3837953091684435,פה,0.37100213219616207,סער,0.678726483357453,
25,שורש,456,476,1065,476,190,0.39915966386554624,פה,0.32983193277310924,שורש,0.4469483568075117,
25,גזית,457,469,684,469,84,0.1791044776119403,פה,0.36886993603411516,גזית,0.685672514619883,
25,רמת רזיאל,460,347,472,348,151,0.43515850144092216,פה,0.27953890489913547,רמת רזיאל,0.7372881355932204,
25,טל שחר,462,615,811,615,238,0.38699186991869916,פה,0.3642276422764228,טל שחר,0.7583230579531443,
25,געתון,463,393,569,393,136,0.3460559796437659,פה,0.2824427480916031,געתון,0.6906854130052724,
25,הראל,464,127,236,127,20,0.15748031496062992,פה,0.3543307086614173,הראל,0.538135593220339,
25,צובה,465,386,612,386,92,0.23834196891191708,פה,0.33678756476683935,צובה,0.630718954248366,
25,בית דגן,466,4174,5530,4192,3236,0.7752755150934355,מחל,0.38691902252036414,בית דגן,0.7580470162748644,
25,קרית עקרון,469,5889,8174,5940,5053,0.8580404143318051,מחל,0.4625573102394294,קרית עקרון,0.7266943968681184,
25,אבו גוש,472,2769,5094,2809,237,0.08559046587215602,ד,0.4561213434452871,אבו גוש,0.5514330585001963,
25,אבו סנאן,473,5382,10013,5458,827,0.15366034931252323,ום,0.3771832032701598,אבו סנאן,0.5450913812044342,
25,דחי,475,217,546,218,2,0.009216589861751152,ום,0.34101382488479265,דחי,0.3992673992673993,
25,אכסאל,478,5212,10342,5257,67,0.012854950115118956,ום,0.5199539524174981,אכסאל,0.5083156062657126,
25,בית גן,480,4832,9177,4867,770,0.15935430463576158,מרצ,0.6158940397350994,בית גן,0.5303476081508118,
25,מגאר,481,7377,17008,7489,1541,0.20889250372780263,עם,0.278297410871628,מגאר,0.44032220131702726,
25,בועיינהנוגידאת,482,3924,7076,4000,98,0.024974515800203875,עם,0.5583588175331294,בועיינהנוגידאת,0.5652911249293386,
25,בענה,483,3748,6004,3793,73,0.019477054429028817,עם,0.37780149413020275,בענה,0.6317455029980014,
25,גולס,485,2628,4974,2674,1091,0.415144596651446,ל,0.3165905631659056,גולס,0.5375954965822276,
25,גש גוש חלב,487,1263,2563,1271,77,0.06096595407759303,ום,0.3618368962787015,גש גוש חלב,0.49590323839250877,
25,דבוריה,489,4206,7492,4223,39,0.009272467902995721,ום,0.34973846885401805,דבוריה,0.563667912439936,
25,דייר אלאסד,490,6154,8873,6194,185,0.030061748456288593,עם,0.44995125121871954,דייר אלאסד,0.6980728051391863,
25,דייר חנא,492,5277,7818,5298,187,0.03543680121281031,ום,0.47773356073526624,דייר חנא,0.6776669224865695,
25,דאלית אלכרמל,494,7225,13249,7297,4227,0.5850519031141869,כן,0.5487889273356401,דאלית אלכרמל,0.5507585478149294,
25,חורפיש,496,2577,4836,2586,1550,0.6014745828482732,כן,0.5351183546759798,חורפיש,0.5347394540942928,
25,טייבה בעמק,497,601,1305,602,10,0.016638935108153077,עם,0.480865224625624,טייבה בעמק,0.46130268199233715,
25,טורעאן,498,4961,10111,5003,97,0.019552509574682523,ום,0.4634146341463415,טורעאן,0.494807635248739,
25,יפיע,499,6750,13860,6855,253,0.037481481481481484,ום,0.44266666666666665,יפיע,0.4945887445887446,
25,ירכא,502,5722,11387,5823,3324,0.5809157637189793,מחל,0.34428521495980424,ירכא,0.5113726178976026,
25,כאבול,504,6061,8670,6115,31,0.00511466754660947,ום,0.3600065995710279,כאבול,0.7053056516724336,
25,כאוכב אבו אלהיגא,505,1699,2804,1721,8,0.004708652148322542,ום,0.392583872866392,כאוכב אבו אלהיגא,0.6137660485021398,
25,כפר יאסיף,507,5237,8257,5275,223,0.04258163070460187,ום,0.5356119915982432,כפר יאסיף,0.6388518832505753,
25,כפר כמא,508,930,2685,946,240,0.25806451612903225,פה,0.28817204301075267,כפר כמא,0.3523277467411546,
25,כפר כנא,509,8221,15877,8340,256,0.031139764018975793,ד,0.3711227344605279,כפר כנא,0.5252881526736789,
25,כפר מנדא,510,8887,13756,8964,282,0.03173174299538652,ד,0.3501744120625633,כפר מנדא,0.6516429194533294,
25,עילוט,511,2612,5705,2647,134,0.05130168453292496,ום,0.3614088820826952,עילוט,0.46397896581945663,
25,כפר מצר,512,1044,1947,1053,53,0.05076628352490421,עם,0.47413793103448276,כפר מצר,0.5408320493066255,
25,עין ראפה,514,377,723,382,10,0.026525198938992044,ד,0.4270557029177719,עין ראפה,0.5283540802213001,
25,מגד אלכרום,516,7280,11017,7347,55,0.007554945054945055,ום,0.4581043956043956,מגד אלכרום,0.6668784605609512,
25,מזרעה,517,1939,3035,1955,23,0.01186178442496132,ום,0.37957710159876223,מזרעה,0.6441515650741351,
25,מעיליא,518,1724,2616,1741,60,0.03480278422273782,ום,0.4762180974477958,מעיליא,0.665519877675841,
25,משהד,520,2862,5972,2892,46,0.01607267645003494,עם,0.41823899371069184,משהד,0.4842598794373744,
25,עין נקובא,521,1096,1866,1103,57,0.05200729927007299,ום,0.5976277372262774,עין נקובא,0.5911039657020365,
25,נחף,522,5325,9181,5359,149,0.027981220657276994,ום,0.37183098591549296,נחף,0.5837054787060233,
25,ניין,523,738,1446,747,43,0.058265582655826556,ד,0.2940379403794038,ניין,0.516597510373444,
25,נאעורה,524,850,1590,860,24,0.02823529411764706,עם,0.4505882352941176,נאעורה,0.5408805031446541,
25,סאגור,525,1704,3223,1717,1309,0.7681924882629108,ב,0.4706572769953052,סאגור,0.5327334781259696,
25,סולם,526,1129,2136,1137,26,0.023029229406554472,עם,0.4526129317980514,סולם,0.5323033707865169,
25,שזור,527,214,274,214,194,0.9065420560747663,מחל,0.5887850467289719,שזור,0.781021897810219,
25,עוזייר,528,1080,2223,1090,6,0.005555555555555556,עם,0.44351851851851853,עוזייר,0.4903283850652272,
25,אעבלין,529,5672,9638,5716,170,0.029971791255289138,ום,0.4836036671368124,אעבלין,0.5930691014733347,
25,עיילבון,530,2759,4294,2768,267,0.0967741935483871,ום,0.3990576295759333,עיילבון,0.6446204005589194,
25,עראבה,531,10289,18203,10352,48,0.0046651764019827,ום,0.4381378170862086,עראבה,0.5686974674504203,
25,עין מאהל,532,5001,9688,5044,70,0.013997200559888023,ום,0.35012997400519896,עין מאהל,0.5206440957886045,
25,עספיא,534,4893,9560,4947,1773,0.3623543838136113,כן,0.32147966482730433,עספיא,0.5174686192468619,
25,פסוטה,535,1245,2701,1256,118,0.09477911646586346,ד,0.3461847389558233,פסוטה,0.4650129581636431,
25,פקיעין בוקייעה,536,2853,4639,2885,474,0.1661409043112513,ל,0.37504381352961796,פקיעין בוקייעה,0.6219012718258246,
25,פוריידיס,537,3531,9208,3566,71,0.02010761823845936,עם,0.3384310393656188,פוריידיס,0.3872719374456994,
25,שעב,538,3313,5247,3337,33,0.00996076063990341,ום,0.456987624509508,שעב,0.6359824661711454,
25,רומאנה,539,614,824,622,3,0.004885993485342019,ום,0.48534201954397393,רומאנה,0.7548543689320388,
25,ריחאניה,540,482,956,488,131,0.2717842323651452,כן,0.23443983402489627,ריחאניה,0.5104602510460251,
25,גסר אזרקא,541,4108,9560,4147,73,0.01777020447906524,ום,0.4118792599805258,גסר אזרקא,0.4337866108786611,
25,ריינה,542,6230,11959,6313,115,0.018459069020866775,ד,0.36565008025682183,ריינה,0.527886947069153,
25,ראמה,543,3598,6574,3634,490,0.13618677042801555,ום,0.35825458588104503,ראמה,0.5527836933373897,
25,עין אלאסד,546,326,685,328,95,0.29141104294478526,ל,0.40797546012269936,עין אלאסד,0.47883211678832116,
25,טמרה יזרעאל,547,498,1115,510,16,0.0321285140562249,עם,0.4357429718875502,טמרה יזרעאל,0.45739910313901344,
25,גנות הדר,549,545,749,545,288,0.5284403669724771,פה,0.3908256880733945,גנות הדר,0.7276368491321762,
25,ניר בנים,553,459,604,460,161,0.35076252723311546,פה,0.4226579520697168,ניר בנים,0.7615894039735099,
25,שדמה,555,277,384,278,98,0.35379061371841153,פה,0.4223826714801444,שדמה,0.7239583333333334,
25,בוסתן הגליל,559,562,748,563,326,0.5800711743772242,פה,0.304270462633452,בוסתן הגליל,0.7526737967914439,
25,בית אלעזרי,562,818,1088,818,461,0.5635696821515892,פה,0.3080684596577017,בית אלעזרי,0.7518382352941176,
25,משמר דוד,563,614,735,616,249,0.40553745928338764,פה,0.3697068403908795,משמר דוד,0.8380952380952381,
25,רבדים,564,468,643,468,86,0.18376068376068377,פה,0.3717948717948718,רבדים,0.7278382581648523,
25,אזור,565,6823,10054,6864,4748,0.6958815770189066,מחל,0.33914700278469884,אזור,0.6827133479212254,
25,צרעה,567,544,836,545,97,0.17830882352941177,אמת,0.2977941176470588,צרעה,0.6519138755980861,
25,מעונה,570,480,673,482,359,0.7479166666666667,מחל,0.4166666666666667,מעונה,0.7161961367013373,
25,בית גמליאל,571,569,755,570,524,0.9209138840070299,ט,0.3427065026362039,בית גמליאל,0.7549668874172185,
25,בית העמק,572,371,539,371,67,0.18059299191374664,פה,0.40970350404312667,בית העמק,0.6883116883116883,
25,מבקיעים,573,296,390,296,224,0.7567567567567568,מחל,0.36824324324324326,מבקיעים,0.7589743589743589,
25,גשר הזיו,574,811,1262,813,395,0.4870530209617756,פה,0.32305795314426633,גשר הזיו,0.6442155309033281,
25,יסעור,575,406,581,409,115,0.2832512315270936,פה,0.45566502463054187,יסעור,0.7039586919104991,
25,כברי,576,626,890,627,159,0.2539936102236422,פה,0.40415335463258784,כברי,0.7044943820224719,
25,יד בנימין,577,1871,2411,1875,1844,0.985569214323891,ט,0.5836451095670764,יד בנימין,0.7776856076316881,
25,סאסא,578,289,414,289,43,0.14878892733564014,מרצ,0.3391003460207612,סאסא,0.6980676328502415,
25,כפר ראש הנקרה,579,742,1079,746,336,0.4528301886792453,פה,0.3194070080862534,כפר ראש הנקרה,0.6913809082483782,
25,כרם מהרל,580,481,673,481,129,0.2681912681912682,פה,0.49480249480249483,כרם מהרל,0.7147102526002972,
25,כפר הנגיד,582,566,761,568,272,0.48056537102473496,פה,0.39399293286219084,כפר הנגיד,0.7463863337713534,
25,זיקים,584,509,757,514,185,0.36345776031434185,פה,0.3104125736738703,זיקים,0.678996036988111,
25,לביא,585,354,523,355,314,0.8870056497175142,ט,0.3757062146892655,לביא,0.6787762906309751,
25,מגידו,586,504,682,504,123,0.24404761904761904,פה,0.4444444444444444,מגידו,0.7390029325513197,
25,סביון,587,2681,3985,2685,1064,0.3968668407310705,פה,0.42596046251398734,סביון,0.6737766624843162,
25,בני ראם,588,722,927,723,698,0.9667590027700831,ט,0.4182825484764543,בני ראם,0.7799352750809061,
25,בצת,589,296,378,297,150,0.5067567567567568,פה,0.3344594594594595,בצת,0.7857142857142857,
25,נווה אור,590,228,345,229,73,0.3201754385964912,פה,0.39035087719298245,נווה אור,0.663768115942029,
25,עשרת,591,642,881,643,208,0.32398753894080995,פה,0.4937694704049844,עשרת,0.7298524404086265,
25,בני דרום,592,441,550,445,408,0.9251700680272109,ט,0.4036281179138322,בני דרום,0.8090909090909091,
25,ערוגות,593,553,695,554,283,0.5117540687160941,פה,0.32007233273056057,ערוגות,0.7971223021582734,
25,צפריה,594,439,553,439,406,0.9248291571753986,ט,0.4214123006833713,צפריה,0.7938517179023508,
25,לוחמי הגיטאות,595,456,597,458,149,0.3267543859649123,פה,0.3793859649122807,לוחמי הגיטאות,0.7671691792294807,
25,מלכיה,596,248,416,251,64,0.25806451612903225,פה,0.3588709677419355,מלכיה,0.6033653846153846,
25,פלמחים,597,454,638,455,127,0.27973568281938327,פה,0.3700440528634361,פלמחים,0.713166144200627,
25,בית קמה,598,565,751,565,169,0.2991150442477876,פה,0.4283185840707965,בית קמה,0.7523302263648469,
25,פרוד,599,297,435,301,106,0.3569023569023569,פה,0.4006734006734007,פרוד,0.6919540229885057,
25,נירים,602,292,416,292,72,0.2465753424657534,פה,0.3253424657534247,נירים,0.7019230769230769,
25,אלקוש,603,170,256,170,155,0.9117647058823529,מחל,0.4470588235294118,אלקוש,0.6640625,
25,בית עריף,604,606,773,608,518,0.8547854785478548,מחל,0.43564356435643564,בית עריף,0.7865459249676585,
25,כפר שמאי,605,252,349,252,237,0.9404761904761905,מחל,0.43253968253968256,כפר שמאי,0.7220630372492837,
25,מזור,606,605,844,608,185,0.30578512396694213,פה,0.5107438016528926,מזור,0.7203791469194313,
25,מירון,607,327,526,327,314,0.9602446483180428,ט,0.363914373088685,מירון,0.6216730038022814,
25,כפר חושן,609,432,617,433,415,0.9606481481481481,מחל,0.45601851851851855,כפר חושן,0.7017828200972447,
25,סתריה,610,604,800,606,220,0.36423841059602646,פה,0.3956953642384106,סתריה,0.7575,
25,צרופה,612,554,747,554,405,0.7310469314079422,מחל,0.3140794223826715,צרופה,0.7416331994645248,
25,ציפורי,613,485,700,485,194,0.4,פה,0.3917525773195876,ציפורי,0.6928571428571428,
25,שומרה,614,203,310,203,182,0.896551724137931,מחל,0.5763546798029556,שומרה,0.6548387096774193,
25,קדרון,615,918,1230,920,268,0.29193899782135074,פה,0.477124183006536,קדרון,0.7479674796747967,
25,רינתיה,616,523,692,526,308,0.5889101338432122,מחל,0.3326959847036329,רינתיה,0.7601156069364162,
25,ברקאי,617,333,535,336,40,0.12012012012012012,מרצ,0.36936936936936937,ברקאי,0.6280373831775701,
25,חדיד,618,506,650,507,432,0.8537549407114624,מחל,0.4209486166007905,חדיד,0.78,
25,בית גוברין,619,227,302,227,46,0.2026431718061674,פה,0.4801762114537445,בית גוברין,0.7516556291390728,
25,משואות יצחק,620,374,450,375,331,0.8850267379679144,ט,0.40106951871657753,משואות יצחק,0.8333333333333334,
25,עין צורים,622,381,470,382,318,0.8346456692913385,ט,0.26246719160104987,עין צורים,0.8127659574468085,
25,יראון,623,217,367,219,41,0.1889400921658986,פה,0.4423963133640553,יראון,0.5967302452316077,
25,גלגוליה,627,4746,6876,4779,29,0.006110408765276022,עם,0.6110408765276022,גלגוליה,0.6950261780104712,
25,גת,628,3414,8694,3463,34,0.00995899238429994,ד,0.45840656121851203,גת,0.39832068092937656,
25,כפר ברא,633,1656,2576,1669,10,0.006038647342995169,עם,0.6944444444444444,כפר ברא,0.6479037267080745,
25,כפר קאסם,634,10895,16449,11001,85,0.007801743919229004,עם,0.6750803120697567,כפר קאסם,0.6687944555900055,
25,מוקייבלה,635,1112,2769,1128,5,0.0044964028776978415,ום,0.4073741007194245,מוקייבלה,0.40736728060671723,
25,צנדלה,636,476,1318,483,2,0.004201680672268907,ד,0.4789915966386555,צנדלה,0.36646433990895294,
25,ערערה,637,7393,14219,7458,117,0.015825781144325715,ד,0.4505613418098201,ערערה,0.5245094591743442,
25,קלנסווה,638,8290,15420,8369,120,0.014475271411338963,ום,0.4154402895054282,קלנסווה,0.5427367055771725,
25,מצר,648,298,430,299,21,0.07046979865771812,מרצ,0.40939597315436244,מצר,0.6953488372093023,
25,מייסר,649,593,1424,599,5,0.008431703204047217,ום,0.40640809443507586,מייסר,0.42064606741573035,
25,אבטין,652,867,1935,875,27,0.031141868512110725,עם,0.6170703575547867,אבטין,0.45219638242894056,
25,כפר קרע,654,8489,13735,8544,103,0.012133349039934032,עם,0.5028860878784309,כפר קרע,0.6220604295595195,
25,שייח דנון,658,1177,2134,1191,7,0.00594732370433305,ד,0.33305012744265083,שייח דנון,0.5581068416119962,
25,שער אפרים,661,991,1352,993,660,0.6659939455095862,מחל,0.3218970736629667,שער אפרים,0.7344674556213018,
25,חוסן,662,554,789,558,466,0.8411552346570397,מחל,0.5054151624548736,חוסן,0.7072243346007605,
25,טירת יהודה,663,649,823,650,614,0.9460708782742681,מחל,0.38212634822804314,טירת יהודה,0.7897934386391251,
25,כרם בן זמרה,664,298,404,299,278,0.9328859060402684,מחל,0.47651006711409394,כרם בן זמרה,0.7400990099009901,
25,תקומה,665,414,514,415,380,0.9178743961352657,מחל,0.34299516908212563,תקומה,0.8073929961089494,
25,עומר,666,4578,6642,4588,2531,0.552861511577108,פה,0.2874617737003058,עומר,0.6907557964468534,
25,ברעם,667,367,547,369,55,0.14986376021798364,פה,0.38419618528610355,ברעם,0.6745886654478976,
25,מפלסים,668,494,722,498,202,0.4089068825910931,פה,0.33805668016194335,מפלסים,0.6897506925207756,
25,משמר איילון,670,337,404,337,192,0.56973293768546,פה,0.26112759643916916,משמר איילון,0.8341584158415841,
25,בית נקופה,672,368,498,371,215,0.5842391304347826,מחל,0.266304347826087,בית נקופה,0.7449799196787149,
25,כפר טרומן,673,454,586,455,234,0.5154185022026432,פה,0.34140969162995594,כפר טרומן,0.7764505119453925,
25,לימן,674,386,570,388,220,0.5699481865284974,פה,0.35233160621761656,לימן,0.6807017543859649,
25,הבונים,675,203,315,203,37,0.18226600985221675,פה,0.5172413793103449,הבונים,0.6444444444444445,
25,עין השלושה,676,174,299,175,46,0.26436781609195403,פה,0.5114942528735632,עין השלושה,0.5852842809364549,
25,הסוללים,677,557,760,557,183,0.32854578096947934,פה,0.4506283662477558,הסוללים,0.7328947368421053,
25,מעגן,678,211,328,214,104,0.4928909952606635,פה,0.3459715639810427,מעגן,0.6524390243902439,
25,אביאל,679,402,547,405,171,0.4253731343283582,פה,0.31592039800995025,אביאל,0.7404021937842779,
25,אומץ,680,397,537,398,141,0.35516372795969775,פה,0.4332493702770781,אומץ,0.7411545623836127,
25,גבעת שמואל,681,15059,20150,15097,11624,0.7718972043296367,ט,0.2395245368218341,גבעת שמואל,0.7492307692307693,
25,אליקים,682,454,623,456,425,0.9361233480176211,מחל,0.43171806167400884,אליקים,0.7319422150882825,
25,גבע כרמל,683,550,729,550,301,0.5472727272727272,פה,0.3236363636363636,גבע כרמל,0.7544581618655692,
25,היוגב,684,500,618,501,146,0.292,פה,0.512,היוגב,0.8106796116504854,
25,בניה,685,484,616,486,226,0.4669421487603306,פה,0.3925619834710744,בניה,0.788961038961039,
25,נווה ימין,686,701,951,702,542,0.7731811697574893,מחל,0.42938659058487877,נווה ימין,0.7381703470031545,
25,עין איילה,687,562,788,562,177,0.31494661921708184,פה,0.45373665480427045,עין איילה,0.7131979695431472,
25,עלמה,688,458,595,461,441,0.962882096069869,מחל,0.519650655021834,עלמה,0.7747899159663866,
25,מגדים,689,633,842,634,393,0.6208530805687204,מחל,0.2938388625592417,מגדים,0.7529691211401425,
25,כפר אחים,690,411,533,412,322,0.7834549878345499,כן,0.3236009732360097,כפר אחים,0.7729831144465291,
25,שפיר,692,455,565,456,360,0.7912087912087912,מחל,0.38461538461538464,שפיר,0.8070796460176991,
25,נתיב הלה,693,370,501,370,72,0.1945945945945946,פה,0.3810810810810811,נתיב הלה,0.7385229540918163,
25,מעגן מיכאל,694,1100,1738,1105,201,0.18272727272727274,פה,0.3563636363636364,מעגן מיכאל,0.6357882623705409,
25,מגן,695,315,468,315,48,0.1523809523809524,פה,0.3746031746031746,מגן,0.6730769230769231,
25,כפר חבד,696,2939,4371,2942,2905,0.9884314392650562,ט,0.5627764545763865,כפר חבד,0.6730725234500115,
25,בארותיים,697,583,754,585,199,0.34133790737564323,פה,0.4528301886792453,בארותיים,0.7758620689655172,
25,בורגתה,698,617,835,617,314,0.5089141004862237,פה,0.353322528363047,בורגתה,0.7389221556886227,
25,ניר ישראל,699,464,616,465,258,0.5560344827586207,פה,0.3297413793103448,ניר ישראל,0.7548701298701299,
25,חצב,700,701,903,703,573,0.8174037089871612,מחל,0.3566333808844508,חצב,0.778516057585825,
25,ארבל,701,369,497,370,264,0.7154471544715447,מחל,0.3224932249322493,ארבל,0.744466800804829,
25,האון,702,84,157,84,23,0.27380952380952384,פה,0.34523809523809523,האון,0.535031847133758,
25,גבעת עוז,703,254,409,255,69,0.27165354330708663,פה,0.36220472440944884,גבעת עוז,0.6234718826405868,
25,נחשונים,705,256,363,256,49,0.19140625,פה,0.35546875,נחשונים,0.7052341597796143,
25,גיאה,706,430,574,431,204,0.4744186046511628,פה,0.3697674418604651,גיאה,0.7508710801393729,
25,כפר דניאל,707,362,505,362,99,0.27348066298342544,פה,0.46685082872928174,כפר דניאל,0.7168316831683168,
25,עמקה,708,452,610,456,425,0.9402654867256637,מחל,0.4778761061946903,עמקה,0.7475409836065574,
25,תפרח,709,944,1082,953,933,0.9883474576271186,ג,0.7097457627118644,תפרח,0.8807763401109058,
25,בית זית,710,809,1126,812,349,0.43139678615574784,פה,0.2941903584672435,בית זית,0.7211367673179396,
25,עזריה,711,685,809,686,637,0.92992700729927,מחל,0.5605839416058395,עזריה,0.8479604449938195,
25,בן עמי,712,397,558,399,221,0.5566750629722922,פה,0.2795969773299748,בן עמי,0.7150537634408602,
25,רעים,713,281,387,282,51,0.18149466192170818,פה,0.398576512455516,רעים,0.7286821705426356,
25,ארז,714,321,473,322,108,0.3364485981308411,פה,0.37383177570093457,ארז,0.6807610993657506,
25,להבות חביבה,715,492,653,494,131,0.266260162601626,פה,0.42073170731707316,להבות חביבה,0.7565084226646248,
25,אייל,716,333,410,333,56,0.16816816816816818,פה,0.4624624624624625,אייל,0.8121951219512196,
25,חגור,717,579,729,580,268,0.46286701208981,פה,0.3903281519861831,חגור,0.7956104252400549,
25,ירחיב,718,605,822,607,486,0.8033057851239669,מחל,0.44958677685950416,ירחיב,0.7384428223844283,
25,תל קציר,719,247,358,250,80,0.32388663967611336,פה,0.4048582995951417,תל קציר,0.6983240223463687,
25,ניר גלים,720,522,664,524,494,0.946360153256705,ט,0.3544061302681992,ניר גלים,0.7891566265060241,
25,שדה אילן,721,340,419,340,317,0.9323529411764706,ט,0.36176470588235293,שדה אילן,0.8114558472553699,
25,מגשימים,722,518,686,519,212,0.4092664092664093,פה,0.43243243243243246,מגשימים,0.7565597667638484,
25,בית הגדי,723,491,595,491,474,0.9653767820773931,מחל,0.5437881873727087,בית הגדי,0.8252100840336134,
25,הודיה,726,363,535,365,297,0.8181818181818182,מחל,0.4380165289256198,הודיה,0.6822429906542056,
25,תלמי יחיאל,727,462,634,464,300,0.6493506493506493,פה,0.2683982683982684,תלמי יחיאל,0.7318611987381703,
25,משמר השבעה,729,551,716,555,296,0.5372050816696915,פה,0.3393829401088929,משמר השבעה,0.7751396648044693,
25,אליפלט,730,391,504,391,371,0.948849104859335,מחל,0.5805626598465473,אליפלט,0.7757936507936508,
25,מישר,731,384,486,386,141,0.3671875,פה,0.4348958333333333,מישר,0.7942386831275721,
25,משמר הירדן,732,434,582,435,324,0.7465437788018433,מחל,0.4400921658986175,משמר הירדן,0.7474226804123711,
25,גן יאשיה,734,515,678,516,145,0.2815533980582524,פה,0.4893203883495146,גן יאשיה,0.7610619469026548,
25,רמות מאיר,735,387,553,391,186,0.4806201550387597,פה,0.35142118863049093,רמות מאיר,0.7070524412296564,
25,גילת,736,865,1119,869,751,0.8682080924855491,מחל,0.4416184971098266,גילת,0.7765862377122431,
25,עולש,737,579,787,580,244,0.4214162348877375,פה,0.4317789291882556,עולש,0.7369758576874206,
25,דור,738,214,286,214,109,0.5093457943925234,פה,0.32710280373831774,דור,0.7482517482517482,
25,שדה עוזיהו,739,849,1026,851,810,0.9540636042402827,מחל,0.5441696113074205,שדה עוזיהו,0.8294346978557505,
25,אשתאול,740,598,757,599,483,0.8076923076923077,מחל,0.3996655518394649,אשתאול,0.7912813738441216,
25,שואבה,741,339,462,341,171,0.504424778761062,מחל,0.2890855457227139,שואבה,0.7380952380952381,
25,מסילת ציון,742,579,711,579,289,0.4991364421416235,פה,0.28324697754749567,מסילת ציון,0.8143459915611815,
25,כפר שמואל,743,504,616,505,200,0.3968253968253968,פה,0.4007936507936508,כפר שמואל,0.8198051948051948,
25,תלמי יפה,744,386,526,386,216,0.5595854922279793,פה,0.32642487046632124,תלמי יפה,0.7338403041825095,
25,גמזו,745,544,692,544,510,0.9375,ט,0.43933823529411764,גמזו,0.7861271676300579,
25,ברכיה,746,693,793,694,678,0.9783549783549783,מחל,0.3463203463203463,ברכיה,0.8751576292559899,
25,בית שקמה,747,421,575,425,393,0.9334916864608076,מחל,0.4156769596199525,בית שקמה,0.7391304347826086,
25,מסלול,748,409,546,409,336,0.8215158924205379,מחל,0.4180929095354523,מסלול,0.7490842490842491,
25,פטיש,749,576,683,580,553,0.9600694444444444,מחל,0.4357638888888889,פטיש,0.849194729136164,
25,פדויים,750,256,347,257,228,0.890625,מחל,0.41796875,פדויים,0.7406340057636888,
25,בית מאיר,751,245,341,245,232,0.9469387755102041,ט,0.3346938775510204,בית מאיר,0.718475073313783,
25,תעוז,752,343,433,344,256,0.7463556851311953,מחל,0.34402332361516036,תעוז,0.7944572748267898,
25,ינוב,753,456,621,460,268,0.5877192982456141,מחל,0.3048245614035088,ינוב,0.7407407407407407,
25,גורן,755,265,344,266,255,0.9622641509433962,מחל,0.5849056603773585,גורן,0.7732558139534884,
25,בית עזרא,756,642,833,645,469,0.7305295950155763,מחל,0.32866043613707163,בית עזרא,0.7743097238895558,
25,מצליח,757,718,958,727,592,0.8245125348189415,מחל,0.47493036211699163,מצליח,0.7588726513569938,
25,יד חנה,758,483,604,485,165,0.3416149068322981,פה,0.43685300207039335,יד חנה,0.8029801324503312,
25,יציץ,759,438,579,440,389,0.8881278538812786,מחל,0.4520547945205479,יציץ,0.7599309153713298,
25,בן זכאי,760,490,584,491,479,0.9775510204081632,מחל,0.5020408163265306,בן זכאי,0.8407534246575342,
25,שובה,761,346,448,347,340,0.9826589595375722,מחל,0.44508670520231214,שובה,0.7745535714285714,
25,בטחה,762,515,629,515,499,0.9689320388349515,מחל,0.5087378640776699,בטחה,0.8187599364069952,
25,שתולים,763,1127,1460,1133,945,0.8385093167701864,מחל,0.40638864241348716,שתולים,0.7760273972602739,
25,כפר מרדכי,764,364,478,364,114,0.3131868131868132,פה,0.42032967032967034,כפר מרדכי,0.7615062761506276,
25,משגב דב,765,390,521,392,164,0.4205128205128205,פה,0.38974358974358975,משגב דב,0.7523992322456814,
25,קוממיות,766,205,258,205,205,1.0,ג,0.9365853658536586,קוממיות,0.7945736434108527,
25,פורת,767,681,924,685,636,0.933920704845815,מחל,0.434654919236417,פורת,0.7413419913419913,
25,כרמיה,768,338,461,340,149,0.4408284023668639,פה,0.30177514792899407,כרמיה,0.737527114967462,
25,ניר עציון,769,308,431,308,264,0.8571428571428571,ט,0.37987012987012986,ניר עציון,0.7146171693735499,
25,מבוא ביתר,771,489,675,491,324,0.6625766871165644,מחל,0.30265848670756645,מבוא ביתר,0.7274074074074074,
25,אמונים,772,526,735,528,383,0.7281368821292775,מחל,0.30988593155893535,אמונים,0.7183673469387755,
25,עמיקם,773,394,548,394,143,0.3629441624365482,פה,0.39086294416243655,עמיקם,0.718978102189781,
25,צוריאל,774,224,330,224,208,0.9285714285714286,מחל,0.4955357142857143,צוריאל,0.6787878787878788,
25,יד נתן,775,306,419,308,162,0.5294117647058824,פה,0.35947712418300654,יד נתן,0.7350835322195705,
25,מחסיה,776,254,311,255,244,0.9606299212598425,מחל,0.39763779527559057,מחסיה,0.819935691318328,
25,נחשון,777,351,478,352,48,0.13675213675213677,פה,0.3504273504273504,נחשון,0.7364016736401674,
25,תרום,778,494,616,494,455,0.9210526315789473,מחל,0.4068825910931174,תרום,0.801948051948052,
25,עמינדב,779,463,652,467,299,0.6457883369330454,מחל,0.32181425485961124,עמינדב,0.7162576687116564,
25,אורה,780,593,831,596,451,0.760539629005059,מחל,0.3136593591905565,אורה,0.717208182912154,
25,אבן ספיר,783,368,506,369,296,0.8043478260869565,מחל,0.49184782608695654,אבן ספיר,0.7292490118577075,
25,בית נחמיה,784,487,647,489,306,0.6283367556468172,מחל,0.2813141683778234,בית נחמיה,0.7557959814528593,
25,אחיהוד,785,540,714,544,521,0.9648148148148148,מחל,0.44814814814814813,אחיהוד,0.7619047619047619,
25,כפר זיתים,786,351,473,352,332,0.9458689458689459,מחל,0.5242165242165242,כפר זיתים,0.7441860465116279,
25,גבעת יערים,787,650,916,653,438,0.6738461538461539,מחל,0.3230769230769231,גבעת יערים,0.712882096069869,
25,זיתן,788,673,818,674,620,0.9212481426448736,מחל,0.5542347696879644,זיתן,0.823960880195599,
25,רנן,789,344,468,347,281,0.8168604651162791,מחל,0.37790697674418605,רנן,0.7414529914529915,
25,משען,791,569,725,569,521,0.9156414762741653,מחל,0.5096660808435852,משען,0.7848275862068965,
25,נתיב השיירה,792,309,419,309,222,0.7184466019417476,מחל,0.31715210355987056,נתיב השיירה,0.7374701670644391,
25,גבעתי,793,523,677,523,474,0.9063097514340345,מחל,0.4168260038240918,גבעתי,0.7725258493353028,
25,עגור,794,245,327,247,223,0.9102040816326531,מחל,0.5142857142857142,עגור,0.7553516819571865,
25,יערה,795,387,590,388,338,0.8733850129198967,מחל,0.5064599483204134,יערה,0.6576271186440678,
25,צלפון,796,536,696,538,471,0.878731343283582,מחל,0.47388059701492535,צלפון,0.7729885057471264,
25,אחיעזר,797,1045,1224,1050,1033,0.9885167464114832,שס,0.4411483253588517,אחיעזר,0.8578431372549019,
25,יגל,798,513,631,515,458,0.8927875243664717,מחל,0.5282651072124757,יגל,0.8161648177496038,
25,זכריה,799,622,767,626,576,0.9260450160771704,מחל,0.617363344051447,זכריה,0.8161668839634941,
25,בית חנניה,800,479,628,479,183,0.38204592901878914,פה,0.4321503131524008,בית חנניה,0.7627388535031847,
25,חמד,801,502,614,507,449,0.8944223107569721,ט,0.3047808764940239,חמד,0.8257328990228013,
25,גבעת כח,802,507,640,508,398,0.7850098619329389,מחל,0.40236686390532544,גבעת כח,0.79375,
25,יושיביה,803,309,377,310,302,0.9773462783171522,שס,0.3656957928802589,יושיביה,0.8222811671087533,
25,אחיסמך,804,738,890,740,724,0.981029810298103,מחל,0.5121951219512195,אחיסמך,0.8314606741573034,
25,ישעי,805,448,576,448,435,0.9709821428571429,מחל,0.375,ישעי,0.7777777777777778,
25,עין יהב,806,423,618,425,156,0.36879432624113473,פה,0.3971631205673759,עין יהב,0.6877022653721683,
25,חניאל,807,469,647,470,142,0.302771855010661,פה,0.44562899786780386,חניאל,0.7264296754250387,
25,ניר אליהו,808,314,425,316,68,0.21656050955414013,פה,0.3471337579617834,ניר אליהו,0.7435294117647059,
25,נחם,809,328,418,330,308,0.9390243902439024,מחל,0.4573170731707317,נחם,0.7894736842105263,
25,עופר,810,307,402,307,169,0.5504885993485342,פה,0.2247557003257329,עופר,0.763681592039801,
25,יכיני,811,385,482,386,362,0.9402597402597402,מחל,0.5974025974025974,יכיני,0.8008298755186722,
25,שלומי,812,3888,5887,3913,3007,0.7734053497942387,מחל,0.4351851851851852,שלומי,0.6646848989298454,
25,עין יעקב,813,609,776,611,492,0.8078817733990148,מחל,0.34811165845648606,עין יעקב,0.7873711340206185,
25,תלמים,814,473,577,474,460,0.9725158562367865,שס,0.35517970401691334,תלמים,0.8214904679376083,
25,זבדיאל,815,391,447,391,383,0.979539641943734,מחל,0.4143222506393862,זבדיאל,0.8747203579418344,
25,זנוח,816,305,407,305,291,0.9540983606557377,מחל,0.5049180327868853,זנוח,0.7493857493857494,
25,עזריקם,817,777,992,777,685,0.8815958815958816,מחל,0.5752895752895753,עזריקם,0.7832661290322581,
25,זרחיה,818,449,519,449,443,0.9866369710467706,מחל,0.37861915367483295,זרחיה,0.8651252408477842,
25,אביגדור,819,483,607,486,196,0.4057971014492754,פה,0.45134575569358176,אביגדור,0.800658978583196,
25,חלץ,820,268,367,270,247,0.9216417910447762,מחל,0.5671641791044776,חלץ,0.7356948228882834,
25,אחוזם,821,290,404,291,284,0.9793103448275862,מחל,0.5448275862068965,אחוזם,0.7202970297029703,
25,מטע,822,417,585,417,250,0.5995203836930456,מחל,0.30935251798561153,מטע,0.7128205128205128,
25,בר גיורא,823,332,431,332,263,0.7921686746987951,מחל,0.4608433734939759,בר גיורא,0.7703016241299304,
25,כוכב מיכאל,824,541,748,543,226,0.4177449168207024,פה,0.4232902033271719,כוכב מיכאל,0.7259358288770054,
25,נס הרים,825,640,884,642,506,0.790625,מחל,0.3109375,נס הרים,0.7262443438914027,
25,עוזה,826,266,342,267,264,0.9924812030075187,מחל,0.43609022556390975,עוזה,0.7807017543859649,
25,נווה מבטח,827,390,509,391,190,0.48717948717948717,פה,0.33076923076923076,נווה מבטח,0.768172888015717,
25,ישרש,828,559,725,559,439,0.7853309481216458,מחל,0.4740608228980322,ישרש,0.7710344827586207,
25,מבטחים,829,266,399,267,238,0.8947368421052632,מחל,0.39097744360902253,מבטחים,0.6691729323308271,
25,ירוחם,831,5145,7861,5196,4390,0.8532555879494655,מחל,0.3745383867832847,ירוחם,0.6609846075562905,
25,נורית,833,115,148,115,58,0.5043478260869565,פה,0.34782608695652173,נורית,0.777027027027027,
25,גנות,836,271,345,271,141,0.5202952029520295,פה,0.2730627306273063,גנות,0.7855072463768116,
25,עזריאל,837,491,618,492,462,0.9409368635437881,מחל,0.5519348268839104,עזריאל,0.7961165048543689,
25,פדיה,838,489,612,493,413,0.8445807770961146,מחל,0.5460122699386503,פדיה,0.8055555555555556,
25,פתחיה,839,504,639,504,414,0.8214285714285714,מחל,0.4166666666666667,פתחיה,0.7887323943661971,
25,כיסופים,840,162,300,163,42,0.25925925925925924,אמת,0.3148148148148148,כיסופים,0.5433333333333333,
25,אלישמע,841,640,812,645,549,0.8578125,מחל,0.4375,אלישמע,0.7943349753694581,
25,געש,842,555,725,558,109,0.1963963963963964,פה,0.3945945945945946,געש,0.7696551724137931,
25,מרגליות,843,219,354,220,181,0.8264840182648402,מחל,0.4703196347031963,מרגליות,0.6214689265536724,
25,נחל עוז,844,250,355,251,88,0.352,פה,0.36,נחל עוז,0.7070422535211267,
25,כפר עזה,845,562,768,563,199,0.3540925266903915,פה,0.3416370106761566,כפר עזה,0.7330729166666666,
25,שפר,846,223,319,223,194,0.8699551569506726,מחל,0.5605381165919282,שפר,0.6990595611285266,
25,בית רבן,848,211,299,212,210,0.995260663507109,ט,0.7345971563981043,בית רבן,0.7090301003344481,
25,דבירה,849,522,686,522,182,0.3486590038314176,פה,0.3716475095785441,דבירה,0.760932944606414,
25,אחיטוב,850,551,743,552,431,0.7822141560798548,מחל,0.3248638838475499,אחיטוב,0.7429340511440108,
25,ניצני עוז,851,562,765,565,350,0.6227758007117438,מחל,0.28113879003558717,ניצני עוז,0.738562091503268,
25,גונן,852,223,360,225,51,0.22869955156950672,פה,0.40358744394618834,גונן,0.625,
25,גאליה,853,599,820,604,249,0.41569282136894825,פה,0.4307178631051753,גאליה,0.7365853658536585,
25,רחוב,854,247,336,248,237,0.9595141700404858,מחל,0.6923076923076923,רחוב,0.7380952380952381,
25,שעלבים,856,662,824,663,643,0.9712990936555891,ט,0.7190332326283988,שעלבים,0.8046116504854369,
25,כפר אביב,857,409,562,409,170,0.4156479217603912,פה,0.4132029339853301,כפר אביב,0.7277580071174378,
25,נווה ירק,858,650,860,650,240,0.36923076923076925,פה,0.4523076923076923,נווה ירק,0.7558139534883721,
25,כסלון,859,224,303,225,190,0.8482142857142857,מחל,0.39732142857142855,כסלון,0.7425742574257426,
25,שדה אליעזר,861,471,674,471,313,0.6645435244161358,מחל,0.26963906581740976,שדה אליעזר,0.6988130563798219,
25,גני יוחנן,862,391,520,391,252,0.6445012787723785,מחל,0.309462915601023,גני יוחנן,0.7519230769230769,
25,גינתון,863,502,646,504,234,0.46613545816733065,פה,0.3844621513944223,גינתון,0.7801857585139319,
25,בקוע,864,472,571,476,370,0.7838983050847458,מחל,0.4046610169491525,בקוע,0.8336252189141856,
25,שיבולים,865,216,282,216,208,0.9629629629629629,מחל,0.5092592592592593,שיבולים,0.7659574468085106,
25,יטבתה,866,418,711,420,61,0.145933014354067,פה,0.37799043062200954,יטבתה,0.5907172995780591,
25,אלוני יצחק,868,24,125,24,13,0.5416666666666666,כן,0.3333333333333333,אלוני יצחק,0.192,
25,גבעת השלושה,870,411,531,412,132,0.32116788321167883,פה,0.36496350364963503,גבעת השלושה,0.775894538606403,
25,עינת,871,478,600,479,146,0.3054393305439331,פה,0.3075313807531381,עינת,0.7983333333333333,
25,גאולי תימן,872,192,252,193,128,0.6666666666666666,מחל,0.4270833333333333,גאולי תימן,0.7658730158730159,
25,שלווה,873,351,421,351,347,0.9886039886039886,מחל,0.49572649572649574,שלווה,0.833729216152019,
25,מגדל העמק,874,13973,22031,14094,10385,0.7432190653402991,מחל,0.3743648464896586,מגדל העמק,0.639734918977804,
25,בית חירות,877,462,618,462,81,0.17532467532467533,פה,0.512987012987013,בית חירות,0.7475728155339806,
25,עין שריד,880,834,1112,842,460,0.5515587529976019,פה,0.3117505995203837,עין שריד,0.7571942446043165,
25,שדה בוקר,885,265,428,266,57,0.21509433962264152,פה,0.4226415094339623,שדה בוקר,0.6214953271028038,
25,כפר הריף,888,459,605,460,190,0.4139433551198257,פה,0.42483660130718953,כפר הריף,0.7603305785123967,
25,כפר חסידים ב,889,157,226,158,119,0.7579617834394905,מחל,0.267515923566879,כפר חסידים ב,0.6991150442477876,
25,עבדון,892,402,528,402,382,0.9502487562189055,מחל,0.43781094527363185,עבדון,0.7613636363636364,
25,שבלי  אום אלגנם,913,2258,4548,2276,77,0.034100974313551816,עם,0.674933569530558,שבלי אום אלגנם,0.5004397537379067,
25,ישע,916,215,301,216,126,0.586046511627907,פה,0.30697674418604654,ישע,0.717607973421927,
25,עצמון שגב,917,682,1003,683,155,0.22727272727272727,פה,0.501466275659824,עצמון שגב,0.6809571286141576,
25,גבעת ישעיהו,919,366,506,367,156,0.4262295081967213,פה,0.2786885245901639,גבעת ישעיהו,0.7252964426877471,
25,שער מנשה,921,20,132,21,11,0.55,מחל,0.35,שער מנשה,0.1590909090909091,
25,רכסים,922,5837,6974,5873,5749,0.984923762206613,שס,0.4745588487236594,רכסים,0.8421279036420992,
25,מסעודין אלעזאזמה,939,3929,8444,3958,21,0.0053448714685670655,עם,0.8852125222702978,מסעודין אלעזאזמה,0.4687351965892942,
25,סואעד חמרייה,942,54,173,56,0,0.0,עם,0.5925925925925926,סואעד חמרייה,0.3236994219653179,
25,בסמת טבעון,944,2402,5646,2429,116,0.04829308909242298,עם,0.6681931723563697,בסמת טבעון,0.4302160821820758,
25,הוזייל שבט,956,398,1156,403,13,0.032663316582914576,עם,0.7613065326633166,הוזייל שבט,0.3486159169550173,
25,עוקבי בנו עוקבה,957,174,353,175,1,0.005747126436781609,עם,0.6666666666666666,עוקבי בנו עוקבה,0.49575070821529743,
25,אבו עבדון שבט,958,41,154,41,0,0.0,עם,0.9512195121951219,אבו עבדון שבט,0.2662337662337662,
25,אסד שבט,960,128,539,133,1,0.0078125,עם,0.78125,אסד שבט,0.24675324675324675,
25,אבו רוקייק שבט,961,2093,5336,2105,31,0.014811275680840898,עם,0.7682752030578117,אבו רוקייק שבט,0.39449025487256373,
25,טובאזנגריה,962,2083,4793,2106,132,0.06337013922227556,עם,0.6913106096975516,טובאזנגריה,0.4393907782182349,
25,אעצם שבט,963,2089,5320,2116,26,0.01244614648157013,עם,0.8113930110100527,אעצם שבט,0.3977443609022556,
25,קודייראת אצאנעשבט,964,340,1512,345,5,0.014705882352941176,עם,0.8029411764705883,קודייראת אצאנעשבט,0.22817460317460317,
25,אטרש שבט,965,598,1803,604,8,0.013377926421404682,עם,0.8712374581939799,אטרש שבט,0.3349972268441486,
25,אבו רובייעה שבט,966,1473,4484,1496,51,0.034623217922606926,עם,0.8533604887983707,אבו רובייעה שבט,0.33363068688670827,
25,אבו גווייעד שבט,967,540,2279,549,21,0.03888888888888889,עם,0.8666666666666667,אבו גווייעד שבט,0.24089512944273805,
25,אבו קורינאת שבט,968,1209,3386,1215,13,0.010752688172043012,עם,0.9065343258891646,אבו קורינאת שבט,0.3588304784406379,
25,עטאוונה שבט,969,34,116,34,0,0.0,ום,0.6764705882352942,עטאוונה שבט,0.29310344827586204,
25,תראבין אצאנע שבט,970,72,582,74,28,0.3888888888888889,עם,0.5833333333333334,תראבין אצאנע שבט,0.12714776632302405,
25,קוואעין שבט,972,139,554,139,11,0.07913669064748201,ום,0.5683453237410072,קוואעין שבט,0.2509025270758123,
25,זרזיר,975,2538,5760,2557,315,0.12411347517730496,עם,0.7411347517730497,זרזיר,0.4439236111111111,
25,גנאביב שבט,976,228,564,230,10,0.043859649122807015,עם,0.7675438596491229,גנאביב שבט,0.4078014184397163,
25,כעביהטבאשחגאגרה,978,2233,3989,2248,263,0.11777877295118674,עם,0.6677115987460815,כעביהטבאשחגאגרה,0.563549761845074,
25,ראס עלי,990,238,444,238,11,0.046218487394957986,עם,0.680672268907563,ראס עלי,0.536036036036036,
25,חמאם,993,592,1230,596,19,0.03209459459459459,עם,0.7212837837837838,חמאם,0.4845528455284553,
25,מנשית זבדה,994,489,927,493,17,0.034764826175869123,עם,0.7075664621676891,מנשית זבדה,0.5318230852211435,
25,רומת הייב,997,635,1481,646,199,0.31338582677165355,עם,0.4645669291338583,רומת הייב,0.4361917623227549,
25,ביר אלמכסור,998,4261,6991,4299,55,0.012907768129547055,עם,0.8887585073926308,ביר אלמכסור,0.6149334859104563,
25,מבשרת ציון,1015,14051,19755,14091,8841,0.6292078855597466,מחל,0.32403387659241334,מבשרת ציון,0.713287775246773,
25,אור עקיבא,1020,10879,17133,10955,8424,0.7743358764592334,מחל,0.47155069399761007,אור עקיבא,0.6394093270297088,
25,חרוצים,1024,471,615,473,258,0.5477707006369427,מחל,0.25477707006369427,חרוצים,0.7691056910569106,
25,שדרות,1031,15242,23403,15342,13017,0.8540217819183834,מחל,0.4152342212308096,שדרות,0.6555569798743751,
25,קרית מלאכי,1034,12591,17963,12665,11861,0.9420220792629657,מחל,0.380509888015249,קרית מלאכי,0.7050604019373156,
25,נצאצרה שבט,1041,140,345,140,0,0.0,עם,0.65,נצאצרה שבט,0.4057971014492754,
25,גיזו,1043,119,150,119,67,0.5630252100840336,מחל,0.3865546218487395,גיזו,0.7933333333333333,
25,יעף,1044,134,185,134,62,0.4626865671641791,פה,0.3283582089552239,יעף,0.7243243243243244,
25,שתולה,1045,165,240,166,149,0.9030303030303031,מחל,0.34545454545454546,שתולה,0.6916666666666667,
25,אוהד,1046,200,280,200,142,0.71,מחל,0.39,אוהד,0.7142857142857143,
25,חזון,1047,219,255,221,216,0.9863013698630136,מחל,0.547945205479452,חזון,0.8666666666666667,
25,בית חשמונאי,1050,1187,1525,1188,669,0.5636057287278854,פה,0.3032855939342881,בית חשמונאי,0.779016393442623,
25,תלמי אליהו,1051,148,232,149,110,0.7432432432432432,מחל,0.3918918918918919,תלמי אליהו,0.6422413793103449,
25,קטורה,1052,222,453,223,34,0.15315315315315314,פה,0.34234234234234234,קטורה,0.4922737306843267,
25,תל שבע,1054,5766,10918,5820,75,0.013007284079084287,עם,0.813735691987513,תל שבע,0.5330646638578495,
25,נווה זוהר,1057,19,57,19,12,0.631578947368421,מחל,0.3157894736842105,נווה זוהר,0.3333333333333333,
25,שדה ניצן,1058,227,391,228,78,0.3436123348017621,פה,0.4185022026431718,שדה ניצן,0.5831202046035806,
25,כסיפה,1059,5262,9552,5312,291,0.05530216647662486,עם,0.7136069935385785,כסיפה,0.5561139028475712,
25,לקיה,1060,4083,8671,4115,35,0.008572128337007103,עם,0.6833210874357091,לקיה,0.4745704071041402,
25,נוף הגליל,1061,21063,40467,21366,9458,0.449033850828467,מחל,0.2787826995204862,נוף הגליל,0.5279857661798503,
25,מעלותתרשיחא,1063,11364,18917,11484,5832,0.5131995776135164,מחל,0.26575149595212955,מעלותתרשיחא,0.6070730031188878,
25,אמירים,1064,380,628,381,125,0.32894736842105265,פה,0.31842105263157894,אמירים,0.606687898089172,
25,זמרת,1065,355,400,355,351,0.9887323943661972,מחל,0.48450704225352115,זמרת,0.8875,
25,בני עיש,1066,3515,5695,3567,2224,0.6327169274537695,מחל,0.31351351351351353,בני עיש,0.6263388937664618,
25,דובב,1067,247,357,247,241,0.9757085020242915,מחל,0.6234817813765182,דובב,0.6918767507002801,
25,אדמית,1068,205,369,205,70,0.34146341463414637,פה,0.23902439024390243,אדמית,0.5555555555555556,
25,רםאון,1069,500,687,500,164,0.328,פה,0.434,רםאון,0.727802037845706,
25,אביעזר,1070,496,618,497,318,0.6411290322580645,מחל,0.35080645161290325,אביעזר,0.8042071197411004,
25,נווה מיכאל,1071,373,488,375,340,0.9115281501340483,מחל,0.4316353887399464,נווה מיכאל,0.7684426229508197,
25,גן הדרום,1072,266,344,268,173,0.650375939849624,מחל,0.2932330827067669,גן הדרום,0.7790697674418605,
25,גבעת שפירא,1077,177,226,177,47,0.2655367231638418,פה,0.519774011299435,גבעת שפירא,0.7831858407079646,
25,צפרירים,1079,226,332,226,132,0.584070796460177,מחל,0.25663716814159293,צפרירים,0.6807228915662651,
25,מבועים,1080,687,942,687,553,0.8049490538573508,מחל,0.4163027656477438,מבועים,0.7292993630573248,
25,אבן מנחם,1081,194,278,194,176,0.9072164948453608,מחל,0.4587628865979381,אבן מנחם,0.697841726618705,
25,מעגלים,1082,885,1090,886,863,0.9751412429378531,מחל,0.4666666666666667,מעגלים,0.8128440366972477,
25,תושיה,1083,273,362,273,272,0.9963369963369964,ט,0.652014652014652,תושיה,0.7541436464088398,
25,בן שמן כפר נוער,1084,166,245,166,67,0.4036144578313253,פה,0.42771084337349397,בן שמן כפר נוער,0.6775510204081633,
25,כרם שלום,1085,89,153,89,61,0.6853932584269663,ט,0.4157303370786517,כרם שלום,0.5816993464052288,
25,כרם יבנה ישיבה,1094,117,138,117,117,1.0,ט,0.8717948717948718,כרם יבנה ישיבה,0.8478260869565217,
25,כפר מימון,1095,372,484,372,362,0.9731182795698925,ט,0.532258064516129,כפר מימון,0.768595041322314,
25,מרכז שפירא,1098,1317,1620,1317,1267,0.9620349278663629,ט,0.5550493545937737,מרכז שפירא,0.812962962962963,
25,צוקי ים,1102,132,193,132,49,0.3712121212121212,פה,0.3560606060606061,צוקי ים,0.6839378238341969,
25,גני הדר,1103,226,286,226,81,0.3584070796460177,פה,0.36283185840707965,גני הדר,0.7902097902097902,
25,פוריה  כפר עבודה,1104,192,287,193,167,0.8697916666666666,מחל,0.5364583333333334,פוריה כפר עבודה,0.6724738675958188,
25,פוריה  נווה עובד,1105,726,1055,726,631,0.8691460055096418,מחל,0.5413223140495868,פוריה נווה עובד,0.6881516587677725,
25,אומן,1108,339,499,339,264,0.7787610619469026,מחל,0.4808259587020649,אומן,0.6793587174348698,
25,חבר,1110,361,501,362,285,0.7894736842105263,מחל,0.4376731301939058,חבר,0.7225548902195609,
25,יודפת,1112,501,668,503,67,0.13373253493013973,פה,0.3652694610778443,יודפת,0.7529940119760479,
25,צור הדסה,1113,4881,6616,4895,2908,0.595779553370211,מחל,0.26551936078672406,צור הדסה,0.7398730350665055,
25,שריגים ליאון,1114,524,779,524,179,0.3416030534351145,פה,0.33969465648854963,שריגים ליאון,0.6726572528883183,
25,אביבים,1115,270,347,271,270,1.0,מחל,0.5074074074074074,אביבים,0.7809798270893372,
25,אדרת,1123,443,609,443,401,0.9051918735891648,מחל,0.45598194130925507,אדרת,0.7274220032840722,
25,נאות הכיכר,1124,146,225,146,65,0.4452054794520548,פה,0.3493150684931507,נאות הכיכר,0.6488888888888888,
25,אלמגור,1125,220,300,220,45,0.20454545454545456,פה,0.4772727272727273,אלמגור,0.7333333333333333,
25,אילות,1126,169,276,169,59,0.34911242603550297,פה,0.35502958579881655,אילות,0.6123188405797102,
25,מעלה גלבוע,1127,309,386,310,243,0.7864077669902912,כן,0.2588996763754045,מעלה גלבוע,0.8031088082901554,
25,מי עמי,1128,197,259,197,41,0.20812182741116753,פה,0.40609137055837563,מי עמי,0.7606177606177607,
25,גרופית,1129,166,292,166,42,0.25301204819277107,פה,0.463855421686747,גרופית,0.5684931506849316,
25,כפר רוזנואלד זרעית,1130,157,222,157,143,0.910828025477707,מחל,0.6242038216560509,כפר רוזנואלד זרעית,0.7072072072072072,
25,שניר,1132,358,493,358,106,0.29608938547486036,פה,0.388268156424581,שניר,0.7261663286004056,
25,ורדון,1133,156,214,156,118,0.7564102564102564,מחל,0.33974358974358976,ורדון,0.7289719626168224,
25,יד השמונה,1134,120,170,121,55,0.4583333333333333,כן,0.26666666666666666,יד השמונה,0.711764705882353,
25,צוחר,1136,293,466,294,231,0.78839590443686,מחל,0.44368600682593856,צוחר,0.630901287553648,
25,קרית יערים,1137,2703,3496,2720,2677,0.9903810580836108,ג,0.6459489456159823,קרית יערים,0.7780320366132724,
25,יעד,1138,445,628,445,78,0.1752808988764045,פה,0.4157303370786517,יעד,0.7085987261146497,
25,כרמיאל,1139,23783,42065,24030,12814,0.5387882100660135,מחל,0.2938233191775638,כרמיאל,0.5712587661951741,
25,מדרשת בן גוריון,1140,769,1147,771,187,0.24317295188556567,פה,0.31209362808842656,מדרשת בן גוריון,0.6721883173496077,
25,מבוא מודיעים,1141,103,176,103,86,0.8349514563106796,ט,0.39805825242718446,מבוא מודיעים,0.5852272727272727,
25,נס עמים,1143,209,256,209,83,0.39712918660287083,פה,0.41626794258373206,נס עמים,0.81640625,
25,אלומה,1145,531,612,531,529,0.9962335216572504,ט,0.3785310734463277,אלומה,0.8676470588235294,
25,עלומים,1146,246,347,249,221,0.8983739837398373,ב,0.2886178861788618,עלומים,0.7175792507204611,
25,נטועה,1147,193,257,193,177,0.917098445595855,מחל,0.47150259067357514,נטועה,0.7509727626459144,
25,צור נתן,1148,157,228,157,83,0.5286624203821656,פה,0.39490445859872614,צור נתן,0.6885964912280702,
25,עזר,1149,466,609,467,313,0.6716738197424893,מחל,0.315450643776824,עזר,0.7668308702791461,
25,צופר,1150,251,383,251,111,0.44223107569721115,פה,0.35856573705179284,צופר,0.6553524804177546,
25,פארן,1151,267,398,267,89,0.3333333333333333,פה,0.4344569288389513,פארן,0.6708542713567839,
25,אשלים,1152,303,437,305,167,0.5511551155115512,מחל,0.2508250825082508,אשלים,0.6979405034324943,
25,כישור,1153,95,131,97,20,0.21052631578947367,פה,0.45263157894736844,כישור,0.7404580152671756,
25,מגן שאול,1155,329,413,329,276,0.8389057750759878,מחל,0.5106382978723404,מגן שאול,0.7966101694915254,
25,סמר,1156,126,239,126,9,0.07142857142857142,מרצ,0.4365079365079365,סמר,0.5271966527196653,
25,אחווה,1157,137,181,137,66,0.48175182481751827,פה,0.35766423357664234,אחווה,0.7569060773480663,
25,יהל,1158,130,224,132,43,0.33076923076923076,פה,0.34615384615384615,יהל,0.5892857142857143,
25,שכניה,1160,454,623,454,111,0.2444933920704846,פה,0.45154185022026433,שכניה,0.7287319422150883,
25,רהט,1161,23024,38346,23241,662,0.02875260597637248,עם,0.641591382904795,רהט,0.6060866843999374,
25,בית רימון,1162,374,448,374,353,0.9438502673796791,ט,0.40106951871657753,בית רימון,0.8348214285714286,
25,מורן,1163,281,376,282,79,0.28113879003558717,פה,0.47686832740213525,מורן,0.75,
25,שילת,1165,413,529,414,109,0.2639225181598063,פה,0.4067796610169492,שילת,0.782608695652174,
25,כפר רות,1166,151,190,151,80,0.5298013245033113,פה,0.32450331125827814,כפר רות,0.7947368421052632,
25,קיסריה,1167,3447,5448,3457,1653,0.4795474325500435,פה,0.3838120104438642,קיסריה,0.6345447870778267,
25,הוואשלה שבט,1169,624,1202,632,5,0.008012820512820512,עם,0.969551282051282,הוואשלה שבט,0.5257903494176372,
25,סייד שבט,1170,321,970,324,19,0.059190031152647975,עם,0.8753894080996885,סייד שבט,0.334020618556701,
25,לוטם,1171,362,533,363,95,0.26243093922651933,פה,0.39779005524861877,לוטם,0.6810506566604128,
25,תובל,1172,196,324,196,30,0.15306122448979592,פה,0.37755102040816324,תובל,0.6049382716049383,
25,לפידות,1173,92,118,92,79,0.8586956521739131,מחל,0.5108695652173914,לפידות,0.7796610169491526,
25,מנוף,1174,458,672,459,91,0.19868995633187772,פה,0.5,מנוף,0.6830357142857143,
25,עידן,1175,197,340,199,109,0.5532994923857868,כן,0.36548223350253806,עידן,0.5852941176470589,
25,ספיר,1176,204,360,208,105,0.5147058823529411,פה,0.3088235294117647,ספיר,0.5777777777777777,
25,טללים,1177,310,455,312,149,0.4806451612903226,פה,0.3,טללים,0.6857142857142857,
25,מורשת,1178,804,1120,805,783,0.9738805970149254,ט,0.5534825870646766,מורשת,0.71875,
25,קורנית,1179,468,656,469,113,0.24145299145299146,פה,0.44871794871794873,קורנית,0.7149390243902439,
25,צביה,1180,188,270,190,38,0.20212765957446807,פה,0.44680851063829785,צביה,0.7037037037037037,
25,טלאל,1181,733,1005,733,325,0.4433833560709413,פה,0.3874488403819918,טלאל,0.7293532338308458,
25,אלון הגליל,1182,611,865,612,101,0.16530278232405893,פה,0.4664484451718494,אלון הגליל,0.707514450867052,
25,כליל,1183,381,577,385,43,0.11286089238845144,מרצ,0.2887139107611549,כליל,0.6672443674176777,
25,מתת,1184,103,178,103,28,0.27184466019417475,פה,0.2912621359223301,מתת,0.5786516853932584,
25,פלך,1185,97,115,98,2,0.020618556701030927,אמת,0.5051546391752577,פלך,0.8521739130434782,
25,הושעיה,1186,1047,1449,1047,902,0.8615090735434575,ט,0.24641833810888253,הושעיה,0.722567287784679,
25,אשחר,1188,489,681,490,251,0.5132924335378323,כן,0.2392638036809816,אשחר,0.7195301027900147,
25,מצפה נטופה,1190,484,680,488,434,0.8966942148760331,ט,0.39462809917355374,מצפה נטופה,0.7176470588235294,
25,בר יוחאי,1191,473,712,474,467,0.9873150105708245,ט,0.5052854122621564,בר יוחאי,0.6657303370786517,
25,ערערהבנגב,1192,5567,9791,5599,48,0.00862223818932998,עם,0.9209628165978085,ערערהבנגב,0.5718517005413134,
25,ניצנה קהילת חינוך,1195,74,324,75,23,0.3108108108108108,פה,0.36486486486486486,ניצנה קהילת חינוך,0.23148148148148148,
25,נאות סמדר,1197,155,268,155,28,0.18064516129032257,פה,0.27741935483870966,נאות סמדר,0.5783582089552238,
25,כרמים,1198,180,234,180,87,0.48333333333333334,אמת,0.25,כרמים,0.7692307692307693,
25,עדי,1199,1103,1506,1107,485,0.4397098821396192,פה,0.42973708068902994,עדי,0.7350597609561753,
25,מודיעיןמכביםרעות,1200,51545,69212,51695,28202,0.5471335726064603,פה,0.309496556407023,מודיעיןמכביםרעות,0.7469080506270589,
25,כמון,1201,409,577,409,94,0.22982885085574573,פה,0.37163814180929094,כמון,0.708838821490468,
25,מכמנים,1202,277,393,278,86,0.3104693140794224,פה,0.4332129963898917,מכמנים,0.7073791348600509,
25,הררית,1203,311,423,312,27,0.08681672025723473,פה,0.40192926045016075,הררית,0.7375886524822695,
25,גילון,1204,670,937,673,200,0.29850746268656714,פה,0.5074626865671642,גילון,0.7182497331910352,
25,מנות,1205,270,370,274,225,0.8333333333333334,מחל,0.4777777777777778,מנות,0.7405405405405405,
25,גיתה,1206,144,222,145,50,0.3472222222222222,פה,0.2986111111111111,גיתה,0.6531531531531531,
25,לבון,1207,395,550,396,172,0.43544303797468353,פה,0.4278481012658228,לבון,0.72,
25,הילה,1208,330,509,330,86,0.2606060606060606,פה,0.503030303030303,הילה,0.6483300589390962,
25,חרשים,1209,187,249,187,15,0.08021390374331551,מרצ,0.39037433155080214,חרשים,0.751004016064257,
25,כחל,1210,270,364,270,123,0.45555555555555555,פה,0.34814814814814815,כחל,0.7417582417582418,
25,קדרים,1211,136,208,136,36,0.2647058823529412,פה,0.38235294117647056,קדרים,0.6538461538461539,
25,עמוקה,1212,104,156,104,26,0.25,פה,0.3269230769230769,עמוקה,0.6666666666666666,
25,צבעון,1213,152,210,153,26,0.17105263157894737,פה,0.25,צבעון,0.7285714285714285,
25,טפחות,1214,201,259,201,196,0.9751243781094527,ט,0.572139303482587,טפחות,0.7760617760617761,
25,גורנות הגליל,1219,125,199,126,90,0.72,מחל,0.44,גורנות הגליל,0.6331658291457286,
25,אבירים,1220,150,235,152,21,0.14,פה,0.29333333333333333,אבירים,0.6468085106382979,
25,צורית,1221,561,755,561,187,0.3333333333333333,פה,0.46167557932263814,צורית,0.743046357615894,
25,מצפה אביב,1222,569,744,569,202,0.35500878734622143,פה,0.4182776801405975,מצפה אביב,0.7647849462365591,
25,שדי אברהם,1223,169,264,169,94,0.5562130177514792,פה,0.3136094674556213,שדי אברהם,0.6401515151515151,
25,כוכב יאיר,1224,5701,7829,5714,2280,0.3999298368707244,פה,0.4081740045606034,כוכב יאיר,0.7298505556265168,
25,יובלים,1226,774,1055,775,132,0.17054263565891473,פה,0.5103359173126615,יובלים,0.7345971563981043,
25,יתד,1227,277,373,278,205,0.740072202166065,מחל,0.3249097472924188,יתד,0.7453083109919572,
25,רקפת,1228,575,787,576,151,0.26260869565217393,פה,0.46608695652173915,רקפת,0.7318932655654383,
25,כלנית,1229,152,187,152,146,0.9605263157894737,מחל,0.45394736842105265,כלנית,0.8128342245989305,
25,לבנים,1230,245,353,247,143,0.5836734693877551,מחל,0.3224489795918367,לבנים,0.6997167138810199,
25,פרי גן,1231,113,177,114,82,0.7256637168141593,מחל,0.4424778761061947,פרי גן,0.6440677966101694,
25,יבול,1232,164,227,164,68,0.4146341463414634,פה,0.3902439024390244,יבול,0.7224669603524229,
25,שקף,1233,255,323,255,117,0.4588235294117647,פה,0.27058823529411763,שקף,0.7894736842105263,
25,קבועה שבט,1234,340,822,341,3,0.008823529411764706,עם,0.9058823529411765,קבועה שבט,0.4148418491484185,
25,שורשים,1235,318,456,319,121,0.3805031446540881,פה,0.4056603773584906,שורשים,0.6995614035087719,
25,נירית,1236,639,882,642,198,0.30985915492957744,פה,0.4616588419405321,נירית,0.7278911564625851,98.0
25,תלמי יוסף,1237,167,275,167,85,0.5089820359281437,פה,0.2934131736526946,תלמי יוסף,0.6072727272727273,
25,סופה,1238,106,189,107,45,0.42452830188679247,פה,0.3490566037735849,סופה,0.5661375661375662,
25,חולית,1239,92,141,93,37,0.40217391304347827,כן,0.25,חולית,0.6595744680851063,
25,עין הבשור,1240,527,759,528,212,0.40227703984819735,פה,0.4250474383301708,עין הבשור,0.6956521739130435,
25,דקל,1241,176,280,177,95,0.5397727272727273,פה,0.3068181818181818,דקל,0.6321428571428571,
25,נתיב העשרה,1242,571,742,572,324,0.5674255691768827,פה,0.3239929947460595,נתיב העשרה,0.77088948787062,
25,קציר,1243,1489,2310,1494,547,0.3673606447280054,פה,0.35862995298858297,קציר,0.6467532467532467,
25,תמרת,1244,855,1164,855,206,0.2409356725146199,פה,0.47251461988304094,תמרת,0.7345360824742269,
25,סלמה,1245,1315,2445,1324,70,0.053231939163498096,עם,0.7718631178707225,סלמה,0.5415132924335379,
25,עראמשה,1246,503,1086,505,62,0.12326043737574553,עם,0.3658051689860835,עראמשה,0.46500920810313073,
25,חריש,1247,12271,17269,12330,9128,0.7438676554478038,מחל,0.23567761388639882,חריש,0.7139961781226475,
25,אליפז,1248,80,121,81,21,0.2625,פה,0.4125,אליפז,0.6694214876033058,
25,הרדוף,1249,308,450,309,21,0.06818181818181818,מרצ,0.41233766233766234,הרדוף,0.6866666666666666,
25,עין תמר,1251,98,158,98,58,0.5918367346938775,פה,0.3469387755102041,עין תמר,0.620253164556962,
25,כורזים,1252,222,345,226,97,0.4369369369369369,פה,0.26126126126126126,כורזים,0.6550724637681159,
25,אמנון,1253,246,353,246,173,0.7032520325203252,מחל,0.33739837398373984,אמנון,0.6968838526912181,
25,נטף,1254,282,377,284,42,0.14893617021276595,מרצ,0.2907801418439716,נטף,0.753315649867374,
25,לוטן,1255,96,179,96,7,0.07291666666666667,פה,0.3541666666666667,לוטן,0.5363128491620112,
25,אשרת,1256,341,470,342,258,0.7565982404692082,מחל,0.4281524926686217,אשרת,0.7276595744680852,
25,חנתון,1257,411,558,413,169,0.41119221411192214,פה,0.32116788321167883,חנתון,0.7401433691756273,
25,מסד,1258,284,382,284,105,0.36971830985915494,פה,0.31338028169014087,מסד,0.743455497382199,
25,נווה שלום,1259,185,253,186,0,0.0,ד,0.31351351351351353,נווה שלום,0.7351778656126482,
25,רתמים,1260,220,276,220,211,0.9590909090909091,ט,0.37727272727272726,רתמים,0.7971014492753623,
25,הר עמשא,1261,90,130,90,25,0.2777777777777778,פה,0.34444444444444444,הר עמשא,0.6923076923076923,
25,צוקים,1262,130,222,131,29,0.2230769230769231,פה,0.34615384615384615,צוקים,0.5900900900900901,
25,כפר ורדים,1263,3152,4780,3162,1115,0.35374365482233505,פה,0.3842005076142132,כפר ורדים,0.6615062761506276,
25,כרמי יוסף,1264,1048,1420,1049,314,0.29961832061068705,פה,0.4351145038167939,כרמי יוסף,0.7387323943661972,
25,שומריה,1265,277,354,277,274,0.9891696750902527,ט,0.8844765342960289,שומריה,0.7824858757062146,
25,שחרות,1266,79,151,79,15,0.189873417721519,פה,0.35443037974683544,שחרות,0.5231788079470199,
25,מיתר,1268,5793,8021,5806,3681,0.6354220611082341,פה,0.2508199551182462,מיתר,0.723849894028176,
25,להבים,1271,3902,5518,3906,2054,0.5263967196309585,פה,0.3044592516658124,להבים,0.7078651685393258,
25,חלוץ,1272,296,454,296,59,0.19932432432432431,פה,0.39864864864864863,חלוץ,0.6519823788546255,
25,גן נר,1274,1515,2178,1522,956,0.6310231023102311,מחל,0.3716171617161716,גן נר,0.6988062442607897,
25,אבטליון,1275,244,323,244,59,0.24180327868852458,פה,0.430327868852459,אבטליון,0.7554179566563467,
25,באר מילכה,1278,93,113,93,37,0.3978494623655914,פה,0.1827956989247312,באר מילכה,0.8230088495575221,
25,ניצני סיני,1280,150,231,150,72,0.48,פה,0.32,ניצני סיני,0.6493506493506493,
25,מירב,1282,345,466,345,329,0.9536231884057971,ט,0.5246376811594203,מירב,0.740343347639485,
25,תל תאומים,1283,269,345,269,262,0.9739776951672863,מחל,0.5018587360594795,תל תאומים,0.7797101449275362,
25,נופית,1284,1477,2028,1483,520,0.35206499661475965,פה,0.48408937034529453,נופית,0.7312623274161736,
25,כרכום,1285,290,452,292,134,0.46206896551724136,פה,0.32068965517241377,כרכום,0.6460176991150443,
25,שגבשלום,1286,3187,6049,3222,61,0.019140257295262003,עם,0.7012864763100094,שגבשלום,0.5326500247974872,
25,שני,1287,247,377,249,132,0.5344129554655871,פה,0.242914979757085,שני,0.6604774535809018,141.0
25,גבעת אלה,1288,1135,1567,1137,299,0.26343612334801764,פה,0.4933920704845815,גבעת אלה,0.7255902999361837,
25,זמר,1290,2818,5038,2845,14,0.0049680624556423,ד,0.5539389638041164,זמר,0.5647082175466455,
25,כמהין,1291,106,153,106,57,0.5377358490566038,כן,0.27358490566037735,כמהין,0.6928104575163399,
25,גדיידהמכר,1292,8115,15255,8182,106,0.013062230437461492,ום,0.418607516943931,גדיידהמכר,0.5363487381186496,
25,גבעת אבני,1293,1187,1723,1191,844,0.7110362257792755,מחל,0.34793597304128054,גבעת אבני,0.6912362159024956,
25,אור הגנוז,1294,214,323,215,209,0.9766355140186916,ג,0.4439252336448598,אור הגנוז,0.6656346749226006,
25,יאנוחגת,1295,1905,4843,1915,721,0.3784776902887139,ל,0.32598425196850395,יאנוחגת,0.39541606442287835,
25,כסראסמיע,1296,1945,6066,1959,985,0.506426735218509,כן,0.39794344473007714,כסראסמיע,0.3229475766567755,
25,כפר חנניה,1297,399,537,401,278,0.6967418546365914,מחל,0.3659147869674185,כפר חנניה,0.7467411545623837,
25,חורה,1303,4520,9346,4583,82,0.018141592920353982,עם,0.5482300884955752,חורה,0.4903702118553392,
25,שוהם,1304,12910,17006,12931,7044,0.5456235476374903,פה,0.33067389620449267,שוהם,0.760378689874162,
25,אלעד,1309,19637,23395,19737,19545,0.9953149666445995,שס,0.4961552171920354,אלעד,0.8436418038042317,
25,לפיד,1310,1321,1773,1324,565,0.42770628311884934,פה,0.3822861468584406,לפיד,0.7467569091934574,
25,אבשלום,1311,196,308,199,102,0.5204081632653061,ל,0.25,אבשלום,0.6461038961038961,
25,פוריה עילית,1313,604,939,608,433,0.7168874172185431,מחל,0.4288079470198676,פוריה עילית,0.6474973375931843,
25,נווה זיו,1314,425,609,426,280,0.6588235294117647,מחל,0.30823529411764705,נווה זיו,0.6995073891625616,
25,מתן,1315,1898,2652,1903,654,0.3445732349841939,פה,0.4589041095890411,מתן,0.7175716440422323,
25,אלעריאן,1316,100,131,100,13,0.13,ום,0.44,אלעריאן,0.7633587786259542,
25,דמיידה,1317,175,352,187,5,0.02857142857142857,עם,0.6685714285714286,דמיידה,0.53125,
25,בת חפר,1319,3026,4193,3030,1292,0.42696629213483145,פה,0.4087904824851289,בת חפר,0.7226329596947293,
25,עין חוד,1320,109,206,109,2,0.01834862385321101,ד,0.43119266055045874,עין חוד,0.529126213592233,
25,חואלד,1321,258,552,260,31,0.12015503875968993,עם,0.6085271317829457,חואלד,0.47101449275362317,
25,בת הדר,1323,405,511,407,294,0.725925925925926,מחל,0.4123456790123457,בת הדר,0.7964774951076321,
25,ארסוף,1324,80,147,80,21,0.2625,פה,0.525,ארסוף,0.54421768707483,
25,בסמה,1326,3256,7247,3309,108,0.033169533169533166,ד,0.3369164619164619,בסמה,0.45660273216503383,
25,מעלה עירון,1327,4542,10678,4599,288,0.06340819022457067,ד,0.4337296345222369,מעלה עירון,0.4306986327027533,
25,אחוזת ברק,1330,1349,1852,1353,813,0.6026686434395849,מחל,0.3476649369903632,אחוזת ברק,0.730561555075594,
25,כמאנה,1331,527,1133,531,31,0.058823529411764705,עם,0.5635673624288425,כמאנה,0.46866725507502205,
25,חוסנייה,1332,321,607,330,9,0.028037383177570093,עם,0.5856697819314641,חוסנייה,0.5436573311367381,
25,נוף איילון,1333,1295,1682,1295,1266,0.9776061776061776,ט,0.6803088803088803,נוף איילון,0.7699167657550535,
25,ראס אלעין,1334,197,288,200,13,0.06598984771573604,עם,0.5329949238578681,ראס אלעין,0.6944444444444444,
25,ערב אל נעים,1335,333,579,343,130,0.39039039039039036,מחל,0.38738738738738737,ערב אל נעים,0.5924006908462867,
25,אירוס,1336,427,531,427,242,0.5667447306791569,פה,0.28805620608899296,אירוס,0.8041431261770244,
25,שמשית,1337,1354,1960,1356,419,0.30945347119645494,פה,0.4527326440177253,שמשית,0.6918367346938775,
25,כדיתה,1338,67,138,67,49,0.7313432835820896,ט,0.34328358208955223,כדיתה,0.4855072463768116,
25,מרחב עם,1340,184,225,184,179,0.9728260869565217,ט,0.6358695652173914,מרחב עם,0.8177777777777778,
25,אבו קרינאת יישוב,1342,346,703,351,4,0.011560693641618497,עם,0.8988439306358381,אבו קרינאת יישוב,0.4992887624466572,
25,מכחול,1343,277,582,280,9,0.032490974729241874,עם,0.7545126353790613,מכחול,0.48109965635738833,
25,גבעות בר,1344,551,703,552,375,0.6805807622504537,מחל,0.26497277676951,גבעות בר,0.7852062588904695,
25,צור יצחק,1345,3168,3924,3173,1373,0.43339646464646464,פה,0.4220328282828283,צור יצחק,0.8086136595310908,
25,תראבין אצאנעישוב,1346,243,650,248,144,0.5925925925925926,מחל,0.588477366255144,תראבין אצאנעישוב,0.38153846153846155,
25,קצר אסר,1347,1053,1409,1060,3,0.002849002849002849,עם,0.9658119658119658,קצר אסר,0.752306600425834,
25,ביר הדאג,1348,789,1363,795,18,0.022813688212927757,עם,0.8681875792141952,ביר הדאג,0.5832721936903889,
25,דריגאת,1349,428,630,430,57,0.13317757009345793,עם,0.6705607476635514,דריגאת,0.6825396825396826,
25,אום בטין,1358,1289,2399,1300,11,0.008533747090768037,עם,0.8813033359193173,אום בטין,0.5418924551896623,
25,אל סייד,1359,1088,2028,1095,56,0.051470588235294115,עם,0.8897058823529411,אל סייד,0.5399408284023669,
25,סעוה,1360,538,1096,548,9,0.016728624535315983,עם,0.8698884758364313,סעוה,0.5,
25,בת חן,1361,234,395,234,63,0.2692307692307692,פה,0.5256410256410257,בת חן,0.5924050632911393,
25,בני נצרים,1363,308,368,308,304,0.987012987012987,ט,0.9285714285714286,בני נצרים,0.8369565217391305,
25,שלומית,1364,129,157,129,129,1.0,ט,0.813953488372093,שלומית,0.821656050955414,
25,אליאב,1365,275,331,276,182,0.6618181818181819,כן,0.31636363636363635,אליאב,0.8338368580060423,
25,נווה,1366,295,373,295,295,1.0,ט,0.9864406779661017,נווה,0.7908847184986595,
25,כחלה,1367,164,265,167,7,0.042682926829268296,פה,0.4634146341463415,כחלה,0.630188679245283,
25,בני דקלים,1368,625,733,625,625,1.0,ט,0.8544,בני דקלים,0.8526603001364257,
25,נטע,1369,278,344,280,274,0.9856115107913669,ט,0.8201438848920863,נטע,0.813953488372093,
25,מצפה אילן,1370,266,325,267,259,0.9736842105263158,ב,0.41353383458646614,מצפה אילן,0.8215384615384616,
25,גני טל,1371,379,455,379,362,0.9551451187335093,ט,0.5356200527704486,גני טל,0.832967032967033,
25,נצר חזני,1372,254,295,254,252,0.9921259842519685,ט,0.6062992125984252,נצר חזני,0.8610169491525423,
25,כרמי קטיף,1374,280,336,281,279,0.9964285714285714,ט,0.8464285714285714,כרמי קטיף,0.8363095238095238,
25,אבו תלול,1375,647,1141,653,7,0.010819165378670788,עם,0.7666151468315301,אבו תלול,0.5723049956178791,
25,באר גנים,1376,974,1172,975,917,0.9414784394250514,מחל,0.3593429158110883,באר גנים,0.8319112627986348,
25,שבי דרום,1377,150,170,152,148,0.9866666666666667,ט,0.9066666666666666,שבי דרום,0.8941176470588236,
25,מחנה הילה,1411,106,133,106,48,0.4528301886792453,פה,0.4056603773584906,מחנה הילה,0.7969924812030075,
25,מחנה תל נוף,1412,111,158,111,68,0.6126126126126126,כן,0.2972972972972973,מחנה תל נוף,0.7025316455696202,
25,מחנה יהודית,1413,97,136,97,57,0.5876288659793815,פה,0.29896907216494845,מחנה יהודית,0.7132352941176471,
25,מחנה מרים,1414,48,83,48,33,0.6875,כן,0.2708333333333333,מחנה מרים,0.5783132530120482,
25,מחנה יפה,1415,120,217,120,78,0.65,כן,0.26666666666666666,מחנה יפה,0.5529953917050692,
25,מחנה יוכבד,1416,57,108,57,36,0.631578947368421,מחל,0.2982456140350877,מחנה יוכבד,0.5277777777777778,
25,מחנה טלי,1418,80,154,81,54,0.675,מחל,0.2625,מחנה טלי,0.525974025974026,
25,ניצן ב,1419,333,466,333,315,0.9459459459459459,ט,0.43243243243243246,ניצן ב,0.7145922746781116,
25,תנובות,2002,458,633,460,331,0.722707423580786,מחל,0.36026200873362446,תנובות,0.7266982622432859,
25,תלמי אלעזר,2003,520,685,522,212,0.4076923076923077,פה,0.4115384615384615,תלמי אלעזר,0.762043795620438,
25,שדה יצחק,2008,332,446,334,166,0.5,פה,0.34036144578313254,שדה יצחק,0.7488789237668162,
25,יובל,2009,338,464,339,254,0.7514792899408284,מחל,0.35502958579881655,יובל,0.7306034482758621,
25,כפר בן נון,2010,431,548,431,178,0.41299303944315546,פה,0.3294663573085847,כפר בן נון,0.7864963503649635,
25,ינון,2011,748,943,749,631,0.8435828877005348,מחל,0.43983957219251335,ינון,0.7942735949098622,
25,אורות,2012,324,443,326,130,0.4012345679012346,פה,0.3734567901234568,אורות,0.7358916478555305,
25,בן שמן מושב,2013,467,610,467,213,0.45610278372591007,פה,0.3576017130620985,בן שמן מושב,0.7655737704918033,
25,גבעולים,2014,260,316,261,253,0.9730769230769231,מחל,0.6692307692307692,גבעולים,0.8259493670886076,
25,שדי חמד,2015,543,728,547,218,0.4014732965009208,פה,0.39410681399631675,שדי חמד,0.7513736263736264,
25,רוויה,2016,187,271,187,184,0.983957219251337,מחל,0.5454545454545454,רוויה,0.6900369003690037,
25,גבעת חיים איחוד,2018,736,1004,740,103,0.13994565217391305,אמת,0.37907608695652173,גבעת חיים איחוד,0.7370517928286853,
25,אשל הנשיא,2021,64,111,64,41,0.640625,מחל,0.3125,אשל הנשיא,0.5765765765765766,
25,להב,2023,378,545,380,85,0.22486772486772486,פה,0.38095238095238093,להב,0.6972477064220184,
25,אום אלקוטוף,2024,446,784,454,4,0.008968609865470852,ד,0.38565022421524664,אום אלקוטוף,0.5790816326530612,
25,ירדנה,2026,218,283,220,200,0.9174311926605505,מחל,0.6376146788990825,ירדנה,0.7773851590106007,
25,מדרך עוז,2029,408,574,409,313,0.7671568627450981,מחל,0.4264705882352941,מדרך עוז,0.7125435540069687,
25,מנוחה,2030,366,460,367,352,0.9617486338797814,מחל,0.4781420765027322,מנוחה,0.7978260869565217,
25,בית חלקיה,2033,396,484,400,393,0.9924242424242424,ג,0.8762626262626263,בית חלקיה,0.8264462809917356,
25,חצור הגלילית,2034,5267,7481,5284,4890,0.928422251756218,מחל,0.4321245490791722,חצור הגלילית,0.7063226841331373,
25,עדנים,2035,220,293,220,77,0.35,פה,0.45,עדנים,0.7508532423208191,
25,ברקת,2038,1011,1205,1012,992,0.9812067260138477,ט,0.49752720079129575,ברקת,0.8398340248962656,
25,עין גדי,2042,283,478,283,65,0.22968197879858657,פה,0.3674911660777385,עין גדי,0.5920502092050209,
25,בחן,2043,501,672,501,141,0.281437125748503,פה,0.4810379241516966,בחן,0.7455357142857143,
25,מלילות,2044,243,296,244,233,0.9588477366255144,מחל,0.6296296296296297,מלילות,0.8243243243243243,
25,נחלה,2045,398,483,399,344,0.864321608040201,מחל,0.3341708542713568,נחלה,0.8260869565217391,
25,סגולה,2046,350,446,352,197,0.5628571428571428,פה,0.3,סגולה,0.7892376681614349,
25,ניר משה,2047,301,436,302,166,0.5514950166112956,פה,0.3023255813953488,ניר משה,0.6926605504587156,
25,ניר עקיבא,2048,326,467,327,238,0.7300613496932515,מחל,0.24539877300613497,ניר עקיבא,0.7002141327623126,
25,שדה צבי,2049,337,442,337,263,0.7804154302670623,מחל,0.39465875370919884,שדה צבי,0.7624434389140271,
25,תלמי בילו,2050,292,367,292,266,0.910958904109589,מחל,0.5068493150684932,תלמי בילו,0.7956403269754768,
25,רווחה,2051,360,415,361,354,0.9833333333333333,מחל,0.5083333333333333,רווחה,0.8698795180722891,
25,אביטל,2052,327,414,328,314,0.9602446483180428,מחל,0.4709480122324159,אביטל,0.7922705314009661,
25,פרזון,2053,241,333,243,220,0.9128630705394191,מחל,0.5186721991701245,פרזון,0.7297297297297297,
25,מיטב,2054,290,364,290,261,0.9,מחל,0.5551724137931034,מיטב,0.7967032967032966,
25,מאור,2055,732,972,735,393,0.5368852459016393,פה,0.3046448087431694,מאור,0.7561728395061729,
25,שדי תרומות,2057,293,387,293,288,0.9829351535836177,מחל,0.689419795221843,שדי תרומות,0.7571059431524548,
25,פעמי תשז,2059,308,390,308,282,0.9155844155844156,מחל,0.42207792207792205,פעמי תשז,0.7897435897435897,
25,ברוש,2060,286,375,286,251,0.8776223776223776,מחל,0.527972027972028,ברוש,0.7626666666666667,
25,תדהר,2061,326,440,329,286,0.8773006134969326,מחל,0.5245398773006135,תדהר,0.7477272727272727,
25,תאשור,2062,223,309,223,135,0.6053811659192825,מחל,0.2825112107623318,תאשור,0.7216828478964401,
25,דישון,2063,207,299,207,185,0.893719806763285,מחל,0.4782608695652174,דישון,0.6923076923076923,
25,זרועה,2064,251,336,251,232,0.9243027888446215,מחל,0.545816733067729,זרועה,0.7470238095238095,
25,טירת כרמל,2100,15010,22069,15121,11938,0.7953364423717522,מחל,0.46135909393737506,טירת כרמל,0.6851692419230595,
25,דימונה,2200,18471,29297,18625,15925,0.8621623084835688,מחל,0.5092306859401223,דימונה,0.6357306208826843,
25,קרית טבעון,2300,9716,14446,9744,3194,0.3287361053931659,פה,0.37793330588719637,קרית טבעון,0.6745119756333934,
25,אור יהודה,2400,19892,27640,20022,16815,0.8453146993766338,מחל,0.45742006836919363,אור יהודה,0.7243849493487698,
25,נשר,2500,12112,19644,12212,6832,0.5640686922060766,מחל,0.3116743725231176,נשר,0.6216656485440847,
25,באר יעקב,2530,14056,18146,14109,9932,0.7066021627774616,מחל,0.35194934547524187,באר יעקב,0.7775267276534773,
25,גדרה,2550,14202,19693,14264,9311,0.6556118856499085,מחל,0.3073510773130545,גדרה,0.7243182856852689,
25,ערד,2560,12319,21746,12406,7488,0.6078415455799984,ג,0.30814189463430475,ערד,0.570495723351421,
25,אילת,2600,22189,51974,22361,16155,0.7280634548650232,מחל,0.43656766866465363,אילת,0.43023434794320237,
25,בית שמש,2610,51275,78064,51622,48540,0.9466601657727938,ג,0.3875377864456363,בית שמש,0.6612779258044681,
25,קרית אונו,2620,22713,31113,22796,10520,0.46317087130718093,פה,0.3659137938625457,קרית אונו,0.7326840870375727,
25,קרית גת,2630,30846,45388,31097,25006,0.8106723724307852,מחל,0.36293198469817806,קרית גת,0.6851370406274786,
25,ראש העין,2640,37984,49148,38128,27109,0.7136952401010952,מחל,0.3094987363100253,ראש העין,0.775779278912672,
25,רמת השרון,2650,27275,38282,27342,10322,0.3784417965169569,פה,0.4220348304307974,רמת השרון,0.7142260070006792,
25,יבנה,2660,28426,37761,28552,20846,0.7333427144163793,מחל,0.36350524168015197,יבנה,0.7561240433251238,
25,אום אלפחם,2710,14451,38286,14658,185,0.012801882222683551,ום,0.4053698705971905,אום אלפחם,0.38285535182573266,
25,טירה,2720,11912,19319,12030,110,0.009234385493619879,ד,0.3486400268636669,טירה,0.6227030384595476,
25,טייבה,2730,17401,30461,17580,118,0.006781219470145394,ום,0.6288719039135682,טייבה,0.5771314139391353,
25,קרית שמונה,2800,11257,18582,11355,9350,0.8305942968819401,מחל,0.4947143999289331,קרית שמונה,0.6110752340975137,
25,ירושלים,3000,264700,432125,266196,218631,0.8259576879486211,ג,0.23803551190026445,ירושלים,0.6160161990164883,
25,חברון,3400,215,338,215,214,0.9953488372093023,ט,0.8837209302325582,חברון,0.636094674556213,43.0
25,כפר עציון,3488,438,564,440,406,0.9269406392694064,ב,0.319634703196347,כפר עציון,0.7801418439716312,63.0
25,נתיב הגדוד,3555,136,225,137,68,0.5,אמת,0.29411764705882354,נתיב הגדוד,0.6088888888888889,103.0
25,אלמוג,3556,110,195,111,44,0.4,פה,0.34545454545454546,אלמוג,0.5692307692307692,9.0
25,קדומים,3557,2060,2715,2064,2014,0.9776699029126213,ט,0.7266990291262136,קדומים,0.7602209944751381,123.0
25,תומר,3558,193,254,197,117,0.6062176165803109,פה,0.27461139896373055,תומר,0.7755905511811023,145.0
25,אלקנה,3560,2251,2797,2255,2166,0.962239004886717,ט,0.5228787205686362,אלקנה,0.8062209510189489,13.0
25,מגדל עוז,3561,167,266,167,163,0.9760479041916168,ט,0.4431137724550898,מגדל עוז,0.6278195488721805,70.0
25,תקוע,3563,1675,2334,1686,1502,0.8967164179104478,ט,0.4471641791044776,תקוע,0.7223650385604113,147.0
25,כוכב השחר,3564,1071,1358,1072,1060,0.9897292250233427,ט,0.8599439775910365,כוכב השחר,0.7893961708394698,59.0
25,רימונים,3565,360,512,360,323,0.8972222222222223,מחל,0.42777777777777776,רימונים,0.703125,135.0
25,יפית,3566,101,176,101,88,0.8712871287128713,מחל,0.37623762376237624,יפית,0.5738636363636364,56.0
25,סלעית,3567,655,824,659,187,0.28549618320610687,פה,0.5190839694656488,סלעית,0.7997572815533981,105.0
25,ריחן,3568,184,242,186,113,0.6141304347826086,פה,0.2717391304347826,ריחן,0.768595041322314,134.0
25,מבוא דותן,3569,242,331,242,233,0.9628099173553719,ט,0.5495867768595041,מבוא דותן,0.7311178247734139,67.0
25,אריאל,3570,9420,15396,9516,6558,0.6961783439490445,מחל,0.40573248407643314,אריאל,0.6180826188620421,17.0
25,שבי שומרון,3571,466,588,467,456,0.9785407725321889,ט,0.7360515021459227,שבי שומרון,0.79421768707483,137.0
25,כפר תפוח,3572,525,726,527,518,0.9866666666666667,ט,0.780952380952381,כפר תפוח,0.7258953168044077,64.0
25,נוה צוף,3573,630,822,632,616,0.9777777777777777,ט,0.7111111111111111,נוה צוף,0.7688564476885644,
25,בית אל,3574,2698,3503,2704,2676,0.9918458117123795,ט,0.832468495181616,בית אל,0.7719097916071939,19.0
25,בית חורון,3575,717,886,718,682,0.9511854951185496,ט,0.45746164574616455,בית חורון,0.8103837471783296,23.0
25,מצפה יריחו,3576,1075,1399,1077,1053,0.9795348837209302,ט,0.7218604651162791,מצפה יריחו,0.7698355968548963,85.0
25,שדמות מחולה,3578,340,437,340,332,0.9764705882352941,ט,0.7176470588235294,שדמות מחולה,0.7780320366132724,138.0
25,אלון מורה,3579,717,971,720,714,0.99581589958159,ט,0.8675034867503487,אלון מורה,0.741503604531411,7.0
25,ארגמן,3598,74,121,76,68,0.918918918918919,מחל,0.3783783783783784,ארגמן,0.628099173553719,16.0
25,מחולה,3599,287,393,288,283,0.9860627177700348,ט,0.519163763066202,מחולה,0.732824427480916,74.0
25,קליה,3601,237,339,237,133,0.5611814345991561,פה,0.3291139240506329,קליה,0.6991150442477876,125.0
25,ראש צורים,3602,433,537,433,417,0.9630484988452656,ט,0.4896073903002309,ראש צורים,0.8063314711359404,129.0
25,הר גילה,3603,778,1059,779,598,0.7686375321336761,מחל,0.39845758354755784,הר גילה,0.7355996222851747,40.0
25,אלון שבות,3604,1682,2286,1686,1605,0.9542211652794292,ט,0.4768133174791914,אלון שבות,0.7375328083989501,8.0
25,משואה,3605,156,212,158,130,0.8333333333333334,ט,0.38461538461538464,משואה,0.7452830188679245,87.0
25,גלגל,3606,94,158,94,63,0.6702127659574468,מחל,0.2978723404255319,גלגל,0.5949367088607594,36.0
25,ייטב,3607,182,270,186,166,0.9120879120879121,ט,0.6703296703296703,ייטב,0.6888888888888889,
25,מעלה אפרים,3608,627,1162,630,517,0.8245614035087719,ט,0.3827751196172249,מעלה אפרים,0.5421686746987951,78.0
25,חמרה,3609,103,148,104,79,0.7669902912621359,ט,0.3300970873786408,חמרה,0.7027027027027027,49.0
25,מצפה שלם,3610,190,265,191,96,0.5052631578947369,פה,0.17894736842105263,מצפה שלם,0.720754716981132,86.0
25,קרית ארבע,3611,3249,4914,3257,3098,0.953524161280394,ט,0.6743613419513697,קרית ארבע,0.6628001628001629,126.0
25,בקעות,3612,104,145,104,77,0.7403846153846154,מחל,0.3557692307692308,בקעות,0.7172413793103448,25.0
25,גיתית,3613,191,253,191,171,0.8952879581151832,ט,0.5287958115183246,גיתית,0.7549407114624506,35.0
25,מכורה,3614,95,143,95,59,0.6210526315789474,מחל,0.24210526315789474,מכורה,0.6643356643356644,75.0
25,פצאל,3615,209,269,209,156,0.7464114832535885,מחל,0.3492822966507177,פצאל,0.7769516728624535,121.0
25,מעלה אדומים,3616,19602,28142,19710,16963,0.8653708805223956,מחל,0.4271502907866544,מעלה אדמים,0.7003766612181082,77.0
25,עופרה,3617,1478,2027,1482,1442,0.9756427604871448,ט,0.6901217861975643,עופרה,0.7311297483966452,
25,אלעזר,3618,1201,1635,1203,1162,0.9675270607826811,ט,0.5362198168193172,אלעזר,0.7357798165137615,11.0
25,רועי,3619,86,129,86,52,0.6046511627906976,מחל,0.29069767441860467,רועי,0.6666666666666666,131.0
25,כפר אדומים,3638,1989,2787,1996,1680,0.8446455505279035,מחל,0.29411764705882354,כפר אדומים,0.7161822748475063,61.0
25,ורד יריחו,3639,199,267,199,155,0.7788944723618091,מחל,0.3768844221105528,ורד יריחו,0.7453183520599251,42.0
25,קרני שומרון,3640,4732,6464,4754,4358,0.9209636517328825,ט,0.5443786982248521,קרני שומרון,0.7354579207920792,128.0
25,שילה,3641,1769,2259,1772,1749,0.9886941775014132,ט,0.8202374222724703,שילה,0.7844178840194777,139.0
25,חיננית,3643,682,902,685,601,0.8812316715542522,ט,0.5483870967741935,חיננית,0.7594235033259423,46.0
25,גבעון החדשה,3644,646,958,650,442,0.6842105263157895,מחל,0.34365325077399383,גבעון החדשה,0.6784968684759917,32.0
25,בית הערבה,3645,202,239,205,145,0.7178217821782178,מחל,0.22772277227722773,בית הערבה,0.8577405857740585,22.0
25,חמדת,3646,121,164,121,120,0.9917355371900827,ט,0.6033057851239669,חמדת,0.7378048780487805,48.0
25,יקיר,3647,1098,1380,1099,1073,0.9772313296903461,ט,0.6311475409836066,יקיר,0.7963768115942029,58.0
25,מתתיהו,3648,374,521,378,370,0.9893048128342246,ג,0.732620320855615,מתתיהו,0.72552783109405,
25,שקד,3649,490,674,492,360,0.7346938775510204,מחל,0.33877551020408164,שקד,0.7299703264094956,144.0
25,אפרת,3650,5783,7945,5798,5381,0.9304859069687014,ט,0.48054642918900226,אפרת,0.7297671491504091,15.0
25,מעלה מכמש,3651,833,1076,836,819,0.9831932773109243,ט,0.6494597839135654,מעלה מכמש,0.7769516728624535,80.0
25,בית אריה,3652,2754,3892,2759,2172,0.7886710239651417,מחל,0.41249092229484385,בית אריה,0.7088900308324769,21.0
25,מעלה עמוס,3653,324,431,326,320,0.9876543209876543,ג,0.4845679012345679,מעלה עמוס,0.7563805104408353,81.0
25,ברקן,3654,1053,1511,1058,808,0.7673314339981007,מחל,0.466286799620133,ברקן,0.700198544010589,
25,נילי,3655,960,1309,963,663,0.690625,מחל,0.33958333333333335,נילי,0.7356760886172651,
25,כרמל,3656,215,288,215,215,1.0,ט,0.8604651162790697,כרמל,0.7465277777777778,66.0
25,מעון,3657,228,305,228,228,1.0,ט,0.8991228070175439,מעון,0.7475409836065574,76.0
25,עטרת,3658,264,327,264,263,0.9962121212121212,ט,0.8181818181818182,עטרת,0.8073394495412844,108.0
25,פסגות,3659,901,1135,904,890,0.9877913429522752,ט,0.7968923418423973,פסגות,0.7964757709251101,120.0
25,עמנואל,3660,1932,2567,1946,1920,0.9937888198757764,שס,0.41563146997929606,עמנואל,0.7580833657966498,113.0
25,מבוא חורון,3709,1079,1268,1083,1069,0.9907321594068582,ט,0.7757182576459685,מבוא חורון,0.8541009463722398,68.0
25,ברכה,3710,1129,1327,1131,1118,0.9902568644818424,מחל,0.5057573073516386,ברכה,0.8522984174830445,27.0
25,ענב,3712,459,560,459,453,0.9869281045751634,ט,0.6318082788671024,ענב,0.8196428571428571,114.0
25,נעמה,3713,110,171,110,75,0.6818181818181818,מחל,0.3181818181818182,נעמה,0.6432748538011696,
25,עלמון,3715,771,1037,779,620,0.8041504539559015,מחל,0.48119325551232167,עלמון,0.7512054001928641,111.0
25,חרמש,3717,136,213,138,99,0.7279411764705882,מחל,0.4264705882352941,חרמש,0.647887323943662,50.0
25,תלם,3719,180,230,181,168,0.9333333333333333,ט,0.7555555555555555,תלם,0.7869565217391304,146.0
25,אשכולות,3722,284,374,284,195,0.6866197183098591,מחל,0.33098591549295775,אשכולות,0.7593582887700535,18.0
25,פני חבר,3723,211,267,211,207,0.981042654028436,ט,0.8436018957345972,פני חבר,0.7902621722846442,119.0
25,נגוהות,3724,195,230,195,194,0.9948717948717949,ט,0.8564102564102564,נגוהות,0.8478260869565217,90.0
25,נווה דניאל,3725,1154,1638,1156,1112,0.9636048526863085,ט,0.5025996533795494,נווה דניאל,0.7057387057387058,91.0
25,נוקדים,3726,1022,1429,1027,897,0.8776908023483366,ט,0.4882583170254403,נוקדים,0.7186843946815955,94.0
25,עלי זהב,3727,1717,2056,1718,1658,0.9656377402446127,ט,0.5713453698311007,עלי זהב,0.835603112840467,110.0
25,גבעת זאב,3730,9663,12613,9703,8961,0.9273517541136294,שס,0.25447583566180276,גבעת זאב,0.7692856576548006,34.0
25,טנא,3743,416,541,417,361,0.8677884615384616,ט,0.46634615384615385,טנא,0.7707948243992606,54.0
25,ברוכין,3744,772,926,772,765,0.9909326424870466,ט,0.8186528497409327,ברוכין,0.8336933045356372,26.0
25,מצדות יהודה,3745,361,477,361,348,0.96398891966759,ט,0.7922437673130194,מצדות יהודה,0.7568134171907757,83.0
25,קרית נטפים,3746,388,474,389,386,0.9948453608247423,ט,0.6778350515463918,קרית נטפים,0.820675105485232,127.0
25,דולב,3747,692,904,695,677,0.9783236994219653,ט,0.7514450867052023,דולב,0.7688053097345132,38.0
25,עתניאל,3748,346,501,346,338,0.976878612716763,ט,0.7109826589595376,עתניאל,0.6906187624750499,117.0
25,יצהר,3749,645,830,645,645,1.0,ט,0.8604651162790697,יצהר,0.7771084337349398,57.0
25,אלפי מנשה,3750,4402,6017,4423,2681,0.6090413448432531,מחל,0.3084961381190368,אלפי מנשה,0.7350839288682067,12.0
25,מגדלים,3751,226,297,226,209,0.9247787610619469,ט,0.6504424778761062,מגדלים,0.7609427609427609,71.0
25,מעלה לבונה,3752,351,461,351,348,0.9914529914529915,ט,0.8575498575498576,מעלה לבונה,0.7613882863340564,79.0
25,אספר,3754,350,465,352,348,0.9942857142857143,ג,0.4114285714285714,אספר,0.7569892473118279,
25,סוסיה,3756,596,780,596,586,0.9832214765100671,ט,0.8036912751677853,סוסיה,0.764102564102564,104.0
25,אדורה,3759,207,264,208,185,0.893719806763285,ט,0.5265700483091788,אדורה,0.7878787878787878,3.0
25,אורנית,3760,5064,6744,5080,3124,0.6169036334913112,פה,0.29127172195892576,אורנית,0.7532621589561092,4.0
25,איתמר,3762,492,676,492,487,0.9898373983739838,ט,0.8719512195121951,איתמר,0.727810650887574,5.0
25,גבע בנימין,3763,2556,3518,2566,2379,0.9307511737089202,ט,0.33528951486697967,גבע בנימין,0.7293916998294485,
25,חגי,3764,280,384,280,280,1.0,ט,0.8428571428571429,חגי,0.7291666666666666,44.0
25,עלי,3765,1686,2318,1690,1643,0.9744958481613286,ט,0.7532621589561092,עלי,0.729076790336497,109.0
25,כרמי צור,3766,428,582,432,426,0.9953271028037384,ט,0.8014018691588785,כרמי צור,0.7422680412371134,65.0
25,נחליאל,3767,264,346,266,263,0.9962121212121212,ט,0.553030303030303,נחליאל,0.7687861271676301,96.0
25,פדואל,3768,974,1175,974,962,0.9876796714579056,ט,0.7813141683778234,פדואל,0.828936170212766,118.0
25,הר אדר,3769,2355,3177,2361,1125,0.47770700636942676,פה,0.33290870488322716,הר אדר,0.7431539187913125,39.0
25,חשמונאים,3770,1640,2244,1646,1551,0.9457317073170731,ט,0.4451219512195122,חשמונאים,0.7335115864527629,51.0
25,סנסנה,3777,292,385,292,288,0.9863013698630136,ט,0.5136986301369864,סנסנה,0.7584415584415585,106.0
25,כוכב יעקב,3779,4016,5005,4040,3978,0.9905378486055777,שס,0.3989043824701195,כוכב יעקב,0.8071928071928072,60.0
25,ביתר עילית,3780,23688,29318,23847,23607,0.996580547112462,ג,0.5944360013508949,ביתר עלית,0.8133910907974623,24.0
25,קדר,3781,753,1084,755,679,0.9017264276228419,מחל,0.4940239043824701,קדר,0.6964944649446494,124.0
25,רותם,3782,80,117,82,67,0.8375,ט,0.3625,רותם,0.7008547008547008,132.0
25,שמעה,3784,369,485,370,340,0.9214092140921409,ט,0.5880758807588076,שמעה,0.7628865979381443,140.0
25,משכיות,3785,88,104,88,86,0.9772727272727273,ט,0.9090909090909091,משכיות,0.8461538461538461,88.0
25,נעלה,3787,1217,1637,1223,860,0.7066557107641742,מחל,0.37387017255546423,נעלה,0.7470983506414173,100.0
25,טלמון,3788,2113,2624,2114,2098,0.9929010884997633,ט,0.8485565546616185,טלמון,0.805640243902439,53.0
25,נופים,3790,468,636,469,437,0.9337606837606838,מחל,0.42094017094017094,נופים,0.7374213836477987,93.0
25,צופים,3791,1203,1574,1206,1034,0.8595178719866999,ט,0.3740648379052369,צופים,0.7662007623888183,122.0
25,אבני חפץ,3793,1044,1358,1049,1035,0.9913793103448276,ט,0.6944444444444444,אבני חפץ,0.772459499263623,1.0
25,בת עין,3794,594,960,600,574,0.9663299663299664,ט,0.7323232323232324,בת עין,0.625,29.0
25,רבבה,3795,1195,1457,1197,1175,0.9832635983263598,ט,0.8602510460251046,רבבה,0.821551132463967,130.0
25,כפר האורנים,3796,1290,1766,1291,535,0.41472868217054265,פה,0.43023255813953487,כפר האורנים,0.731030577576444,
25,מודיעין עילית,3797,26655,32933,27016,26592,0.9976364659538548,ג,0.7751641343087601,מודיעין עלית,0.8203321895970607,73.0
25,רחלים,3822,363,422,363,362,0.9972451790633609,ט,0.8539944903581267,רחלים,0.8601895734597157,133.0
25,גני מודיעין,3823,1532,2046,1538,1507,0.9836814621409922,שס,0.4608355091383812,גני מודיעין,0.7517106549364614,37.0
25,עמיחי,3824,86,100,86,86,1.0,ט,0.8023255813953488,עמיחי,0.86,112.0
25,שער שומרון,3826,4162,5566,4173,3502,0.8414223930802499,מחל,0.3481499279192696,שער שומרון,0.7497305066475027,142.0
25,חיפה,4000,139764,253292,140650,63147,0.4518116253112389,פה,0.2631364299819696,חיפה,0.5552879680368902,
25,בוקעאתא,4001,190,749,190,118,0.6210526315789474,כן,0.3736842105263158,בוקעאתא,0.253671562082777,
25,אליעד,4002,243,330,244,114,0.4691358024691358,פה,0.2962962962962963,אליעד,0.7393939393939394,
25,אלרום,4003,274,387,275,82,0.29927007299270075,פה,0.3722627737226277,אלרום,0.710594315245478,
25,כפר חרוב,4004,268,427,268,99,0.3694029850746269,פה,0.45149253731343286,כפר חרוב,0.6276346604215457,
25,חספין,4005,644,891,645,632,0.9813664596273292,ט,0.7375776397515528,חספין,0.7239057239057239,
25,קשת,4006,329,442,329,318,0.9665653495440729,ט,0.7355623100303952,קשת,0.744343891402715,
25,יונתן,4007,326,452,326,307,0.941717791411043,ט,0.4938650306748466,יונתן,0.7212389380530974,
25,מעלה גמלא,4008,316,416,317,87,0.27531645569620256,פה,0.4208860759493671,מעלה גמלא,0.7620192307692307,
25,שעל,4009,179,237,180,103,0.5754189944134078,פה,0.2737430167597765,שעל,0.759493670886076,
25,אודם,4010,98,133,99,46,0.46938775510204084,פה,0.30612244897959184,אודם,0.7443609022556391,
25,אבני איתן,4011,324,455,325,305,0.941358024691358,ט,0.6358024691358025,אבני איתן,0.7142857142857143,
25,אניעם,4012,262,445,263,133,0.5076335877862596,פה,0.32061068702290074,אניעם,0.5910112359550562,
25,אורטל,4013,175,269,176,77,0.44,כן,0.3028571428571429,אורטל,0.654275092936803,
25,נטור,4014,228,312,228,168,0.7368421052631579,ט,0.33771929824561403,נטור,0.7307692307692307,
25,בני יהודה,4015,585,935,588,291,0.49743589743589745,פה,0.3111111111111111,בני יהודה,0.6288770053475936,
25,אלוני הבשן,4017,162,237,162,152,0.9382716049382716,ט,0.4382716049382716,אלוני הבשן,0.6835443037974683,
25,מיצר,4019,103,138,104,28,0.27184466019417475,פה,0.39805825242718446,מיצר,0.7536231884057971,
25,גבעת יואב,4021,352,492,354,159,0.45170454545454547,פה,0.35511363636363635,גבעת יואב,0.7195121951219512,
25,גשור,4022,153,239,153,53,0.3464052287581699,פה,0.37254901960784315,גשור,0.6401673640167364,
25,קלע,4024,190,301,192,96,0.5052631578947369,פה,0.2631578947368421,קלע,0.6378737541528239,
25,קדמת צבי,4025,291,431,294,146,0.5017182130584192,פה,0.3402061855670103,קדמת צבי,0.6821345707656613,
25,חדנס,4026,416,724,416,246,0.5913461538461539,פה,0.3293269230769231,חדנס,0.574585635359116,
25,כנף,4028,217,350,219,100,0.4608294930875576,פה,0.35023041474654376,כנף,0.6257142857142857,
25,קצרין,4100,3556,6578,3588,2335,0.656636670416198,מחל,0.3076490438695163,קצרין,0.5454545454545454,
25,מרום גולן,4101,415,606,416,133,0.3204819277108434,פה,0.4795180722891566,מרום גולן,0.6864686468646864,
25,מגדל שמס,4201,312,1338,313,97,0.3108974358974359,פה,0.42628205128205127,מגדל שמס,0.23393124065769805,
25,מסעדה,4203,101,461,104,32,0.31683168316831684,ז,0.39603960396039606,מסעדה,0.22559652928416485,
25,מבוא חמה,4204,267,409,268,60,0.2247191011235955,פה,0.4232209737827715,מבוא חמה,0.6552567237163814,
25,אפיק,4301,190,270,192,68,0.35789473684210527,פה,0.3631578947368421,אפיק,0.7111111111111111,
25,נווה אטיב,4303,96,180,96,54,0.5625,פה,0.2916666666666667,נווה אטיב,0.5333333333333333,
25,נוב,4304,415,574,417,400,0.963855421686747,ט,0.42891566265060244,נוב,0.7264808362369338,
25,עגר,4501,547,1844,555,255,0.46617915904936014,כן,0.24314442413162707,עגר,0.3009761388286334,
25,עין קנייא,4502,31,207,31,10,0.3225806451612903,פה,0.2903225806451613,עין קנייא,0.1497584541062802,
25,עין זיוון,4503,230,336,231,76,0.33043478260869563,פה,0.4391304347826087,עין זיוון,0.6875,
25,נאות גולן,4551,318,474,324,162,0.5094339622641509,פה,0.3584905660377358,נאות גולן,0.6835443037974683,
25,רמת מגשימים,4701,357,484,357,342,0.957983193277311,ט,0.6218487394957983,רמת מגשימים,0.737603305785124,
25,רמות,4702,348,460,348,123,0.35344827586206895,פה,0.46264367816091956,רמות,0.7565217391304347,
25,תל אביב  יפו,5000,265796,447576,266837,102113,0.3841780914686451,פה,0.32817273397643304,תל אביב יפו,0.5961825477684237,
25,באקה אלגרביה,6000,9671,20643,9815,198,0.02047358080860304,ד,0.505945610588357,באקה אלגרביה,0.4754638376205009,
25,בני ברק,6100,87692,115586,88454,86316,0.9843087168726908,ג,0.5978994663139169,בני ברק,0.7652656896163895,
25,בת ים,6200,62761,124742,63317,41486,0.6610155988591642,מחל,0.3571644811268144,בת ים,0.5075836526590883,
25,גבעתיים,6300,33932,49341,34032,12747,0.37566309088765765,פה,0.37592832724272074,גבעתיים,0.6897306499665593,
25,הרצליה,6400,58166,88932,58374,26743,0.4597703125537255,פה,0.3721074167039164,הרצליה,0.6563891512616381,
25,חדרה,6500,49974,80141,50287,34216,0.6846760315363989,מחל,0.38163845199503743,חדרה,0.6274815637439014,
25,חולון,6600,101811,159831,102424,69779,0.68537780789895,מחל,0.3466619520484034,חולון,0.6408268733850129,
25,טבריה,6700,22546,36702,22659,19872,0.8813980306928059,מחל,0.4038410361039652,טבריה,0.6173777995749551,
25,קרית אתא,6800,31349,48568,31555,24059,0.7674566971833232,מחל,0.4277329420396185,קרית אתא,0.6497076264206885,
25,כפר סבא,6900,56903,81737,57122,26413,0.46417587824894996,פה,0.36150993796460645,כפר סבא,0.6988511934619572,
25,לוד,7000,35388,58888,35735,22703,0.641545156550243,מחל,0.2852944500960778,לוד,0.6068299144138025,
25,אשקלון,7100,73602,119846,74187,54211,0.7365424852585527,מחל,0.3968913888209559,אשקלון,0.6190194082405754,
25,נס ציונה,7200,25851,34763,25969,13482,0.5215272136474411,פה,0.3329078178793857,נס ציונה,0.7470298880994161,
25,נצרת,7300,28462,59519,28739,819,0.028775209050664042,ום,0.45313048977584147,נצרת,0.48285421462054134,
25,נתניה,7400,113043,195220,113786,80676,0.7136753270879223,מחל,0.355103810054581,נתניה,0.5828603626677594,
25,סחנין,7500,15754,23207,15877,104,0.006601498032245779,ום,0.3854893995175828,סחנין,0.6841470246046452,
25,עכו,7600,25237,43269,25480,14288,0.5661528707849586,מחל,0.32840670444189085,עכו,0.5888742517737873,
25,עפולה,7700,28802,45870,29022,22149,0.7690090965905145,מחל,0.4249704881605444,עפולה,0.6327011118378025,
25,פרדס חנהכרכור,7800,22142,32011,22231,12017,0.5427242344864962,מחל,0.2827206214434107,פרדס חנהכרכור,0.6944800224922683,
25,פתח תקווה,7900,133437,197815,134128,91177,0.683296237175596,מחל,0.28429146338721645,פתח תקווה,0.6780476708035286,
25,צפת,8000,14469,24148,14550,13022,0.899993088672334,מחל,0.2790102978782224,צפת,0.6025343713765116,
25,קרית מוצקין,8200,25775,40960,25947,15466,0.6000387972841901,מחל,0.3360620756547042,קרית מוצקין,0.6334716796875,
25,ראשון לציון,8300,139546,211845,140237,86848,0.622361085233543,מחל,0.3235062273372221,ראשון לציון,0.6619792773018008,
25,רחובות,8400,76404,111435,76744,47673,0.6239594785613318,מחל,0.257682843830166,רחובות,0.6886884731009109,
25,רמלה,8500,36235,57383,36627,25839,0.7130950738236511,מחל,0.3943148889195529,רמלה,0.6382900859139466,
25,רמת גן,8600,90342,139055,90709,44974,0.49781939740098735,פה,0.31737176507050985,רמת גן,0.6523246197547733,
25,רעננה,8700,46223,69652,46392,24593,0.5320511433701837,פה,0.32825649568396686,רעננה,0.6660540975133521,
25,שפרעם,8800,15703,30875,15890,602,0.038336623575113034,ום,0.3656626122396994,שפרעם,0.5146558704453441,
25,טמרה,8900,15491,24503,15563,148,0.00955393454263766,עם,0.3649215673616939,טמרה,0.6351467167285638,
25,באר שבע,9000,100204,164728,101002,74773,0.7462077362181151,מחל,0.40299788431599537,באר שבע,0.6131440920790636,
25,נהריה,9100,33244,55086,33493,22570,0.6789195042714474,מחל,0.3847611599085549,נהריה,0.6080129252441637,
25,בית שאן,9200,10413,14782,10445,9787,0.9398828387592433,מחל,0.47863247863247865,בית שאן,0.706602624813963,
25,זכרון יעקב,9300,12708,17889,12740,6309,0.4964589235127479,פה,0.3412810827824992,זכרון יעקב,0.7121694896304992,
25,יהודמונוסון,9400,17966,24273,18028,11228,0.6249582544806858,מחל,0.3287877101191139,יהודמונוסון,0.7427182466114612,
25,קרית ביאליק,9500,22902,36757,23027,13741,0.5999912671382412,מחל,0.33800541437429044,קרית ביאליק,0.6264657072122317,
25,קרית ים,9600,20276,36834,20491,13012,0.6417439337147366,מחל,0.4054547247977905,קרית ים,0.5563066731823858,
25,הוד השרון,9700,36126,48723,36229,15225,0.4214416209931905,פה,0.4045009134695233,הוד השרון,0.7435707981856619,
25,בנימינהגבעת עדה,9800,7840,10889,7860,3075,0.39221938775510207,פה,0.3790816326530612,בנימינהגבעת עדה,0.7218293690880705,
25,מעטפות חיצוניות,9999,458714,0,462807,282912,0.6167503062910659,מחל,0.23519011846161225,מעטפות חיצוניות,,
