{"type": "FeatureCollection", "features": [{"type": "Feature", "geometry": {"type": "Point", "coordinates": [35.0734, 32.2859]}, "properties": {"settlement_id": 1, "name_en": "Avnei Hefetz", "name_he": "אבני חפץ", "type": "Settlement", "regional_council": "Shomron", "urban_pattern": "Urban", "dist_gl_km": 4.2, "elevation": 200, "year_established": 1990, "status": "active", "latest_pop": 2536, "latest_pop_year": 2024, "peak_pop": 2536, "peak_year": 2024, "cagr_pct": 9.62, "decline_from_peak_pct": 0, "trajectory": "Successful (fast growth)", "latest_knesset": 25, "right_bloc_share": 0.9914, "top_party": "ט", "turnout": 0.7725, "se_cluster": null, "se_rank": null, "built_up_dunams": 321, "govt_decision_type": null, "govt_decision_date": null}}, {"type": "Feature", "geometry": {"type": "Point", "coordinates": [35.436, 31.6788]}, "properties": {"settlement_id": 2, "name_en": "Ovnat", "name_he": "אבנת", "type": "Settlement", "regional_council": "Megilot", "urban_pattern": "Community", "dist_gl_km": 21, "elevation": -330, "year_established": 1983, "status": "active", "latest_pop": 286, "latest_pop_year": 2024, "peak_pop": 286, "peak_year": 2024, "cagr_pct": 7.26, "decline_from_peak_pct": 0, "trajectory": "Successful (fast growth)", "latest_knesset": null, "right_bloc_share": null, "top_party": null, "turnout": null, "se_cluster": null, "se_rank": null, "built_up_dunams": 36.1, "govt_decision_type": "neighborhood_to_settlement", "govt_decision_date": "2025-03-22"}}, {"type": "Feature", "geometry": {"type": "Point", "coordinates": [35.0165, 31.5518]}, "properties": {"settlement_id": 3, "name_en": "Adora", "name_he": "אדורה", "type": "Settlement", "regional_council": "Har Hebron", "urban_pattern": "Community", "dist_gl_km": 6.4, "elevation": 650, "year_established": 1984, "status": "active", "latest_pop": 541, "latest_pop_year": 2024, "peak_pop": 541, "peak_year": 2024, "cagr_pct": 3.9, "decline_from_peak_pct": 0, "trajectory": "Surviving (slow growth)", "latest_knesset": 25, "right_bloc_share": 0.8937, "top_party": "ט", "turnout": 0.7879, "se_cluster": null, "se_rank": null, "built_up_dunams": 99.9, "govt_decision_type": null, "govt_decision_date": null}}, {"type": "Feature", "geometry": {"type": "Point", "coordinates": [34.9909, 32.1305]}, "properties": {"settlement_id": 4, "name_en": "Oranit", "name_he": "אורנית", "type": "Settlement", "regional_council": "Oranit", "urban_pattern": "Urban", "dist_gl_km": 0, "elevation": 140, "year_established": 1985, "status": "active", "latest_pop": 9397, "latest_pop_year": 2024, "peak_pop": 10055, "peak_year": 2023, "cagr_pct": 9.96, "decline_from_peak_pct": -6.54, "trajectory": "Declining", "latest_knesset": 25, "right_bloc_share": 0.6169, "top_party": "פה", "turnout": 0.7533, "se_cluster": 8, "se_rank": 230, "built_up_dunams": 1267.3, "govt_decision_type": null, "govt_decision_date": null}}, {"type": "Feature", "geometry": {"type": "Point", "coordinates": [35.3023, 32.1761]}, "properties": {"settlement_id": 5, "name_en": "Itamar", "name_he": "איתמר", "type": "Settlement", "regional_council": "Shomron", "urban_pattern": "Community", "dist_gl_km": 28, "elevation": 660, "year_established": 1984, "status": "active", "latest_pop": 1596, "latest_pop_year": 2024, "peak_pop": 1670, "peak_year": 2023, "cagr_pct": 6.17, "decline_from_peak_pct": -4.43, "trajectory": "Successful (fast growth)", "latest_knesset": 25, "right_bloc_share": 0.9898, "top_party": "ט", "turnout": 0.7278, "se_cluster": null, "se_rank": null, "built_up_dunams": 854, "govt_decision_type": null, "govt_decision_date": null}}, {"type": "Feature", "geometry": {"type": "Point", "coordinates": [35.3527341, 31.8330401]}, "properties": {"settlement_id": 6, "name_en": "Alon", "name_he": "אלון", "type": "Settlement", "regional_council": "Binyamin", "urban_pattern": "Community", "dist_gl_km": 12.6, "elevation": null, "year_established": 1990, "status": "active", "latest_pop": 0, "latest_pop_year": 2007, "peak_pop": 0, "peak_year": 1982, "cagr_pct": null, "decline_from_peak_pct": null, "trajectory": "Insufficient data", "latest_knesset": null, "right_bloc_share": null, "top_party": null, "turnout": null, "se_cluster": null, "se_rank": null, "built_up_dunams": 179.7, "govt_decision_type": "neighborhood_to_settlement", "govt_decision_date": "2025-03-22"}}, {"type": "Feature", "geometry": {"type": "Point", "coordinates": [35.3334, 32.2331]}, "properties": {"settlement_id": 7, "name_en": "Elon More", "name_he": "אלון מורה", "type": "Settlement", "regional_council": "Shomron", "urban_pattern": "Community", "dist_gl_km": 22, "elevation": 635, "year_established": 1979, "status": "active", "latest_pop": 2111, "latest_pop_year": 2024, "peak_pop": 2161, "peak_year": 2023, "cagr_pct": 3.82, "decline_from_peak_pct": -2.31, "trajectory": "Surviving (slow growth)", "latest_knesset": 25, "right_bloc_share": 0.9958, "top_party": "ט", "turnout": 0.7415, "se_cluster": null, "se_rank": null, "built_up_dunams": null, "govt_decision_type": null, "govt_decision_date": null}}, {"type": "Feature", "geometry": {"type": "Point", "coordinates": [35.1245, 31.6553]}, "properties": {"settlement_id": 8, "name_en": "Alon Shvut", "name_he": "אלון שבות", "type": "Settlement", "regional_council": "Gush Etzion", "urban_pattern": "Community", "dist_gl_km": 4.6, "elevation": 965, "year_established": 1970, "status": "active", "latest_pop": 2967, "latest_pop_year": 2024, "peak_pop": 3330, "peak_year": 2006, "cagr_pct": 2.18, "decline_from_peak_pct": -10.9, "trajectory": "Declining", "latest_knesset": 25, "right_bloc_share": 0.9542, "top_party": "ט", "turnout": 0.7375, "se_cluster": null, "se_rank": null, "built_up_dunams": 481.7, "govt_decision_type": null, "govt_decision_date": null}}, {"type": "Feature", "geometry": {"type": "Point", "coordinates": [35.4604, 31.7895]}, "properties": {"settlement_id": 9, "name_en": "Almog", "name_he": "אלמוג", "type": "Settlement", "regional_council": "Megilot", "urban_pattern": "Kibbutz", "dist_gl_km": 20.6, "elevation": -270, "year_established": 1977, "status": "active", "latest_pop": 264, "latest_pop_year": 2024, "peak_pop": 306, "peak_year": 2023, "cagr_pct": 3.81, "decline_from_peak_pct": -13.73, "trajectory": "Declining", "latest_knesset": 25, "right_bloc_share": 0.4, "top_party": "פה", "turnout": 0.5692, "se_cluster": null, "se_rank": null, "built_up_dunams": 101.8, "govt_decision_type": null, "govt_decision_date": null}}, {"type": "Feature", "geometry": {"type": "Point", "coordinates": [35.1419, 31.6598]}, "properties": {"settlement_id": 11, "name_en": "El'azar", "name_he": "אלעזר", "type": "Settlement", "regional_council": "Gush Etzion", "urban_pattern": "Community", "dist_gl_km": 5.5, "elevation": 910, "year_established": 1975, "status": "active", "latest_pop": 2712, "latest_pop_year": 2024, "peak_pop": 2712, "peak_year": 2024, "cagr_pct": 7.63, "decline_from_peak_pct": 0, "trajectory": "Successful (fast growth)", "latest_knesset": 25, "right_bloc_share": 0.9675, "top_party": "ט", "turnout": 0.7358, "se_cluster": null, "se_rank": null, "built_up_dunams": 329.3, "govt_decision_type": null, "govt_decision_date": null}}, {"type": "Feature", "geometry": {"type": "Point", "coordinates": [35.0127, 32.173]}, "properties": {"settlement_id": 12, "name_en": "Alfei Menashe", "name_he": "אלפי מנשה", "type": "Settlement", "regional_council": "Alfei Menashe", "urban_pattern": "Urban", "dist_gl_km": 2.8, "elevation": 200, "year_established": 1983, "status": "active", "latest_pop": 8000, "latest_pop_year": 2024, "peak_pop": 8126, "peak_year": 2023, "cagr_pct": 4.85, "decline_from_peak_pct": -1.55, "trajectory": "Surviving (slow growth)", "latest_knesset": 25, "right_bloc_share": 0.609, "top_party": "מחל", "turnout": 0.7351, "se_cluster": 8, "se_rank": 219, "built_up_dunams": null, "govt_decision_type": null, "govt_decision_date": null}}, {"type": "Feature", "geometry": {"type": "Point", "coordinates": [35.0342, 32.1115]}, "properties": {"settlement_id": 13, "name_en": "Elkana", "name_he": "אלקנה", "type": "Settlement", "regional_council": "Elkana", "urban_pattern": "Urban", "dist_gl_km": 3.1, "elevation": 270, "year_established": 1977, "status": "active", "latest_pop": 4453, "latest_pop_year": 2024, "peak_pop": 4453, "peak_year": 2024, "cagr_pct": 4.69, "decline_from_peak_pct": 0, "trajectory": "Surviving (slow growth)", "latest_knesset": 25, "right_bloc_share": 0.9622, "top_party": "ט", "turnout": 0.8062, "se_cluster": 8, "se_rank": 209, "built_up_dunams": 924.7, "govt_decision_type": null, "govt_decision_date": null}}, {"type": "Feature", "geometry": {"type": "Point", "coordinates": [35.1889, 31.5866]}, "properties": {"settlement_id": 14, "name_en": "Asfar", "name_he": "אספר (מיצד)", "type": "Settlement", "regional_council": "Gush Etzion", "urban_pattern": "Community", "dist_gl_km": 14.5, "elevation": 940, "year_established": 1983, "status": "active", "latest_pop": 1394, "latest_pop_year": 2024, "peak_pop": 1394, "peak_year": 2024, "cagr_pct": 5.69, "decline_from_peak_pct": 0, "trajectory": "Surviving (slow growth)", "latest_knesset": null, "right_bloc_share": null, "top_party": null, "turnout": null, "se_cluster": null, "se_rank": null, "built_up_dunams": 136.3, "govt_decision_type": null, "govt_decision_date": null}}, {"type": "Feature", "geometry": {"type": "Point", "coordinates": [35.1549, 31.6607]}, "properties": {"settlement_id": 15, "name_en": "Efrat", "name_he": "אפרת", "type": "Settlement", "regional_council": "Efrata", "urban_pattern": "Community", "dist_gl_km": 6.5, "elevation": 910, "year_established": 1980, "status": "active", "latest_pop": 11940, "latest_pop_year": 2024, "peak_pop": 12300, "peak_year": 2023, "cagr_pct": 10.4, "decline_from_peak_pct": -2.93, "trajectory": "Successful (fast growth)", "latest_knesset": 25, "right_bloc_share": 0.9305, "top_party": "ט", "turnout": 0.7298, "se_cluster": 7, "se_rank": 171, "built_up_dunams": null, "govt_decision_type": null, "govt_decision_date": null}}, {"type": "Feature", "geometry": {"type": "Point", "coordinates": [35.5221, 32.172]}, "properties": {"settlement_id": 16, "name_en": "Argaman", "name_he": "ארגמן", "type": "Settlement", "regional_council": "Jordan Valley", "urban_pattern": "Moshav", "dist_gl_km": 23.7, "elevation": -180, "year_established": 1968, "status": "active", "latest_pop": 141, "latest_pop_year": 2024, "peak_pop": 170, "peak_year": 2007, "cagr_pct": 0.84, "decline_from_peak_pct": -17.06, "trajectory": "Declining", "latest_knesset": 25, "right_bloc_share": 0.9189, "top_party": "מחל", "turnout": 0.6281, "se_cluster": null, "se_rank": null, "built_up_dunams": null, "govt_decision_type": null, "govt_decision_date": null}}, {"type": "Feature", "geometry": {"type": "Point", "coordinates": [35.1871, 32.1045]}, "properties": {"settlement_id": 17, "name_en": "Ariel", "name_he": "אריאל", "type": "Settlement", "regional_council": "Ariel", "urban_pattern": "Urban", "dist_gl_km": 16.1, "elevation": 560, "year_established": 1978, "status": "active", "latest_pop": 21004, "latest_pop_year": 2024, "peak_pop": 21841, "peak_year": 2023, "cagr_pct": 8.04, "decline_from_peak_pct": -3.83, "trajectory": "Successful (fast growth)", "latest_knesset": 25, "right_bloc_share": 0.6962, "top_party": "מחל", "turnout": 0.6181, "se_cluster": 6, "se_rank": 151, "built_up_dunams": 2566.4, "govt_decision_type": null, "govt_decision_date": null}}, {"type": "Feature", "geometry": {"type": "Point", "coordinates": [34.9044, 31.3906]}, "properties": {"settlement_id": 18, "name_en": "Eshkolot", "name_he": "אשכולות", "type": "Settlement", "regional_council": "Har Hebron", "urban_pattern": "Community", "dist_gl_km": 1.8, "elevation": 600, "year_established": 1982, "status": "active", "latest_pop": 633, "latest_pop_year": 2024, "peak_pop": 661, "peak_year": 2011, "cagr_pct": 6.77, "decline_from_peak_pct": -4.24, "trajectory": "Successful (fast growth)", "latest_knesset": 25, "right_bloc_share": 0.6866, "top_party": "מחל", "turnout": 0.7594, "se_cluster": null, "se_rank": null, "built_up_dunams": 93, "govt_decision_type": null, "govt_decision_date": null}}, {"type": "Feature", "geometry": {"type": "Point", "coordinates": [35.2225, 31.9417]}, "properties": {"settlement_id": 19, "name_en": "Beit El", "name_he": "בית אל", "type": "Settlement", "regional_council": "Beit El", "urban_pattern": "Community", "dist_gl_km": 13.5, "elevation": 860, "year_established": 1977, "status": "active", "latest_pop": 6469, "latest_pop_year": 2024, "peak_pop": 6469, "peak_year": 2024, "cagr_pct": 6.55, "decline_from_peak_pct": 0, "trajectory": "Successful (fast growth)", "latest_knesset": 25, "right_bloc_share": 0.9918, "top_party": "ט", "turnout": 0.7719, "se_cluster": 4, "se_rank": 76, "built_up_dunams": 779.5, "govt_decision_type": null, "govt_decision_date": null}}, {"type": "Feature", "geometry": {"type": "Point", "coordinates": [35.0506, 32.0361]}, "properties": {"settlement_id": 21, "name_en": "Beit Arye", "name_he": "בית אריה", "type": "Settlement", "regional_council": "Beit Arye", "urban_pattern": "Urban", "dist_gl_km": 3.8, "elevation": 345, "year_established": 1981, "status": "active", "latest_pop": 5603, "latest_pop_year": 2024, "peak_pop": 5603, "peak_year": 2024, "cagr_pct": 7.66, "decline_from_peak_pct": 0, "trajectory": "Successful (fast growth)", "latest_knesset": 25, "right_bloc_share": 0.7887, "top_party": "מחל", "turnout": 0.7089, "se_cluster": null, "se_rank": null, "built_up_dunams": 828.2, "govt_decision_type": null, "govt_decision_date": null}}, {"type": "Feature", "geometry": {"type": "Point", "coordinates": [35.4769, 31.8078]}, "properties": {"settlement_id": 22, "name_en": "Beit Ha'arava", "name_he": "בית הערבה", "type": "Settlement", "regional_council": "Jordan Valley", "urban_pattern": "Kibbutz", "dist_gl_km": 22.5, "elevation": -320, "year_established": 1980, "status": "active", "latest_pop": 557, "latest_pop_year": 2024, "peak_pop": 565, "peak_year": 2023, "cagr_pct": 11.57, "decline_from_peak_pct": -1.42, "trajectory": "Successful (fast growth)", "latest_knesset": 25, "right_bloc_share": 0.7178, "top_party": "מחל", "turnout": 0.8577, "se_cluster": null, "se_rank": null, "built_up_dunams": 59.1, "govt_decision_type": null, "govt_decision_date": null}}, {"type": "Feature", "geometry": {"type": "Point", "coordinates": [35.1262, 31.8776]}, "properties": {"settlement_id": 23, "name_en": "Beit Horon", "name_he": "בית חורון", "type": "Settlement", "regional_council": "Binyamin", "urban_pattern": "Community", "dist_gl_km": 4.7, "elevation": 625, "year_established": 1977, "status": "active", "latest_pop": 1434, "latest_pop_year": 2024, "peak_pop": 1496, "peak_year": 2023, "cagr_pct": 6.99, "decline_from_peak_pct": -4.14, "trajectory": "Successful (fast growth)", "latest_knesset": 25, "right_bloc_share": 0.9512, "top_party": "ט", "turnout": 0.8104, "se_cluster": null, "se_rank": null, "built_up_dunams": null, "govt_decision_type": null, "govt_decision_date": null}}, {"type": "Feature", "geometry": {"type": "Point", "coordinates": [35.1131, 31.6973]}, "properties": {"settlement_id": 24, "name_en": "Beitar Illit", "name_he": "ביתר עילית", "type": "Settlement", "regional_council": "Beitar Illit", "urban_pattern": "Urban", "dist_gl_km": 0.4, "elevation": 870, "year_established": 1985, "status": "active", "latest_pop": 68293, "latest_pop_year": 2024, "peak_pop": 69281, "peak_year": 2023, "cagr_pct": 16.36, "decline_from_peak_pct": -1.43, "trajectory": "Successful (fast growth)", "latest_knesset": 25, "right_bloc_share": 0.9966, "top_party": "ג", "turnout": 0.8134, "se_cluster": 2, "se_rank": 10, "built_up_dunams": null, "govt_decision_type": null, "govt_decision_date": null}}, {"type": "Feature", "geometry": {"type": "Point", "coordinates": [35.4546, 32.2425]}, "properties": {"settlement_id": 25, "name_en": "Bqa'ot", "name_he": "בקעות", "type": "Settlement", "regional_council": "Jordan Valley", "urban_pattern": "Moshav", "dist_gl_km": 17.1, "elevation": 100, "year_established": 1972, "status": "active", "latest_pop": 192, "latest_pop_year": 2024, "peak_pop": 247, "peak_year": 2023, "cagr_pct": 0.6, "decline_from_peak_pct": -22.27, "trajectory": "Declining", "latest_knesset": 25, "right_bloc_share": 0.7404, "top_party": "מחל", "turnout": 0.7172, "se_cluster": null, "se_rank": null, "built_up_dunams": 193.5, "govt_decision_type": null, "govt_decision_date": null}}, {"type": "Feature", "geometry": {"type": "Point", "coordinates": [35.0858929586, 32.0804660922]}, "properties": {"settlement_id": 26, "name_en": "Bruchin", "name_he": "ברוכין", "type": "Settlement", "regional_council": "Shomron", "urban_pattern": null, "dist_gl_km": 9.3, "elevation": null, "year_established": null, "status": "active", "latest_pop": 2723, "latest_pop_year": 2024, "peak_pop": 2793, "peak_year": 2023, "cagr_pct": 15.58, "decline_from_peak_pct": -2.51, "trajectory": "Successful (fast growth)", "latest_knesset": 25, "right_bloc_share": 0.9909, "top_party": "ט", "turnout": 0.8337, "se_cluster": null, "se_rank": null, "built_up_dunams": 84.7, "govt_decision_type": null, "govt_decision_date": null}}, {"type": "Feature", "geometry": {"type": "Point", "coordinates": [35.2635, 32.1924]}, "properties": {"settlement_id": 27, "name_en": "Bracha", "name_he": "ברכה", "type": "Settlement", "regional_council": "Shomron", "urban_pattern": "Community", "dist_gl_km": 23.2, "elevation": 850, "year_established": 1983, "status": "active", "latest_pop": 3301, "latest_pop_year": 2024, "peak_pop": 3394, "peak_year": 2023, "cagr_pct": 10.36, "decline_from_peak_pct": -2.74, "trajectory": "Successful (fast growth)", "latest_knesset": 25, "right_bloc_share": 0.9903, "top_party": "מחל", "turnout": 0.8523, "se_cluster": null, "se_rank": null, "built_up_dunams": 285.6, "govt_decision_type": null, "govt_decision_date": null}}, {"type": "Feature", "geometry": {"type": "Point", "coordinates": [35.1054, 32.1067]}, "properties": {"settlement_id": 28, "name_en": "Barqan", "name_he": "ברקן (בית אב\"א)", "type": "Settlement", "regional_council": "Shomron", "urban_pattern": "Community", "dist_gl_km": 10.5, "elevation": 455, "year_established": 1981, "status": "active", "latest_pop": 2119, "latest_pop_year": 2024, "peak_pop": 2169, "peak_year": 2023, "cagr_pct": 6.32, "decline_from_peak_pct": -2.31, "trajectory": "Successful (fast growth)", "latest_knesset": null, "right_bloc_share": null, "top_party": null, "turnout": null, "se_cluster": null, "se_rank": null, "built_up_dunams": 358.7, "govt_decision_type": null, "govt_decision_date": null}}, {"type": "Feature", "geometry": {"type": "Point", "coordinates": [35.101, 31.6579]}, "properties": {"settlement_id": 29, "name_en": "Bat Ayin", "name_he": "בת עין", "type": "Settlement", "regional_council": "Gush Etzion", "urban_pattern": "Community", "dist_gl_km": 2.8, "elevation": 870, "year_established": 1989, "status": "active", "latest_pop": 1814, "latest_pop_year": 2024, "peak_pop": 1869, "peak_year": 2023, "cagr_pct": 5.96, "decline_from_peak_pct": -2.94, "trajectory": "Surviving (slow growth)", "latest_knesset": 25, "right_bloc_share": 0.9663, "top_party": "ט", "turnout": 0.625, "se_cluster": null, "se_rank": null, "built_up_dunams": 413.1, "govt_decision_type": null, "govt_decision_date": null}}, {"type": "Feature", "geometry": {"type": "Point", "coordinates": [35.2739, 31.8493]}, "properties": {"settlement_id": 30, "name_en": "Geva Binyamin (aka Adam)", "name_he": "גבע בנימין (אדם)", "type": "Settlement", "regional_council": "Binyamin", "urban_pattern": "Urban", "dist_gl_km": 6.6, "elevation": 655, "year_established": 1984, "status": "active", "latest_pop": 6115, "latest_pop_year": 2024, "peak_pop": 6115, "peak_year": 2024, "cagr_pct": 10.2, "decline_from_peak_pct": 0, "trajectory": "Successful (fast growth)", "latest_knesset": null, "right_bloc_share": null, "top_party": null, "turnout": null, "se_cluster": null, "se_rank": null, "built_up_dunams": 463.7, "govt_decision_type": null, "govt_decision_date": null}}, {"type": "Feature", "geometry": {"type": "Point", "coordinates": [35.1576, 31.8477]}, "properties": {"settlement_id": 32, "name_en": "Giv'on Ha'hadasha", "name_he": "גבעון החדשה", "type": "Settlement", "regional_council": "Binyamin", "urban_pattern": "Community", "dist_gl_km": 4, "elevation": 755, "year_established": 1980, "status": "active", "latest_pop": 1022, "latest_pop_year": 2024, "peak_pop": 1224, "peak_year": 2003, "cagr_pct": 6.05, "decline_from_peak_pct": -16.5, "trajectory": "Declining", "latest_knesset": 25, "right_bloc_share": 0.6842, "top_party": "מחל", "turnout": 0.6785, "se_cluster": null, "se_rank": null, "built_up_dunams": 182.2, "govt_decision_type": null, "govt_decision_date": null}}, {"type": "Feature", "geometry": {"type": "Point", "coordinates": [35.1676, 31.861]}, "properties": {"settlement_id": 34, "name_en": "Givat Ze'ev", "name_he": "גבעת זאב", "type": "Settlement", "regional_council": "Givat Ze'ev", "urban_pattern": "Urban", "dist_gl_km": 4.9, "elevation": 770, "year_established": 1983, "status": "active", "latest_pop": 22503, "latest_pop_year": 2024, "peak_pop": 24193, "peak_year": 2023, "cagr_pct": 6.08, "decline_from_peak_pct": -6.99, "trajectory": "Declining", "latest_knesset": 25, "right_bloc_share": 0.9274, "top_party": "שס", "turnout": 0.7693, "se_cluster": 4, "se_rank": 107, "built_up_dunams": 1109.6, "govt_decision_type": null, "govt_decision_date": null}}, {"type": "Feature", "geometry": {"type": "Point", "coordinates": [35.3952, 32.1012]}, "properties": {"settlement_id": 35, "name_en": "Gitit", "name_he": "גיתית", "type": "Settlement", "regional_council": "Jordan Valley", "urban_pattern": "Moshav", "dist_gl_km": 37, "elevation": 305, "year_established": 1973, "status": "active", "latest_pop": 547, "latest_pop_year": 2024, "peak_pop": 567, "peak_year": 2023, "cagr_pct": 3.92, "decline_from_peak_pct": -3.53, "trajectory": "Surviving (slow growth)", "latest_knesset": 25, "right_bloc_share": 0.8953, "top_party": "ט", "turnout": 0.7549, "se_cluster": null, "se_rank": null, "built_up_dunams": 110.5, "govt_decision_type": null, "govt_decision_date": null}}, {"type": "Feature", "geometry": {"type": "Point", "coordinates": [35.4466, 31.9998]}, "properties": {"settlement_id": 36, "name_en": "Gilgal", "name_he": "גלגל", "type": "Settlement", "regional_council": "Jordan Valley", "urban_pattern": "Kibbutz", "dist_gl_km": 30.2, "elevation": -235, "year_established": 1970, "status": "active", "latest_pop": 239, "latest_pop_year": 2024, "peak_pop": 239, "peak_year": 2024, "cagr_pct": 1.74, "decline_from_peak_pct": 0, "trajectory": "Surviving (slow growth)", "latest_knesset": 25, "right_bloc_share": 0.6702, "top_party": "מחל", "turnout": 0.5949, "se_cluster": null, "se_rank": null, "built_up_dunams": 359.9, "govt_decision_type": null, "govt_decision_date": null}}, {"type": "Feature", "geometry": {"type": "Point", "coordinates": [35.133, 31.926]}, "properties": {"settlement_id": 38, "name_en": "Dolev", "name_he": "דולב", "type": "Settlement", "regional_council": "Binyamin", "urban_pattern": "Community", "dist_gl_km": 8.6, "elevation": 610, "year_established": 1983, "status": "active", "latest_pop": 1614, "latest_pop_year": 2024, "peak_pop": 1614, "peak_year": 2024, "cagr_pct": 5.39, "decline_from_peak_pct": 0, "trajectory": "Surviving (slow growth)", "latest_knesset": 25, "right_bloc_share": 0.9783, "top_party": "ט", "turnout": 0.7688, "se_cluster": null, "se_rank": null, "built_up_dunams": 303.1, "govt_decision_type": null, "govt_decision_date": null}}, {"type": "Feature", "geometry": {"type": "Point", "coordinates": [35.1285, 31.8261]}, "properties": {"settlement_id": 39, "name_en": "Har Adar", "name_he": "הר אדר", "type": "Settlement", "regional_council": "Har Adar", "urban_pattern": "Community", "dist_gl_km": 0, "elevation": 880, "year_established": 1986, "status": "active", "latest_pop": 4140, "latest_pop_year": 2024, "peak_pop": 4389, "peak_year": 2023, "cagr_pct": 6.43, "decline_from_peak_pct": -5.67, "trajectory": "Declining", "latest_knesset": 25, "right_bloc_share": 0.4777, "top_party": "פה", "turnout": 0.7432, "se_cluster": 9, "se_rank": 250, "built_up_dunams": 907.7, "govt_decision_type": null, "govt_decision_date": null}}, {"type": "Feature", "geometry": {"type": "Point", "coordinates": [35.1697, 31.7222]}, "properties": {"settlement_id": 40, "name_en": "Har Gilo", "name_he": "הר גילה", "type": "Settlement", "regional_council": "Gush Etzion", "urban_pattern": "Community", "dist_gl_km": 1.8, "elevation": 915, "year_established": 1972, "status": "active", "latest_pop": 1666, "latest_pop_year": 2024, "peak_pop": 1666, "peak_year": 2024, "cagr_pct": 5.29, "decline_from_peak_pct": 0, "trajectory": "Surviving (slow growth)", "latest_knesset": 25, "right_bloc_share": 0.7686, "top_party": "מחל", "turnout": 0.7356, "se_cluster": null, "se_rank": null, "built_up_dunams": null, "govt_decision_type": null, "govt_decision_date": null}}, {"type": "Feature", "geometry": {"type": "Point", "coordinates": [35.4313, 31.826]}, "properties": {"settlement_id": 42, "name_en": "Vered Yericho", "name_he": "ורד יריחו", "type": "Settlement", "regional_council": "Jordan Valley", "urban_pattern": "Moshav/Community", "dist_gl_km": 18.7, "elevation": -130, "year_established": 1980, "status": "active", "latest_pop": 391, "latest_pop_year": 2024, "peak_pop": 416, "peak_year": 2023, "cagr_pct": 1.65, "decline_from_peak_pct": -6.01, "trajectory": "Declining", "latest_knesset": 25, "right_bloc_share": 0.7789, "top_party": "מחל", "turnout": 0.7453, "se_cluster": null, "se_rank": null, "built_up_dunams": 127.4, "govt_decision_type": null, "govt_decision_date": null}}, {"type": "Feature", "geometry": {"type": "Point", "coordinates": [35.0792, 31.4926]}, "properties": {"settlement_id": 44, "name_en": "Haggai", "name_he": "חגי", "type": "Settlement", "regional_council": "Har Hebron", "urban_pattern": "Community", "dist_gl_km": 12.3, "elevation": 880, "year_established": 1984, "status": "active", "latest_pop": 797, "latest_pop_year": 2024, "peak_pop": 863, "peak_year": 2023, "cagr_pct": 4.35, "decline_from_peak_pct": -7.65, "trajectory": "Declining", "latest_knesset": 25, "right_bloc_share": 1, "top_party": "ט", "turnout": 0.7292, "se_cluster": null, "se_rank": null, "built_up_dunams": 173.3, "govt_decision_type": null, "govt_decision_date": null}}, {"type": "Feature", "geometry": {"type": "Point", "coordinates": [35.1719, 32.4801]}, "properties": {"settlement_id": 46, "name_en": "Hinanit", "name_he": "חיננית", "type": "Settlement", "regional_council": "Shomron", "urban_pattern": "Community", "dist_gl_km": 2.3, "elevation": 390, "year_established": 1981, "status": "active", "latest_pop": 1707, "latest_pop_year": 2024, "peak_pop": 1707, "peak_year": 2024, "cagr_pct": 8.26, "decline_from_peak_pct": 0, "trajectory": "Successful (fast growth)", "latest_knesset": 25, "right_bloc_share": 0.8812, "top_party": "ט", "turnout": 0.7594, "se_cluster": null, "se_rank": null, "built_up_dunams": 165, "govt_decision_type": null, "govt_decision_date": null}}, {"type": "Feature", "geometry": {"type": "Point", "coordinates": [35.1262, 32.0063]}, "properties": {"settlement_id": 47, "name_en": "Halamish", "name_he": "חלמיש", "type": "Settlement", "regional_council": "Binyamin", "urban_pattern": "Community", "dist_gl_km": 10.7, "elevation": 560, "year_established": 1977, "status": "active", "latest_pop": 1668, "latest_pop_year": 2024, "peak_pop": 1668, "peak_year": 2024, "cagr_pct": 3.46, "decline_from_peak_pct": 0, "trajectory": "Surviving (slow growth)", "latest_knesset": 21, "right_bloc_share": 0.6392, "top_party": "טב", "turnout": 0.8098, "se_cluster": null, "se_rank": null, "built_up_dunams": 381, "govt_decision_type": null, "govt_decision_date": null}}, {"type": "Feature", "geometry": {"type": "Point", "coordinates": [35.5257, 32.2509]}, "properties": {"settlement_id": 48, "name_en": "Chemdat", "name_he": "חמדת", "type": "Settlement", "regional_council": "Jordan Valley", "urban_pattern": "Community", "dist_gl_km": 14.7, "elevation": 130, "year_established": 1980, "status": "active", "latest_pop": 370, "latest_pop_year": 2024, "peak_pop": 386, "peak_year": 2023, "cagr_pct": 6.09, "decline_from_peak_pct": -4.15, "trajectory": "Successful (fast growth)", "latest_knesset": 25, "right_bloc_share": 0.9917, "top_party": "ט", "turnout": 0.7378, "se_cluster": null, "se_rank": null, "built_up_dunams": 87.9, "govt_decision_type": null, "govt_decision_date": null}}, {"type": "Feature", "geometry": {"type": "Point", "coordinates": [35.4366, 32.1995]}, "properties": {"settlement_id": 49, "name_en": "Hamra", "name_he": "חמרה", "type": "Settlement", "regional_council": "Jordan Valley", "urban_pattern": "Moshav", "dist_gl_km": 22.5, "elevation": -55, "year_established": 1971, "status": "active", "latest_pop": 253, "latest_pop_year": 2024, "peak_pop": 761, "peak_year": 2001, "cagr_pct": 0.88, "decline_from_peak_pct": -66.75, "trajectory": "Declining", "latest_knesset": 25, "right_bloc_share": 0.767, "top_party": "ט", "turnout": 0.7027, "se_cluster": null, "se_rank": null, "built_up_dunams": 158.9, "govt_decision_type": null, "govt_decision_date": null}}, {"type": "Feature", "geometry": {"type": "Point", "coordinates": [35.1184, 32.423]}, "properties": {"settlement_id": 50, "name_en": "Hermesh", "name_he": "חרמש", "type": "Settlement", "regional_council": "Shomron", "urban_pattern": "Community", "dist_gl_km": 5, "elevation": 290, "year_established": 1982, "status": "active", "latest_pop": 243, "latest_pop_year": 2024, "peak_pop": 284, "peak_year": 2023, "cagr_pct": 2.19, "decline_from_peak_pct": -14.44, "trajectory": "Declining", "latest_knesset": 25, "right_bloc_share": 0.7279, "top_party": "מחל", "turnout": 0.6479, "se_cluster": null, "se_rank": null, "built_up_dunams": 143.6, "govt_decision_type": null, "govt_decision_date": null}}, {"type": "Feature", "geometry": {"type": "Point", "coordinates": [35.0201, 31.9299]}, "properties": {"settlement_id": 51, "name_en": "Hashmonaim", "name_he": "חשמונאים", "type": "Settlement", "regional_council": "Binyamin", "urban_pattern": "Urban", "dist_gl_km": 0, "elevation": 190, "year_established": 1985, "status": "active", "latest_pop": 2504, "latest_pop_year": 2024, "peak_pop": 3122, "peak_year": 2023, "cagr_pct": 5.03, "decline_from_peak_pct": -19.8, "trajectory": "Declining", "latest_knesset": 25, "right_bloc_share": 0.9457, "top_party": "ט", "turnout": 0.7335, "se_cluster": null, "se_rank": null, "built_up_dunams": 753.1, "govt_decision_type": null, "govt_decision_date": null}}, {"type": "Feature", "geometry": {"type": "Point", "coordinates": [35.1317, 31.9453]}, "properties": {"settlement_id": 53, "name_en": "Talmon", "name_he": "טלמון", "type": "Settlement", "regional_council": "Binyamin", "urban_pattern": "Community", "dist_gl_km": 10.5, "elevation": 560, "year_established": 1989, "status": "active", "latest_pop": 5702, "latest_pop_year": 2024, "peak_pop": 5915, "peak_year": 2023, "cagr_pct": 10.87, "decline_from_peak_pct": -3.6, "trajectory": "Successful (fast growth)", "latest_knesset": 25, "right_bloc_share": 0.9929, "top_party": "ט", "turnout": 0.8056, "se_cluster": null, "se_rank": null, "built_up_dunams": null, "govt_decision_type": null, "govt_decision_date": null}}, {"type": "Feature", "geometry": {"type": "Point", "coordinates": [34.9564, 31.375]}, "properties": {"settlement_id": 54, "name_en": "Tene", "name_he": "טנא", "type": "Settlement", "regional_council": "Har Hebron", "urban_pattern": "Community", "dist_gl_km": 2.3, "elevation": 550, "year_established": 1983, "status": "active", "latest_pop": 1057, "latest_pop_year": 2024, "peak_pop": 1094, "peak_year": 2023, "cagr_pct": 4.99, "decline_from_peak_pct": -3.38, "trajectory": "Surviving (slow growth)", "latest_knesset": 25, "right_bloc_share": 0.8678, "top_party": "ט", "turnout": 0.7708, "se_cluster": null, "se_rank": null, "built_up_dunams": 188.8, "govt_decision_type": null, "govt_decision_date": null}}, {"type": "Feature", "geometry": {"type": "Point", "coordinates": [35.4232, 31.9467]}, "properties": {"settlement_id": 55, "name_en": "Yitav", "name_he": "ייט\"ב", "type": "Settlement", "regional_council": "Jordan Valley", "urban_pattern": "Kibbutz", "dist_gl_km": 24.7, "elevation": -100, "year_established": 1970, "status": "active", "latest_pop": 231, "latest_pop_year": 2024, "peak_pop": 359, "peak_year": 2019, "cagr_pct": 3.95, "decline_from_peak_pct": -35.65, "trajectory": "Declining", "latest_knesset": 20, "right_bloc_share": 0.4526, "top_party": "ל", "turnout": 0.8214, "se_cluster": null, "se_rank": null, "built_up_dunams": 107.1, "govt_decision_type": null, "govt_decision_date": null}}, {"type": "Feature", "geometry": {"type": "Point", "coordinates": [35.4728, 32.0619]}, "properties": {"settlement_id": 56, "name_en": "Yafit", "name_he": "יפית", "type": "Settlement", "regional_council": "Jordan Valley", "urban_pattern": "Moshav", "dist_gl_km": 36, "elevation": -245, "year_established": 1980, "status": "active", "latest_pop": 219, "latest_pop_year": 2024, "peak_pop": 279, "peak_year": 2023, "cagr_pct": 1.93, "decline_from_peak_pct": -21.51, "trajectory": "Declining", "latest_knesset": 25, "right_bloc_share": 0.8713, "top_party": "מחל", "turnout": 0.5739, "se_cluster": null, "se_rank": null, "built_up_dunams": 311.9, "govt_decision_type": null, "govt_decision_date": null}}, {"type": "Feature", "geometry": {"type": "Point", "coordinates": [35.2381, 32.166]}, "properties": {"settlement_id": 57, "name_en": "Yitzhar", "name_he": "יצהר", "type": "Settlement", "regional_council": "Shomron", "urban_pattern": "Community", "dist_gl_km": 20.5, "elevation": 620, "year_established": 1983, "status": "active", "latest_pop": 2302, "latest_pop_year": 2024, "peak_pop": 2304, "peak_year": 2023, "cagr_pct": 8.4, "decline_from_peak_pct": -0.09, "trajectory": "Successful (fast growth)", "latest_knesset": 25, "right_bloc_share": 1, "top_party": "ט", "turnout": 0.7771, "se_cluster": null, "se_rank": null, "built_up_dunams": null, "govt_decision_type": null, "govt_decision_date": null}}, {"type": "Feature", "geometry": {"type": "Point", "coordinates": [35.1129, 32.1493]}, "properties": {"settlement_id": 58, "name_en": "Yakir", "name_he": "יקיר", "type": "Settlement", "regional_council": "Shomron", "urban_pattern": "Community", "dist_gl_km": 11.2, "elevation": 390, "year_established": 1981, "status": "active", "latest_pop": 2758, "latest_pop_year": 2024, "peak_pop": 2758, "peak_year": 2024, "cagr_pct": 6.31, "decline_from_peak_pct": 0, "trajectory": "Successful (fast growth)", "latest_knesset": 25, "right_bloc_share": 0.9772, "top_party": "ט", "turnout": 0.7964, "se_cluster": null, "se_rank": null, "built_up_dunams": 334.1, "govt_decision_type": null, "govt_decision_date": null}}, {"type": "Feature", "geometry": {"type": "Point", "coordinates": [35.3478, 31.9592]}, "properties": {"settlement_id": 59, "name_en": "Kochav Ha'shachar", "name_he": "כוכב השחר", "type": "Settlement", "regional_council": "Binyamin", "urban_pattern": "Community", "dist_gl_km": 20.5, "elevation": 600, "year_established": 1977, "status": "active", "latest_pop": 2622, "latest_pop_year": 2024, "peak_pop": 2754, "peak_year": 2023, "cagr_pct": 7.62, "decline_from_peak_pct": -4.79, "trajectory": "Successful (fast growth)", "latest_knesset": 25, "right_bloc_share": 0.9897, "top_party": "ט", "turnout": 0.7894, "se_cluster": null, "se_rank": null, "built_up_dunams": 385, "govt_decision_type": null, "govt_decision_date": null}}, {"type": "Feature", "geometry": {"type": "Point", "coordinates": [35.2421, 31.8799]}, "properties": {"settlement_id": 60, "name_en": "Kochav Ya'akov", "name_he": "כוכב יעקב", "type": "Settlement", "regional_council": "Binyamin", "urban_pattern": "Community", "dist_gl_km": 7.7, "elevation": 820, "year_established": 1985, "status": "active", "latest_pop": 3138, "latest_pop_year": 2024, "peak_pop": 9794, "peak_year": 2022, "cagr_pct": 7.86, "decline_from_peak_pct": -67.96, "trajectory": "Declining", "latest_knesset": 25, "right_bloc_share": 0.9905, "top_party": "שס", "turnout": 0.8072, "se_cluster": null, "se_rank": null, "built_up_dunams": null, "govt_decision_type": null, "govt_decision_date": null}}, {"type": "Feature", "geometry": {"type": "Point", "coordinates": [35.3333, 31.8236]}, "properties": {"settlement_id": 61, "name_en": "Kfar Adumim", "name_he": "כפר אדומים", "type": "Settlement", "regional_council": "Binyamin", "urban_pattern": "Community", "dist_gl_km": 10.6, "elevation": 350, "year_established": 1979, "status": "active", "latest_pop": 5123, "latest_pop_year": 2024, "peak_pop": 5123, "peak_year": 2024, "cagr_pct": 7.59, "decline_from_peak_pct": 0, "trajectory": "Successful (fast growth)", "latest_knesset": 25, "right_bloc_share": 0.8446, "top_party": "מחל", "turnout": 0.7162, "se_cluster": null, "se_rank": null, "built_up_dunams": null, "govt_decision_type": null, "govt_decision_date": null}}, {"type": "Feature", "geometry": {"type": "Point", "coordinates": [35.0363, 31.9195]}, "properties": {"settlement_id": 62, "name_en": "Kfar Ha'oranim", "name_he": "כפר האורנים (מנורה)", "type": "Settlement", "regional_council": "Binyamin", "urban_pattern": "Urban", "dist_gl_km": 0, "elevation": 260, "year_established": 1998, "status": "active", "latest_pop": 2550, "latest_pop_year": 2024, "peak_pop": 2708, "peak_year": 2017, "cagr_pct": 12.06, "decline_from_peak_pct": -5.83, "trajectory": "Declining", "latest_knesset": null, "right_bloc_share": null, "top_party": null, "turnout": null, "se_cluster": null, "se_rank": null, "built_up_dunams": 376.9, "govt_decision_type": null, "govt_decision_date": null}}, {"type": "Feature", "geometry": {"type": "Point", "coordinates": [35.1148, 31.6489]}, "properties": {"settlement_id": 63, "name_en": "Kfar Etzion", "name_he": "כפר עציון", "type": "Settlement", "regional_council": "Gush Etzion", "urban_pattern": "Kibbutz", "dist_gl_km": 4.7, "elevation": 955, "year_established": 1967, "status": "active", "latest_pop": 1390, "latest_pop_year": 2024, "peak_pop": 1390, "peak_year": 2024, "cagr_pct": 2.92, "decline_from_peak_pct": 0, "trajectory": "Surviving (slow growth)", "latest_knesset": 25, "right_bloc_share": 0.9269, "top_party": "ב", "turnout": 0.7801, "se_cluster": null, "se_rank": null, "built_up_dunams": 361.1, "govt_decision_type": null, "govt_decision_date": null}}, {"type": "Feature", "geometry": {"type": "Point", "coordinates": [35.2474, 32.1176]}, "properties": {"settlement_id": 64, "name_en": "Kfar Tapuah", "name_he": "כפר תפוח", "type": "Settlement", "regional_council": "Shomron", "urban_pattern": "Community", "dist_gl_km": 24, "elevation": 670, "year_established": 1978, "status": "active", "latest_pop": 1673, "latest_pop_year": 2024, "peak_pop": 1673, "peak_year": 2024, "cagr_pct": 7.63, "decline_from_peak_pct": 0, "trajectory": "Successful (fast growth)", "latest_knesset": 25, "right_bloc_share": 0.9867, "top_party": "ט", "turnout": 0.7259, "se_cluster": null, "se_rank": null, "built_up_dunams": null, "govt_decision_type": null, "govt_decision_date": null}}, {"type": "Feature", "geometry": {"type": "Point", "coordinates": [35.0998, 31.6086]}, "properties": {"settlement_id": 65, "name_en": "Karmei Tzur", "name_he": "כרמי צור", "type": "Settlement", "regional_council": "Gush Etzion", "urban_pattern": "Community", "dist_gl_km": 8.3, "elevation": 950, "year_established": 1984, "status": "active", "latest_pop": 997, "latest_pop_year": 2024, "peak_pop": 1047, "peak_year": 2016, "cagr_pct": 5.12, "decline_from_peak_pct": -4.78, "trajectory": "Surviving (slow growth)", "latest_knesset": 25, "right_bloc_share": 0.9953, "top_party": "ט", "turnout": 0.7423, "se_cluster": null, "se_rank": null, "built_up_dunams": 153.4, "govt_decision_type": null, "govt_decision_date": null}}, {"type": "Feature", "geometry": {"type": "Point", "coordinates": [35.1843, 31.4319]}, "properties": {"settlement_id": 66, "name_en": "Carmel", "name_he": "כרמל", "type": "Settlement", "regional_council": "Har Hebron", "urban_pattern": "Cooperative", "dist_gl_km": 6.4, "elevation": 740, "year_established": 1981, "status": "active", "latest_pop": 527, "latest_pop_year": 2024, "peak_pop": 632, "peak_year": 2023, "cagr_pct": 5.01, "decline_from_peak_pct": -16.61, "trajectory": "Declining", "latest_knesset": 25, "right_bloc_share": 1, "top_party": "ט", "turnout": 0.7465, "se_cluster": null, "se_rank": null, "built_up_dunams": null, "govt_decision_type": null, "govt_decision_date": null}}, {"type": "Feature", "geometry": {"type": "Point", "coordinates": [35.1738, 32.4201]}, "properties": {"settlement_id": 67, "name_en": "Mevo Dotan", "name_he": "מבוא דותן", "type": "Settlement", "regional_council": "Shomron", "urban_pattern": "Community", "dist_gl_km": 8.1, "elevation": 330, "year_established": 1978, "status": "active", "latest_pop": 699, "latest_pop_year": 2024, "peak_pop": 699, "peak_year": 2024, "cagr_pct": 4.91, "decline_from_peak_pct": 0, "trajectory": "Surviving (slow growth)", "latest_knesset": 25, "right_bloc_share": 0.9628, "top_party": "ט", "turnout": 0.7311, "se_cluster": null, "se_rank": null, "built_up_dunams": 196.4, "govt_decision_type": null, "govt_decision_date": null}}, {"type": "Feature", "geometry": {"type": "Point", "coordinates": [35.0356, 31.8475]}, "properties": {"settlement_id": 68, "name_en": "Mevo Horon", "name_he": "מבוא חורון", "type": "Settlement", "regional_council": "Binyamin", "urban_pattern": "Cooperative", "dist_gl_km": 0.2, "elevation": 250, "year_established": 1970, "status": "active", "latest_pop": 2730, "latest_pop_year": 2024, "peak_pop": 2730, "peak_year": 2024, "cagr_pct": 5.83, "decline_from_peak_pct": 0, "trajectory": "Surviving (slow growth)", "latest_knesset": 25, "right_bloc_share": 0.9907, "top_party": "ט", "turnout": 0.8541, "se_cluster": null, "se_rank": null, "built_up_dunams": 654.3, "govt_decision_type": null, "govt_decision_date": null}}, {"type": "Feature", "geometry": {"type": "Point", "coordinates": [35.1425, 31.6392]}, "properties": {"settlement_id": 70, "name_en": "Migdal Oz", "name_he": "מגדל עוז", "type": "Settlement", "regional_council": "Gush Etzion", "urban_pattern": "Kibbutz", "dist_gl_km": 7.4, "elevation": 940, "year_established": 1977, "status": "active", "latest_pop": 592, "latest_pop_year": 2024, "peak_pop": 605, "peak_year": 2016, "cagr_pct": 4.48, "decline_from_peak_pct": -2.15, "trajectory": "Surviving (slow growth)", "latest_knesset": 25, "right_bloc_share": 0.976, "top_party": "ט", "turnout": 0.6278, "se_cluster": null, "se_rank": null, "built_up_dunams": 188.7, "govt_decision_type": null, "govt_decision_date": null}}, {"type": "Feature", "geometry": {"type": "Point", "coordinates": [35.3418, 32.09]}, "properties": {"settlement_id": 71, "name_en": "Migdalim", "name_he": "מגדלים", "type": "Settlement", "regional_council": "Shomron", "urban_pattern": "Community", "dist_gl_km": 32.7, "elevation": 790, "year_established": 1983, "status": "active", "latest_pop": 668, "latest_pop_year": 2024, "peak_pop": 700, "peak_year": 2023, "cagr_pct": 6.39, "decline_from_peak_pct": -4.57, "trajectory": "Successful (fast growth)", "latest_knesset": 25, "right_bloc_share": 0.9248, "top_party": "ט", "turnout": 0.7609, "se_cluster": null, "se_rank": null, "built_up_dunams": 67.6, "govt_decision_type": null, "govt_decision_date": null}}, {"type": "Feature", "geometry": {"type": "Point", "coordinates": [35.0412, 31.9316]}, "properties": {"settlement_id": 73, "name_en": "Modi'in Ilit", "name_he": "מודיעין עילית", "type": "Settlement", "regional_council": "Modi'in Illit", "urban_pattern": "Urban", "dist_gl_km": 0.6, "elevation": 280, "year_established": 1996, "status": "active", "latest_pop": 86816, "latest_pop_year": 2024, "peak_pop": 87486, "peak_year": 2023, "cagr_pct": 12.71, "decline_from_peak_pct": -0.77, "trajectory": "Successful (fast growth)", "latest_knesset": 25, "right_bloc_share": 0.9976, "top_party": "ג", "turnout": 0.8203, "se_cluster": 1, "se_rank": 6, "built_up_dunams": 2083.9, "govt_decision_type": null, "govt_decision_date": null}}, {"type": "Feature", "geometry": {"type": "Point", "coordinates": [35.5147, 32.365]}, "properties": {"settlement_id": 74, "name_en": "Mechola", "name_he": "מחולה", "type": "Settlement", "regional_council": "Jordan Valley", "urban_pattern": "Moshav", "dist_gl_km": 2.9, "elevation": -180, "year_established": 1968, "status": "active", "latest_pop": 742, "latest_pop_year": 2024, "peak_pop": 760, "peak_year": 2023, "cagr_pct": 2.18, "decline_from_peak_pct": -2.37, "trajectory": "Surviving (slow growth)", "latest_knesset": 25, "right_bloc_share": 0.9861, "top_party": "ט", "turnout": 0.7328, "se_cluster": null, "se_rank": null, "built_up_dunams": 257.3, "govt_decision_type": null, "govt_decision_date": null}}, {"type": "Feature", "geometry": {"type": "Point", "coordinates": [35.4228, 32.1646]}, "properties": {"settlement_id": 75, "name_en": "Mechora", "name_he": "מכורה", "type": "Settlement", "regional_council": "Jordan Valley", "urban_pattern": "Moshav", "dist_gl_km": 26.4, "elevation": 225, "year_established": 1973, "status": "active", "latest_pop": 186, "latest_pop_year": 2024, "peak_pop": 250, "peak_year": 2023, "cagr_pct": 0.82, "decline_from_peak_pct": -25.6, "trajectory": "Declining", "latest_knesset": 25, "right_bloc_share": 0.6211, "top_party": "מחל", "turnout": 0.6643, "se_cluster": null, "se_rank": null, "built_up_dunams": 136.7, "govt_decision_type": null, "govt_decision_date": null}}, {"type": "Feature", "geometry": {"type": "Point", "coordinates": [35.163, 31.4116]}, "properties": {"settlement_id": 76, "name_en": "Ma'on", "name_he": "מעון", "type": "Settlement", "regional_council": "Har Hebron", "urban_pattern": "Cooperative", "dist_gl_km": 4.7, "elevation": 770, "year_established": 1981, "status": "active", "latest_pop": 649, "latest_pop_year": 2024, "peak_pop": 749, "peak_year": 2023, "cagr_pct": 8.73, "decline_from_peak_pct": -13.35, "trajectory": "Declining", "latest_knesset": 25, "right_bloc_share": 1, "top_party": "ט", "turnout": 0.7475, "se_cluster": null, "se_rank": null, "built_up_dunams": null, "govt_decision_type": null, "govt_decision_date": null}}, {"type": "Feature", "geometry": {"type": "Point", "coordinates": [35.3105, 31.7812]}, "properties": {"settlement_id": 77, "name_en": "Ma'ale Adumim", "name_he": "מעלה אדומים", "type": "Settlement", "regional_council": "Ma'ale Adumim", "urban_pattern": "Urban", "dist_gl_km": 4.5, "elevation": 500, "year_established": 1975, "status": "active", "latest_pop": 38097, "latest_pop_year": 2024, "peak_pop": 38193, "peak_year": 2018, "cagr_pct": 11.64, "decline_from_peak_pct": -0.25, "trajectory": "Successful (fast growth)", "latest_knesset": 25, "right_bloc_share": 0.8654, "top_party": "מחל", "turnout": 0.7004, "se_cluster": 6, "se_rank": 159, "built_up_dunams": 3399.9, "govt_decision_type": null, "govt_decision_date": null}}, {"type": "Feature", "geometry": {"type": "Point", "coordinates": [35.4054, 32.0705]}, "properties": {"settlement_id": 78, "name_en": "Ma'ale Efraim", "name_he": "מעלה אפרים", "type": "Settlement", "regional_council": "Jordan Valley", "urban_pattern": "Urban", "dist_gl_km": 34.7, "elevation": 200, "year_established": 1970, "status": "active", "latest_pop": 1419, "latest_pop_year": 2024, "peak_pop": 1695, "peak_year": 2023, "cagr_pct": 1.09, "decline_from_peak_pct": -16.28, "trajectory": "Declining", "latest_knesset": 25, "right_bloc_share": 0.8246, "top_party": "ט", "turnout": 0.5422, "se_cluster": 3, "se_rank": 85, "built_up_dunams": 535.7, "govt_decision_type": null, "govt_decision_date": null}}, {"type": "Feature", "geometry": {"type": "Point", "coordinates": [35.2395, 32.0544]}, "properties": {"settlement_id": 79, "name_en": "Ma'ale Levona", "name_he": "מעלה לבונה", "type": "Settlement", "regional_council": "Binyamin", "urban_pattern": "Community", "dist_gl_km": 21.8, "elevation": 770, "year_established": 1983, "status": "active", "latest_pop": 1084, "latest_pop_year": 2024, "peak_pop": 1084, "peak_year": 2024, "cagr_pct": 4.98, "decline_from_peak_pct": 0, "trajectory": "Surviving (slow growth)", "latest_knesset": 25, "right_bloc_share": 0.9915, "top_party": "ט", "turnout": 0.7614, "se_cluster": null, "se_rank": null, "built_up_dunams": 172.5, "govt_decision_type": null, "govt_decision_date": null}}, {"type": "Feature", "geometry": {"type": "Point", "coordinates": [35.3061, 31.8789]}, "properties": {"settlement_id": 80, "name_en": "Ma'ale Michmash", "name_he": "מעלה מכמש", "type": "Settlement", "regional_council": "Binyamin", "urban_pattern": "Community", "dist_gl_km": 10.9, "elevation": 590, "year_established": 1981, "status": "active", "latest_pop": 1903, "latest_pop_year": 2024, "peak_pop": 2131, "peak_year": 2023, "cagr_pct": 6.69, "decline_from_peak_pct": -10.7, "trajectory": "Declining", "latest_knesset": 25, "right_bloc_share": 0.9832, "top_party": "ט", "turnout": 0.777, "se_cluster": null, "se_rank": null, "built_up_dunams": 264.6, "govt_decision_type": null, "govt_decision_date": null}}, {"type": "Feature", "geometry": {"type": "Point", "coordinates": [35.2255, 31.5989]}, "properties": {"settlement_id": 81, "name_en": "Ma'ale Amos", "name_he": "מעלה עמוס", "type": "Settlement", "regional_council": "Gush Etzion", "urban_pattern": "Community", "dist_gl_km": 14.1, "elevation": 715, "year_established": 1981, "status": "active", "latest_pop": 1190, "latest_pop_year": 2024, "peak_pop": 1279, "peak_year": 2023, "cagr_pct": 4.33, "decline_from_peak_pct": -6.96, "trajectory": "Declining", "latest_knesset": 25, "right_bloc_share": 0.9877, "top_party": "ג", "turnout": 0.7564, "se_cluster": null, "se_rank": null, "built_up_dunams": null, "govt_decision_type": null, "govt_decision_date": null}}, {"type": "Feature", "geometry": {"type": "Point", "coordinates": [35.0698, 32.1644]}, "properties": {"settlement_id": 82, "name_en": "Ma'ale Shomron", "name_he": "מעלה שומרון", "type": "Settlement", "regional_council": "Shomron", "urban_pattern": "Community", "dist_gl_km": 7.9, "elevation": 315, "year_established": 1980, "status": "active", "latest_pop": 995, "latest_pop_year": 2019, "peak_pop": 1045, "peak_year": 2017, "cagr_pct": 4.74, "decline_from_peak_pct": -4.78, "trajectory": "Surviving (slow growth)", "latest_knesset": 23, "right_bloc_share": 0.8538, "top_party": "מחל", "turnout": 0.7552, "se_cluster": null, "se_rank": null, "built_up_dunams": 250.6, "govt_decision_type": null, "govt_decision_date": null}}, {"type": "Feature", "geometry": {"type": "Point", "coordinates": [35.1124, 31.3632]}, "properties": {"settlement_id": 83, "name_en": "Yatir (aka Metzadot Yehuda)", "name_he": "מצדות יהודה", "type": "Settlement", "regional_council": "Har Hebron", "urban_pattern": "Community", "dist_gl_km": 0.2, "elevation": 780, "year_established": 1983, "status": "active", "latest_pop": 722, "latest_pop_year": 2024, "peak_pop": 796, "peak_year": 2023, "cagr_pct": 5.04, "decline_from_peak_pct": -9.3, "trajectory": "Declining", "latest_knesset": 25, "right_bloc_share": 0.964, "top_party": "ט", "turnout": 0.7568, "se_cluster": null, "se_rank": null, "built_up_dunams": null, "govt_decision_type": null, "govt_decision_date": null}}, {"type": "Feature", "geometry": {"type": "Point", "coordinates": [35.394, 31.8159]}, "properties": {"settlement_id": 85, "name_en": "Mitzpe Yericho", "name_he": "מצפה יריחו", "type": "Settlement", "regional_council": "Binyamin", "urban_pattern": "Community", "dist_gl_km": 15.3, "elevation": 160, "year_established": 1978, "status": "active", "latest_pop": 2887, "latest_pop_year": 2024, "peak_pop": 2895, "peak_year": 2023, "cagr_pct": 7.33, "decline_from_peak_pct": -0.28, "trajectory": "Successful (fast growth)", "latest_knesset": 25, "right_bloc_share": 0.9795, "top_party": "ט", "turnout": 0.7698, "se_cluster": null, "se_rank": null, "built_up_dunams": 443.8, "govt_decision_type": null, "govt_decision_date": null}}, {"type": "Feature", "geometry": {"type": "Point", "coordinates": [35.4, 31.5688]}, "properties": {"settlement_id": 86, "name_en": "Mitzpe Shalem", "name_he": "מצפה שלם", "type": "Settlement", "regional_council": "Megilot", "urban_pattern": "Kibbutz", "dist_gl_km": 7.8, "elevation": -250, "year_established": 1971, "status": "active", "latest_pop": 242, "latest_pop_year": 2024, "peak_pop": 279, "peak_year": 2023, "cagr_pct": 3.07, "decline_from_peak_pct": -13.26, "trajectory": "Declining", "latest_knesset": 25, "right_bloc_share": 0.5053, "top_party": "פה", "turnout": 0.7208, "se_cluster": null, "se_rank": null, "built_up_dunams": 91.8, "govt_decision_type": null, "govt_decision_date": null}}, {"type": "Feature", "geometry": {"type": "Point", "coordinates": [35.4916, 32.1084]}, "properties": {"settlement_id": 87, "name_en": "Masu'a", "name_he": "משואה", "type": "Settlement", "regional_council": "Jordan Valley", "urban_pattern": "Moshav", "dist_gl_km": 30, "elevation": -255, "year_established": 1970, "status": "active", "latest_pop": 364, "latest_pop_year": 2024, "peak_pop": 434, "peak_year": 2023, "cagr_pct": 2.03, "decline_from_peak_pct": -16.13, "trajectory": "Declining", "latest_knesset": 25, "right_bloc_share": 0.8333, "top_party": "ט", "turnout": 0.7453, "se_cluster": null, "se_rank": null, "built_up_dunams": null, "govt_decision_type": null, "govt_decision_date": null}}, {"type": "Feature", "geometry": {"type": "Point", "coordinates": [35.5019, 32.317]}, "properties": {"settlement_id": 88, "name_en": "Maskiyot", "name_he": "משכיות", "type": "Settlement", "regional_council": "Jordan Valley", "urban_pattern": "Community", "dist_gl_km": 8.5, "elevation": 30, "year_established": null, "status": "active", "latest_pop": 373, "latest_pop_year": 2024, "peak_pop": 389, "peak_year": 2023, "cagr_pct": 13.49, "decline_from_peak_pct": -4.11, "trajectory": "Successful (fast growth)", "latest_knesset": 25, "right_bloc_share": 0.9773, "top_party": "ט", "turnout": 0.8462, "se_cluster": null, "se_rank": null, "built_up_dunams": 44, "govt_decision_type": null, "govt_decision_date": null}}, {"type": "Feature", "geometry": {"type": "Point", "coordinates": [35.042663, 31.925974]}, "properties": {"settlement_id": 89, "name_en": "Matityahu", "name_he": "מתיתיהו", "type": "Settlement", "regional_council": "Binyamin", "urban_pattern": "Cooperative", "dist_gl_km": 0, "elevation": 290, "year_established": 1981, "status": "active", "latest_pop": 969, "latest_pop_year": 2024, "peak_pop": 4440, "peak_year": 1995, "cagr_pct": 6.12, "decline_from_peak_pct": -78.18, "trajectory": "Declining", "latest_knesset": null, "right_bloc_share": null, "top_party": null, "turnout": null, "se_cluster": null, "se_rank": null, "built_up_dunams": 2083.9, "govt_decision_type": null, "govt_decision_date": null}}, {"type": "Feature", "geometry": {"type": "Point", "coordinates": [34.9791, 31.4936]}, "properties": {"settlement_id": 90, "name_en": "Negohot", "name_he": "נגוהות", "type": "Settlement", "regional_council": "Har Hebron", "urban_pattern": "Community", "dist_gl_km": 2.6, "elevation": 0, "year_established": 1999, "status": "active", "latest_pop": 566, "latest_pop_year": 2024, "peak_pop": 566, "peak_year": 2024, "cagr_pct": 7.1, "decline_from_peak_pct": 0, "trajectory": "Successful (fast growth)", "latest_knesset": 25, "right_bloc_share": 0.9949, "top_party": "ט", "turnout": 0.8478, "se_cluster": null, "se_rank": null, "built_up_dunams": null, "govt_decision_type": null, "govt_decision_date": null}}, {"type": "Feature", "geometry": {"type": "Point", "coordinates": [35.1428, 31.6778]}, "properties": {"settlement_id": 91, "name_en": "Neve Daniel", "name_he": "נווה דניאל", "type": "Settlement", "regional_council": "Gush Etzion", "urban_pattern": "Community", "dist_gl_km": 4.2, "elevation": 930, "year_established": 1982, "status": "active", "latest_pop": 2383, "latest_pop_year": 2024, "peak_pop": 2433, "peak_year": 2023, "cagr_pct": 9.02, "decline_from_peak_pct": -2.06, "trajectory": "Successful (fast growth)", "latest_knesset": 25, "right_bloc_share": 0.9636, "top_party": "ט", "turnout": 0.7057, "se_cluster": null, "se_rank": null, "built_up_dunams": 280.9, "govt_decision_type": null, "govt_decision_date": null}}, {"type": "Feature", "geometry": {"type": "Point", "coordinates": [35.3192284, 31.8231247]}, "properties": {"settlement_id": 92, "name_en": "Nofei Prat", "name_he": "נופי פרת", "type": "Settlement", "regional_council": "Binyamin", "urban_pattern": "Community", "dist_gl_km": 8.8, "elevation": null, "year_established": 1992, "status": "active", "latest_pop": 0, "latest_pop_year": 2007, "peak_pop": 0, "peak_year": 1969, "cagr_pct": null, "decline_from_peak_pct": null, "trajectory": "Insufficient data", "latest_knesset": null, "right_bloc_share": null, "top_party": null, "turnout": null, "se_cluster": null, "se_rank": null, "built_up_dunams": 665.4, "govt_decision_type": "neighborhood_to_settlement", "govt_decision_date": "2025-05-18"}}, {"type": "Feature", "geometry": {"type": "Point", "coordinates": [35.1006, 32.1547]}, "properties": {"settlement_id": 93, "name_en": "Nofim", "name_he": "נופים", "type": "Settlement", "regional_council": "Shomron", "urban_pattern": "Urban", "dist_gl_km": 10.5, "elevation": 400, "year_established": 1987, "status": "active", "latest_pop": 1315, "latest_pop_year": 2024, "peak_pop": 1392, "peak_year": 2023, "cagr_pct": 5.7, "decline_from_peak_pct": -5.53, "trajectory": "Declining", "latest_knesset": 25, "right_bloc_share": 0.9338, "top_party": "מחל", "turnout": 0.7374, "se_cluster": null, "se_rank": null, "built_up_dunams": 241.4, "govt_decision_type": null, "govt_decision_date": null}}, {"type": "Feature", "geometry": {"type": "Point", "coordinates": [35.2464, 31.6485]}, "properties": {"settlement_id": 94, "name_en": "Nokdim", "name_he": "נוקדים", "type": "Settlement", "regional_council": "Gush Etzion", "urban_pattern": "Community", "dist_gl_km": 8.2, "elevation": 570, "year_established": 1982, "status": "active", "latest_pop": 3524, "latest_pop_year": 2024, "peak_pop": 3524, "peak_year": 2024, "cagr_pct": 11.99, "decline_from_peak_pct": 0, "trajectory": "Successful (fast growth)", "latest_knesset": 25, "right_bloc_share": 0.8777, "top_party": "ט", "turnout": 0.7187, "se_cluster": null, "se_rank": null, "built_up_dunams": null, "govt_decision_type": null, "govt_decision_date": null}}, {"type": "Feature", "geometry": {"type": "Point", "coordinates": [35.1389, 31.9738]}, "properties": {"settlement_id": 96, "name_en": "Nahliel", "name_he": "נחליאל", "type": "Settlement", "regional_council": "Binyamin", "urban_pattern": "Community", "dist_gl_km": 11.6, "elevation": 590, "year_established": 1984, "status": "active", "latest_pop": 747, "latest_pop_year": 2024, "peak_pop": 747, "peak_year": 2024, "cagr_pct": 4.02, "decline_from_peak_pct": 0, "trajectory": "Surviving (slow growth)", "latest_knesset": 25, "right_bloc_share": 0.9962, "top_party": "ט", "turnout": 0.7688, "se_cluster": null, "se_rank": null, "built_up_dunams": 97.8, "govt_decision_type": null, "govt_decision_date": null}}, {"type": "Feature", "geometry": {"type": "Point", "coordinates": [35.047, 31.9631]}, "properties": {"settlement_id": 97, "name_en": "Nili", "name_he": "ניל\"י", "type": "Settlement", "regional_council": "Binyamin", "urban_pattern": "Community", "dist_gl_km": 3.8, "elevation": 360, "year_established": 1981, "status": "active", "latest_pop": 2148, "latest_pop_year": 2024, "peak_pop": 2203, "peak_year": 2023, "cagr_pct": 6.62, "decline_from_peak_pct": -2.5, "trajectory": "Successful (fast growth)", "latest_knesset": 20, "right_bloc_share": 0.5202, "top_party": "מחל", "turnout": 0.8065, "se_cluster": null, "se_rank": null, "built_up_dunams": 265.8, "govt_decision_type": null, "govt_decision_date": null}}, {"type": "Feature", "geometry": {"type": "Point", "coordinates": [35.4552, 31.9673]}, "properties": {"settlement_id": 99, "name_en": "Niran", "name_he": "נירן", "type": "Settlement", "regional_council": "Jordan Valley", "urban_pattern": "Kibbutz", "dist_gl_km": 28.3, "elevation": -165, "year_established": 1977, "status": "active", "latest_pop": 128, "latest_pop_year": 2024, "peak_pop": 146, "peak_year": 2023, "cagr_pct": 0.63, "decline_from_peak_pct": -12.33, "trajectory": "Declining", "latest_knesset": 21, "right_bloc_share": 0, "top_party": "אמת", "turnout": 0.7917, "se_cluster": null, "se_rank": null, "built_up_dunams": 121.3, "govt_decision_type": null, "govt_decision_date": null}}, {"type": "Feature", "geometry": {"type": "Point", "coordinates": [35.0634, 31.9626]}, "properties": {"settlement_id": 100, "name_en": "Na'ale", "name_he": "נעלה", "type": "Settlement", "regional_council": "Binyamin", "urban_pattern": "Community", "dist_gl_km": 4.9, "elevation": 420, "year_established": 1988, "status": "active", "latest_pop": 2955, "latest_pop_year": 2024, "peak_pop": 2955, "peak_year": 2024, "cagr_pct": 10.36, "decline_from_peak_pct": 0, "trajectory": "Successful (fast growth)", "latest_knesset": 25, "right_bloc_share": 0.7067, "top_party": "מחל", "turnout": 0.7471, "se_cluster": null, "se_rank": null, "built_up_dunams": null, "govt_decision_type": null, "govt_decision_date": null}}, {"type": "Feature", "geometry": {"type": "Point", "coordinates": [35.4671, 31.9063]}, "properties": {"settlement_id": 101, "name_en": "Na'ama", "name_he": "נעמי (נעמה)", "type": "Settlement", "regional_council": "Jordan Valley", "urban_pattern": "Moshav", "dist_gl_km": 25.6, "elevation": -200, "year_established": 1982, "status": "active", "latest_pop": 291, "latest_pop_year": 2024, "peak_pop": 311, "peak_year": 2023, "cagr_pct": 6.39, "decline_from_peak_pct": -6.43, "trajectory": "Declining", "latest_knesset": null, "right_bloc_share": null, "top_party": null, "turnout": null, "se_cluster": null, "se_rank": null, "built_up_dunams": 133.7, "govt_decision_type": null, "govt_decision_date": null}}, {"type": "Feature", "geometry": {"type": "Point", "coordinates": [35.4439, 31.9885]}, "properties": {"settlement_id": 103, "name_en": "Netiv Ha'gdud", "name_he": "נתיב הגדוד", "type": "Settlement", "regional_council": "Jordan Valley", "urban_pattern": "Moshav", "dist_gl_km": 29, "elevation": -220, "year_established": 1976, "status": "active", "latest_pop": 211, "latest_pop_year": 2024, "peak_pop": 222, "peak_year": 2020, "cagr_pct": 0.76, "decline_from_peak_pct": -4.95, "trajectory": "Surviving (slow growth)", "latest_knesset": 25, "right_bloc_share": 0.5, "top_party": "אמת", "turnout": 0.6089, "se_cluster": null, "se_rank": null, "built_up_dunams": 407.1, "govt_decision_type": null, "govt_decision_date": null}}, {"type": "Feature", "geometry": {"type": "Point", "coordinates": [35.1125, 31.3925]}, "properties": {"settlement_id": 104, "name_en": "Susiya", "name_he": "סוסיה", "type": "Settlement", "regional_council": "Har Hebron", "urban_pattern": "Community", "dist_gl_km": 3.2, "elevation": 800, "year_established": 1983, "status": "active", "latest_pop": 1695, "latest_pop_year": 2024, "peak_pop": 1695, "peak_year": 2024, "cagr_pct": 6.64, "decline_from_peak_pct": 0, "trajectory": "Successful (fast growth)", "latest_knesset": 25, "right_bloc_share": 0.9832, "top_party": "ט", "turnout": 0.7641, "se_cluster": null, "se_rank": null, "built_up_dunams": 313.5, "govt_decision_type": null, "govt_decision_date": null}}, {"type": "Feature", "geometry": {"type": "Point", "coordinates": [35.0511, 32.2425]}, "properties": {"settlement_id": 105, "name_en": "Sal'it", "name_he": "סלעית", "type": "Settlement", "regional_council": "Shomron", "urban_pattern": "Moshav", "dist_gl_km": 1.8, "elevation": 270, "year_established": 1977, "status": "active", "latest_pop": 1483, "latest_pop_year": 2024, "peak_pop": 1483, "peak_year": 2024, "cagr_pct": 4.83, "decline_from_peak_pct": 0, "trajectory": "Surviving (slow growth)", "latest_knesset": 25, "right_bloc_share": 0.2855, "top_party": "פה", "turnout": 0.7998, "se_cluster": null, "se_rank": null, "built_up_dunams": 324, "govt_decision_type": null, "govt_decision_date": null}}, {"type": "Feature", "geometry": {"type": "Point", "coordinates": [34.9031843011, 31.3629787383]}, "properties": {"settlement_id": 106, "name_en": "Sansana", "name_he": "סנסנה", "type": "Settlement", "regional_council": "Har Hebron", "urban_pattern": "Community", "dist_gl_km": 0, "elevation": null, "year_established": 1999, "status": "active", "latest_pop": 719, "latest_pop_year": 2024, "peak_pop": 842, "peak_year": 2023, "cagr_pct": 9.39, "decline_from_peak_pct": -14.61, "trajectory": "Declining", "latest_knesset": 25, "right_bloc_share": 0.9863, "top_party": "ט", "turnout": 0.7584, "se_cluster": null, "se_rank": null, "built_up_dunams": 109.9, "govt_decision_type": null, "govt_decision_date": null}}, {"type": "Feature", "geometry": {"type": "Point", "coordinates": [35.1763, 32.0002]}, "properties": {"settlement_id": 108, "name_en": "Ateret", "name_he": "עטרת", "type": "Settlement", "regional_council": "Binyamin", "urban_pattern": "Community", "dist_gl_km": 16, "elevation": 720, "year_established": 1981, "status": "active", "latest_pop": 932, "latest_pop_year": 2024, "peak_pop": 954, "peak_year": 2021, "cagr_pct": 6.44, "decline_from_peak_pct": -2.31, "trajectory": "Successful (fast growth)", "latest_knesset": 25, "right_bloc_share": 0.9962, "top_party": "ט", "turnout": 0.8073, "se_cluster": null, "se_rank": null, "built_up_dunams": 182.4, "govt_decision_type": null, "govt_decision_date": null}}, {"type": "Feature", "geometry": {"type": "Point", "coordinates": [35.2666, 32.072]}, "properties": {"settlement_id": 109, "name_en": "Eli", "name_he": "עלי", "type": "Settlement", "regional_council": "Binyamin", "urban_pattern": "Community", "dist_gl_km": 23.7, "elevation": 710, "year_established": 1984, "status": "active", "latest_pop": 4814, "latest_pop_year": 2024, "peak_pop": 4814, "peak_year": 2024, "cagr_pct": 10.04, "decline_from_peak_pct": 0, "trajectory": "Successful (fast growth)", "latest_knesset": 25, "right_bloc_share": 0.9745, "top_party": "ט", "turnout": 0.7291, "se_cluster": null, "se_rank": null, "built_up_dunams": 791.1, "govt_decision_type": null, "govt_decision_date": null}}, {"type": "Feature", "geometry": {"type": "Point", "coordinates": [35.0654, 32.0709]}, "properties": {"settlement_id": 110, "name_en": "Alei Zahav", "name_he": "עלי זהב", "type": "Settlement", "regional_council": "Shomron", "urban_pattern": "Community", "dist_gl_km": 5, "elevation": 360, "year_established": 1982, "status": "active", "latest_pop": 5018, "latest_pop_year": 2024, "peak_pop": 5253, "peak_year": 2023, "cagr_pct": 11.31, "decline_from_peak_pct": -4.47, "trajectory": "Successful (fast growth)", "latest_knesset": 25, "right_bloc_share": 0.9656, "top_party": "ט", "turnout": 0.8356, "se_cluster": null, "se_rank": null, "built_up_dunams": 268.7, "govt_decision_type": null, "govt_decision_date": null}}, {"type": "Feature", "geometry": {"type": "Point", "coordinates": [35.2937, 31.8294]}, "properties": {"settlement_id": 111, "name_en": "Almon", "name_he": "עלמון", "type": "Settlement", "regional_council": "Binyamin", "urban_pattern": "Community", "dist_gl_km": 6.9, "elevation": 590, "year_established": 1982, "status": "active", "latest_pop": 1434, "latest_pop_year": 2024, "peak_pop": 1513, "peak_year": 2023, "cagr_pct": 8.99, "decline_from_peak_pct": -5.22, "trajectory": "Declining", "latest_knesset": 25, "right_bloc_share": 0.8042, "top_party": "מחל", "turnout": 0.7512, "se_cluster": null, "se_rank": null, "built_up_dunams": null, "govt_decision_type": null, "govt_decision_date": null}}, {"type": "Feature", "geometry": {"type": "Point", "coordinates": [35.3223624, 32.0457]}, "properties": {"settlement_id": 112, "name_en": "Amihai", "name_he": "עמיחי", "type": "Settlement", "regional_council": "Binyamin", "urban_pattern": "Community", "dist_gl_km": 30, "elevation": null, "year_established": 2018, "status": "active", "latest_pop": 318, "latest_pop_year": 2022, "peak_pop": 368, "peak_year": 2021, "cagr_pct": 8.22, "decline_from_peak_pct": -13.59, "trajectory": "Declining", "latest_knesset": 25, "right_bloc_share": 1, "top_party": "ט", "turnout": 0.86, "se_cluster": null, "se_rank": null, "built_up_dunams": null, "govt_decision_type": null, "govt_decision_date": null}}, {"type": "Feature", "geometry": {"type": "Point", "coordinates": [35.1397, 32.1641]}, "properties": {"settlement_id": 113, "name_en": "Immanuel", "name_he": "עמנואל", "type": "Settlement", "regional_council": "Immanuel", "urban_pattern": "Urban", "dist_gl_km": 13.2, "elevation": 400, "year_established": 1983, "status": "active", "latest_pop": 5142, "latest_pop_year": 2024, "peak_pop": 5451, "peak_year": 2023, "cagr_pct": 3.19, "decline_from_peak_pct": -5.67, "trajectory": "Declining", "latest_knesset": 25, "right_bloc_share": 0.9938, "top_party": "שס", "turnout": 0.7581, "se_cluster": 2, "se_rank": 12, "built_up_dunams": null, "govt_decision_type": null, "govt_decision_date": null}}, {"type": "Feature", "geometry": {"type": "Point", "coordinates": [35.1257, 32.2845]}, "properties": {"settlement_id": 114, "name_en": "Enav", "name_he": "ענב", "type": "Settlement", "regional_council": "Shomron", "urban_pattern": "Community", "dist_gl_km": 8.8, "elevation": 300, "year_established": 1981, "status": "active", "latest_pop": 1146, "latest_pop_year": 2024, "peak_pop": 1172, "peak_year": 2023, "cagr_pct": 6.43, "decline_from_peak_pct": -2.22, "trajectory": "Successful (fast growth)", "latest_knesset": 25, "right_bloc_share": 0.9869, "top_party": "ט", "turnout": 0.8196, "se_cluster": null, "se_rank": null, "built_up_dunams": 216.6, "govt_decision_type": null, "govt_decision_date": null}}, {"type": "Feature", "geometry": {"type": "Point", "coordinates": [35.2623, 31.9532]}, "properties": {"settlement_id": 115, "name_en": "Ofra", "name_he": "עפרה", "type": "Settlement", "regional_council": "Binyamin", "urban_pattern": "Community", "dist_gl_km": 15.1, "elevation": 820, "year_established": 1975, "status": "active", "latest_pop": 3488, "latest_pop_year": 2024, "peak_pop": 3607, "peak_year": 2017, "cagr_pct": 4.86, "decline_from_peak_pct": -3.3, "trajectory": "Surviving (slow growth)", "latest_knesset": null, "right_bloc_share": null, "top_party": null, "turnout": null, "se_cluster": null, "se_rank": null, "built_up_dunams": 713.5, "govt_decision_type": null, "govt_decision_date": null}}, {"type": "Feature", "geometry": {"type": "Point", "coordinates": [35.0457, 32.119]}, "properties": {"settlement_id": 116, "name_en": "Etz Efraim", "name_he": "עץ אפרים", "type": "Settlement", "regional_council": "Shomron", "urban_pattern": "Urban", "dist_gl_km": 4.9, "elevation": 200, "year_established": 1985, "status": "active", "latest_pop": 2518, "latest_pop_year": 2021, "peak_pop": 2518, "peak_year": 2021, "cagr_pct": 9.15, "decline_from_peak_pct": 0, "trajectory": "Successful (fast growth)", "latest_knesset": 24, "right_bloc_share": 0.842, "top_party": "ב", "turnout": 0.7775, "se_cluster": null, "se_rank": null, "built_up_dunams": 166.3, "govt_decision_type": null, "govt_decision_date": null}}, {"type": "Feature", "geometry": {"type": "Point", "coordinates": [35.0288, 31.4391]}, "properties": {"settlement_id": 117, "name_en": "Otniel", "name_he": "עתניאל", "type": "Settlement", "regional_council": "Har Hebron", "urban_pattern": "Community", "dist_gl_km": 8.3, "elevation": 710, "year_established": 1983, "status": "active", "latest_pop": 1049, "latest_pop_year": 2024, "peak_pop": 1049, "peak_year": 2024, "cagr_pct": 5.06, "decline_from_peak_pct": 0, "trajectory": "Surviving (slow growth)", "latest_knesset": 25, "right_bloc_share": 0.9769, "top_party": "ט", "turnout": 0.6906, "se_cluster": null, "se_rank": null, "built_up_dunams": 175.9, "govt_decision_type": null, "govt_decision_date": null}}, {"type": "Feature", "geometry": {"type": "Point", "coordinates": [35.051, 32.0618]}, "properties": {"settlement_id": 118, "name_en": "Pedu'el", "name_he": "פדואל", "type": "Settlement", "regional_council": "Shomron", "urban_pattern": "Moshav", "dist_gl_km": 4.5, "elevation": 380, "year_established": 1984, "status": "active", "latest_pop": 2114, "latest_pop_year": 2024, "peak_pop": 2214, "peak_year": 2023, "cagr_pct": 6.49, "decline_from_peak_pct": -4.52, "trajectory": "Successful (fast growth)", "latest_knesset": 25, "right_bloc_share": 0.9877, "top_party": "ט", "turnout": 0.8289, "se_cluster": null, "se_rank": null, "built_up_dunams": 282.7, "govt_decision_type": null, "govt_decision_date": null}}, {"type": "Feature", "geometry": {"type": "Point", "coordinates": [35.1647, 31.4862]}, "properties": {"settlement_id": 119, "name_en": "Pnei Hever", "name_he": "פני חבר", "type": "Settlement", "regional_council": "Har Hebron", "urban_pattern": "Community", "dist_gl_km": 12.5, "elevation": 740, "year_established": 1982, "status": "active", "latest_pop": 757, "latest_pop_year": 2024, "peak_pop": 757, "peak_year": 2024, "cagr_pct": 6.61, "decline_from_peak_pct": 0, "trajectory": "Successful (fast growth)", "latest_knesset": 25, "right_bloc_share": 0.981, "top_party": "ט", "turnout": 0.7903, "se_cluster": null, "se_rank": null, "built_up_dunams": 114.9, "govt_decision_type": null, "govt_decision_date": null}}, {"type": "Feature", "geometry": {"type": "Point", "coordinates": [35.2239, 31.8985]}, "properties": {"settlement_id": 120, "name_en": "Psagot", "name_he": "פסגות", "type": "Settlement", "regional_council": "Binyamin", "urban_pattern": "Community", "dist_gl_km": 9.6, "elevation": 860, "year_established": 1981, "status": "active", "latest_pop": 2155, "latest_pop_year": 2024, "peak_pop": 2208, "peak_year": 2023, "cagr_pct": 5.86, "decline_from_peak_pct": -2.4, "trajectory": "Surviving (slow growth)", "latest_knesset": 25, "right_bloc_share": 0.9878, "top_party": "ט", "turnout": 0.7965, "se_cluster": null, "se_rank": null, "built_up_dunams": 237.4, "govt_decision_type": null, "govt_decision_date": null}}, {"type": "Feature", "geometry": {"type": "Point", "coordinates": [35.4422, 32.0438]}, "properties": {"settlement_id": 121, "name_en": "Petzael", "name_he": "פצאל", "type": "Settlement", "regional_council": "Jordan Valley", "urban_pattern": "Moshav", "dist_gl_km": 34.5, "elevation": -235, "year_established": 1975, "status": "active", "latest_pop": 393, "latest_pop_year": 2024, "peak_pop": 534, "peak_year": 2023, "cagr_pct": 1.78, "decline_from_peak_pct": -26.4, "trajectory": "Declining", "latest_knesset": 25, "right_bloc_share": 0.7464, "top_party": "מחל", "turnout": 0.777, "se_cluster": null, "se_rank": null, "built_up_dunams": 583.1, "govt_decision_type": null, "govt_decision_date": null}}, {"type": "Feature", "geometry": {"type": "Point", "coordinates": [35.0084, 32.1982]}, "properties": {"settlement_id": 122, "name_en": "Tzofim", "name_he": "צופים", "type": "Settlement", "regional_council": "Shomron", "urban_pattern": "Urban", "dist_gl_km": 1.8, "elevation": 160, "year_established": 1989, "status": "active", "latest_pop": 2700, "latest_pop_year": 2024, "peak_pop": 2700, "peak_year": 2024, "cagr_pct": 5.77, "decline_from_peak_pct": 0, "trajectory": "Surviving (slow growth)", "latest_knesset": 25, "right_bloc_share": 0.8595, "top_party": "ט", "turnout": 0.7662, "se_cluster": null, "se_rank": null, "built_up_dunams": 315, "govt_decision_type": null, "govt_decision_date": null}}, {"type": "Feature", "geometry": {"type": "Point", "coordinates": [35.1597, 32.2168]}, "properties": {"settlement_id": 123, "name_en": "Kedumim", "name_he": "קדומים", "type": "Settlement", "regional_council": "Kedumim", "urban_pattern": "Community", "dist_gl_km": 12.5, "elevation": 405, "year_established": 1977, "status": "active", "latest_pop": 4600, "latest_pop_year": 2024, "peak_pop": 4600, "peak_year": 2024, "cagr_pct": 4.22, "decline_from_peak_pct": 0, "trajectory": "Surviving (slow growth)", "latest_knesset": 25, "right_bloc_share": 0.9777, "top_party": "ט", "turnout": 0.7602, "se_cluster": 5, "se_rank": 127, "built_up_dunams": null, "govt_decision_type": null, "govt_decision_date": null}}, {"type": "Feature", "geometry": {"type": "Point", "coordinates": [35.3105, 31.7538]}, "properties": {"settlement_id": 124, "name_en": "Keidar", "name_he": "קדר", "type": "Settlement", "regional_council": "Gush Etzion", "urban_pattern": "Community", "dist_gl_km": 6, "elevation": 530, "year_established": 1985, "status": "active", "latest_pop": 1624, "latest_pop_year": 2024, "peak_pop": 1649, "peak_year": 2022, "cagr_pct": 7.26, "decline_from_peak_pct": -1.52, "trajectory": "Successful (fast growth)", "latest_knesset": 25, "right_bloc_share": 0.9017, "top_party": "מחל", "turnout": 0.6965, "se_cluster": null, "se_rank": null, "built_up_dunams": 272.9, "govt_decision_type": null, "govt_decision_date": null}}, {"type": "Feature", "geometry": {"type": "Point", "coordinates": [35.4653, 31.7502]}, "properties": {"settlement_id": 125, "name_en": "Kalia", "name_he": "קליה", "type": "Settlement", "regional_council": "Megilot", "urban_pattern": "Kibbutz", "dist_gl_km": 20.8, "elevation": -360, "year_established": 1968, "status": "active", "latest_pop": 514, "latest_pop_year": 2024, "peak_pop": 550, "peak_year": 2023, "cagr_pct": 4.02, "decline_from_peak_pct": -6.55, "trajectory": "Declining", "latest_knesset": 25, "right_bloc_share": 0.5612, "top_party": "פה", "turnout": 0.6991, "se_cluster": null, "se_rank": null, "built_up_dunams": 226.9, "govt_decision_type": null, "govt_decision_date": null}}, {"type": "Feature", "geometry": {"type": "Point", "coordinates": [35.1192, 31.5332]}, "properties": {"settlement_id": 126, "name_en": "Kiryat Arba", "name_he": "קרית ארבע", "type": "Settlement", "regional_council": "Kiryat Arba", "urban_pattern": "Urban", "dist_gl_km": 15.2, "elevation": 945, "year_established": 1972, "status": "active", "latest_pop": 7601, "latest_pop_year": 2024, "peak_pop": 7601, "peak_year": 2024, "cagr_pct": 2.14, "decline_from_peak_pct": 0, "trajectory": "Surviving (slow growth)", "latest_knesset": 25, "right_bloc_share": 0.9535, "top_party": "ט", "turnout": 0.6628, "se_cluster": null, "se_rank": null, "built_up_dunams": null, "govt_decision_type": null, "govt_decision_date": null}}, {"type": "Feature", "geometry": {"type": "Point", "coordinates": [35.1116, 32.1165]}, "properties": {"settlement_id": 127, "name_en": "Kiryat Netafim", "name_he": "קרית נטפים", "type": "Settlement", "regional_council": "Shomron", "urban_pattern": "Community", "dist_gl_km": 10.7, "elevation": 445, "year_established": 1983, "status": "active", "latest_pop": 999, "latest_pop_year": 2024, "peak_pop": 1009, "peak_year": 2022, "cagr_pct": 5.43, "decline_from_peak_pct": -0.99, "trajectory": "Surviving (slow growth)", "latest_knesset": 25, "right_bloc_share": 0.9948, "top_party": "ט", "turnout": 0.8207, "se_cluster": null, "se_rank": null, "built_up_dunams": 161.8, "govt_decision_type": null, "govt_decision_date": null}}, {"type": "Feature", "geometry": {"type": "Point", "coordinates": [35.0927, 32.1705]}, "properties": {"settlement_id": 128, "name_en": "Karnei Shomron", "name_he": "קרני שומרון", "type": "Settlement", "regional_council": "Karnei Shomron", "urban_pattern": "Urban", "dist_gl_km": 9, "elevation": 340, "year_established": 1978, "status": "active", "latest_pop": 10179, "latest_pop_year": 2024, "peak_pop": 10354, "peak_year": 2023, "cagr_pct": 6.95, "decline_from_peak_pct": -1.69, "trajectory": "Successful (fast growth)", "latest_knesset": 25, "right_bloc_share": 0.921, "top_party": "ט", "turnout": 0.7355, "se_cluster": 6, "se_rank": 147, "built_up_dunams": null, "govt_decision_type": null, "govt_decision_date": null}}, {"type": "Feature", "geometry": {"type": "Point", "coordinates": [35.1235, 31.6679]}, "properties": {"settlement_id": 129, "name_en": "Rosh Tzurim", "name_he": "ראש צורים", "type": "Settlement", "regional_council": "Gush Etzion", "urban_pattern": "Kibbutz", "dist_gl_km": 3.9, "elevation": 940, "year_established": 1969, "status": "active", "latest_pop": 1056, "latest_pop_year": 2024, "peak_pop": 1115, "peak_year": 2023, "cagr_pct": 4.02, "decline_from_peak_pct": -5.29, "trajectory": "Declining", "latest_knesset": 25, "right_bloc_share": 0.963, "top_party": "ט", "turnout": 0.8063, "se_cluster": null, "se_rank": null, "built_up_dunams": 276.3, "govt_decision_type": null, "govt_decision_date": null}}, {"type": "Feature", "geometry": {"type": "Point", "coordinates": [35.1279, 32.1183]}, "properties": {"settlement_id": 130, "name_en": "Revava", "name_he": "רבבה", "type": "Settlement", "regional_council": "Shomron", "urban_pattern": "Community", "dist_gl_km": 12.3, "elevation": 420, "year_established": 1991, "status": "active", "latest_pop": 3060, "latest_pop_year": 2024, "peak_pop": 3195, "peak_year": 2023, "cagr_pct": 11.79, "decline_from_peak_pct": -4.23, "trajectory": "Successful (fast growth)", "latest_knesset": 25, "right_bloc_share": 0.9833, "top_party": "ט", "turnout": 0.8216, "se_cluster": null, "se_rank": null, "built_up_dunams": 313.1, "govt_decision_type": null, "govt_decision_date": null}}, {"type": "Feature", "geometry": {"type": "Point", "coordinates": [35.4882, 32.2471]}, "properties": {"settlement_id": 131, "name_en": "Ro'i", "name_he": "רועי", "type": "Settlement", "regional_council": "Jordan Valley", "urban_pattern": "Moshav", "dist_gl_km": 15, "elevation": 30, "year_established": 1976, "status": "active", "latest_pop": 175, "latest_pop_year": 2024, "peak_pop": 175, "peak_year": 2019, "cagr_pct": 1.33, "decline_from_peak_pct": 0, "trajectory": "Surviving (slow growth)", "latest_knesset": 25, "right_bloc_share": 0.6047, "top_party": "מחל", "turnout": 0.6667, "se_cluster": null, "se_rank": null, "built_up_dunams": 144.9, "govt_decision_type": null, "govt_decision_date": null}}, {"type": "Feature", "geometry": {"type": "Point", "coordinates": [35.518, 32.3361]}, "properties": {"settlement_id": 132, "name_en": "Rotem", "name_he": "רותם", "type": "Settlement", "regional_council": "Jordan Valley", "urban_pattern": "Community", "dist_gl_km": 5.9, "elevation": 40, "year_established": 2001, "status": "active", "latest_pop": 289, "latest_pop_year": 2024, "peak_pop": 311, "peak_year": 2023, "cagr_pct": 8.38, "decline_from_peak_pct": -7.07, "trajectory": "Declining", "latest_knesset": 25, "right_bloc_share": 0.8375, "top_party": "ט", "turnout": 0.7009, "se_cluster": null, "se_rank": null, "built_up_dunams": 34, "govt_decision_type": null, "govt_decision_date": null}}, {"type": "Feature", "geometry": {"type": "Point", "coordinates": [35.2565731604, 32.1022486546]}, "properties": {"settlement_id": 133, "name_en": "Rechelim", "name_he": "רחלים", "type": "Settlement", "regional_council": "Shomron", "urban_pattern": "Community", "dist_gl_km": 24, "elevation": null, "year_established": 1991, "status": "active", "latest_pop": 1175, "latest_pop_year": 2024, "peak_pop": 1189, "peak_year": 2023, "cagr_pct": 9.95, "decline_from_peak_pct": -1.18, "trajectory": "Successful (fast growth)", "latest_knesset": 25, "right_bloc_share": 0.9972, "top_party": "ט", "turnout": 0.8602, "se_cluster": null, "se_rank": null, "built_up_dunams": 79, "govt_decision_type": null, "govt_decision_date": null}}, {"type": "Feature", "geometry": {"type": "Point", "coordinates": [35.1361, 32.4688]}, "properties": {"settlement_id": 134, "name_en": "Reihan", "name_he": "ריחן", "type": "Settlement", "regional_council": "Shomron", "urban_pattern": "Community", "dist_gl_km": 1.5, "elevation": 380, "year_established": 1977, "status": "active", "latest_pop": 445, "latest_pop_year": 2024, "peak_pop": 499, "peak_year": 2023, "cagr_pct": 5.43, "decline_from_peak_pct": -10.82, "trajectory": "Declining", "latest_knesset": 25, "right_bloc_share": 0.6141, "top_party": "פה", "turnout": 0.7686, "se_cluster": null, "se_rank": null, "built_up_dunams": 135.8, "govt_decision_type": null, "govt_decision_date": null}}, {"type": "Feature", "geometry": {"type": "Point", "coordinates": [35.3401, 31.9334]}, "properties": {"settlement_id": 135, "name_en": "Rimonim", "name_he": "רימונים", "type": "Settlement", "regional_council": "Binyamin", "urban_pattern": "Community", "dist_gl_km": 18.2, "elevation": 680, "year_established": 1977, "status": "active", "latest_pop": 688, "latest_pop_year": 2024, "peak_pop": 725, "peak_year": 2001, "cagr_pct": 5.2, "decline_from_peak_pct": -5.1, "trajectory": "Declining", "latest_knesset": 25, "right_bloc_share": 0.8972, "top_party": "מחל", "turnout": 0.7031, "se_cluster": null, "se_rank": null, "built_up_dunams": 199.2, "govt_decision_type": null, "govt_decision_date": null}}, {"type": "Feature", "geometry": {"type": "Point", "coordinates": [35.1843, 32.2629]}, "properties": {"settlement_id": 137, "name_en": "Shavei Shomron", "name_he": "שבי שומרון", "type": "Settlement", "regional_council": "Shomron", "urban_pattern": "Community", "dist_gl_km": 13.3, "elevation": 350, "year_established": 1977, "status": "active", "latest_pop": 1112, "latest_pop_year": 2024, "peak_pop": 1112, "peak_year": 2024, "cagr_pct": 3.93, "decline_from_peak_pct": 0, "trajectory": "Surviving (slow growth)", "latest_knesset": 25, "right_bloc_share": 0.9785, "top_party": "ט", "turnout": 0.7942, "se_cluster": null, "se_rank": null, "built_up_dunams": 339.7, "govt_decision_type": null, "govt_decision_date": null}}, {"type": "Feature", "geometry": {"type": "Point", "coordinates": [35.5339, 32.3461]}, "properties": {"settlement_id": 138, "name_en": "Shadmot Mehola", "name_he": "שדמות מחולה", "type": "Settlement", "regional_council": "Jordan Valley", "urban_pattern": "Cooperative", "dist_gl_km": 3.4, "elevation": -155, "year_established": 1979, "status": "active", "latest_pop": 699, "latest_pop_year": 2024, "peak_pop": 731, "peak_year": 2023, "cagr_pct": 3.53, "decline_from_peak_pct": -4.38, "trajectory": "Surviving (slow growth)", "latest_knesset": 25, "right_bloc_share": 0.9765, "top_party": "ט", "turnout": 0.778, "se_cluster": null, "se_rank": null, "built_up_dunams": 356.4, "govt_decision_type": null, "govt_decision_date": null}}, {"type": "Feature", "geometry": {"type": "Point", "coordinates": [35.2998, 32.0525]}, "properties": {"settlement_id": 139, "name_en": "Shilo", "name_he": "שילה", "type": "Settlement", "regional_council": "Binyamin", "urban_pattern": "Community", "dist_gl_km": 27.1, "elevation": 700, "year_established": 1979, "status": "active", "latest_pop": 5458, "latest_pop_year": 2024, "peak_pop": 5737, "peak_year": 2023, "cagr_pct": 6.83, "decline_from_peak_pct": -4.86, "trajectory": "Successful (fast growth)", "latest_knesset": 25, "right_bloc_share": 0.9887, "top_party": "ט", "turnout": 0.7844, "se_cluster": null, "se_rank": null, "built_up_dunams": 660.1, "govt_decision_type": null, "govt_decision_date": null}}, {"type": "Feature", "geometry": {"type": "Point", "coordinates": [35.0125, 31.3877]}, "properties": {"settlement_id": 140, "name_en": "Shim'a", "name_he": "שמעה", "type": "Settlement", "regional_council": "Har Hebron", "urban_pattern": "Community", "dist_gl_km": 2.9, "elevation": 615, "year_established": 1985, "status": "active", "latest_pop": 1008, "latest_pop_year": 2024, "peak_pop": 1015, "peak_year": 2023, "cagr_pct": 5.57, "decline_from_peak_pct": -0.69, "trajectory": "Surviving (slow growth)", "latest_knesset": 25, "right_bloc_share": 0.9214, "top_party": "ט", "turnout": 0.7629, "se_cluster": null, "se_rank": null, "built_up_dunams": 118.7, "govt_decision_type": null, "govt_decision_date": null}}, {"type": "Feature", "geometry": {"type": "Point", "coordinates": [35.0709238, 31.3574711]}, "properties": {"settlement_id": 141, "name_en": "Shani", "name_he": "שני", "type": "Settlement", "regional_council": "Shimon", "urban_pattern": "Community", "dist_gl_km": 0, "elevation": null, "year_established": 1981, "status": "active", "latest_pop": 0, "latest_pop_year": 2007, "peak_pop": 0, "peak_year": 1969, "cagr_pct": null, "decline_from_peak_pct": null, "trajectory": "Insufficient data", "latest_knesset": 25, "right_bloc_share": 0.5344, "top_party": "פה", "turnout": 0.6605, "se_cluster": null, "se_rank": null, "built_up_dunams": null, "govt_decision_type": null, "govt_decision_date": null}}, {"type": "Feature", "geometry": {"type": "Point", "coordinates": [35.0253, 32.1227]}, "properties": {"settlement_id": 143, "name_en": "Sha'arei Tikva", "name_he": "שערי תקווה", "type": "Settlement", "regional_council": "Shomron", "urban_pattern": "Urban", "dist_gl_km": 2.7, "elevation": 185, "year_established": 1983, "status": "active", "latest_pop": 6124, "latest_pop_year": 2021, "peak_pop": 6124, "peak_year": 2021, "cagr_pct": 19.51, "decline_from_peak_pct": 0, "trajectory": "Successful (fast growth)", "latest_knesset": 24, "right_bloc_share": 0.7423, "top_party": "מחל", "turnout": 0.7524, "se_cluster": null, "se_rank": null, "built_up_dunams": 920.7, "govt_decision_type": null, "govt_decision_date": null}}, {"type": "Feature", "geometry": {"type": "Point", "coordinates": [35.1679, 32.4732]}, "properties": {"settlement_id": 144, "name_en": "Shaked", "name_he": "שקד", "type": "Settlement", "regional_council": "Shomron", "urban_pattern": "Community", "dist_gl_km": 2.9, "elevation": 415, "year_established": 1981, "status": "active", "latest_pop": 1149, "latest_pop_year": 2024, "peak_pop": 1149, "peak_year": 2024, "cagr_pct": 5.89, "decline_from_peak_pct": 0, "trajectory": "Surviving (slow growth)", "latest_knesset": 25, "right_bloc_share": 0.7347, "top_party": "מחל", "turnout": 0.73, "se_cluster": null, "se_rank": null, "built_up_dunams": 235.5, "govt_decision_type": null, "govt_decision_date": null}}, {"type": "Feature", "geometry": {"type": "Point", "coordinates": [35.4383, 32.0187]}, "properties": {"settlement_id": 145, "name_en": "Tomer", "name_he": "תומר", "type": "Settlement", "regional_council": "Jordan Valley", "urban_pattern": "Moshav", "dist_gl_km": 31.2, "elevation": -220, "year_established": 1978, "status": "active", "latest_pop": 321, "latest_pop_year": 2024, "peak_pop": 420, "peak_year": 2023, "cagr_pct": 0.76, "decline_from_peak_pct": -23.57, "trajectory": "Declining", "latest_knesset": 25, "right_bloc_share": 0.6062, "top_party": "פה", "turnout": 0.7756, "se_cluster": null, "se_rank": null, "built_up_dunams": 285.4, "govt_decision_type": null, "govt_decision_date": null}}, {"type": "Feature", "geometry": {"type": "Point", "coordinates": [35.0306, 31.5636]}, "properties": {"settlement_id": 146, "name_en": "Telem", "name_he": "תלם", "type": "Settlement", "regional_council": "Har Hebron", "urban_pattern": "Community", "dist_gl_km": 7.4, "elevation": 720, "year_established": 1982, "status": "active", "latest_pop": 574, "latest_pop_year": 2024, "peak_pop": 581, "peak_year": 2023, "cagr_pct": 6.88, "decline_from_peak_pct": -1.2, "trajectory": "Successful (fast growth)", "latest_knesset": 25, "right_bloc_share": 0.9333, "top_party": "ט", "turnout": 0.787, "se_cluster": null, "se_rank": null, "built_up_dunams": 101.2, "govt_decision_type": null, "govt_decision_date": null}}, {"type": "Feature", "geometry": {"type": "Point", "coordinates": [35.2299, 31.6489]}, "properties": {"settlement_id": 147, "name_en": "Tko'a", "name_he": "תקוע", "type": "Settlement", "regional_council": "Gush Etzion", "urban_pattern": "Community", "dist_gl_km": 8.4, "elevation": 675, "year_established": 1977, "status": "active", "latest_pop": 4503, "latest_pop_year": 2024, "peak_pop": 4688, "peak_year": 2023, "cagr_pct": 8.05, "decline_from_peak_pct": -3.95, "trajectory": "Successful (fast growth)", "latest_knesset": 25, "right_bloc_share": 0.8967, "top_party": "ט", "turnout": 0.7224, "se_cluster": null, "se_rank": null, "built_up_dunams": null, "govt_decision_type": null, "govt_decision_date": null}}, {"type": "Feature", "geometry": {"type": "Point", "coordinates": [35.1811931992, 32.1994737719]}, "properties": {"settlement_id": 149, "name_en": "Gilad Farm", "name_he": "חוות גלעד", "type": "Settlement (B'Tselem-only)", "regional_council": null, "urban_pattern": null, "dist_gl_km": null, "elevation": null, "year_established": 2002, "status": "active", "latest_pop": null, "latest_pop_year": null, "peak_pop": null, "peak_year": null, "cagr_pct": null, "decline_from_peak_pct": null, "trajectory": "Insufficient data", "latest_knesset": null, "right_bloc_share": null, "top_party": null, "turnout": null, "se_cluster": null, "se_rank": null, "built_up_dunams": 82.1, "govt_decision_type": null, "govt_decision_date": null}}, {"type": "Feature", "geometry": {"type": "Point", "coordinates": [35.3010143, 31.7455251]}, "properties": {"settlement_id": 150, "name_en": null, "name_he": "קדר הישנה", "type": "Settlement (B'Tselem-only)", "regional_council": null, "urban_pattern": null, "dist_gl_km": null, "elevation": null, "year_established": 1995, "status": "active", "latest_pop": null, "latest_pop_year": null, "peak_pop": null, "peak_year": null, "cagr_pct": null, "decline_from_peak_pct": null, "trajectory": "Insufficient data", "latest_knesset": null, "right_bloc_share": null, "top_party": null, "turnout": null, "se_cluster": null, "se_rank": null, "built_up_dunams": null, "govt_decision_type": null, "govt_decision_date": null}}, {"type": "Feature", "geometry": {"type": "Point", "coordinates": [35.1069241102, 31.5233897798]}, "properties": {"settlement_id": 151, "name_en": "Avraham Avinu", "name_he": "אברהם אבינו", "type": "Hebron Enclave", "regional_council": null, "urban_pattern": null, "dist_gl_km": null, "elevation": null, "year_established": null, "status": "active", "latest_pop": null, "latest_pop_year": null, "peak_pop": null, "peak_year": null, "cagr_pct": null, "decline_from_peak_pct": null, "trajectory": "Insufficient data", "latest_knesset": null, "right_bloc_share": null, "top_party": null, "turnout": null, "se_cluster": null, "se_rank": null, "built_up_dunams": null, "govt_decision_type": null, "govt_decision_date": null}}, {"type": "Feature", "geometry": {"type": "Point", "coordinates": [35.1038336607, 31.5254972278]}, "properties": {"settlement_id": 152, "name_en": "Beit Hadassah", "name_he": "בית הדסה", "type": "Hebron Enclave", "regional_council": null, "urban_pattern": null, "dist_gl_km": null, "elevation": null, "year_established": null, "status": "active", "latest_pop": null, "latest_pop_year": null, "peak_pop": null, "peak_year": null, "cagr_pct": null, "decline_from_peak_pct": null, "trajectory": "Insufficient data", "latest_knesset": null, "right_bloc_share": null, "top_party": null, "turnout": null, "se_cluster": null, "se_rank": null, "built_up_dunams": null, "govt_decision_type": null, "govt_decision_date": null}}, {"type": "Feature", "geometry": {"type": "Point", "coordinates": [35.1125106476, 31.5263557716]}, "properties": {"settlement_id": 153, "name_en": "Beit Hashalom", "name_he": "בית א-רג'בי (\"בית השלום\")", "type": "Hebron Enclave", "regional_council": null, "urban_pattern": null, "dist_gl_km": null, "elevation": null, "year_established": null, "status": "active", "latest_pop": null, "latest_pop_year": null, "peak_pop": null, "peak_year": null, "cagr_pct": null, "decline_from_peak_pct": null, "trajectory": "Insufficient data", "latest_knesset": null, "right_bloc_share": null, "top_party": null, "turnout": null, "se_cluster": null, "se_rank": null, "built_up_dunams": null, "govt_decision_type": null, "govt_decision_date": null}}, {"type": "Feature", "geometry": {"type": "Point", "coordinates": [35.1048554345, 31.5246414987]}, "properties": {"settlement_id": 154, "name_en": "Beit Romano", "name_he": "בית רומנו", "type": "Hebron Enclave", "regional_council": null, "urban_pattern": null, "dist_gl_km": null, "elevation": null, "year_established": null, "status": "active", "latest_pop": null, "latest_pop_year": null, "peak_pop": null, "peak_year": null, "cagr_pct": null, "decline_from_peak_pct": null, "trajectory": "Insufficient data", "latest_knesset": null, "right_bloc_share": null, "top_party": null, "turnout": null, "se_cluster": null, "se_rank": null, "built_up_dunams": null, "govt_decision_type": null, "govt_decision_date": null}}, {"type": "Feature", "geometry": {"type": "Point", "coordinates": [35.11096, 31.531556]}, "properties": {"settlement_id": 155, "name_en": "Beit Rachel and Beit Leah", "name_he": "בית רחל ובית לאה", "type": "Hebron Enclave", "regional_council": null, "urban_pattern": null, "dist_gl_km": null, "elevation": null, "year_established": null, "status": "active", "latest_pop": null, "latest_pop_year": null, "peak_pop": null, "peak_year": null, "cagr_pct": null, "decline_from_peak_pct": null, "trajectory": "Insufficient data", "latest_knesset": null, "right_bloc_share": null, "top_party": null, "turnout": null, "se_cluster": null, "se_rank": null, "built_up_dunams": 847.3, "govt_decision_type": null, "govt_decision_date": null}}, {"type": "Feature", "geometry": {"type": "Point", "coordinates": [35.11096, 31.531556]}, "properties": {"settlement_id": 156, "name_en": "Givat Ha'avot", "name_he": "גבעת האבות", "type": "Hebron Enclave", "regional_council": null, "urban_pattern": null, "dist_gl_km": null, "elevation": null, "year_established": null, "status": "active", "latest_pop": null, "latest_pop_year": null, "peak_pop": null, "peak_year": null, "cagr_pct": null, "decline_from_peak_pct": null, "trajectory": "Insufficient data", "latest_knesset": null, "right_bloc_share": null, "top_party": null, "turnout": null, "se_cluster": null, "se_rank": null, "built_up_dunams": 847.3, "govt_decision_type": null, "govt_decision_date": null}}, {"type": "Feature", "geometry": {"type": "Point", "coordinates": [35.1014856183, 31.5246111134]}, "properties": {"settlement_id": 157, "name_en": "Tel Rumeidah", "name_he": "תל רומיידה", "type": "Hebron Enclave", "regional_council": null, "urban_pattern": null, "dist_gl_km": null, "elevation": null, "year_established": null, "status": "active", "latest_pop": null, "latest_pop_year": null, "peak_pop": null, "peak_year": null, "cagr_pct": null, "decline_from_peak_pct": null, "trajectory": "Insufficient data", "latest_knesset": null, "right_bloc_share": null, "top_party": null, "turnout": null, "se_cluster": null, "se_rank": null, "built_up_dunams": null, "govt_decision_type": null, "govt_decision_date": null}}, {"type": "Feature", "geometry": {"type": "Point", "coordinates": [35.1949, 31.8169]}, "properties": {"settlement_id": 158, "name_en": "Ramot Alon", "name_he": "רמות אלון", "type": "East Jerusalem", "regional_council": null, "urban_pattern": null, "dist_gl_km": null, "elevation": null, "year_established": null, "status": "active", "latest_pop": 46150, "latest_pop_year": 2016, "peak_pop": 46150, "peak_year": 2016, "cagr_pct": 1.15, "decline_from_peak_pct": 0, "trajectory": "East Jerusalem (separate)", "latest_knesset": null, "right_bloc_share": null, "top_party": null, "turnout": null, "se_cluster": null, "se_rank": null, "built_up_dunams": null, "govt_decision_type": null, "govt_decision_date": null}}, {"type": "Feature", "geometry": {"type": "Point", "coordinates": [35.2449, 31.8227]}, "properties": {"settlement_id": 159, "name_en": "Pisgat Ze'ev", "name_he": "פסגת זאב", "type": "East Jerusalem", "regional_council": null, "urban_pattern": null, "dist_gl_km": null, "elevation": null, "year_established": null, "status": "active", "latest_pop": 41930, "latest_pop_year": 2016, "peak_pop": 42115, "peak_year": 2008, "cagr_pct": 1.58, "decline_from_peak_pct": -0.44, "trajectory": "East Jerusalem (separate)", "latest_knesset": null, "right_bloc_share": null, "top_party": null, "turnout": null, "se_cluster": null, "se_rank": null, "built_up_dunams": 2004.2, "govt_decision_type": null, "govt_decision_date": null}}, {"type": "Feature", "geometry": {"type": "Point", "coordinates": [35.189, 31.7332]}, "properties": {"settlement_id": 160, "name_en": "Gilo", "name_he": "גילה", "type": "East Jerusalem", "regional_council": null, "urban_pattern": null, "dist_gl_km": null, "elevation": null, "year_established": null, "status": "active", "latest_pop": 30900, "latest_pop_year": 2016, "peak_pop": 30900, "peak_year": 2016, "cagr_pct": 0.79, "decline_from_peak_pct": 0, "trajectory": "East Jerusalem (separate)", "latest_knesset": null, "right_bloc_share": null, "top_party": null, "turnout": null, "se_cluster": null, "se_rank": null, "built_up_dunams": 1676.4, "govt_decision_type": null, "govt_decision_date": null}}, {"type": "Feature", "geometry": {"type": "Point", "coordinates": [35.2411, 31.839]}, "properties": {"settlement_id": 161, "name_en": "Neve Ya'akov", "name_he": "נווה יעקב", "type": "East Jerusalem", "regional_council": null, "urban_pattern": null, "dist_gl_km": null, "elevation": null, "year_established": null, "status": "active", "latest_pop": 22350, "latest_pop_year": 2016, "peak_pop": 22350, "peak_year": 2016, "cagr_pct": 0.6, "decline_from_peak_pct": 0, "trajectory": "East Jerusalem (separate)", "latest_knesset": null, "right_bloc_share": null, "top_party": null, "turnout": null, "se_cluster": null, "se_rank": null, "built_up_dunams": null, "govt_decision_type": null, "govt_decision_date": null}}, {"type": "Feature", "geometry": {"type": "Point", "coordinates": [35.2221, 31.7234]}, "properties": {"settlement_id": 162, "name_en": "Har Homa", "name_he": "הר חומה", "type": "East Jerusalem", "regional_council": null, "urban_pattern": null, "dist_gl_km": null, "elevation": null, "year_established": null, "status": "active", "latest_pop": 20660, "latest_pop_year": 2016, "peak_pop": 20660, "peak_year": 2016, "cagr_pct": 19, "decline_from_peak_pct": 0, "trajectory": "East Jerusalem (separate)", "latest_knesset": null, "right_bloc_share": null, "top_party": null, "turnout": null, "se_cluster": null, "se_rank": null, "built_up_dunams": 966, "govt_decision_type": null, "govt_decision_date": null}}, {"type": "Feature", "geometry": {"type": "Point", "coordinates": [35.2179, 31.8105]}, "properties": {"settlement_id": 163, "name_en": "Ramat Shlomo", "name_he": "רמת שלמה", "type": "East Jerusalem", "regional_council": null, "urban_pattern": null, "dist_gl_km": null, "elevation": null, "year_established": null, "status": "active", "latest_pop": 14770, "latest_pop_year": 2016, "peak_pop": 15140, "peak_year": 2012, "cagr_pct": 4.77, "decline_from_peak_pct": -2.44, "trajectory": "East Jerusalem (separate)", "latest_knesset": null, "right_bloc_share": null, "top_party": null, "turnout": null, "se_cluster": null, "se_rank": null, "built_up_dunams": 636.8, "govt_decision_type": null, "govt_decision_date": null}}, {"type": "Feature", "geometry": {"type": "Point", "coordinates": [35.2321, 31.7488]}, "properties": {"settlement_id": 164, "name_en": "Talpiot (East)", "name_he": "תלפיות מזרח", "type": "East Jerusalem", "regional_council": null, "urban_pattern": null, "dist_gl_km": null, "elevation": null, "year_established": null, "status": "active", "latest_pop": 14450, "latest_pop_year": 2016, "peak_pop": 14450, "peak_year": 2016, "cagr_pct": 0.42, "decline_from_peak_pct": 0, "trajectory": "East Jerusalem (separate)", "latest_knesset": null, "right_bloc_share": null, "top_party": null, "turnout": null, "se_cluster": null, "se_rank": null, "built_up_dunams": 805.4, "govt_decision_type": null, "govt_decision_date": null}}, {"type": "Feature", "geometry": {"type": "Point", "coordinates": [35.2379, 31.8032]}, "properties": {"settlement_id": 165, "name_en": "French Hill (Giv'at Shapira)", "name_he": "הגבעה הצרפתית (גבעת שפירא)*", "type": "East Jerusalem", "regional_council": null, "urban_pattern": null, "dist_gl_km": null, "elevation": null, "year_established": null, "status": "active", "latest_pop": 8620, "latest_pop_year": 2016, "peak_pop": 8620, "peak_year": 2016, "cagr_pct": 0.01, "decline_from_peak_pct": 0, "trajectory": "East Jerusalem (separate)", "latest_knesset": null, "right_bloc_share": null, "top_party": null, "turnout": null, "se_cluster": null, "se_rank": null, "built_up_dunams": 491, "govt_decision_type": null, "govt_decision_date": null}}, {"type": "Feature", "geometry": {"type": "Point", "coordinates": [35.2249, 31.8011]}, "properties": {"settlement_id": 166, "name_en": "Ramat Eshkol", "name_he": "רמת אשכול*", "type": "East Jerusalem", "regional_council": null, "urban_pattern": null, "dist_gl_km": null, "elevation": null, "year_established": null, "status": "active", "latest_pop": 3180, "latest_pop_year": 2016, "peak_pop": 6960, "peak_year": 2014, "cagr_pct": -3.57, "decline_from_peak_pct": -54.31, "trajectory": "East Jerusalem (separate)", "latest_knesset": null, "right_bloc_share": null, "top_party": null, "turnout": null, "se_cluster": null, "se_rank": null, "built_up_dunams": 355.5, "govt_decision_type": null, "govt_decision_date": null}}, {"type": "Feature", "geometry": {"type": "Point", "coordinates": [35.2263, 31.7968]}, "properties": {"settlement_id": 167, "name_en": "Ma'alot Dafna", "name_he": "מעלות דפנה*", "type": "East Jerusalem", "regional_council": null, "urban_pattern": null, "dist_gl_km": null, "elevation": null, "year_established": null, "status": "active", "latest_pop": 3240, "latest_pop_year": 2016, "peak_pop": 3765, "peak_year": 2006, "cagr_pct": -0.65, "decline_from_peak_pct": -13.94, "trajectory": "East Jerusalem (separate)", "latest_knesset": null, "right_bloc_share": null, "top_party": null, "turnout": null, "se_cluster": null, "se_rank": null, "built_up_dunams": 279.7, "govt_decision_type": null, "govt_decision_date": null}}, {"type": "Feature", "geometry": {"type": "Point", "coordinates": [35.2316, 31.7749]}, "properties": {"settlement_id": 168, "name_en": "Jewish Quarter", "name_he": "הרובע היהודי", "type": "East Jerusalem", "regional_council": null, "urban_pattern": null, "dist_gl_km": null, "elevation": null, "year_established": null, "status": "active", "latest_pop": 3020, "latest_pop_year": 2016, "peak_pop": 3350, "peak_year": 2012, "cagr_pct": 1.49, "decline_from_peak_pct": -9.85, "trajectory": "East Jerusalem (separate)", "latest_knesset": null, "right_bloc_share": null, "top_party": null, "turnout": null, "se_cluster": null, "se_rank": null, "built_up_dunams": 142.6, "govt_decision_type": null, "govt_decision_date": null}}, {"type": "Feature", "geometry": {"type": "Point", "coordinates": [35.12189, 31.366039]}, "properties": {"settlement_id": 169, "name_en": "Nof Nesher - Talya Farm", "name_he": "נוף נשר - חוות טליה", "type": "Outpost", "regional_council": "Har Hebron", "urban_pattern": "Outpost", "dist_gl_km": null, "elevation": null, "year_established": 1996, "status": "active", "latest_pop": null, "latest_pop_year": null, "peak_pop": null, "peak_year": null, "cagr_pct": null, "decline_from_peak_pct": null, "trajectory": null, "latest_knesset": null, "right_bloc_share": null, "top_party": null, "turnout": null, "se_cluster": null, "se_rank": null, "built_up_dunams": null, "govt_decision_type": null, "govt_decision_date": null}}, {"type": "Feature", "geometry": {"type": "Point", "coordinates": [35.318612, 32.169194]}, "properties": {"settlement_id": 170, "name_en": "Hanekuda", "name_he": "הנקודה", "type": "Outpost", "regional_council": "Shomron", "urban_pattern": "Outpost", "dist_gl_km": null, "elevation": null, "year_established": 1996, "status": "active", "latest_pop": null, "latest_pop_year": null, "peak_pop": null, "peak_year": null, "cagr_pct": null, "decline_from_peak_pct": null, "trajectory": null, "latest_knesset": null, "right_bloc_share": null, "top_party": null, "turnout": null, "se_cluster": null, "se_rank": null, "built_up_dunams": null, "govt_decision_type": null, "govt_decision_date": null}}, {"type": "Feature", "geometry": {"type": "Point", "coordinates": [35.151163, 32.230107]}, "properties": {"settlement_id": 171, "name_en": "Har Hemed", "name_he": "הר חמד", "type": "Outpost", "regional_council": "Kedumim", "urban_pattern": "Outpost", "dist_gl_km": null, "elevation": null, "year_established": 1996, "status": "active", "latest_pop": null, "latest_pop_year": null, "peak_pop": null, "peak_year": null, "cagr_pct": null, "decline_from_peak_pct": null, "trajectory": null, "latest_knesset": null, "right_bloc_share": null, "top_party": null, "turnout": null, "se_cluster": null, "se_rank": null, "built_up_dunams": 46.6, "govt_decision_type": null, "govt_decision_date": null}}, {"type": "Feature", "geometry": {"type": "Point", "coordinates": [35.033134, 31.438937]}, "properties": {"settlement_id": 172, "name_en": "Nahalat Ami", "name_he": "נחלת עמי", "type": "Outpost", "regional_council": "Har Hebron", "urban_pattern": "Outpost", "dist_gl_km": null, "elevation": null, "year_established": 1996, "status": "active", "latest_pop": null, "latest_pop_year": null, "peak_pop": null, "peak_year": null, "cagr_pct": null, "decline_from_peak_pct": null, "trajectory": null, "latest_knesset": null, "right_bloc_share": null, "top_party": null, "turnout": null, "se_cluster": null, "se_rank": null, "built_up_dunams": null, "govt_decision_type": null, "govt_decision_date": null}}, {"type": "Feature", "geometry": {"type": "Point", "coordinates": [35.10414, 32.115099]}, "properties": {"settlement_id": 173, "name_en": "Ma'ale Yisrael", "name_he": "מעלה ישראל", "type": "Outpost", "regional_council": "Shomron", "urban_pattern": "Outpost", "dist_gl_km": null, "elevation": null, "year_established": 1997, "status": "active", "latest_pop": null, "latest_pop_year": null, "peak_pop": null, "peak_year": null, "cagr_pct": null, "decline_from_peak_pct": null, "trajectory": null, "latest_knesset": null, "right_bloc_share": null, "top_party": null, "turnout": null, "se_cluster": null, "se_rank": null, "built_up_dunams": 39.3, "govt_decision_type": null, "govt_decision_date": null}}, {"type": "Feature", "geometry": {"type": "Point", "coordinates": [35.327384, 32.060513]}, "properties": {"settlement_id": 174, "name_en": "Ahiya", "name_he": "אחיה", "type": "Outpost", "regional_council": "Binyamin", "urban_pattern": "Outpost", "dist_gl_km": null, "elevation": null, "year_established": 1997, "status": "active", "latest_pop": null, "latest_pop_year": null, "peak_pop": null, "peak_year": null, "cagr_pct": null, "decline_from_peak_pct": null, "trajectory": null, "latest_knesset": null, "right_bloc_share": null, "top_party": null, "turnout": null, "se_cluster": null, "se_rank": null, "built_up_dunams": 62.4, "govt_decision_type": "outpost_legalization", "govt_decision_date": "2025-05-18"}}, {"type": "Feature", "geometry": {"type": "Point", "coordinates": [35.401979, 31.823026]}, "properties": {"settlement_id": 175, "name_en": "Givat Barkai - Mizpe Jericho East", "name_he": "גבעת ברקאי - מצפה יריחו מזרח", "type": "Outpost", "regional_council": "Binyamin", "urban_pattern": "Outpost", "dist_gl_km": null, "elevation": null, "year_established": 1997, "status": "active", "latest_pop": null, "latest_pop_year": null, "peak_pop": null, "peak_year": null, "cagr_pct": null, "decline_from_peak_pct": null, "trajectory": null, "latest_knesset": null, "right_bloc_share": null, "top_party": null, "turnout": null, "se_cluster": null, "se_rank": null, "built_up_dunams": null, "govt_decision_type": null, "govt_decision_date": null}}, {"type": "Feature", "geometry": {"type": "Point", "coordinates": [35.107815, 31.65289]}, "properties": {"settlement_id": 176, "name_en": "Bat Ayin East", "name_he": "בת עין מזרח", "type": "Outpost", "regional_council": "Gush Etzion", "urban_pattern": "Outpost", "dist_gl_km": null, "elevation": null, "year_established": 1998, "status": "active", "latest_pop": null, "latest_pop_year": null, "peak_pop": null, "peak_year": null, "cagr_pct": null, "decline_from_peak_pct": null, "trajectory": null, "latest_knesset": null, "right_bloc_share": null, "top_party": null, "turnout": null, "se_cluster": null, "se_rank": null, "built_up_dunams": null, "govt_decision_type": null, "govt_decision_date": null}}, {"type": "Feature", "geometry": {"type": "Point", "coordinates": [35.246139, 32.163212]}, "properties": {"settlement_id": 177, "name_en": "Lehavat Yitzhar", "name_he": "להבת יצהר", "type": "Outpost", "regional_council": "Shomron", "urban_pattern": "Outpost", "dist_gl_km": null, "elevation": null, "year_established": 1998, "status": "active", "latest_pop": null, "latest_pop_year": null, "peak_pop": null, "peak_year": null, "cagr_pct": null, "decline_from_peak_pct": null, "trajectory": null, "latest_knesset": null, "right_bloc_share": null, "top_party": null, "turnout": null, "se_cluster": null, "se_rank": null, "built_up_dunams": null, "govt_decision_type": null, "govt_decision_date": null}}, {"type": "Feature", "geometry": {"type": "Point", "coordinates": [35.134714, 31.383241]}, "properties": {"settlement_id": 178, "name_en": "Mitzpe Yair", "name_he": "מצפה יאיר", "type": "Outpost", "regional_council": "Har Hebron", "urban_pattern": "Outpost", "dist_gl_km": null, "elevation": null, "year_established": 1998, "status": "active", "latest_pop": null, "latest_pop_year": null, "peak_pop": null, "peak_year": null, "cagr_pct": null, "decline_from_peak_pct": null, "trajectory": null, "latest_knesset": null, "right_bloc_share": null, "top_party": null, "turnout": null, "se_cluster": null, "se_rank": null, "built_up_dunams": 56.2, "govt_decision_type": "outpost_legalization", "govt_decision_date": "2026-03-25"}}, {"type": "Feature", "geometry": {"type": "Point", "coordinates": [35.27893, 32.075592]}, "properties": {"settlement_id": 179, "name_en": "Nof Harim", "name_he": "נוף הרים", "type": "Outpost", "regional_council": "Binyamin", "urban_pattern": "Outpost", "dist_gl_km": null, "elevation": null, "year_established": 1998, "status": "active", "latest_pop": null, "latest_pop_year": null, "peak_pop": null, "peak_year": null, "cagr_pct": null, "decline_from_peak_pct": null, "trajectory": null, "latest_knesset": null, "right_bloc_share": null, "top_party": null, "turnout": null, "se_cluster": null, "se_rank": null, "built_up_dunams": null, "govt_decision_type": null, "govt_decision_date": null}}, {"type": "Feature", "geometry": {"type": "Point", "coordinates": [35.131328, 31.655233]}, "properties": {"settlement_id": 180, "name_en": "Givat Hahish", "name_he": "גבעת החי\"ש", "type": "Outpost", "regional_council": "Gush Etzion", "urban_pattern": "Outpost", "dist_gl_km": null, "elevation": null, "year_established": 1998, "status": "active", "latest_pop": null, "latest_pop_year": null, "peak_pop": null, "peak_year": null, "cagr_pct": null, "decline_from_peak_pct": null, "trajectory": null, "latest_knesset": null, "right_bloc_share": null, "top_party": null, "turnout": null, "se_cluster": null, "se_rank": null, "built_up_dunams": null, "govt_decision_type": null, "govt_decision_date": null}}, {"type": "Feature", "geometry": {"type": "Point", "coordinates": [35.254789, 32.192829]}, "properties": {"settlement_id": 181, "name_en": "Bracha A", "name_he": "ברכה א", "type": "Outpost", "regional_council": "Shomron", "urban_pattern": "Outpost", "dist_gl_km": null, "elevation": null, "year_established": 1998, "status": "active", "latest_pop": null, "latest_pop_year": null, "peak_pop": null, "peak_year": null, "cagr_pct": null, "decline_from_peak_pct": null, "trajectory": null, "latest_knesset": null, "right_bloc_share": null, "top_party": null, "turnout": null, "se_cluster": null, "se_rank": null, "built_up_dunams": 285.6, "govt_decision_type": null, "govt_decision_date": null}}, {"type": "Feature", "geometry": {"type": "Point", "coordinates": [35.360554, 32.165477]}, "properties": {"settlement_id": 182, "name_en": "Yanukh Hill 836", "name_he": "גבעת ינוח 836", "type": "Outpost", "regional_council": "Shomron", "urban_pattern": "Outpost", "dist_gl_km": null, "elevation": null, "year_established": 1998, "status": "active", "latest_pop": null, "latest_pop_year": null, "peak_pop": null, "peak_year": null, "cagr_pct": null, "decline_from_peak_pct": null, "trajectory": null, "latest_knesset": null, "right_bloc_share": null, "top_party": null, "turnout": null, "se_cluster": null, "se_rank": null, "built_up_dunams": null, "govt_decision_type": null, "govt_decision_date": null}}, {"type": "Feature", "geometry": {"type": "Point", "coordinates": [35.337099, 32.166424]}, "properties": {"settlement_id": 183, "name_en": "Mount Gideon Hill 851", "name_he": "הר גדעון גבעה 851", "type": "Outpost", "regional_council": "Shomron", "urban_pattern": "Outpost", "dist_gl_km": null, "elevation": null, "year_established": 1998, "status": "active", "latest_pop": null, "latest_pop_year": null, "peak_pop": null, "peak_year": null, "cagr_pct": null, "decline_from_peak_pct": null, "trajectory": null, "latest_knesset": null, "right_bloc_share": null, "top_party": null, "turnout": null, "se_cluster": null, "se_rank": null, "built_up_dunams": 854, "govt_decision_type": null, "govt_decision_date": null}}, {"type": "Feature", "geometry": {"type": "Point", "coordinates": [35.351898, 32.159946]}, "properties": {"settlement_id": 184, "name_en": "Gva'ot Olam", "name_he": "גבעות עולם", "type": "Outpost", "regional_council": "Shomron", "urban_pattern": "Outpost", "dist_gl_km": null, "elevation": null, "year_established": 1998, "status": "active", "latest_pop": null, "latest_pop_year": null, "peak_pop": null, "peak_year": null, "cagr_pct": null, "decline_from_peak_pct": null, "trajectory": null, "latest_knesset": null, "right_bloc_share": null, "top_party": null, "turnout": null, "se_cluster": null, "se_rank": null, "built_up_dunams": 854, "govt_decision_type": null, "govt_decision_date": null}}, {"type": "Feature", "geometry": {"type": "Point", "coordinates": [35.274044, 32.058602]}, "properties": {"settlement_id": 185, "name_en": "Givat Harel", "name_he": "גבעת הראל", "type": "Outpost", "regional_council": "Binyamin", "urban_pattern": "Outpost", "dist_gl_km": null, "elevation": null, "year_established": 1998, "status": "active", "latest_pop": null, "latest_pop_year": null, "peak_pop": null, "peak_year": null, "cagr_pct": null, "decline_from_peak_pct": null, "trajectory": null, "latest_knesset": null, "right_bloc_share": null, "top_party": null, "turnout": null, "se_cluster": null, "se_rank": null, "built_up_dunams": null, "govt_decision_type": "outpost_legalization", "govt_decision_date": "2025-12-11"}}, {"type": "Feature", "geometry": {"type": "Point", "coordinates": [35.084059, 32.287291]}, "properties": {"settlement_id": 186, "name_en": "Hahar", "name_he": "ההר", "type": "Outpost", "regional_council": "Shomron", "urban_pattern": "Outpost", "dist_gl_km": null, "elevation": null, "year_established": 1998, "status": "active", "latest_pop": null, "latest_pop_year": null, "peak_pop": null, "peak_year": null, "cagr_pct": null, "decline_from_peak_pct": null, "trajectory": null, "latest_knesset": null, "right_bloc_share": null, "top_party": null, "turnout": null, "se_cluster": null, "se_rank": null, "built_up_dunams": null, "govt_decision_type": null, "govt_decision_date": null}}, {"type": "Feature", "geometry": {"type": "Point", "coordinates": [35.334802, 32.04018]}, "properties": {"settlement_id": 187, "name_en": "Adei Ad", "name_he": "עדי עד", "type": "Outpost", "regional_council": "Binyamin", "urban_pattern": "Outpost", "dist_gl_km": null, "elevation": null, "year_established": 1998, "status": "active", "latest_pop": null, "latest_pop_year": null, "peak_pop": null, "peak_year": null, "cagr_pct": null, "decline_from_peak_pct": null, "trajectory": null, "latest_knesset": null, "right_bloc_share": null, "top_party": null, "turnout": null, "se_cluster": null, "se_rank": null, "built_up_dunams": 264.7, "govt_decision_type": "outpost_legalization", "govt_decision_date": "2025-05-18"}}, {"type": "Feature", "geometry": {"type": "Point", "coordinates": [35.283895, 32.070888]}, "properties": {"settlement_id": 188, "name_en": "Hayovel", "name_he": "היובל", "type": "Outpost", "regional_council": "Binyamin", "urban_pattern": "Outpost", "dist_gl_km": null, "elevation": null, "year_established": 1998, "status": "active", "latest_pop": null, "latest_pop_year": null, "peak_pop": null, "peak_year": null, "cagr_pct": null, "decline_from_peak_pct": null, "trajectory": null, "latest_knesset": null, "right_bloc_share": null, "top_party": null, "turnout": null, "se_cluster": null, "se_rank": null, "built_up_dunams": null, "govt_decision_type": null, "govt_decision_date": null}}, {"type": "Feature", "geometry": {"type": "Point", "coordinates": [35.341201, 31.957796]}, "properties": {"settlement_id": 189, "name_en": "Ahavat Hayim", "name_he": "אהבת חיים", "type": "Outpost", "regional_council": "Binyamin", "urban_pattern": "Outpost", "dist_gl_km": null, "elevation": null, "year_established": 1999, "status": "active", "latest_pop": null, "latest_pop_year": null, "peak_pop": null, "peak_year": null, "cagr_pct": null, "decline_from_peak_pct": null, "trajectory": null, "latest_knesset": null, "right_bloc_share": null, "top_party": null, "turnout": null, "se_cluster": null, "se_rank": null, "built_up_dunams": null, "govt_decision_type": null, "govt_decision_date": null}}, {"type": "Feature", "geometry": {"type": "Point", "coordinates": [35.120487, 32.163411]}, "properties": {"settlement_id": 190, "name_en": "Alonei Shilo", "name_he": "אלוני שילה", "type": "Outpost", "regional_council": "Karnei Shomron", "urban_pattern": "Outpost", "dist_gl_km": null, "elevation": null, "year_established": 1999, "status": "active", "latest_pop": null, "latest_pop_year": null, "peak_pop": null, "peak_year": null, "cagr_pct": null, "decline_from_peak_pct": null, "trajectory": null, "latest_knesset": null, "right_bloc_share": null, "top_party": null, "turnout": null, "se_cluster": null, "se_rank": null, "built_up_dunams": 32.1, "govt_decision_type": null, "govt_decision_date": null}}, {"type": "Feature", "geometry": {"type": "Point", "coordinates": [35.368305, 32.154887]}, "properties": {"settlement_id": 191, "name_en": "Arnon Hill 777", "name_he": "גבעת ארנון 777", "type": "Outpost", "regional_council": "Shomron", "urban_pattern": "Outpost", "dist_gl_km": null, "elevation": null, "year_established": 1999, "status": "active", "latest_pop": null, "latest_pop_year": null, "peak_pop": null, "peak_year": null, "cagr_pct": null, "decline_from_peak_pct": null, "trajectory": null, "latest_knesset": null, "right_bloc_share": null, "top_party": null, "turnout": null, "se_cluster": null, "se_rank": null, "built_up_dunams": null, "govt_decision_type": null, "govt_decision_date": null}}, {"type": "Feature", "geometry": {"type": "Point", "coordinates": [35.336649, 31.850959]}, "properties": {"settlement_id": 192, "name_en": "Ma'ale Hagit", "name_he": "מעלה חגית", "type": "Outpost", "regional_council": "Binyamin", "urban_pattern": "Outpost", "dist_gl_km": null, "elevation": null, "year_established": 1999, "status": "active", "latest_pop": null, "latest_pop_year": null, "peak_pop": null, "peak_year": null, "cagr_pct": null, "decline_from_peak_pct": null, "trajectory": null, "latest_knesset": null, "right_bloc_share": null, "top_party": null, "turnout": null, "se_cluster": null, "se_rank": null, "built_up_dunams": null, "govt_decision_type": null, "govt_decision_date": null}}, {"type": "Feature", "geometry": {"type": "Point", "coordinates": [35.26092, 32.177646]}, "properties": {"settlement_id": 193, "name_en": "Sneh Ya'akov", "name_he": "סנה יעקב", "type": "Outpost", "regional_council": "Shomron", "urban_pattern": "Outpost", "dist_gl_km": null, "elevation": null, "year_established": 1999, "status": "active", "latest_pop": null, "latest_pop_year": null, "peak_pop": null, "peak_year": null, "cagr_pct": null, "decline_from_peak_pct": null, "trajectory": null, "latest_knesset": null, "right_bloc_share": null, "top_party": null, "turnout": null, "se_cluster": null, "se_rank": null, "built_up_dunams": null, "govt_decision_type": null, "govt_decision_date": null}}, {"type": "Feature", "geometry": {"type": "Point", "coordinates": [35.331865, 32.159516]}, "properties": {"settlement_id": 194, "name_en": "Alumot Farm Hill 782", "name_he": "חוות אלומות - גבעה 782", "type": "Outpost", "regional_council": "Shomron", "urban_pattern": "Outpost", "dist_gl_km": null, "elevation": null, "year_established": 1999, "status": "active", "latest_pop": null, "latest_pop_year": null, "peak_pop": null, "peak_year": null, "cagr_pct": null, "decline_from_peak_pct": null, "trajectory": null, "latest_knesset": null, "right_bloc_share": null, "top_party": null, "turnout": null, "se_cluster": null, "se_rank": null, "built_up_dunams": 854, "govt_decision_type": null, "govt_decision_date": null}}, {"type": "Feature", "geometry": {"type": "Point", "coordinates": [35.020413, 32.108897]}, "properties": {"settlement_id": 195, "name_en": "Magen Dan", "name_he": "מגן דן", "type": "Outpost", "regional_council": "Elkana", "urban_pattern": "Outpost", "dist_gl_km": null, "elevation": null, "year_established": 1999, "status": "active", "latest_pop": null, "latest_pop_year": null, "peak_pop": null, "peak_year": null, "cagr_pct": null, "decline_from_peak_pct": null, "trajectory": null, "latest_knesset": null, "right_bloc_share": null, "top_party": null, "turnout": null, "se_cluster": null, "se_rank": null, "built_up_dunams": null, "govt_decision_type": null, "govt_decision_date": null}}, {"type": "Feature", "geometry": {"type": "Point", "coordinates": [35.222501, 32.171931]}, "properties": {"settlement_id": 196, "name_en": "Shalhevet Farm", "name_he": "אחוזת שלהבת", "type": "Outpost", "regional_council": "Shomron", "urban_pattern": "Outpost", "dist_gl_km": null, "elevation": null, "year_established": 1999, "status": "active", "latest_pop": null, "latest_pop_year": null, "peak_pop": null, "peak_year": null, "cagr_pct": null, "decline_from_peak_pct": null, "trajectory": null, "latest_knesset": null, "right_bloc_share": null, "top_party": null, "turnout": null, "se_cluster": null, "se_rank": null, "built_up_dunams": 356.5, "govt_decision_type": null, "govt_decision_date": null}}, {"type": "Feature", "geometry": {"type": "Point", "coordinates": [35.366319, 32.216403]}, "properties": {"settlement_id": 197, "name_en": "Skali's Farm - Porat Yosef", "name_he": "החוה של סקאלי - פורת יוסף", "type": "Outpost", "regional_council": "Shomron", "urban_pattern": "Outpost", "dist_gl_km": null, "elevation": null, "year_established": 1999, "status": "active", "latest_pop": null, "latest_pop_year": null, "peak_pop": null, "peak_year": null, "cagr_pct": null, "decline_from_peak_pct": null, "trajectory": null, "latest_knesset": null, "right_bloc_share": null, "top_party": null, "turnout": null, "se_cluster": null, "se_rank": null, "built_up_dunams": null, "govt_decision_type": null, "govt_decision_date": null}}, {"type": "Feature", "geometry": {"type": "Point", "coordinates": [34.968229, 31.37046]}, "properties": {"settlement_id": 198, "name_en": "Mor Farm", "name_he": "חוות מור", "type": "Outpost", "regional_council": "Har Hebron", "urban_pattern": "Outpost", "dist_gl_km": null, "elevation": null, "year_established": 1999, "status": "active", "latest_pop": null, "latest_pop_year": null, "peak_pop": null, "peak_year": null, "cagr_pct": null, "decline_from_peak_pct": null, "trajectory": null, "latest_knesset": null, "right_bloc_share": null, "top_party": null, "turnout": null, "se_cluster": null, "se_rank": null, "built_up_dunams": null, "govt_decision_type": null, "govt_decision_date": null}}, {"type": "Feature", "geometry": {"type": "Point", "coordinates": [35.344796, 31.949352]}, "properties": {"settlement_id": 199, "name_en": "Ma'aleh Shlomo", "name_he": "מעלה שלמה", "type": "Outpost", "regional_council": "Binyamin", "urban_pattern": "Outpost", "dist_gl_km": null, "elevation": null, "year_established": 1999, "status": "active", "latest_pop": null, "latest_pop_year": null, "peak_pop": null, "peak_year": null, "cagr_pct": null, "decline_from_peak_pct": null, "trajectory": null, "latest_knesset": null, "right_bloc_share": null, "top_party": null, "turnout": null, "se_cluster": null, "se_rank": null, "built_up_dunams": null, "govt_decision_type": null, "govt_decision_date": null}}, {"type": "Feature", "geometry": {"type": "Point", "coordinates": [35.335783, 32.064772]}, "properties": {"settlement_id": 200, "name_en": "Esh Kodesh", "name_he": "אש קודש", "type": "Outpost", "regional_council": "Binyamin", "urban_pattern": "Outpost", "dist_gl_km": null, "elevation": null, "year_established": 2000, "status": "active", "latest_pop": null, "latest_pop_year": null, "peak_pop": null, "peak_year": null, "cagr_pct": null, "decline_from_peak_pct": null, "trajectory": null, "latest_knesset": null, "right_bloc_share": null, "top_party": null, "turnout": null, "se_cluster": null, "se_rank": null, "built_up_dunams": 43.5, "govt_decision_type": "outpost_legalization", "govt_decision_date": "2025-12-11"}}, {"type": "Feature", "geometry": {"type": "Point", "coordinates": [35.164113, 32.424023]}, "properties": {"settlement_id": 201, "name_en": "Emek Dotan Farm", "name_he": "מעוז צבי (חוות עמק דותן)", "type": "Outpost", "regional_council": "Shomron", "urban_pattern": "Outpost", "dist_gl_km": null, "elevation": null, "year_established": 2001, "status": "active", "latest_pop": null, "latest_pop_year": null, "peak_pop": null, "peak_year": null, "cagr_pct": null, "decline_from_peak_pct": null, "trajectory": null, "latest_knesset": null, "right_bloc_share": null, "top_party": null, "turnout": null, "se_cluster": null, "se_rank": null, "built_up_dunams": null, "govt_decision_type": null, "govt_decision_date": null}}, {"type": "Feature", "geometry": {"type": "Point", "coordinates": [35.229731, 31.895618]}, "properties": {"settlement_id": 202, "name_en": "Mitzpe Ha'ai", "name_he": "מצפה העי", "type": "Outpost", "regional_council": "Binyamin", "urban_pattern": "Outpost", "dist_gl_km": null, "elevation": null, "year_established": 2001, "status": "active", "latest_pop": null, "latest_pop_year": null, "peak_pop": null, "peak_year": null, "cagr_pct": null, "decline_from_peak_pct": null, "trajectory": null, "latest_knesset": null, "right_bloc_share": null, "top_party": null, "turnout": null, "se_cluster": null, "se_rank": null, "built_up_dunams": null, "govt_decision_type": null, "govt_decision_date": null}}, {"type": "Feature", "geometry": {"type": "Point", "coordinates": [35.230475, 31.644457]}, "properties": {"settlement_id": 203, "name_en": "Tko'a B-C", "name_he": "תקוע ב-ג", "type": "Outpost", "regional_council": "Gush Etzion", "urban_pattern": "Outpost", "dist_gl_km": null, "elevation": null, "year_established": 2001, "status": "active", "latest_pop": null, "latest_pop_year": null, "peak_pop": null, "peak_year": null, "cagr_pct": null, "decline_from_peak_pct": null, "trajectory": null, "latest_knesset": null, "right_bloc_share": null, "top_party": null, "turnout": null, "se_cluster": null, "se_rank": null, "built_up_dunams": null, "govt_decision_type": null, "govt_decision_date": null}}, {"type": "Feature", "geometry": {"type": "Point", "coordinates": [35.310363, 31.864246]}, "properties": {"settlement_id": 204, "name_en": "Neve Erez", "name_he": "נווה ארז", "type": "Outpost", "regional_council": "Binyamin", "urban_pattern": "Outpost", "dist_gl_km": null, "elevation": null, "year_established": 2001, "status": "active", "latest_pop": null, "latest_pop_year": null, "peak_pop": null, "peak_year": null, "cagr_pct": null, "decline_from_peak_pct": null, "trajectory": null, "latest_knesset": null, "right_bloc_share": null, "top_party": null, "turnout": null, "se_cluster": null, "se_rank": null, "built_up_dunams": null, "govt_decision_type": null, "govt_decision_date": null}}, {"type": "Feature", "geometry": {"type": "Point", "coordinates": [35.13455, 31.664842]}, "properties": {"settlement_id": 205, "name_en": "Derech Ha'avot", "name_he": "דרך האבות", "type": "Outpost", "regional_council": "Gush Etzion", "urban_pattern": "Outpost", "dist_gl_km": null, "elevation": null, "year_established": 2001, "status": "active", "latest_pop": null, "latest_pop_year": null, "peak_pop": null, "peak_year": null, "cagr_pct": null, "decline_from_peak_pct": null, "trajectory": null, "latest_knesset": null, "right_bloc_share": null, "top_party": null, "turnout": null, "se_cluster": null, "se_rank": null, "built_up_dunams": null, "govt_decision_type": null, "govt_decision_date": null}}, {"type": "Feature", "geometry": {"type": "Point", "coordinates": [35.105233, 32.145652]}, "properties": {"settlement_id": 206, "name_en": "Yair Farm", "name_he": "חוות יאיר", "type": "Outpost", "regional_council": "Shomron", "urban_pattern": "Outpost", "dist_gl_km": null, "elevation": null, "year_established": 2001, "status": "active", "latest_pop": null, "latest_pop_year": null, "peak_pop": null, "peak_year": null, "cagr_pct": null, "decline_from_peak_pct": null, "trajectory": null, "latest_knesset": null, "right_bloc_share": null, "top_party": null, "turnout": null, "se_cluster": null, "se_rank": null, "built_up_dunams": null, "govt_decision_type": "outpost_legalization", "govt_decision_date": "2025-05-18"}}, {"type": "Feature", "geometry": {"type": "Point", "coordinates": [35.356661, 31.958034]}, "properties": {"settlement_id": 207, "name_en": "Mitzpe Kramim", "name_he": "מצפה כרמים", "type": "Outpost", "regional_council": "Binyamin", "urban_pattern": "Outpost", "dist_gl_km": null, "elevation": null, "year_established": 2001, "status": "active", "latest_pop": null, "latest_pop_year": null, "peak_pop": null, "peak_year": null, "cagr_pct": null, "decline_from_peak_pct": null, "trajectory": null, "latest_knesset": null, "right_bloc_share": null, "top_party": null, "turnout": null, "se_cluster": null, "se_rank": null, "built_up_dunams": null, "govt_decision_type": null, "govt_decision_date": null}}, {"type": "Feature", "geometry": {"type": "Point", "coordinates": [35.223137, 31.940537]}, "properties": {"settlement_id": 208, "name_en": "Jabel Artis", "name_he": "ג'בל ע'רטיס", "type": "Outpost", "regional_council": "Beit El", "urban_pattern": "Outpost", "dist_gl_km": null, "elevation": null, "year_established": 2001, "status": "active", "latest_pop": null, "latest_pop_year": null, "peak_pop": null, "peak_year": null, "cagr_pct": null, "decline_from_peak_pct": null, "trajectory": null, "latest_knesset": null, "right_bloc_share": null, "top_party": null, "turnout": null, "se_cluster": null, "se_rank": null, "built_up_dunams": 779.5, "govt_decision_type": null, "govt_decision_date": null}}, {"type": "Feature", "geometry": {"type": "Point", "coordinates": [35.506933, 31.820793]}, "properties": {"settlement_id": 209, "name_en": "Mul Nevo Beit Hogla", "name_he": "מול נבו בית חגלה", "type": "Outpost", "regional_council": "Jordan Valley", "urban_pattern": "Outpost", "dist_gl_km": null, "elevation": null, "year_established": 2001, "status": "active", "latest_pop": null, "latest_pop_year": null, "peak_pop": null, "peak_year": null, "cagr_pct": null, "decline_from_peak_pct": null, "trajectory": null, "latest_knesset": null, "right_bloc_share": null, "top_party": null, "turnout": null, "se_cluster": null, "se_rank": null, "built_up_dunams": null, "govt_decision_type": null, "govt_decision_date": null}}, {"type": "Feature", "geometry": {"type": "Point", "coordinates": [35.140399, 31.402505]}, "properties": {"settlement_id": 210, "name_en": "Avigayil", "name_he": "אביגיל", "type": "Outpost", "regional_council": "Har Hebron", "urban_pattern": "Outpost", "dist_gl_km": null, "elevation": null, "year_established": 2001, "status": "active", "latest_pop": null, "latest_pop_year": null, "peak_pop": null, "peak_year": null, "cagr_pct": null, "decline_from_peak_pct": null, "trajectory": null, "latest_knesset": null, "right_bloc_share": null, "top_party": null, "turnout": null, "se_cluster": null, "se_rank": null, "built_up_dunams": null, "govt_decision_type": "outpost_legalization", "govt_decision_date": "2023-02-12"}}, {"type": "Feature", "geometry": {"type": "Point", "coordinates": [35.238442, 32.157564]}, "properties": {"settlement_id": 211, "name_en": "Tkuma Hill 725", "name_he": "גבעת תקומה 725", "type": "Outpost", "regional_council": "Shomron", "urban_pattern": "Outpost", "dist_gl_km": null, "elevation": null, "year_established": 2001, "status": "active", "latest_pop": null, "latest_pop_year": null, "peak_pop": null, "peak_year": null, "cagr_pct": null, "decline_from_peak_pct": null, "trajectory": null, "latest_knesset": null, "right_bloc_share": null, "top_party": null, "turnout": null, "se_cluster": null, "se_rank": null, "built_up_dunams": null, "govt_decision_type": null, "govt_decision_date": null}}, {"type": "Feature", "geometry": {"type": "Point", "coordinates": [35.109122, 31.394702]}, "properties": {"settlement_id": 212, "name_en": "Susiya - The Rujm Neighborhood/Givat Hachlil", "name_he": "סוסיא צפון מערב - שכונת הרוג'ום/גבעת חכליל", "type": "Outpost", "regional_council": "Har Hebron", "urban_pattern": "Outpost", "dist_gl_km": null, "elevation": null, "year_established": 2001, "status": "active", "latest_pop": null, "latest_pop_year": null, "peak_pop": null, "peak_year": null, "cagr_pct": null, "decline_from_peak_pct": null, "trajectory": null, "latest_knesset": null, "right_bloc_share": null, "top_party": null, "turnout": null, "se_cluster": null, "se_rank": null, "built_up_dunams": null, "govt_decision_type": null, "govt_decision_date": null}}, {"type": "Feature", "geometry": {"type": "Point", "coordinates": [35.096885, 31.605709]}, "properties": {"settlement_id": 213, "name_en": "Tzur Shalem", "name_he": "צור שלם", "type": "Outpost", "regional_council": "Gush Etzion", "urban_pattern": "Outpost", "dist_gl_km": null, "elevation": null, "year_established": 2001, "status": "active", "latest_pop": null, "latest_pop_year": null, "peak_pop": null, "peak_year": null, "cagr_pct": null, "decline_from_peak_pct": null, "trajectory": null, "latest_knesset": null, "right_bloc_share": null, "top_party": null, "turnout": null, "se_cluster": null, "se_rank": null, "built_up_dunams": null, "govt_decision_type": null, "govt_decision_date": null}}, {"type": "Feature", "geometry": {"type": "Point", "coordinates": [35.23168, 31.946258]}, "properties": {"settlement_id": 214, "name_en": "Beit El East", "name_he": "בית אל מזרח", "type": "Outpost", "regional_council": "Beit El", "urban_pattern": "Outpost", "dist_gl_km": null, "elevation": null, "year_established": 2001, "status": "active", "latest_pop": null, "latest_pop_year": null, "peak_pop": null, "peak_year": null, "cagr_pct": null, "decline_from_peak_pct": null, "trajectory": null, "latest_knesset": null, "right_bloc_share": null, "top_party": null, "turnout": null, "se_cluster": null, "se_rank": null, "built_up_dunams": null, "govt_decision_type": null, "govt_decision_date": null}}, {"type": "Feature", "geometry": {"type": "Point", "coordinates": [35.185006, 31.832577]}, "properties": {"settlement_id": 215, "name_en": "Heruti", "name_he": "חרותי", "type": "Outpost", "regional_council": "Binyamin", "urban_pattern": "Outpost", "dist_gl_km": null, "elevation": null, "year_established": 2001, "status": "active", "latest_pop": null, "latest_pop_year": null, "peak_pop": null, "peak_year": null, "cagr_pct": null, "decline_from_peak_pct": null, "trajectory": null, "latest_knesset": null, "right_bloc_share": null, "top_party": null, "turnout": null, "se_cluster": null, "se_rank": null, "built_up_dunams": null, "govt_decision_type": null, "govt_decision_date": null}}, {"type": "Feature", "geometry": {"type": "Point", "coordinates": [35.15966, 31.408795]}, "properties": {"settlement_id": 216, "name_en": "Maon Farm", "name_he": "חוות מעון", "type": "Outpost", "regional_council": "Har Hebron", "urban_pattern": "Outpost", "dist_gl_km": null, "elevation": null, "year_established": 2001, "status": "active", "latest_pop": null, "latest_pop_year": null, "peak_pop": null, "peak_year": null, "cagr_pct": null, "decline_from_peak_pct": null, "trajectory": null, "latest_knesset": null, "right_bloc_share": null, "top_party": null, "turnout": null, "se_cluster": null, "se_rank": null, "built_up_dunams": 218.7, "govt_decision_type": null, "govt_decision_date": null}}, {"type": "Feature", "geometry": {"type": "Point", "coordinates": [35.340477, 32.045896]}, "properties": {"settlement_id": 217, "name_en": "Yeshuv Hada't", "name_he": "ישוב הדעת - הבית האדום", "type": "Outpost", "regional_council": "Binyamin", "urban_pattern": "Outpost", "dist_gl_km": null, "elevation": null, "year_established": 2001, "status": "active", "latest_pop": null, "latest_pop_year": null, "peak_pop": null, "peak_year": null, "cagr_pct": null, "decline_from_peak_pct": null, "trajectory": null, "latest_knesset": null, "right_bloc_share": null, "top_party": null, "turnout": null, "se_cluster": null, "se_rank": null, "built_up_dunams": null, "govt_decision_type": null, "govt_decision_date": null}}, {"type": "Feature", "geometry": {"type": "Point", "coordinates": [35.240127, 32.162677]}, "properties": {"settlement_id": 218, "name_en": "Shaked Farm", "name_he": "חוות שקד", "type": "Outpost", "regional_council": "Shomron", "urban_pattern": "Outpost", "dist_gl_km": null, "elevation": null, "year_established": 2002, "status": "active", "latest_pop": null, "latest_pop_year": null, "peak_pop": null, "peak_year": null, "cagr_pct": null, "decline_from_peak_pct": null, "trajectory": null, "latest_knesset": null, "right_bloc_share": null, "top_party": null, "turnout": null, "se_cluster": null, "se_rank": null, "built_up_dunams": null, "govt_decision_type": null, "govt_decision_date": null}}, {"type": "Feature", "geometry": {"type": "Point", "coordinates": [35.233486, 31.883295]}, "properties": {"settlement_id": 219, "name_en": "Kochav Ya'akov West", "name_he": "כוכב יעקב מערב", "type": "Outpost", "regional_council": "Binyamin", "urban_pattern": "Outpost", "dist_gl_km": null, "elevation": null, "year_established": 2002, "status": "active", "latest_pop": null, "latest_pop_year": null, "peak_pop": null, "peak_year": null, "cagr_pct": null, "decline_from_peak_pct": null, "trajectory": null, "latest_knesset": null, "right_bloc_share": null, "top_party": null, "turnout": null, "se_cluster": null, "se_rank": null, "built_up_dunams": null, "govt_decision_type": null, "govt_decision_date": null}}, {"type": "Feature", "geometry": {"type": "Point", "coordinates": [35.128296, 32.289348]}, "properties": {"settlement_id": 220, "name_en": "Karmei Doron", "name_he": "כרמי דורון", "type": "Outpost", "regional_council": "Shomron", "urban_pattern": "Outpost", "dist_gl_km": null, "elevation": null, "year_established": 2002, "status": "active", "latest_pop": null, "latest_pop_year": null, "peak_pop": null, "peak_year": null, "cagr_pct": null, "decline_from_peak_pct": null, "trajectory": null, "latest_knesset": null, "right_bloc_share": null, "top_party": null, "turnout": null, "se_cluster": null, "se_rank": null, "built_up_dunams": null, "govt_decision_type": null, "govt_decision_date": null}}, {"type": "Feature", "geometry": {"type": "Point", "coordinates": [35.257522, 31.648737]}, "properties": {"settlement_id": 221, "name_en": "Ma'ale Rehav'am", "name_he": "מעלה רחבעם", "type": "Outpost", "regional_council": "Gush Etzion", "urban_pattern": "Outpost", "dist_gl_km": null, "elevation": null, "year_established": 2002, "status": "active", "latest_pop": null, "latest_pop_year": null, "peak_pop": null, "peak_year": null, "cagr_pct": null, "decline_from_peak_pct": null, "trajectory": null, "latest_knesset": null, "right_bloc_share": null, "top_party": null, "turnout": null, "se_cluster": null, "se_rank": null, "built_up_dunams": null, "govt_decision_type": null, "govt_decision_date": null}}, {"type": "Feature", "geometry": {"type": "Point", "coordinates": [34.970185, 31.496257]}, "properties": {"settlement_id": 222, "name_en": "Mitzpe Lachish", "name_he": "מצפה לכיש - גבעת הבוסטר", "type": "Outpost", "regional_council": "Har Hebron", "urban_pattern": "Outpost", "dist_gl_km": null, "elevation": null, "year_established": 2002, "status": "active", "latest_pop": null, "latest_pop_year": null, "peak_pop": null, "peak_year": null, "cagr_pct": null, "decline_from_peak_pct": null, "trajectory": null, "latest_knesset": null, "right_bloc_share": null, "top_party": null, "turnout": null, "se_cluster": null, "se_rank": null, "built_up_dunams": null, "govt_decision_type": null, "govt_decision_date": null}}, {"type": "Feature", "geometry": {"type": "Point", "coordinates": [35.314288, 31.819604]}, "properties": {"settlement_id": 223, "name_en": "Granit Hill Alt. 468", "name_he": "גבעת גרניט נ.ג. 468", "type": "Outpost", "regional_council": "Binyamin", "urban_pattern": "Outpost", "dist_gl_km": null, "elevation": null, "year_established": 2002, "status": "active", "latest_pop": null, "latest_pop_year": null, "peak_pop": null, "peak_year": null, "cagr_pct": null, "decline_from_peak_pct": null, "trajectory": null, "latest_knesset": null, "right_bloc_share": null, "top_party": null, "turnout": null, "se_cluster": null, "se_rank": null, "built_up_dunams": 665.4, "govt_decision_type": null, "govt_decision_date": null}}, {"type": "Feature", "geometry": {"type": "Point", "coordinates": [35.042343, 31.373761]}, "properties": {"settlement_id": 224, "name_en": "Asa'el", "name_he": "עשהאל", "type": "Outpost", "regional_council": "Har Hebron", "urban_pattern": "Outpost", "dist_gl_km": null, "elevation": null, "year_established": 2002, "status": "active", "latest_pop": null, "latest_pop_year": null, "peak_pop": null, "peak_year": null, "cagr_pct": null, "decline_from_peak_pct": null, "trajectory": null, "latest_knesset": null, "right_bloc_share": null, "top_party": null, "turnout": null, "se_cluster": null, "se_rank": null, "built_up_dunams": null, "govt_decision_type": "outpost_legalization", "govt_decision_date": "2023-02-12"}}, {"type": "Feature", "geometry": {"type": "Point", "coordinates": [35.112789, 32.179405]}, "properties": {"settlement_id": 225, "name_en": "Ramat Gilad", "name_he": "רמת גלעד", "type": "Outpost", "regional_council": "Karnei Shomron", "urban_pattern": "Outpost", "dist_gl_km": null, "elevation": null, "year_established": 2002, "status": "active", "latest_pop": null, "latest_pop_year": null, "peak_pop": null, "peak_year": null, "cagr_pct": null, "decline_from_peak_pct": null, "trajectory": null, "latest_knesset": null, "right_bloc_share": null, "top_party": null, "turnout": null, "se_cluster": null, "se_rank": null, "built_up_dunams": null, "govt_decision_type": null, "govt_decision_date": null}}, {"type": "Feature", "geometry": {"type": "Point", "coordinates": [35.238074, 31.636487]}, "properties": {"settlement_id": 226, "name_en": "Tko'a D", "name_he": "תקוע ד", "type": "Outpost", "regional_council": "Gush Etzion", "urban_pattern": "Outpost", "dist_gl_km": null, "elevation": null, "year_established": 2002, "status": "active", "latest_pop": null, "latest_pop_year": null, "peak_pop": null, "peak_year": null, "cagr_pct": null, "decline_from_peak_pct": null, "trajectory": null, "latest_knesset": null, "right_bloc_share": null, "top_party": null, "turnout": null, "se_cluster": null, "se_rank": null, "built_up_dunams": null, "govt_decision_type": null, "govt_decision_date": null}}, {"type": "Feature", "geometry": {"type": "Point", "coordinates": [35.10361, 31.406605]}, "properties": {"settlement_id": 227, "name_en": "Ancient Susiya Synagogue", "name_he": "ביהכנ\"ס העתיק סוסיא", "type": "Outpost", "regional_council": "Har Hebron", "urban_pattern": "Outpost", "dist_gl_km": null, "elevation": null, "year_established": 2002, "status": "active", "latest_pop": null, "latest_pop_year": null, "peak_pop": null, "peak_year": null, "cagr_pct": null, "decline_from_peak_pct": null, "trajectory": null, "latest_knesset": null, "right_bloc_share": null, "top_party": null, "turnout": null, "se_cluster": null, "se_rank": null, "built_up_dunams": null, "govt_decision_type": null, "govt_decision_date": null}}, {"type": "Feature", "geometry": {"type": "Point", "coordinates": [35.092086, 31.6611]}, "properties": {"settlement_id": 228, "name_en": "Bat Ayin West", "name_he": "בת עין מערב", "type": "Outpost", "regional_council": "Gush Etzion", "urban_pattern": "Outpost", "dist_gl_km": null, "elevation": null, "year_established": 2002, "status": "active", "latest_pop": null, "latest_pop_year": null, "peak_pop": null, "peak_year": null, "cagr_pct": null, "decline_from_peak_pct": null, "trajectory": null, "latest_knesset": null, "right_bloc_share": null, "top_party": null, "turnout": null, "se_cluster": null, "se_rank": null, "built_up_dunams": null, "govt_decision_type": null, "govt_decision_date": null}}, {"type": "Feature", "geometry": {"type": "Point", "coordinates": [35.279588, 32.069676]}, "properties": {"settlement_id": 229, "name_en": "Hakaron", "name_he": "הקרון", "type": "Outpost", "regional_council": "Binyamin", "urban_pattern": "Outpost", "dist_gl_km": null, "elevation": null, "year_established": 2002, "status": "active", "latest_pop": null, "latest_pop_year": null, "peak_pop": null, "peak_year": null, "cagr_pct": null, "decline_from_peak_pct": null, "trajectory": null, "latest_knesset": null, "right_bloc_share": null, "top_party": null, "turnout": null, "se_cluster": null, "se_rank": null, "built_up_dunams": null, "govt_decision_type": null, "govt_decision_date": null}}, {"type": "Feature", "geometry": {"type": "Point", "coordinates": [35.261874, 32.054337]}, "properties": {"settlement_id": 230, "name_en": "Haroeh", "name_he": "הרואה", "type": "Outpost", "regional_council": "Binyamin", "urban_pattern": "Outpost", "dist_gl_km": null, "elevation": null, "year_established": 2002, "status": "active", "latest_pop": null, "latest_pop_year": null, "peak_pop": null, "peak_year": null, "cagr_pct": null, "decline_from_peak_pct": null, "trajectory": null, "latest_knesset": null, "right_bloc_share": null, "top_party": null, "turnout": null, "se_cluster": null, "se_rank": null, "built_up_dunams": null, "govt_decision_type": null, "govt_decision_date": null}}, {"type": "Feature", "geometry": {"type": "Point", "coordinates": [35.180199, 32.200076]}, "properties": {"settlement_id": 231, "name_en": "Gilad Farm", "name_he": "חוות גלעד", "type": "Outpost", "regional_council": "Shomron", "urban_pattern": "Outpost", "dist_gl_km": null, "elevation": null, "year_established": 2002, "status": "active", "latest_pop": null, "latest_pop_year": null, "peak_pop": null, "peak_year": null, "cagr_pct": null, "decline_from_peak_pct": null, "trajectory": null, "latest_knesset": null, "right_bloc_share": null, "top_party": null, "turnout": null, "se_cluster": null, "se_rank": null, "built_up_dunams": null, "govt_decision_type": null, "govt_decision_date": null}}, {"type": "Feature", "geometry": {"type": "Point", "coordinates": [35.125701, 31.523303]}, "properties": {"settlement_id": 232, "name_en": "Gal Outpost", "name_he": "מאחז גל", "type": "Outpost", "regional_council": "Har Hebron", "urban_pattern": "Outpost", "dist_gl_km": null, "elevation": null, "year_established": 2002, "status": "active", "latest_pop": null, "latest_pop_year": null, "peak_pop": null, "peak_year": null, "cagr_pct": null, "decline_from_peak_pct": null, "trajectory": null, "latest_knesset": null, "right_bloc_share": null, "top_party": null, "turnout": null, "se_cluster": null, "se_rank": null, "built_up_dunams": 847.3, "govt_decision_type": null, "govt_decision_date": null}}, {"type": "Feature", "geometry": {"type": "Point", "coordinates": [35.146809, 31.693627]}, "properties": {"settlement_id": 233, "name_en": "Sde Boaz", "name_he": "שדה בועז", "type": "Outpost", "regional_council": "Gush Etzion", "urban_pattern": "Outpost", "dist_gl_km": null, "elevation": null, "year_established": 2002, "status": "active", "latest_pop": null, "latest_pop_year": null, "peak_pop": null, "peak_year": null, "cagr_pct": null, "decline_from_peak_pct": null, "trajectory": null, "latest_knesset": null, "right_bloc_share": null, "top_party": null, "turnout": null, "se_cluster": null, "se_rank": null, "built_up_dunams": null, "govt_decision_type": "outpost_legalization", "govt_decision_date": "2023-02-12"}}, {"type": "Feature", "geometry": {"type": "Point", "coordinates": [35.248983, 32.156069]}, "properties": {"settlement_id": 234, "name_en": "Mizpe Yitzhar", "name_he": "מצפה יצהר", "type": "Outpost", "regional_council": "Shomron", "urban_pattern": "Outpost", "dist_gl_km": null, "elevation": null, "year_established": 2002, "status": "active", "latest_pop": null, "latest_pop_year": null, "peak_pop": null, "peak_year": null, "cagr_pct": null, "decline_from_peak_pct": null, "trajectory": null, "latest_knesset": null, "right_bloc_share": null, "top_party": null, "turnout": null, "se_cluster": null, "se_rank": null, "built_up_dunams": null, "govt_decision_type": null, "govt_decision_date": null}}, {"type": "Feature", "geometry": {"type": "Point", "coordinates": [35.247228, 31.911278]}, "properties": {"settlement_id": 235, "name_en": "Givat Assaf", "name_he": "גבעת אסף", "type": "Outpost", "regional_council": "Beit El", "urban_pattern": "Outpost", "dist_gl_km": null, "elevation": null, "year_established": 2002, "status": "active", "latest_pop": null, "latest_pop_year": null, "peak_pop": null, "peak_year": null, "cagr_pct": null, "decline_from_peak_pct": null, "trajectory": null, "latest_knesset": null, "right_bloc_share": null, "top_party": null, "turnout": null, "se_cluster": null, "se_rank": null, "built_up_dunams": null, "govt_decision_type": "outpost_legalization", "govt_decision_date": "2024-06-27"}}, {"type": "Feature", "geometry": {"type": "Point", "coordinates": [35.33894, 32.048277]}, "properties": {"settlement_id": 236, "name_en": "Kida", "name_he": "קידה", "type": "Outpost", "regional_council": "Binyamin", "urban_pattern": "Outpost", "dist_gl_km": null, "elevation": null, "year_established": 2003, "status": "active", "latest_pop": null, "latest_pop_year": null, "peak_pop": null, "peak_year": null, "cagr_pct": null, "decline_from_peak_pct": null, "trajectory": null, "latest_knesset": null, "right_bloc_share": null, "top_party": null, "turnout": null, "se_cluster": null, "se_rank": null, "built_up_dunams": null, "govt_decision_type": "outpost_legalization", "govt_decision_date": "2025-12-11"}}, {"type": "Feature", "geometry": {"type": "Point", "coordinates": [35.251408, 31.877467]}, "properties": {"settlement_id": 237, "name_en": "Kochav Ya'akov East", "name_he": "כוכב יעקב מזרח", "type": "Outpost", "regional_council": "Binyamin", "urban_pattern": "Outpost", "dist_gl_km": null, "elevation": null, "year_established": 2003, "status": "active", "latest_pop": null, "latest_pop_year": null, "peak_pop": null, "peak_year": null, "cagr_pct": null, "decline_from_peak_pct": null, "trajectory": null, "latest_knesset": null, "right_bloc_share": null, "top_party": null, "turnout": null, "se_cluster": null, "se_rank": null, "built_up_dunams": null, "govt_decision_type": null, "govt_decision_date": null}}, {"type": "Feature", "geometry": {"type": "Point", "coordinates": [35.25202, 31.940002]}, "properties": {"settlement_id": 238, "name_en": "Mishpatei Aretz Inst.", "name_he": "מכון משפטי ארץ", "type": "Outpost", "regional_council": "Binyamin", "urban_pattern": "Outpost", "dist_gl_km": null, "elevation": null, "year_established": 2004, "status": "active", "latest_pop": null, "latest_pop_year": null, "peak_pop": null, "peak_year": null, "cagr_pct": null, "decline_from_peak_pct": null, "trajectory": null, "latest_knesset": null, "right_bloc_share": null, "top_party": null, "turnout": null, "se_cluster": null, "se_rank": null, "built_up_dunams": null, "govt_decision_type": null, "govt_decision_date": null}}, {"type": "Feature", "geometry": {"type": "Point", "coordinates": [35.267496, 31.957865]}, "properties": {"settlement_id": 239, "name_en": "Ofra North East", "name_he": "עפרה צפון מזרח", "type": "Outpost", "regional_council": "Binyamin", "urban_pattern": "Outpost", "dist_gl_km": null, "elevation": null, "year_established": 2004, "status": "active", "latest_pop": null, "latest_pop_year": null, "peak_pop": null, "peak_year": null, "cagr_pct": null, "decline_from_peak_pct": null, "trajectory": null, "latest_knesset": null, "right_bloc_share": null, "top_party": null, "turnout": null, "se_cluster": null, "se_rank": null, "built_up_dunams": 713.5, "govt_decision_type": null, "govt_decision_date": null}}, {"type": "Feature", "geometry": {"type": "Point", "coordinates": [35.301353, 31.843877]}, "properties": {"settlement_id": 240, "name_en": "Bnei Adam", "name_he": "בני אדם", "type": "Outpost", "regional_council": "Binyamin", "urban_pattern": "Outpost", "dist_gl_km": null, "elevation": null, "year_established": 2004, "status": "active", "latest_pop": null, "latest_pop_year": null, "peak_pop": null, "peak_year": null, "cagr_pct": null, "decline_from_peak_pct": null, "trajectory": null, "latest_knesset": null, "right_bloc_share": null, "top_party": null, "turnout": null, "se_cluster": null, "se_rank": null, "built_up_dunams": null, "govt_decision_type": null, "govt_decision_date": null}}, {"type": "Feature", "geometry": {"type": "Point", "coordinates": [35.427913, 31.927241]}, "properties": {"settlement_id": 241, "name_en": "Omer Farm - Einot Kedem", "name_he": "חוות עומר - עינות קדם", "type": "Outpost", "regional_council": "Jordan Valley", "urban_pattern": "Outpost", "dist_gl_km": null, "elevation": null, "year_established": 2005, "status": "active", "latest_pop": null, "latest_pop_year": null, "peak_pop": null, "peak_year": null, "cagr_pct": null, "decline_from_peak_pct": null, "trajectory": null, "latest_knesset": null, "right_bloc_share": null, "top_party": null, "turnout": null, "se_cluster": null, "se_rank": null, "built_up_dunams": null, "govt_decision_type": null, "govt_decision_date": null}}, {"type": "Feature", "geometry": {"type": "Point", "coordinates": [35.344146, 31.967354]}, "properties": {"settlement_id": 242, "name_en": "Maoz Ester", "name_he": "מעוז אסתר", "type": "Outpost", "regional_council": "Binyamin", "urban_pattern": "Outpost", "dist_gl_km": null, "elevation": null, "year_established": 2008, "status": "active", "latest_pop": null, "latest_pop_year": null, "peak_pop": null, "peak_year": null, "cagr_pct": null, "decline_from_peak_pct": null, "trajectory": null, "latest_knesset": null, "right_bloc_share": null, "top_party": null, "turnout": null, "se_cluster": null, "se_rank": null, "built_up_dunams": null, "govt_decision_type": null, "govt_decision_date": null}}, {"type": "Feature", "geometry": {"type": "Point", "coordinates": [35.342321, 32.165843]}, "properties": {"settlement_id": 243, "name_en": "Or HaOrot Hill 825", "name_he": "אור האורות גבעה 825", "type": "Outpost", "regional_council": "Shomron", "urban_pattern": "Outpost", "dist_gl_km": null, "elevation": null, "year_established": 2008, "status": "active", "latest_pop": null, "latest_pop_year": null, "peak_pop": null, "peak_year": null, "cagr_pct": null, "decline_from_peak_pct": null, "trajectory": null, "latest_knesset": null, "right_bloc_share": null, "top_party": null, "turnout": null, "se_cluster": null, "se_rank": null, "built_up_dunams": null, "govt_decision_type": null, "govt_decision_date": null}}, {"type": "Feature", "geometry": {"type": "Point", "coordinates": [35.355708, 31.820129]}, "properties": {"settlement_id": 244, "name_en": "Eretz Hamirdafim", "name_he": "ח'אן ארץ המרדפים", "type": "Outpost", "regional_council": "Binyamin", "urban_pattern": "Outpost", "dist_gl_km": null, "elevation": null, "year_established": 2012, "status": "active", "latest_pop": null, "latest_pop_year": null, "peak_pop": null, "peak_year": null, "cagr_pct": null, "decline_from_peak_pct": null, "trajectory": null, "latest_knesset": null, "right_bloc_share": null, "top_party": null, "turnout": null, "se_cluster": null, "se_rank": null, "built_up_dunams": null, "govt_decision_type": null, "govt_decision_date": null}}, {"type": "Feature", "geometry": {"type": "Point", "coordinates": [35.101451, 31.675193]}, "properties": {"settlement_id": 245, "name_en": "Kashuela Farm", "name_he": "חוות קשואלה", "type": "Outpost", "regional_council": "Gush Etzion", "urban_pattern": "Farm Outpost", "dist_gl_km": null, "elevation": null, "year_established": 2012, "status": "active", "latest_pop": null, "latest_pop_year": null, "peak_pop": null, "peak_year": null, "cagr_pct": null, "decline_from_peak_pct": null, "trajectory": null, "latest_knesset": null, "right_bloc_share": null, "top_party": null, "turnout": null, "se_cluster": null, "se_rank": null, "built_up_dunams": null, "govt_decision_type": null, "govt_decision_date": null}}, {"type": "Feature", "geometry": {"type": "Point", "coordinates": [35.348488, 32.225657]}, "properties": {"settlement_id": 246, "name_en": "Nahalat Yossef", "name_he": "נחלת יוסף", "type": "Outpost", "regional_council": "Shomron", "urban_pattern": "Outpost", "dist_gl_km": null, "elevation": null, "year_established": 2012, "status": "active", "latest_pop": null, "latest_pop_year": null, "peak_pop": null, "peak_year": null, "cagr_pct": null, "decline_from_peak_pct": null, "trajectory": null, "latest_knesset": null, "right_bloc_share": null, "top_party": null, "turnout": null, "se_cluster": null, "se_rank": null, "built_up_dunams": null, "govt_decision_type": null, "govt_decision_date": null}}, {"type": "Feature", "geometry": {"type": "Point", "coordinates": [35.012652, 32.202688]}, "properties": {"settlement_id": 247, "name_en": "Zufim North", "name_he": "צופים צפון", "type": "Outpost", "regional_council": "Shomron", "urban_pattern": "Outpost", "dist_gl_km": null, "elevation": null, "year_established": 2012, "status": "active", "latest_pop": null, "latest_pop_year": null, "peak_pop": null, "peak_year": null, "cagr_pct": null, "decline_from_peak_pct": null, "trajectory": null, "latest_knesset": null, "right_bloc_share": null, "top_party": null, "turnout": null, "se_cluster": null, "se_rank": null, "built_up_dunams": null, "govt_decision_type": null, "govt_decision_date": null}}, {"type": "Feature", "geometry": {"type": "Point", "coordinates": [35.515614, 32.336535]}, "properties": {"settlement_id": 248, "name_en": "Tene Yarok Farm", "name_he": "חוות טנא ירוק דידי עמוסי", "type": "Outpost", "regional_council": "Jordan Valley", "urban_pattern": "Farm Outpost", "dist_gl_km": null, "elevation": null, "year_established": 2012, "status": "active", "latest_pop": null, "latest_pop_year": null, "peak_pop": null, "peak_year": null, "cagr_pct": null, "decline_from_peak_pct": null, "trajectory": null, "latest_knesset": null, "right_bloc_share": null, "top_party": null, "turnout": null, "se_cluster": null, "se_rank": null, "built_up_dunams": null, "govt_decision_type": null, "govt_decision_date": null}}, {"type": "Feature", "geometry": {"type": "Point", "coordinates": [35.373459, 32.144388]}, "properties": {"settlement_id": 249, "name_en": "Itamar 573", "name_he": "איתמר 573", "type": "Outpost", "regional_council": "Shomron", "urban_pattern": "Farm Outpost", "dist_gl_km": null, "elevation": null, "year_established": 2013, "status": "active", "latest_pop": null, "latest_pop_year": null, "peak_pop": null, "peak_year": null, "cagr_pct": null, "decline_from_peak_pct": null, "trajectory": null, "latest_knesset": null, "right_bloc_share": null, "top_party": null, "turnout": null, "se_cluster": null, "se_rank": null, "built_up_dunams": null, "govt_decision_type": null, "govt_decision_date": null}}, {"type": "Feature", "geometry": {"type": "Point", "coordinates": [35.215873, 31.599757]}, "properties": {"settlement_id": 250, "name_en": "Arugot Farm", "name_he": "חוות ערוגות - מעלה עמוס מערב", "type": "Outpost", "regional_council": "Gush Etzion", "urban_pattern": "Outpost", "dist_gl_km": null, "elevation": null, "year_established": 2013, "status": "active", "latest_pop": null, "latest_pop_year": null, "peak_pop": null, "peak_year": null, "cagr_pct": null, "decline_from_peak_pct": null, "trajectory": null, "latest_knesset": null, "right_bloc_share": null, "top_party": null, "turnout": null, "se_cluster": null, "se_rank": null, "built_up_dunams": null, "govt_decision_type": null, "govt_decision_date": null}}, {"type": "Feature", "geometry": {"type": "Point", "coordinates": [35.139071, 31.384419]}, "properties": {"settlement_id": 251, "name_en": "Mitzpe Yair Farm", "name_he": "שפת המדבר - חוות מצפה יאיר (נתי שבו)", "type": "Outpost", "regional_council": "Har Hebron", "urban_pattern": "Farm Outpost", "dist_gl_km": null, "elevation": null, "year_established": 2013, "status": "active", "latest_pop": null, "latest_pop_year": null, "peak_pop": null, "peak_year": null, "cagr_pct": null, "decline_from_peak_pct": null, "trajectory": null, "latest_knesset": null, "right_bloc_share": null, "top_party": null, "turnout": null, "se_cluster": null, "se_rank": null, "built_up_dunams": null, "govt_decision_type": null, "govt_decision_date": null}}, {"type": "Feature", "geometry": {"type": "Point", "coordinates": [35.33318, 32.224975]}, "properties": {"settlement_id": 252, "name_en": "Hashkedim Farm", "name_he": "חוות השקדים אלון מורה", "type": "Outpost", "regional_council": "Shomron", "urban_pattern": "Farm Outpost", "dist_gl_km": null, "elevation": null, "year_established": 2014, "status": "active", "latest_pop": null, "latest_pop_year": null, "peak_pop": null, "peak_year": null, "cagr_pct": null, "decline_from_peak_pct": null, "trajectory": null, "latest_knesset": null, "right_bloc_share": null, "top_party": null, "turnout": null, "se_cluster": null, "se_rank": null, "built_up_dunams": 583.8, "govt_decision_type": null, "govt_decision_date": null}}, {"type": "Feature", "geometry": {"type": "Point", "coordinates": [35.236804, 32.157813]}, "properties": {"settlement_id": 253, "name_en": "Kumi Uri", "name_he": "קומי אורי", "type": "Outpost", "regional_council": null, "urban_pattern": "Outpost", "dist_gl_km": null, "elevation": null, "year_established": 2014, "status": "active", "latest_pop": null, "latest_pop_year": null, "peak_pop": null, "peak_year": null, "cagr_pct": null, "decline_from_peak_pct": null, "trajectory": null, "latest_knesset": null, "right_bloc_share": null, "top_party": null, "turnout": null, "se_cluster": null, "se_rank": null, "built_up_dunams": null, "govt_decision_type": null, "govt_decision_date": null}}, {"type": "Feature", "geometry": {"type": "Point", "coordinates": [35.13356, 31.641507]}, "properties": {"settlement_id": 254, "name_en": "Oz Vegaon", "name_he": "עוז וגאון", "type": "Outpost", "regional_council": "Gush Etzion", "urban_pattern": "Outpost", "dist_gl_km": null, "elevation": null, "year_established": 2014, "status": "active", "latest_pop": null, "latest_pop_year": null, "peak_pop": null, "peak_year": null, "cagr_pct": null, "decline_from_peak_pct": null, "trajectory": null, "latest_knesset": null, "right_bloc_share": null, "top_party": null, "turnout": null, "se_cluster": null, "se_rank": null, "built_up_dunams": null, "govt_decision_type": null, "govt_decision_date": null}}, {"type": "Feature", "geometry": {"type": "Point", "coordinates": [35.301578, 31.746074]}, "properties": {"settlement_id": 255, "name_en": "keidar South", "name_he": "קדר דרום - קדר הישנה", "type": "Outpost", "regional_council": "Gush Etzion", "urban_pattern": "Outpost", "dist_gl_km": null, "elevation": null, "year_established": 2014, "status": "active", "latest_pop": null, "latest_pop_year": null, "peak_pop": null, "peak_year": null, "cagr_pct": null, "decline_from_peak_pct": null, "trajectory": null, "latest_knesset": null, "right_bloc_share": null, "top_party": null, "turnout": null, "se_cluster": null, "se_rank": null, "built_up_dunams": 272.9, "govt_decision_type": null, "govt_decision_date": null}}, {"type": "Feature", "geometry": {"type": "Point", "coordinates": [35.363438, 32.023651]}, "properties": {"settlement_id": 256, "name_en": "Malachei HaShalom", "name_he": "מלאכי השלום", "type": "Outpost", "regional_council": "Binyamin", "urban_pattern": "Farm Outpost", "dist_gl_km": null, "elevation": null, "year_established": 2015, "status": "active", "latest_pop": null, "latest_pop_year": null, "peak_pop": null, "peak_year": null, "cagr_pct": null, "decline_from_peak_pct": null, "trajectory": null, "latest_knesset": null, "right_bloc_share": null, "top_party": null, "turnout": null, "se_cluster": null, "se_rank": null, "built_up_dunams": null, "govt_decision_type": "outpost_legalization", "govt_decision_date": "2023-02-12"}}, {"type": "Feature", "geometry": {"type": "Point", "coordinates": [35.503758, 32.36455]}, "properties": {"settlement_id": 257, "name_en": "Mehula West - Neve Roim", "name_he": "שירת העשבים - נווה רועים", "type": "Outpost", "regional_council": "Jordan Valley", "urban_pattern": "Farm Outpost", "dist_gl_km": null, "elevation": null, "year_established": 2016, "status": "active", "latest_pop": null, "latest_pop_year": null, "peak_pop": null, "peak_year": null, "cagr_pct": null, "decline_from_peak_pct": null, "trajectory": null, "latest_knesset": null, "right_bloc_share": null, "top_party": null, "turnout": null, "se_cluster": null, "se_rank": null, "built_up_dunams": null, "govt_decision_type": null, "govt_decision_date": null}}, {"type": "Feature", "geometry": {"type": "Point", "coordinates": [35.51909, 32.289011]}, "properties": {"settlement_id": 258, "name_en": "Nof Gilad Farm - Um Zuka", "name_he": "אום זוקא, חוות נוף גלעד", "type": "Outpost", "regional_council": "Jordan Valley", "urban_pattern": "Farm Outpost", "dist_gl_km": null, "elevation": null, "year_established": 2016, "status": "active", "latest_pop": null, "latest_pop_year": null, "peak_pop": null, "peak_year": null, "cagr_pct": null, "decline_from_peak_pct": null, "trajectory": null, "latest_knesset": null, "right_bloc_share": null, "top_party": null, "turnout": null, "se_cluster": null, "se_rank": null, "built_up_dunams": null, "govt_decision_type": null, "govt_decision_date": null}}, {"type": "Feature", "geometry": {"type": "Point", "coordinates": [35.244525, 32.166206]}, "properties": {"settlement_id": 259, "name_en": "Meged Shami'm", "name_he": "מגד שמים", "type": "Outpost", "regional_council": "Shomron", "urban_pattern": "Outpost", "dist_gl_km": null, "elevation": null, "year_established": 2016, "status": "active", "latest_pop": null, "latest_pop_year": null, "peak_pop": null, "peak_year": null, "cagr_pct": null, "decline_from_peak_pct": null, "trajectory": null, "latest_knesset": null, "right_bloc_share": null, "top_party": null, "turnout": null, "se_cluster": null, "se_rank": null, "built_up_dunams": 356.5, "govt_decision_type": null, "govt_decision_date": null}}, {"type": "Feature", "geometry": {"type": "Point", "coordinates": [35.498923, 31.806608]}, "properties": {"settlement_id": 260, "name_en": "Kedem Arava", "name_he": "קדם ערבה", "type": "Outpost", "regional_council": "Megilot", "urban_pattern": "Outpost", "dist_gl_km": null, "elevation": null, "year_established": 2017, "status": "active", "latest_pop": null, "latest_pop_year": null, "peak_pop": null, "peak_year": null, "cagr_pct": null, "decline_from_peak_pct": null, "trajectory": null, "latest_knesset": null, "right_bloc_share": null, "top_party": null, "turnout": null, "se_cluster": null, "se_rank": null, "built_up_dunams": null, "govt_decision_type": "outpost_legalization", "govt_decision_date": "2025-05-18"}}, {"type": "Feature", "geometry": {"type": "Point", "coordinates": [34.966772, 31.368181]}, "properties": {"settlement_id": 261, "name_en": "Shabtay's Farm", "name_he": "החווה של שבתאי, חוות אברהם", "type": "Outpost", "regional_council": "Har Hebron", "urban_pattern": "Farm Outpost", "dist_gl_km": null, "elevation": null, "year_established": 2017, "status": "active", "latest_pop": null, "latest_pop_year": null, "peak_pop": null, "peak_year": null, "cagr_pct": null, "decline_from_peak_pct": null, "trajectory": null, "latest_knesset": null, "right_bloc_share": null, "top_party": null, "turnout": null, "se_cluster": null, "se_rank": null, "built_up_dunams": null, "govt_decision_type": null, "govt_decision_date": null}}, {"type": "Feature", "geometry": {"type": "Point", "coordinates": [35.130973, 32.008805]}, "properties": {"settlement_id": 262, "name_en": "Neve Achi", "name_he": "נווה אח\"י", "type": "Outpost", "regional_council": "Binyamin", "urban_pattern": "Outpost", "dist_gl_km": null, "elevation": null, "year_established": 2017, "status": "active", "latest_pop": null, "latest_pop_year": null, "peak_pop": null, "peak_year": null, "cagr_pct": null, "decline_from_peak_pct": null, "trajectory": null, "latest_knesset": null, "right_bloc_share": null, "top_party": null, "turnout": null, "se_cluster": null, "se_rank": null, "built_up_dunams": null, "govt_decision_type": null, "govt_decision_date": null}}, {"type": "Feature", "geometry": {"type": "Point", "coordinates": [35.192455, 32.30769]}, "properties": {"settlement_id": 263, "name_en": "Homesh", "name_he": "חומש", "type": "Outpost", "regional_council": "Shomron", "urban_pattern": "Outpost", "dist_gl_km": null, "elevation": null, "year_established": 2017, "status": "active", "latest_pop": null, "latest_pop_year": null, "peak_pop": null, "peak_year": null, "cagr_pct": null, "decline_from_peak_pct": null, "trajectory": null, "latest_knesset": null, "right_bloc_share": null, "top_party": null, "turnout": null, "se_cluster": null, "se_rank": null, "built_up_dunams": null, "govt_decision_type": "outpost_legalization", "govt_decision_date": "2025-05-18"}}, {"type": "Feature", "geometry": {"type": "Point", "coordinates": [35.50823, 32.317917]}, "properties": {"settlement_id": 264, "name_en": "Bentayim Farm", "name_he": "חוות בינתיים", "type": "Outpost", "regional_council": "Jordan Valley", "urban_pattern": "Farm Outpost", "dist_gl_km": null, "elevation": null, "year_established": 2018, "status": "active", "latest_pop": null, "latest_pop_year": null, "peak_pop": null, "peak_year": null, "cagr_pct": null, "decline_from_peak_pct": null, "trajectory": null, "latest_knesset": null, "right_bloc_share": null, "top_party": null, "turnout": null, "se_cluster": null, "se_rank": null, "built_up_dunams": null, "govt_decision_type": null, "govt_decision_date": null}}, {"type": "Feature", "geometry": {"type": "Point", "coordinates": [35.181981, 32.190618]}, "properties": {"settlement_id": 265, "name_en": "Yetedot Farm", "name_he": "חוות יתדות - חוות גלעד דרום", "type": "Outpost", "regional_council": "Shomron", "urban_pattern": "Farm Outpost", "dist_gl_km": null, "elevation": null, "year_established": 2018, "status": "active", "latest_pop": null, "latest_pop_year": null, "peak_pop": null, "peak_year": null, "cagr_pct": null, "decline_from_peak_pct": null, "trajectory": null, "latest_knesset": null, "right_bloc_share": null, "top_party": null, "turnout": null, "se_cluster": null, "se_rank": null, "built_up_dunams": null, "govt_decision_type": null, "govt_decision_date": null}}, {"type": "Feature", "geometry": {"type": "Point", "coordinates": [34.972828, 31.491369]}, "properties": {"settlement_id": 266, "name_en": "Negohot Farm", "name_he": "חוות נגוהות", "type": "Outpost", "regional_council": "Har Hebron", "urban_pattern": "Farm Outpost", "dist_gl_km": null, "elevation": null, "year_established": 2018, "status": "active", "latest_pop": null, "latest_pop_year": null, "peak_pop": null, "peak_year": null, "cagr_pct": null, "decline_from_peak_pct": null, "trajectory": null, "latest_knesset": null, "right_bloc_share": null, "top_party": null, "turnout": null, "se_cluster": null, "se_rank": null, "built_up_dunams": null, "govt_decision_type": null, "govt_decision_date": null}}, {"type": "Feature", "geometry": {"type": "Point", "coordinates": [35.36764, 31.951322]}, "properties": {"settlement_id": 267, "name_en": "Aeira Shachar", "name_he": "אעירה שחר (הבאלדים)", "type": "Outpost", "regional_council": "Binyamin", "urban_pattern": "Outpost", "dist_gl_km": null, "elevation": null, "year_established": 2018, "status": "active", "latest_pop": null, "latest_pop_year": null, "peak_pop": null, "peak_year": null, "cagr_pct": null, "decline_from_peak_pct": null, "trajectory": null, "latest_knesset": null, "right_bloc_share": null, "top_party": null, "turnout": null, "se_cluster": null, "se_rank": null, "built_up_dunams": null, "govt_decision_type": null, "govt_decision_date": null}}, {"type": "Feature", "geometry": {"type": "Point", "coordinates": [35.164042, 31.478528]}, "properties": {"settlement_id": 268, "name_en": "Midbar Hever Farm", "name_he": "חוות מדבר חבר (חוות יוסף אור פני חבר)", "type": "Outpost", "regional_council": "Har Hebron", "urban_pattern": "Farm Outpost", "dist_gl_km": null, "elevation": null, "year_established": 2018, "status": "active", "latest_pop": null, "latest_pop_year": null, "peak_pop": null, "peak_year": null, "cagr_pct": null, "decline_from_peak_pct": null, "trajectory": null, "latest_knesset": null, "right_bloc_share": null, "top_party": null, "turnout": null, "se_cluster": null, "se_rank": null, "built_up_dunams": null, "govt_decision_type": null, "govt_decision_date": null}}, {"type": "Feature", "geometry": {"type": "Point", "coordinates": [35.091403, 31.93946]}, "properties": {"settlement_id": 269, "name_en": "Sde Efraim", "name_he": "חוות ראס כרכר (שדה אפרים)", "type": "Outpost", "regional_council": "Binyamin", "urban_pattern": "Farm Outpost", "dist_gl_km": null, "elevation": null, "year_established": 2018, "status": "active", "latest_pop": null, "latest_pop_year": null, "peak_pop": null, "peak_year": null, "cagr_pct": null, "decline_from_peak_pct": null, "trajectory": null, "latest_knesset": null, "right_bloc_share": null, "top_party": null, "turnout": null, "se_cluster": null, "se_rank": null, "built_up_dunams": null, "govt_decision_type": null, "govt_decision_date": null}}, {"type": "Feature", "geometry": {"type": "Point", "coordinates": [35.486226, 32.122814]}, "properties": {"settlement_id": 270, "name_en": "Gadi Base", "name_he": "מחנה גדי", "type": "Outpost", "regional_council": "Jordan Valley", "urban_pattern": "Outpost", "dist_gl_km": null, "elevation": null, "year_established": 2018, "status": "active", "latest_pop": null, "latest_pop_year": null, "peak_pop": null, "peak_year": null, "cagr_pct": null, "decline_from_peak_pct": null, "trajectory": null, "latest_knesset": null, "right_bloc_share": null, "top_party": null, "turnout": null, "se_cluster": null, "se_rank": null, "built_up_dunams": null, "govt_decision_type": "outpost_legalization", "govt_decision_date": "2025-05-18"}}, {"type": "Feature", "geometry": {"type": "Point", "coordinates": [35.345302, 32.051717]}, "properties": {"settlement_id": 271, "name_en": "Kida East", "name_he": "קידה מזרח - כחלית", "type": "Outpost", "regional_council": "Binyamin", "urban_pattern": "Farm Outpost", "dist_gl_km": null, "elevation": null, "year_established": 2018, "status": "active", "latest_pop": null, "latest_pop_year": null, "peak_pop": null, "peak_year": null, "cagr_pct": null, "decline_from_peak_pct": null, "trajectory": null, "latest_knesset": null, "right_bloc_share": null, "top_party": null, "turnout": null, "se_cluster": null, "se_rank": null, "built_up_dunams": null, "govt_decision_type": null, "govt_decision_date": null}}, {"type": "Feature", "geometry": {"type": "Point", "coordinates": [35.323079, 32.046158]}, "properties": {"settlement_id": 272, "name_en": "Geulat Zion", "name_he": "גאולת ציון", "type": "Outpost", "regional_council": "Binyamin", "urban_pattern": "Outpost", "dist_gl_km": null, "elevation": null, "year_established": 2018, "status": "active", "latest_pop": null, "latest_pop_year": null, "peak_pop": null, "peak_year": null, "cagr_pct": null, "decline_from_peak_pct": null, "trajectory": null, "latest_knesset": null, "right_bloc_share": null, "top_party": null, "turnout": null, "se_cluster": null, "se_rank": null, "built_up_dunams": null, "govt_decision_type": null, "govt_decision_date": null}}, {"type": "Feature", "geometry": {"type": "Point", "coordinates": [35.042662, 31.484008]}, "properties": {"settlement_id": 273, "name_en": "Adorayim", "name_he": "אדוריים", "type": "Outpost", "regional_council": "Har Hebron", "urban_pattern": "Outpost", "dist_gl_km": null, "elevation": null, "year_established": 2019, "status": "active", "latest_pop": null, "latest_pop_year": null, "peak_pop": null, "peak_year": null, "cagr_pct": null, "decline_from_peak_pct": null, "trajectory": null, "latest_knesset": null, "right_bloc_share": null, "top_party": null, "turnout": null, "se_cluster": null, "se_rank": null, "built_up_dunams": null, "govt_decision_type": "outpost_legalization", "govt_decision_date": "2024-06-27"}}, {"type": "Feature", "geometry": {"type": "Point", "coordinates": [34.986705, 31.836244]}, "properties": {"settlement_id": 274, "name_en": "Adis Elem Farm", "name_he": "חוות אדיס אלם", "type": "Outpost", "regional_council": "Binyamin", "urban_pattern": "Farm Outpost", "dist_gl_km": null, "elevation": null, "year_established": 2019, "status": "active", "latest_pop": null, "latest_pop_year": null, "peak_pop": null, "peak_year": null, "cagr_pct": null, "decline_from_peak_pct": null, "trajectory": null, "latest_knesset": null, "right_bloc_share": null, "top_party": null, "turnout": null, "se_cluster": null, "se_rank": null, "built_up_dunams": null, "govt_decision_type": null, "govt_decision_date": null}}, {"type": "Feature", "geometry": {"type": "Point", "coordinates": [35.137577, 31.971451]}, "properties": {"settlement_id": 275, "name_en": "Eretz Hatzvi Farm - Nachliel", "name_he": "חוות ארץ הצבי - נחליאל", "type": "Outpost", "regional_council": "Binyamin", "urban_pattern": "Farm Outpost", "dist_gl_km": null, "elevation": null, "year_established": 2019, "status": "active", "latest_pop": null, "latest_pop_year": null, "peak_pop": null, "peak_year": null, "cagr_pct": null, "decline_from_peak_pct": null, "trajectory": null, "latest_knesset": null, "right_bloc_share": null, "top_party": null, "turnout": null, "se_cluster": null, "se_rank": null, "built_up_dunams": null, "govt_decision_type": null, "govt_decision_date": null}}, {"type": "Feature", "geometry": {"type": "Point", "coordinates": [35.065373, 32.292534]}, "properties": {"settlement_id": 276, "name_en": "Meged Haaretz Farm", "name_he": "חוות מגד הארץ אבני חפץ", "type": "Outpost", "regional_council": "Shomron", "urban_pattern": "Farm Outpost", "dist_gl_km": null, "elevation": null, "year_established": 2019, "status": "active", "latest_pop": null, "latest_pop_year": null, "peak_pop": null, "peak_year": null, "cagr_pct": null, "decline_from_peak_pct": null, "trajectory": null, "latest_knesset": null, "right_bloc_share": null, "top_party": null, "turnout": null, "se_cluster": null, "se_rank": null, "built_up_dunams": null, "govt_decision_type": null, "govt_decision_date": null}}, {"type": "Feature", "geometry": {"type": "Point", "coordinates": [35.36809, 31.950281]}, "properties": {"settlement_id": 277, "name_en": "Mitzpe Kramim East", "name_he": "מצפה כרמים מזרח", "type": "Outpost", "regional_council": "Binyamin", "urban_pattern": "Farm Outpost", "dist_gl_km": null, "elevation": null, "year_established": 2019, "status": "active", "latest_pop": null, "latest_pop_year": null, "peak_pop": null, "peak_year": null, "cagr_pct": null, "decline_from_peak_pct": null, "trajectory": null, "latest_knesset": null, "right_bloc_share": null, "top_party": null, "turnout": null, "se_cluster": null, "se_rank": null, "built_up_dunams": null, "govt_decision_type": null, "govt_decision_date": null}}, {"type": "Feature", "geometry": {"type": "Point", "coordinates": [35.246269, 31.632811]}, "properties": {"settlement_id": 278, "name_en": "Tkoa E", "name_he": "תקוע ה - חוות ספר המדבר", "type": "Outpost", "regional_council": "Gush Etzion", "urban_pattern": "Farm Outpost", "dist_gl_km": null, "elevation": null, "year_established": 2019, "status": "active", "latest_pop": null, "latest_pop_year": null, "peak_pop": null, "peak_year": null, "cagr_pct": null, "decline_from_peak_pct": null, "trajectory": null, "latest_knesset": null, "right_bloc_share": null, "top_party": null, "turnout": null, "se_cluster": null, "se_rank": null, "built_up_dunams": null, "govt_decision_type": null, "govt_decision_date": null}}, {"type": "Feature", "geometry": {"type": "Point", "coordinates": [35.112117, 32.43749]}, "properties": {"settlement_id": 279, "name_en": "El Nave Farm", "name_he": "חוות אל נווה", "type": "Outpost", "regional_council": "Shomron", "urban_pattern": "Farm Outpost", "dist_gl_km": null, "elevation": null, "year_established": 2019, "status": "active", "latest_pop": null, "latest_pop_year": null, "peak_pop": null, "peak_year": null, "cagr_pct": null, "decline_from_peak_pct": null, "trajectory": null, "latest_knesset": null, "right_bloc_share": null, "top_party": null, "turnout": null, "se_cluster": null, "se_rank": null, "built_up_dunams": null, "govt_decision_type": null, "govt_decision_date": null}}, {"type": "Feature", "geometry": {"type": "Point", "coordinates": [35.387035, 31.824016]}, "properties": {"settlement_id": 280, "name_en": "Mitzpe Hatora (Lechathila Farm)", "name_he": "מצפה התורה (חוות לכתחילה)", "type": "Outpost", "regional_council": "Binyamin", "urban_pattern": "Farm Outpost", "dist_gl_km": null, "elevation": null, "year_established": 2019, "status": "active", "latest_pop": null, "latest_pop_year": null, "peak_pop": null, "peak_year": null, "cagr_pct": null, "decline_from_peak_pct": null, "trajectory": null, "latest_knesset": null, "right_bloc_share": null, "top_party": null, "turnout": null, "se_cluster": null, "se_rank": null, "built_up_dunams": null, "govt_decision_type": null, "govt_decision_date": null}}, {"type": "Feature", "geometry": {"type": "Point", "coordinates": [35.342023, 31.945755]}, "properties": {"settlement_id": 281, "name_en": "Rimonim North - Kol Dodi", "name_he": "רימונים צפון - קול דודי", "type": "Outpost", "regional_council": "Binyamin", "urban_pattern": "Farm Outpost", "dist_gl_km": null, "elevation": null, "year_established": 2019, "status": "active", "latest_pop": null, "latest_pop_year": null, "peak_pop": null, "peak_year": null, "cagr_pct": null, "decline_from_peak_pct": null, "trajectory": null, "latest_knesset": null, "right_bloc_share": null, "top_party": null, "turnout": null, "se_cluster": null, "se_rank": null, "built_up_dunams": null, "govt_decision_type": null, "govt_decision_date": null}}, {"type": "Feature", "geometry": {"type": "Point", "coordinates": [35.318004, 31.805516]}, "properties": {"settlement_id": 282, "name_en": "Nofei Prat South B 324 (HaAlmot Farm)", "name_he": "נופי פרת דרום גבעה 324 (חוות העלמות)", "type": "Outpost", "regional_council": "Binyamin", "urban_pattern": "Farm Outpost", "dist_gl_km": null, "elevation": null, "year_established": 2019, "status": "active", "latest_pop": null, "latest_pop_year": null, "peak_pop": null, "peak_year": null, "cagr_pct": null, "decline_from_peak_pct": null, "trajectory": null, "latest_knesset": null, "right_bloc_share": null, "top_party": null, "turnout": null, "se_cluster": null, "se_rank": null, "built_up_dunams": null, "govt_decision_type": null, "govt_decision_date": null}}, {"type": "Feature", "geometry": {"type": "Point", "coordinates": [35.122596, 31.390265]}, "properties": {"settlement_id": 283, "name_en": "Susiya East", "name_he": "סוסיא מזרח (גבעת חנן)", "type": "Outpost", "regional_council": "Har Hebron", "urban_pattern": "Farm Outpost", "dist_gl_km": null, "elevation": null, "year_established": 2019, "status": "active", "latest_pop": null, "latest_pop_year": null, "peak_pop": null, "peak_year": null, "cagr_pct": null, "decline_from_peak_pct": null, "trajectory": null, "latest_knesset": null, "right_bloc_share": null, "top_party": null, "turnout": null, "se_cluster": null, "se_rank": null, "built_up_dunams": null, "govt_decision_type": null, "govt_decision_date": null}}, {"type": "Feature", "geometry": {"type": "Point", "coordinates": [35.49063, 32.305111]}, "properties": {"settlement_id": 284, "name_en": "Maskiyot South", "name_he": "משכיות דרום חוות ארץ שמש", "type": "Outpost", "regional_council": "Jordan Valley", "urban_pattern": "Farm Outpost", "dist_gl_km": null, "elevation": null, "year_established": 2019, "status": "active", "latest_pop": null, "latest_pop_year": null, "peak_pop": null, "peak_year": null, "cagr_pct": null, "decline_from_peak_pct": null, "trajectory": null, "latest_knesset": null, "right_bloc_share": null, "top_party": null, "turnout": null, "se_cluster": null, "se_rank": null, "built_up_dunams": null, "govt_decision_type": null, "govt_decision_date": null}}, {"type": "Feature", "geometry": {"type": "Point", "coordinates": [35.164046, 31.711615]}, "properties": {"settlement_id": 285, "name_en": "Shuv-Ya Megenzi Farm", "name_he": "נילי מערב - חוות שוב-יה מגנזי", "type": "Outpost", "regional_council": "Binyamin", "urban_pattern": "Farm Outpost", "dist_gl_km": null, "elevation": null, "year_established": 2019, "status": "active", "latest_pop": null, "latest_pop_year": null, "peak_pop": null, "peak_year": null, "cagr_pct": null, "decline_from_peak_pct": null, "trajectory": null, "latest_knesset": null, "right_bloc_share": null, "top_party": null, "turnout": null, "se_cluster": null, "se_rank": null, "built_up_dunams": null, "govt_decision_type": null, "govt_decision_date": null}}, {"type": "Feature", "geometry": {"type": "Point", "coordinates": [35.334906, 31.925048]}, "properties": {"settlement_id": 286, "name_en": "Rimonim - Neriya's Farm", "name_he": "חוות רימונים של נריה בן פזי", "type": "Outpost", "regional_council": "Binyamin", "urban_pattern": "Farm Outpost", "dist_gl_km": null, "elevation": null, "year_established": 2019, "status": "active", "latest_pop": null, "latest_pop_year": null, "peak_pop": null, "peak_year": null, "cagr_pct": null, "decline_from_peak_pct": null, "trajectory": null, "latest_knesset": null, "right_bloc_share": null, "top_party": null, "turnout": null, "se_cluster": null, "se_rank": null, "built_up_dunams": null, "govt_decision_type": null, "govt_decision_date": null}}, {"type": "Feature", "geometry": {"type": "Point", "coordinates": [35.145232, 32.007038]}, "properties": {"settlement_id": 287, "name_en": "Halamish East - Yad Achi", "name_he": "יד אחי - חלמיש מזרח", "type": "Outpost", "regional_council": "Binyamin", "urban_pattern": "Farm Outpost", "dist_gl_km": null, "elevation": null, "year_established": 2019, "status": "active", "latest_pop": null, "latest_pop_year": null, "peak_pop": null, "peak_year": null, "cagr_pct": null, "decline_from_peak_pct": null, "trajectory": null, "latest_knesset": null, "right_bloc_share": null, "top_party": null, "turnout": null, "se_cluster": null, "se_rank": null, "built_up_dunams": null, "govt_decision_type": null, "govt_decision_date": null}}, {"type": "Feature", "geometry": {"type": "Point", "coordinates": [35.040041, 31.960685]}, "properties": {"settlement_id": 288, "name_en": "Makhrour Outpsot", "name_he": "מאחז מחרור חוות נווה אורי", "type": "Outpost", "regional_council": "Gush Etzion", "urban_pattern": "Farm Outpost", "dist_gl_km": null, "elevation": null, "year_established": 2019, "status": "active", "latest_pop": null, "latest_pop_year": null, "peak_pop": null, "peak_year": null, "cagr_pct": null, "decline_from_peak_pct": null, "trajectory": null, "latest_knesset": null, "right_bloc_share": null, "top_party": null, "turnout": null, "se_cluster": null, "se_rank": null, "built_up_dunams": null, "govt_decision_type": null, "govt_decision_date": null}}, {"type": "Feature", "geometry": {"type": "Point", "coordinates": [35.31916, 31.735801]}, "properties": {"settlement_id": 289, "name_en": "Mitzpe Yehuda", "name_he": "מצפה יהודה (קידר מזרח) חוות צאן קדר", "type": "Outpost", "regional_council": "Gush Etzion", "urban_pattern": "Farm Outpost", "dist_gl_km": null, "elevation": null, "year_established": 2019, "status": "active", "latest_pop": null, "latest_pop_year": null, "peak_pop": null, "peak_year": null, "cagr_pct": null, "decline_from_peak_pct": null, "trajectory": null, "latest_knesset": null, "right_bloc_share": null, "top_party": null, "turnout": null, "se_cluster": null, "se_rank": null, "built_up_dunams": null, "govt_decision_type": null, "govt_decision_date": null}}, {"type": "Feature", "geometry": {"type": "Point", "coordinates": [35.391165, 32.205031]}, "properties": {"settlement_id": 290, "name_en": "Beit Shmuel - Koko's Farm", "name_he": "חוות מרום שמואל-קוקו; (בית דג'ן גבעה 666)", "type": "Outpost", "regional_council": "Jordan Valley", "urban_pattern": "Farm Outpost", "dist_gl_km": null, "elevation": null, "year_established": 2020, "status": "active", "latest_pop": null, "latest_pop_year": null, "peak_pop": null, "peak_year": null, "cagr_pct": null, "decline_from_peak_pct": null, "trajectory": null, "latest_knesset": null, "right_bloc_share": null, "top_party": null, "turnout": null, "se_cluster": null, "se_rank": null, "built_up_dunams": null, "govt_decision_type": null, "govt_decision_date": null}}, {"type": "Feature", "geometry": {"type": "Point", "coordinates": [35.060035, 32.133274]}, "properties": {"settlement_id": 291, "name_en": "Dorot Nahal Kana Farm", "name_he": "חוות דורות נחל קנה", "type": "Outpost", "regional_council": "Shomron", "urban_pattern": "Farm Outpost", "dist_gl_km": null, "elevation": null, "year_established": 2020, "status": "active", "latest_pop": null, "latest_pop_year": null, "peak_pop": null, "peak_year": null, "cagr_pct": null, "decline_from_peak_pct": null, "trajectory": null, "latest_knesset": null, "right_bloc_share": null, "top_party": null, "turnout": null, "se_cluster": null, "se_rank": null, "built_up_dunams": null, "govt_decision_type": null, "govt_decision_date": null}}, {"type": "Feature", "geometry": {"type": "Point", "coordinates": [35.200462, 31.584741]}, "properties": {"settlement_id": 292, "name_en": "Pnei Kedem Farm", "name_he": "חוות פני קדם", "type": "Outpost", "regional_council": "Gush Etzion", "urban_pattern": "Farm Outpost", "dist_gl_km": null, "elevation": null, "year_established": 2020, "status": "active", "latest_pop": null, "latest_pop_year": null, "peak_pop": null, "peak_year": null, "cagr_pct": null, "decline_from_peak_pct": null, "trajectory": null, "latest_knesset": null, "right_bloc_share": null, "top_party": null, "turnout": null, "se_cluster": null, "se_rank": null, "built_up_dunams": null, "govt_decision_type": null, "govt_decision_date": null}}, {"type": "Feature", "geometry": {"type": "Point", "coordinates": [35.321908, 32.039872]}, "properties": {"settlement_id": 293, "name_en": "Amihai South", "name_he": "עמיחי דרום (שומרי העמק)", "type": "Outpost", "regional_council": "Binyamin", "urban_pattern": "Farm Outpost", "dist_gl_km": null, "elevation": null, "year_established": 2020, "status": "active", "latest_pop": null, "latest_pop_year": null, "peak_pop": null, "peak_year": null, "cagr_pct": null, "decline_from_peak_pct": null, "trajectory": null, "latest_knesset": null, "right_bloc_share": null, "top_party": null, "turnout": null, "se_cluster": null, "se_rank": null, "built_up_dunams": null, "govt_decision_type": null, "govt_decision_date": null}}, {"type": "Feature", "geometry": {"type": "Point", "coordinates": [35.40321, 32.042057]}, "properties": {"settlement_id": 294, "name_en": "Rashash Farm", "name_he": "חוות רשאש", "type": "Outpost", "regional_council": "Jordan Valley", "urban_pattern": "Farm Outpost", "dist_gl_km": null, "elevation": null, "year_established": 2020, "status": "active", "latest_pop": null, "latest_pop_year": null, "peak_pop": null, "peak_year": null, "cagr_pct": null, "decline_from_peak_pct": null, "trajectory": null, "latest_knesset": null, "right_bloc_share": null, "top_party": null, "turnout": null, "se_cluster": null, "se_rank": null, "built_up_dunams": null, "govt_decision_type": null, "govt_decision_date": null}}, {"type": "Feature", "geometry": {"type": "Point", "coordinates": [35.175978, 31.416483]}, "properties": {"settlement_id": 295, "name_en": "Um Zaituna", "name_he": "אום זיתונא (משק מן)", "type": "Outpost", "regional_council": "Har Hebron", "urban_pattern": "Farm Outpost", "dist_gl_km": null, "elevation": null, "year_established": 2020, "status": "active", "latest_pop": null, "latest_pop_year": null, "peak_pop": null, "peak_year": null, "cagr_pct": null, "decline_from_peak_pct": null, "trajectory": null, "latest_knesset": null, "right_bloc_share": null, "top_party": null, "turnout": null, "se_cluster": null, "se_rank": null, "built_up_dunams": null, "govt_decision_type": null, "govt_decision_date": null}}, {"type": "Feature", "geometry": {"type": "Point", "coordinates": [35.281241, 32.047315]}, "properties": {"settlement_id": 296, "name_en": "Nahal Shilo Farm", "name_he": "חוות נחל שילה (ליד גבעת הראל)", "type": "Outpost", "regional_council": "Binyamin", "urban_pattern": "Farm Outpost", "dist_gl_km": null, "elevation": null, "year_established": 2020, "status": "active", "latest_pop": null, "latest_pop_year": null, "peak_pop": null, "peak_year": null, "cagr_pct": null, "decline_from_peak_pct": null, "trajectory": null, "latest_knesset": null, "right_bloc_share": null, "top_party": null, "turnout": null, "se_cluster": null, "se_rank": null, "built_up_dunams": null, "govt_decision_type": null, "govt_decision_date": null}}, {"type": "Feature", "geometry": {"type": "Point", "coordinates": [35.418535, 32.213452]}, "properties": {"settlement_id": 297, "name_en": "Moshe's Farm", "name_he": "החווה של משה חוות עמק תרצה", "type": "Outpost", "regional_council": "Jordan Valley", "urban_pattern": "Farm Outpost", "dist_gl_km": null, "elevation": null, "year_established": 2020, "status": "active", "latest_pop": null, "latest_pop_year": null, "peak_pop": null, "peak_year": null, "cagr_pct": null, "decline_from_peak_pct": null, "trajectory": null, "latest_knesset": null, "right_bloc_share": null, "top_party": null, "turnout": null, "se_cluster": null, "se_rank": null, "built_up_dunams": null, "govt_decision_type": null, "govt_decision_date": null}}, {"type": "Feature", "geometry": {"type": "Point", "coordinates": [35.354807, 31.98574]}, "properties": {"settlement_id": 298, "name_en": "New Micha Farm", "name_he": "החוה של מיכה חדשה - חוות גאון הירדן", "type": "Outpost", "regional_council": "Binyamin", "urban_pattern": "Farm Outpost", "dist_gl_km": null, "elevation": null, "year_established": 2020, "status": "active", "latest_pop": null, "latest_pop_year": null, "peak_pop": null, "peak_year": null, "cagr_pct": null, "decline_from_peak_pct": null, "trajectory": null, "latest_knesset": null, "right_bloc_share": null, "top_party": null, "turnout": null, "se_cluster": null, "se_rank": null, "built_up_dunams": null, "govt_decision_type": null, "govt_decision_date": null}}, {"type": "Feature", "geometry": {"type": "Point", "coordinates": [35.331675, 31.948902]}, "properties": {"settlement_id": 299, "name_en": "Maale Ahuviya", "name_he": "מעלה אהוביה", "type": "Outpost", "regional_council": "Binyamin", "urban_pattern": "Farm Outpost", "dist_gl_km": null, "elevation": null, "year_established": 2020, "status": "active", "latest_pop": null, "latest_pop_year": null, "peak_pop": null, "peak_year": null, "cagr_pct": null, "decline_from_peak_pct": null, "trajectory": null, "latest_knesset": null, "right_bloc_share": null, "top_party": null, "turnout": null, "se_cluster": null, "se_rank": null, "built_up_dunams": null, "govt_decision_type": null, "govt_decision_date": null}}, {"type": "Feature", "geometry": {"type": "Point", "coordinates": [35.19319, 31.578785]}, "properties": {"settlement_id": 300, "name_en": "Asfar South Nahalat Avot", "name_he": "אספר דרום נחלת אבות", "type": "Outpost", "regional_council": "Gush Etzion", "urban_pattern": "Farm Outpost", "dist_gl_km": null, "elevation": null, "year_established": 2020, "status": "active", "latest_pop": null, "latest_pop_year": null, "peak_pop": null, "peak_year": null, "cagr_pct": null, "decline_from_peak_pct": null, "trajectory": null, "latest_knesset": null, "right_bloc_share": null, "top_party": null, "turnout": null, "se_cluster": null, "se_rank": null, "built_up_dunams": null, "govt_decision_type": null, "govt_decision_date": null}}, {"type": "Feature", "geometry": {"type": "Point", "coordinates": [35.062453, 32.137596]}, "properties": {"settlement_id": 301, "name_en": "Eden Farm", "name_he": "חוות עדן", "type": "Outpost", "regional_council": "Gush Etzion", "urban_pattern": "Farm Outpost", "dist_gl_km": null, "elevation": null, "year_established": 2021, "status": "active", "latest_pop": null, "latest_pop_year": null, "peak_pop": null, "peak_year": null, "cagr_pct": null, "decline_from_peak_pct": null, "trajectory": null, "latest_knesset": null, "right_bloc_share": null, "top_party": null, "turnout": null, "se_cluster": null, "se_rank": null, "built_up_dunams": null, "govt_decision_type": null, "govt_decision_date": null}}, {"type": "Feature", "geometry": {"type": "Point", "coordinates": [34.999298, 31.363291]}, "properties": {"settlement_id": 302, "name_en": "Meitarim Farm", "name_he": "חוות מיתרים", "type": "Outpost", "regional_council": "Har Hebron", "urban_pattern": "Farm Outpost", "dist_gl_km": null, "elevation": null, "year_established": 2021, "status": "active", "latest_pop": null, "latest_pop_year": null, "peak_pop": null, "peak_year": null, "cagr_pct": null, "decline_from_peak_pct": null, "trajectory": null, "latest_knesset": null, "right_bloc_share": null, "top_party": null, "turnout": null, "se_cluster": null, "se_rank": null, "built_up_dunams": null, "govt_decision_type": null, "govt_decision_date": null}}, {"type": "Feature", "geometry": {"type": "Point", "coordinates": [35.274324, 32.119378]}, "properties": {"settlement_id": 303, "name_en": "Evyatar", "name_he": "אביתר", "type": "Outpost", "regional_council": "Shomron", "urban_pattern": "Outpost", "dist_gl_km": null, "elevation": null, "year_established": 2021, "status": "active", "latest_pop": null, "latest_pop_year": null, "peak_pop": null, "peak_year": null, "cagr_pct": null, "decline_from_peak_pct": null, "trajectory": null, "latest_knesset": null, "right_bloc_share": null, "top_party": null, "turnout": null, "se_cluster": null, "se_rank": null, "built_up_dunams": null, "govt_decision_type": "outpost_legalization", "govt_decision_date": "2024-06-27"}}, {"type": "Feature", "geometry": {"type": "Point", "coordinates": [35.10448, 31.394806]}, "properties": {"settlement_id": 304, "name_en": "Givat Hadegel Susiya", "name_he": "גבעת הדגל סוסיא", "type": "Outpost", "regional_council": "Har Hebron", "urban_pattern": "Farm Outpost", "dist_gl_km": null, "elevation": null, "year_established": 2021, "status": "active", "latest_pop": null, "latest_pop_year": null, "peak_pop": null, "peak_year": null, "cagr_pct": null, "decline_from_peak_pct": null, "trajectory": null, "latest_knesset": null, "right_bloc_share": null, "top_party": null, "turnout": null, "se_cluster": null, "se_rank": null, "built_up_dunams": null, "govt_decision_type": null, "govt_decision_date": null}}, {"type": "Feature", "geometry": {"type": "Point", "coordinates": [35.410722, 32.142453]}, "properties": {"settlement_id": 305, "name_en": "Mechora South - Yaya's Farm", "name_he": "מכורה דרום - החווה של יאיא", "type": "Outpost", "regional_council": "Jordan Valley", "urban_pattern": "Farm Outpost", "dist_gl_km": null, "elevation": null, "year_established": 2021, "status": "active", "latest_pop": null, "latest_pop_year": null, "peak_pop": null, "peak_year": null, "cagr_pct": null, "decline_from_peak_pct": null, "trajectory": null, "latest_knesset": null, "right_bloc_share": null, "top_party": null, "turnout": null, "se_cluster": null, "se_rank": null, "built_up_dunams": null, "govt_decision_type": null, "govt_decision_date": null}}, {"type": "Feature", "geometry": {"type": "Point", "coordinates": [35.42096, 31.90976]}, "properties": {"settlement_id": 306, "name_en": "Mevo'ot Jericho Farm", "name_he": "חוות מבואות יריחו", "type": "Outpost", "regional_council": "Jordan Valley", "urban_pattern": "Farm Outpost", "dist_gl_km": null, "elevation": null, "year_established": 2021, "status": "active", "latest_pop": null, "latest_pop_year": null, "peak_pop": null, "peak_year": null, "cagr_pct": null, "decline_from_peak_pct": null, "trajectory": null, "latest_knesset": null, "right_bloc_share": null, "top_party": null, "turnout": null, "se_cluster": null, "se_rank": null, "built_up_dunams": null, "govt_decision_type": null, "govt_decision_date": null}}, {"type": "Feature", "geometry": {"type": "Point", "coordinates": [35.383379, 31.917193]}, "properties": {"settlement_id": 307, "name_en": "Zohar Farm", "name_he": "החווה של זהר", "type": "Outpost", "regional_council": "Jordan Valley", "urban_pattern": "Farm Outpost", "dist_gl_km": null, "elevation": null, "year_established": 2021, "status": "active", "latest_pop": null, "latest_pop_year": null, "peak_pop": null, "peak_year": null, "cagr_pct": null, "decline_from_peak_pct": null, "trajectory": null, "latest_knesset": null, "right_bloc_share": null, "top_party": null, "turnout": null, "se_cluster": null, "se_rank": null, "built_up_dunams": null, "govt_decision_type": null, "govt_decision_date": null}}, {"type": "Feature", "geometry": {"type": "Point", "coordinates": [35.087008, 31.658426]}, "properties": {"settlement_id": 308, "name_en": "Ohavei Yah", "name_he": "אוהבי יה", "type": "Outpost", "regional_council": "Gush Etzion", "urban_pattern": "Outpost", "dist_gl_km": null, "elevation": null, "year_established": 2021, "status": "active", "latest_pop": null, "latest_pop_year": null, "peak_pop": null, "peak_year": null, "cagr_pct": null, "decline_from_peak_pct": null, "trajectory": null, "latest_knesset": null, "right_bloc_share": null, "top_party": null, "turnout": null, "se_cluster": null, "se_rank": null, "built_up_dunams": null, "govt_decision_type": null, "govt_decision_date": null}}, {"type": "Feature", "geometry": {"type": "Point", "coordinates": [35.11089, 32.45463]}, "properties": {"settlement_id": 309, "name_en": "Avia Farm", "name_he": "חוות אבי\"ה", "type": "Outpost", "regional_council": "Shomron", "urban_pattern": "Farm Outpost", "dist_gl_km": null, "elevation": null, "year_established": 2021, "status": "active", "latest_pop": null, "latest_pop_year": null, "peak_pop": null, "peak_year": null, "cagr_pct": null, "decline_from_peak_pct": null, "trajectory": null, "latest_knesset": null, "right_bloc_share": null, "top_party": null, "turnout": null, "se_cluster": null, "se_rank": null, "built_up_dunams": null, "govt_decision_type": null, "govt_decision_date": null}}, {"type": "Feature", "geometry": {"type": "Point", "coordinates": [35.250855, 32.162187]}, "properties": {"settlement_id": 310, "name_en": "The farm in Yizhar", "name_he": "החווה ביצהר", "type": "Outpost", "regional_council": "Shomron", "urban_pattern": "Farm Outpost", "dist_gl_km": null, "elevation": null, "year_established": 2021, "status": "active", "latest_pop": null, "latest_pop_year": null, "peak_pop": null, "peak_year": null, "cagr_pct": null, "decline_from_peak_pct": null, "trajectory": null, "latest_knesset": null, "right_bloc_share": null, "top_party": null, "turnout": null, "se_cluster": null, "se_rank": null, "built_up_dunams": null, "govt_decision_type": null, "govt_decision_date": null}}, {"type": "Feature", "geometry": {"type": "Point", "coordinates": [35.193271, 31.600264]}, "properties": {"settlement_id": 311, "name_en": "Pnei Kedem North Farm", "name_he": "חוות פני קדם צפון", "type": "Outpost", "regional_council": "Gush Etzion", "urban_pattern": "Farm Outpost", "dist_gl_km": null, "elevation": null, "year_established": 2021, "status": "active", "latest_pop": null, "latest_pop_year": null, "peak_pop": null, "peak_year": null, "cagr_pct": null, "decline_from_peak_pct": null, "trajectory": null, "latest_knesset": null, "right_bloc_share": null, "top_party": null, "turnout": null, "se_cluster": null, "se_rank": null, "built_up_dunams": null, "govt_decision_type": null, "govt_decision_date": null}}, {"type": "Feature", "geometry": {"type": "Point", "coordinates": [35.003173, 31.386969]}, "properties": {"settlement_id": 312, "name_en": "Yehuda Farm 2", "name_he": "חוות יהודה", "type": "Outpost", "regional_council": "Har Hebron", "urban_pattern": "Farm Outpost", "dist_gl_km": null, "elevation": null, "year_established": 2021, "status": "active", "latest_pop": null, "latest_pop_year": null, "peak_pop": null, "peak_year": null, "cagr_pct": null, "decline_from_peak_pct": null, "trajectory": null, "latest_knesset": null, "right_bloc_share": null, "top_party": null, "turnout": null, "se_cluster": null, "se_rank": null, "built_up_dunams": null, "govt_decision_type": null, "govt_decision_date": null}}, {"type": "Feature", "geometry": {"type": "Point", "coordinates": [35.249386, 31.908277]}, "properties": {"settlement_id": 313, "name_en": "Oz Zion", "name_he": "עוז ציון", "type": "Outpost", "regional_council": "Binyamin", "urban_pattern": "Outpost", "dist_gl_km": null, "elevation": null, "year_established": 2021, "status": "active", "latest_pop": null, "latest_pop_year": null, "peak_pop": null, "peak_year": null, "cagr_pct": null, "decline_from_peak_pct": null, "trajectory": null, "latest_knesset": null, "right_bloc_share": null, "top_party": null, "turnout": null, "se_cluster": null, "se_rank": null, "built_up_dunams": null, "govt_decision_type": null, "govt_decision_date": null}}, {"type": "Feature", "geometry": {"type": "Point", "coordinates": [35.269659, 31.88652]}, "properties": {"settlement_id": 314, "name_en": "Ramat Migron", "name_he": "רמת מגרון", "type": "Outpost", "regional_council": "Binyamin", "urban_pattern": "Farm Outpost", "dist_gl_km": null, "elevation": null, "year_established": 2021, "status": "active", "latest_pop": null, "latest_pop_year": null, "peak_pop": null, "peak_year": null, "cagr_pct": null, "decline_from_peak_pct": null, "trajectory": null, "latest_knesset": null, "right_bloc_share": null, "top_party": null, "turnout": null, "se_cluster": null, "se_rank": null, "built_up_dunams": null, "govt_decision_type": null, "govt_decision_date": null}}, {"type": "Feature", "geometry": {"type": "Point", "coordinates": [35.159607, 32.232762]}, "properties": {"settlement_id": 315, "name_en": "Ori Ad", "name_he": "אורי עד", "type": "Outpost", "regional_council": "Kedumim", "urban_pattern": "Outpost", "dist_gl_km": null, "elevation": null, "year_established": 2022, "status": "active", "latest_pop": null, "latest_pop_year": null, "peak_pop": null, "peak_year": null, "cagr_pct": null, "decline_from_peak_pct": null, "trajectory": null, "latest_knesset": null, "right_bloc_share": null, "top_party": null, "turnout": null, "se_cluster": null, "se_rank": null, "built_up_dunams": null, "govt_decision_type": null, "govt_decision_date": null}}, {"type": "Feature", "geometry": {"type": "Point", "coordinates": [35.193314, 31.436574]}, "properties": {"settlement_id": 316, "name_en": "Shorashim Farm", "name_he": "חוות שורשים", "type": "Outpost", "regional_council": "Har Hebron", "urban_pattern": "Farm Outpost", "dist_gl_km": null, "elevation": null, "year_established": 2022, "status": "active", "latest_pop": null, "latest_pop_year": null, "peak_pop": null, "peak_year": null, "cagr_pct": null, "decline_from_peak_pct": null, "trajectory": null, "latest_knesset": null, "right_bloc_share": null, "top_party": null, "turnout": null, "se_cluster": null, "se_rank": null, "built_up_dunams": null, "govt_decision_type": null, "govt_decision_date": null}}, {"type": "Feature", "geometry": {"type": "Point", "coordinates": [35.247827, 31.442854]}, "properties": {"settlement_id": 317, "name_en": "Khasham Um Daraj", "name_he": "ח'שם אום דרג' מצפה מדרג", "type": "Outpost", "regional_council": "Glilot", "urban_pattern": "Outpost", "dist_gl_km": null, "elevation": null, "year_established": 2022, "status": "active", "latest_pop": null, "latest_pop_year": null, "peak_pop": null, "peak_year": null, "cagr_pct": null, "decline_from_peak_pct": null, "trajectory": null, "latest_knesset": null, "right_bloc_share": null, "top_party": null, "turnout": null, "se_cluster": null, "se_rank": null, "built_up_dunams": null, "govt_decision_type": null, "govt_decision_date": null}}, {"type": "Feature", "geometry": {"type": "Point", "coordinates": [35.298885, 31.870566]}, "properties": {"settlement_id": 318, "name_en": "Nahalat Zvi", "name_he": "נחלת צבי", "type": "Outpost", "regional_council": "Binyamin", "urban_pattern": "Outpost", "dist_gl_km": null, "elevation": null, "year_established": 2022, "status": "active", "latest_pop": null, "latest_pop_year": null, "peak_pop": null, "peak_year": null, "cagr_pct": null, "decline_from_peak_pct": null, "trajectory": null, "latest_knesset": null, "right_bloc_share": null, "top_party": null, "turnout": null, "se_cluster": null, "se_rank": null, "built_up_dunams": null, "govt_decision_type": null, "govt_decision_date": null}}, {"type": "Feature", "geometry": {"type": "Point", "coordinates": [35.540388, 32.223787]}, "properties": {"settlement_id": 319, "name_en": "Hagoshen South Farm", "name_he": "חוות הגושן דרום", "type": "Outpost", "regional_council": "Jordan Valley", "urban_pattern": "Farm Outpost", "dist_gl_km": null, "elevation": null, "year_established": 2022, "status": "active", "latest_pop": null, "latest_pop_year": null, "peak_pop": null, "peak_year": null, "cagr_pct": null, "decline_from_peak_pct": null, "trajectory": null, "latest_knesset": null, "right_bloc_share": null, "top_party": null, "turnout": null, "se_cluster": null, "se_rank": null, "built_up_dunams": null, "govt_decision_type": null, "govt_decision_date": null}}, {"type": "Feature", "geometry": {"type": "Point", "coordinates": [35.032826, 32.04677]}, "properties": {"settlement_id": 320, "name_en": "Avihai Farm", "name_he": "חוות אביחי", "type": "Outpost", "regional_council": "Binyamin", "urban_pattern": "Farm Outpost", "dist_gl_km": null, "elevation": null, "year_established": 2023, "status": "active", "latest_pop": null, "latest_pop_year": null, "peak_pop": null, "peak_year": null, "cagr_pct": null, "decline_from_peak_pct": null, "trajectory": null, "latest_knesset": null, "right_bloc_share": null, "top_party": null, "turnout": null, "se_cluster": null, "se_rank": null, "built_up_dunams": null, "govt_decision_type": null, "govt_decision_date": null}}, {"type": "Feature", "geometry": {"type": "Point", "coordinates": [35.250422, 31.934321]}, "properties": {"settlement_id": 321, "name_en": "Or Meir", "name_he": "אור מאיר", "type": "Outpost", "regional_council": "Binyamin", "urban_pattern": "Outpost", "dist_gl_km": null, "elevation": null, "year_established": 2023, "status": "active", "latest_pop": null, "latest_pop_year": null, "peak_pop": null, "peak_year": null, "cagr_pct": null, "decline_from_peak_pct": null, "trajectory": null, "latest_knesset": null, "right_bloc_share": null, "top_party": null, "turnout": null, "se_cluster": null, "se_rank": null, "built_up_dunams": null, "govt_decision_type": null, "govt_decision_date": null}}, {"type": "Feature", "geometry": {"type": "Point", "coordinates": [35.388259, 32.089417]}, "properties": {"settlement_id": 322, "name_en": "Gitit south - Jackson's Farm", "name_he": "גיתית דרום - החווה של ג'קסון", "type": "Outpost", "regional_council": "Jordan Valley", "urban_pattern": "Farm Outpost", "dist_gl_km": null, "elevation": null, "year_established": 2023, "status": "active", "latest_pop": null, "latest_pop_year": null, "peak_pop": null, "peak_year": null, "cagr_pct": null, "decline_from_peak_pct": null, "trajectory": null, "latest_knesset": null, "right_bloc_share": null, "top_party": null, "turnout": null, "se_cluster": null, "se_rank": null, "built_up_dunams": null, "govt_decision_type": null, "govt_decision_date": null}}, {"type": "Feature", "geometry": {"type": "Point", "coordinates": [35.147686, 32.153904]}, "properties": {"settlement_id": 323, "name_en": "Seurim Farm - Emanuelle south", "name_he": "חוות שעורים - עמנואל דרום", "type": "Outpost", "regional_council": null, "urban_pattern": "Farm Outpost", "dist_gl_km": null, "elevation": null, "year_established": 2023, "status": "active", "latest_pop": null, "latest_pop_year": null, "peak_pop": null, "peak_year": null, "cagr_pct": null, "decline_from_peak_pct": null, "trajectory": null, "latest_knesset": null, "right_bloc_share": null, "top_party": null, "turnout": null, "se_cluster": null, "se_rank": null, "built_up_dunams": null, "govt_decision_type": null, "govt_decision_date": null}}, {"type": "Feature", "geometry": {"type": "Point", "coordinates": [35.249714, 31.629806]}, "properties": {"settlement_id": 324, "name_en": "Tekoa' F Harel Farm", "name_he": "חוות הראל - תקוע", "type": "Outpost", "regional_council": "Gush Etzion", "urban_pattern": "Farm Outpost", "dist_gl_km": null, "elevation": null, "year_established": 2023, "status": "active", "latest_pop": null, "latest_pop_year": null, "peak_pop": null, "peak_year": null, "cagr_pct": null, "decline_from_peak_pct": null, "trajectory": null, "latest_knesset": null, "right_bloc_share": null, "top_party": null, "turnout": null, "se_cluster": null, "se_rank": null, "built_up_dunams": null, "govt_decision_type": null, "govt_decision_date": null}}, {"type": "Feature", "geometry": {"type": "Point", "coordinates": [35.335187, 31.90755]}, "properties": {"settlement_id": 325, "name_en": "Nahal Machoch farm", "name_he": "חוות נחל מכוך", "type": "Outpost", "regional_council": "Binyamin", "urban_pattern": "Farm Outpost", "dist_gl_km": null, "elevation": null, "year_established": 2023, "status": "active", "latest_pop": null, "latest_pop_year": null, "peak_pop": null, "peak_year": null, "cagr_pct": null, "decline_from_peak_pct": null, "trajectory": null, "latest_knesset": null, "right_bloc_share": null, "top_party": null, "turnout": null, "se_cluster": null, "se_rank": null, "built_up_dunams": null, "govt_decision_type": null, "govt_decision_date": null}}, {"type": "Feature", "geometry": {"type": "Point", "coordinates": [35.315264, 31.857166]}, "properties": {"settlement_id": 326, "name_en": "Neve Erez South-Yinon's Farm", "name_he": "נווה ארז דרום - משכנות הראל", "type": "Outpost", "regional_council": "Binyamin", "urban_pattern": "Farm Outpost", "dist_gl_km": null, "elevation": null, "year_established": 2023, "status": "active", "latest_pop": null, "latest_pop_year": null, "peak_pop": null, "peak_year": null, "cagr_pct": null, "decline_from_peak_pct": null, "trajectory": null, "latest_knesset": null, "right_bloc_share": null, "top_party": null, "turnout": null, "se_cluster": null, "se_rank": null, "built_up_dunams": null, "govt_decision_type": null, "govt_decision_date": null}}, {"type": "Feature", "geometry": {"type": "Point", "coordinates": [35.373813, 31.908861]}, "properties": {"settlement_id": 327, "name_en": "Mevo'ot Jericho West", "name_he": "מבואות יריחו מערב - נצח הראל", "type": "Outpost", "regional_council": "Jordan Valley", "urban_pattern": "Farm Outpost", "dist_gl_km": null, "elevation": null, "year_established": 2023, "status": "active", "latest_pop": null, "latest_pop_year": null, "peak_pop": null, "peak_year": null, "cagr_pct": null, "decline_from_peak_pct": null, "trajectory": null, "latest_knesset": null, "right_bloc_share": null, "top_party": null, "turnout": null, "se_cluster": null, "se_rank": null, "built_up_dunams": null, "govt_decision_type": null, "govt_decision_date": null}}, {"type": "Feature", "geometry": {"type": "Point", "coordinates": [35.123479, 31.375273]}, "properties": {"settlement_id": 328, "name_en": "Simhovitz Farm", "name_he": "חוות אמונה - שמחוביץ, חוות שדה הראל", "type": "Outpost", "regional_council": null, "urban_pattern": "Farm Outpost", "dist_gl_km": null, "elevation": null, "year_established": 2023, "status": "active", "latest_pop": null, "latest_pop_year": null, "peak_pop": null, "peak_year": null, "cagr_pct": null, "decline_from_peak_pct": null, "trajectory": null, "latest_knesset": null, "right_bloc_share": null, "top_party": null, "turnout": null, "se_cluster": null, "se_rank": null, "built_up_dunams": null, "govt_decision_type": null, "govt_decision_date": null}}, {"type": "Feature", "geometry": {"type": "Point", "coordinates": [34.98511, 31.500509]}, "properties": {"settlement_id": 329, "name_en": "Negohot North", "name_he": "נגוהות צפון - שכונת הכרם", "type": "Outpost", "regional_council": "Har Hebron", "urban_pattern": "Outpost", "dist_gl_km": null, "elevation": null, "year_established": 2023, "status": "active", "latest_pop": null, "latest_pop_year": null, "peak_pop": null, "peak_year": null, "cagr_pct": null, "decline_from_peak_pct": null, "trajectory": null, "latest_knesset": null, "right_bloc_share": null, "top_party": null, "turnout": null, "se_cluster": null, "se_rank": null, "built_up_dunams": null, "govt_decision_type": null, "govt_decision_date": null}}, {"type": "Feature", "geometry": {"type": "Point", "coordinates": [35.154199, 32.27346]}, "properties": {"settlement_id": 330, "name_en": "Elhai Farm", "name_he": "חוות אלחי - שבי שומרון", "type": "Outpost", "regional_council": "Shomron", "urban_pattern": "Farm Outpost", "dist_gl_km": null, "elevation": null, "year_established": 2023, "status": "active", "latest_pop": null, "latest_pop_year": null, "peak_pop": null, "peak_year": null, "cagr_pct": null, "decline_from_peak_pct": null, "trajectory": null, "latest_knesset": null, "right_bloc_share": null, "top_party": null, "turnout": null, "se_cluster": null, "se_rank": null, "built_up_dunams": null, "govt_decision_type": null, "govt_decision_date": null}}, {"type": "Feature", "geometry": {"type": "Point", "coordinates": [35.282089, 31.890726]}, "properties": {"settlement_id": 331, "name_en": "Sde Yonatan", "name_he": "שדה יונתן", "type": "Outpost", "regional_council": "Gush Etzion", "urban_pattern": "Outpost", "dist_gl_km": null, "elevation": null, "year_established": 2023, "status": "active", "latest_pop": null, "latest_pop_year": null, "peak_pop": null, "peak_year": null, "cagr_pct": null, "decline_from_peak_pct": null, "trajectory": null, "latest_knesset": null, "right_bloc_share": null, "top_party": null, "turnout": null, "se_cluster": null, "se_rank": null, "built_up_dunams": null, "govt_decision_type": null, "govt_decision_date": null}}, {"type": "Feature", "geometry": {"type": "Point", "coordinates": [35.287236, 32.061097]}, "properties": {"settlement_id": 332, "name_en": "Givat Haktoret", "name_he": "גבעת הקטורת", "type": "Outpost", "regional_council": "Binyamin", "urban_pattern": "Farm Outpost", "dist_gl_km": null, "elevation": null, "year_established": 2023, "status": "active", "latest_pop": null, "latest_pop_year": null, "peak_pop": null, "peak_year": null, "cagr_pct": null, "decline_from_peak_pct": null, "trajectory": null, "latest_knesset": null, "right_bloc_share": null, "top_party": null, "turnout": null, "se_cluster": null, "se_rank": null, "built_up_dunams": null, "govt_decision_type": null, "govt_decision_date": null}}, {"type": "Feature", "geometry": {"type": "Point", "coordinates": [35.278539, 31.888357]}, "properties": {"settlement_id": 333, "name_en": "Yahish Zion", "name_he": "יחיש ציון", "type": "Outpost", "regional_council": "Binyamin", "urban_pattern": "Outpost", "dist_gl_km": null, "elevation": null, "year_established": 2023, "status": "active", "latest_pop": null, "latest_pop_year": null, "peak_pop": null, "peak_year": null, "cagr_pct": null, "decline_from_peak_pct": null, "trajectory": null, "latest_knesset": null, "right_bloc_share": null, "top_party": null, "turnout": null, "se_cluster": null, "se_rank": null, "built_up_dunams": null, "govt_decision_type": null, "govt_decision_date": null}}, {"type": "Feature", "geometry": {"type": "Point", "coordinates": [35.145968, 31.397035]}, "properties": {"settlement_id": 334, "name_en": "Daroma Farm - Avigail East", "name_he": "אביגיל מזרח - חוות דרומא", "type": "Outpost", "regional_council": "Har Hebron", "urban_pattern": "Farm Outpost", "dist_gl_km": null, "elevation": null, "year_established": 2023, "status": "active", "latest_pop": null, "latest_pop_year": null, "peak_pop": null, "peak_year": null, "cagr_pct": null, "decline_from_peak_pct": null, "trajectory": null, "latest_knesset": null, "right_bloc_share": null, "top_party": null, "turnout": null, "se_cluster": null, "se_rank": null, "built_up_dunams": null, "govt_decision_type": null, "govt_decision_date": null}}, {"type": "Feature", "geometry": {"type": "Point", "coordinates": [35.153266, 31.716425]}, "properties": {"settlement_id": 335, "name_en": "Batir Mahrur - Heletz", "name_he": "בתיר מחרור - חלץ", "type": "Outpost", "regional_council": "Gush Etzion", "urban_pattern": "Farm Outpost", "dist_gl_km": null, "elevation": null, "year_established": 2023, "status": "active", "latest_pop": null, "latest_pop_year": null, "peak_pop": null, "peak_year": null, "cagr_pct": null, "decline_from_peak_pct": null, "trajectory": null, "latest_knesset": null, "right_bloc_share": null, "top_party": null, "turnout": null, "se_cluster": null, "se_rank": null, "built_up_dunams": null, "govt_decision_type": null, "govt_decision_date": null}}, {"type": "Feature", "geometry": {"type": "Point", "coordinates": [35.132213, 32.281599]}, "properties": {"settlement_id": 336, "name_en": "Nofei Elhanan", "name_he": "נופי אלחנן", "type": "Outpost", "regional_council": "Shomron", "urban_pattern": "Outpost", "dist_gl_km": null, "elevation": null, "year_established": 2023, "status": "active", "latest_pop": null, "latest_pop_year": null, "peak_pop": null, "peak_year": null, "cagr_pct": null, "decline_from_peak_pct": null, "trajectory": null, "latest_knesset": null, "right_bloc_share": null, "top_party": null, "turnout": null, "se_cluster": null, "se_rank": null, "built_up_dunams": null, "govt_decision_type": null, "govt_decision_date": null}}, {"type": "Feature", "geometry": {"type": "Point", "coordinates": [35.131271, 31.377424]}, "properties": {"settlement_id": 337, "name_en": "Mizpe Yair South", "name_he": "מצפה יאיר דרום", "type": "Outpost", "regional_council": "Har Hebron", "urban_pattern": "Outpost", "dist_gl_km": null, "elevation": null, "year_established": 2023, "status": "active", "latest_pop": null, "latest_pop_year": null, "peak_pop": null, "peak_year": null, "cagr_pct": null, "decline_from_peak_pct": null, "trajectory": null, "latest_knesset": null, "right_bloc_share": null, "top_party": null, "turnout": null, "se_cluster": null, "se_rank": null, "built_up_dunams": null, "govt_decision_type": null, "govt_decision_date": null}}, {"type": "Feature", "geometry": {"type": "Point", "coordinates": [35.046577, 31.375642]}, "properties": {"settlement_id": 338, "name_en": "Asael north", "name_he": "עשהאל צפון", "type": "Outpost", "regional_council": "Har Hebron", "urban_pattern": "Outpost", "dist_gl_km": null, "elevation": null, "year_established": 2023, "status": "active", "latest_pop": null, "latest_pop_year": null, "peak_pop": null, "peak_year": null, "cagr_pct": null, "decline_from_peak_pct": null, "trajectory": null, "latest_knesset": null, "right_bloc_share": null, "top_party": null, "turnout": null, "se_cluster": null, "se_rank": null, "built_up_dunams": null, "govt_decision_type": null, "govt_decision_date": null}}, {"type": "Feature", "geometry": {"type": "Point", "coordinates": [35.479293, 32.11233]}, "properties": {"settlement_id": 339, "name_en": "Masua West Farm", "name_he": "חוות משואה מערב - סרטבא", "type": "Outpost", "regional_council": "Jordan Valley", "urban_pattern": "Farm Outpost", "dist_gl_km": null, "elevation": null, "year_established": 2023, "status": "active", "latest_pop": null, "latest_pop_year": null, "peak_pop": null, "peak_year": null, "cagr_pct": null, "decline_from_peak_pct": null, "trajectory": null, "latest_knesset": null, "right_bloc_share": null, "top_party": null, "turnout": null, "se_cluster": null, "se_rank": null, "built_up_dunams": null, "govt_decision_type": null, "govt_decision_date": null}}, {"type": "Feature", "geometry": {"type": "Point", "coordinates": [35.420584, 32.055567]}, "properties": {"settlement_id": 340, "name_en": "Mizpor Fazael - Maale Efrayim South East", "name_he": "מצפור פצאל - מעלה אפרים דרום מזרח", "type": "Outpost", "regional_council": null, "urban_pattern": "Farm Outpost", "dist_gl_km": null, "elevation": null, "year_established": 2023, "status": "active", "latest_pop": null, "latest_pop_year": null, "peak_pop": null, "peak_year": null, "cagr_pct": null, "decline_from_peak_pct": null, "trajectory": null, "latest_knesset": null, "right_bloc_share": null, "top_party": null, "turnout": null, "se_cluster": null, "se_rank": null, "built_up_dunams": null, "govt_decision_type": null, "govt_decision_date": null}}, {"type": "Feature", "geometry": {"type": "Point", "coordinates": [35.321952, 31.881408]}, "properties": {"settlement_id": 341, "name_en": "Mizpe Danny Farm", "name_he": "חוות מצפה דני/חוות רוח הארץ", "type": "Outpost", "regional_council": "Binyamin", "urban_pattern": "Farm Outpost", "dist_gl_km": null, "elevation": null, "year_established": 2023, "status": "active", "latest_pop": null, "latest_pop_year": null, "peak_pop": null, "peak_year": null, "cagr_pct": null, "decline_from_peak_pct": null, "trajectory": null, "latest_knesset": null, "right_bloc_share": null, "top_party": null, "turnout": null, "se_cluster": null, "se_rank": null, "built_up_dunams": null, "govt_decision_type": null, "govt_decision_date": null}}, {"type": "Feature", "geometry": {"type": "Point", "coordinates": [35.032384, 32.048097]}, "properties": {"settlement_id": 342, "name_en": "Susiya South", "name_he": "גבעת אלונים - סוסיא דרום", "type": "Outpost", "regional_council": "Har Hebron", "urban_pattern": "Outpost", "dist_gl_km": null, "elevation": null, "year_established": 2023, "status": "active", "latest_pop": null, "latest_pop_year": null, "peak_pop": null, "peak_year": null, "cagr_pct": null, "decline_from_peak_pct": null, "trajectory": null, "latest_knesset": null, "right_bloc_share": null, "top_party": null, "turnout": null, "se_cluster": null, "se_rank": null, "built_up_dunams": null, "govt_decision_type": null, "govt_decision_date": null}}, {"type": "Feature", "geometry": {"type": "Point", "coordinates": [35.167055, 31.401262]}, "properties": {"settlement_id": 343, "name_en": "Har Maon Farm", "name_he": "חוות הר מעון - נחלת דב - החווה של ישראל ונחמה", "type": "Outpost", "regional_council": "Har Hebron", "urban_pattern": "Farm Outpost", "dist_gl_km": null, "elevation": null, "year_established": 2023, "status": "active", "latest_pop": null, "latest_pop_year": null, "peak_pop": null, "peak_year": null, "cagr_pct": null, "decline_from_peak_pct": null, "trajectory": null, "latest_knesset": null, "right_bloc_share": null, "top_party": null, "turnout": null, "se_cluster": null, "se_rank": null, "built_up_dunams": null, "govt_decision_type": null, "govt_decision_date": null}}, {"type": "Feature", "geometry": {"type": "Point", "coordinates": [35.168191, 31.40122]}, "properties": {"settlement_id": 344, "name_en": "Tov Haaretz (Old) Maon Farm", "name_he": "חוות טוב הארץ - מדבר מעון", "type": "Outpost", "regional_council": "Har Hebron", "urban_pattern": "Farm Outpost", "dist_gl_km": null, "elevation": null, "year_established": 2023, "status": "active", "latest_pop": null, "latest_pop_year": null, "peak_pop": null, "peak_year": null, "cagr_pct": null, "decline_from_peak_pct": null, "trajectory": null, "latest_knesset": null, "right_bloc_share": null, "top_party": null, "turnout": null, "se_cluster": null, "se_rank": null, "built_up_dunams": null, "govt_decision_type": null, "govt_decision_date": null}}, {"type": "Feature", "geometry": {"type": "Point", "coordinates": [35.153869, 31.387047]}, "properties": {"settlement_id": 345, "name_en": "Shabo Family - Har Haela Farm", "name_he": "משפחת שבו בתוך 918 - הר האלה", "type": "Outpost", "regional_council": "Har Hebron", "urban_pattern": "Farm Outpost", "dist_gl_km": null, "elevation": null, "year_established": 2023, "status": "active", "latest_pop": null, "latest_pop_year": null, "peak_pop": null, "peak_year": null, "cagr_pct": null, "decline_from_peak_pct": null, "trajectory": null, "latest_knesset": null, "right_bloc_share": null, "top_party": null, "turnout": null, "se_cluster": null, "se_rank": null, "built_up_dunams": null, "govt_decision_type": null, "govt_decision_date": null}}, {"type": "Feature", "geometry": {"type": "Point", "coordinates": [35.199677, 31.60541]}, "properties": {"settlement_id": 346, "name_en": "Har Kanub North - Giva't Alufe Yehuda", "name_he": "הר כנוב צפון - גבעת אלופי יהודה - צור משגבי", "type": "Outpost", "regional_council": "Gush Etzion", "urban_pattern": "Farm Outpost", "dist_gl_km": null, "elevation": null, "year_established": 2023, "status": "active", "latest_pop": null, "latest_pop_year": null, "peak_pop": null, "peak_year": null, "cagr_pct": null, "decline_from_peak_pct": null, "trajectory": null, "latest_knesset": null, "right_bloc_share": null, "top_party": null, "turnout": null, "se_cluster": null, "se_rank": null, "built_up_dunams": null, "govt_decision_type": null, "govt_decision_date": null}}, {"type": "Feature", "geometry": {"type": "Point", "coordinates": [35.37095, 32.003641]}, "properties": {"settlement_id": 347, "name_en": "Rosh Te'ena Farm", "name_he": "חוות ראש תאנה", "type": "Outpost", "regional_council": null, "urban_pattern": "Farm Outpost", "dist_gl_km": null, "elevation": null, "year_established": 2023, "status": "active", "latest_pop": null, "latest_pop_year": null, "peak_pop": null, "peak_year": null, "cagr_pct": null, "decline_from_peak_pct": null, "trajectory": null, "latest_knesset": null, "right_bloc_share": null, "top_party": null, "turnout": null, "se_cluster": null, "se_rank": null, "built_up_dunams": null, "govt_decision_type": null, "govt_decision_date": null}}, {"type": "Feature", "geometry": {"type": "Point", "coordinates": [35.366386, 31.819521]}, "properties": {"settlement_id": 348, "name_en": "Ohana - Cnaan Farm Farm", "name_he": "אוחנה - חוות כנען חווה", "type": "Outpost", "regional_council": "Jordan Valley", "urban_pattern": "Farm Outpost", "dist_gl_km": null, "elevation": null, "year_established": 2023, "status": "active", "latest_pop": null, "latest_pop_year": null, "peak_pop": null, "peak_year": null, "cagr_pct": null, "decline_from_peak_pct": null, "trajectory": null, "latest_knesset": null, "right_bloc_share": null, "top_party": null, "turnout": null, "se_cluster": null, "se_rank": null, "built_up_dunams": null, "govt_decision_type": null, "govt_decision_date": null}}, {"type": "Feature", "geometry": {"type": "Point", "coordinates": [35.447058, 32.235679]}, "properties": {"settlement_id": 349, "name_en": "Bekaot South - Neria's farm", "name_he": "בקעות דרום - החווה של נריה - מבוא השמש", "type": "Outpost", "regional_council": "Jordan Valley", "urban_pattern": "Farm Outpost", "dist_gl_km": null, "elevation": null, "year_established": 2023, "status": "active", "latest_pop": null, "latest_pop_year": null, "peak_pop": null, "peak_year": null, "cagr_pct": null, "decline_from_peak_pct": null, "trajectory": null, "latest_knesset": null, "right_bloc_share": null, "top_party": null, "turnout": null, "se_cluster": null, "se_rank": null, "built_up_dunams": null, "govt_decision_type": null, "govt_decision_date": null}}, {"type": "Feature", "geometry": {"type": "Point", "coordinates": [35.341228, 32.07099]}, "properties": {"settlement_id": 350, "name_en": "Bar Farm", "name_he": "חוות בר", "type": "Outpost", "regional_council": "Binyamin", "urban_pattern": "Farm Outpost", "dist_gl_km": null, "elevation": null, "year_established": 2023, "status": "active", "latest_pop": null, "latest_pop_year": null, "peak_pop": null, "peak_year": null, "cagr_pct": null, "decline_from_peak_pct": null, "trajectory": null, "latest_knesset": null, "right_bloc_share": null, "top_party": null, "turnout": null, "se_cluster": null, "se_rank": null, "built_up_dunams": null, "govt_decision_type": null, "govt_decision_date": null}}, {"type": "Feature", "geometry": {"type": "Point", "coordinates": [35.402588, 32.104067]}, "properties": {"settlement_id": 351, "name_en": "Gitit East - Dori's Farm", "name_he": "גיתית מזרח - נוף הרים", "type": "Outpost", "regional_council": "Jordan Valley", "urban_pattern": "Farm Outpost", "dist_gl_km": null, "elevation": null, "year_established": 2023, "status": "active", "latest_pop": null, "latest_pop_year": null, "peak_pop": null, "peak_year": null, "cagr_pct": null, "decline_from_peak_pct": null, "trajectory": null, "latest_knesset": null, "right_bloc_share": null, "top_party": null, "turnout": null, "se_cluster": null, "se_rank": null, "built_up_dunams": null, "govt_decision_type": null, "govt_decision_date": null}}, {"type": "Feature", "geometry": {"type": "Point", "coordinates": [35.176477, 32.265669]}, "properties": {"settlement_id": 352, "name_en": "Gal Yossef", "name_he": "גל יוסף", "type": "Outpost", "regional_council": "Binyamin", "urban_pattern": "Farm Outpost", "dist_gl_km": null, "elevation": null, "year_established": 2024, "status": "active", "latest_pop": null, "latest_pop_year": null, "peak_pop": null, "peak_year": null, "cagr_pct": null, "decline_from_peak_pct": null, "trajectory": null, "latest_knesset": null, "right_bloc_share": null, "top_party": null, "turnout": null, "se_cluster": null, "se_rank": null, "built_up_dunams": null, "govt_decision_type": null, "govt_decision_date": null}}, {"type": "Feature", "geometry": {"type": "Point", "coordinates": [35.338681, 31.949952]}, "properties": {"settlement_id": 353, "name_en": "Kochav Hashahar West - Mizpe Lea", "name_he": "כוכב השחר מערב - מצפה לאה", "type": "Outpost", "regional_council": "Binyamin", "urban_pattern": "Outpost", "dist_gl_km": null, "elevation": null, "year_established": 2024, "status": "active", "latest_pop": null, "latest_pop_year": null, "peak_pop": null, "peak_year": null, "cagr_pct": null, "decline_from_peak_pct": null, "trajectory": null, "latest_knesset": null, "right_bloc_share": null, "top_party": null, "turnout": null, "se_cluster": null, "se_rank": null, "built_up_dunams": null, "govt_decision_type": null, "govt_decision_date": null}}, {"type": "Feature", "geometry": {"type": "Point", "coordinates": [35.174295, 32.264924]}, "properties": {"settlement_id": 354, "name_en": "Shaveh Shomron Farm", "name_he": "חוות שבי שומרון", "type": "Outpost", "regional_council": "Shomron", "urban_pattern": "Farm Outpost", "dist_gl_km": null, "elevation": null, "year_established": 2024, "status": "active", "latest_pop": null, "latest_pop_year": null, "peak_pop": null, "peak_year": null, "cagr_pct": null, "decline_from_peak_pct": null, "trajectory": null, "latest_knesset": null, "right_bloc_share": null, "top_party": null, "turnout": null, "se_cluster": null, "se_rank": null, "built_up_dunams": null, "govt_decision_type": null, "govt_decision_date": null}}, {"type": "Feature", "geometry": {"type": "Point", "coordinates": [35.251291, 31.631328]}, "properties": {"settlement_id": 355, "name_en": "Tekoa' F - Neighborhood", "name_he": "תקוע ו' - שכונה", "type": "Outpost", "regional_council": null, "urban_pattern": "Outpost", "dist_gl_km": null, "elevation": null, "year_established": 2024, "status": "active", "latest_pop": null, "latest_pop_year": null, "peak_pop": null, "peak_year": null, "cagr_pct": null, "decline_from_peak_pct": null, "trajectory": null, "latest_knesset": null, "right_bloc_share": null, "top_party": null, "turnout": null, "se_cluster": null, "se_rank": null, "built_up_dunams": null, "govt_decision_type": null, "govt_decision_date": null}}, {"type": "Feature", "geometry": {"type": "Point", "coordinates": [35.251477, 31.62125]}, "properties": {"settlement_id": 356, "name_en": "Zohar Yehuda Farm", "name_he": "חוות זוהר יהודה - הר עזרור", "type": "Outpost", "regional_council": null, "urban_pattern": "Farm Outpost", "dist_gl_km": null, "elevation": null, "year_established": 2024, "status": "active", "latest_pop": null, "latest_pop_year": null, "peak_pop": null, "peak_year": null, "cagr_pct": null, "decline_from_peak_pct": null, "trajectory": null, "latest_knesset": null, "right_bloc_share": null, "top_party": null, "turnout": null, "se_cluster": null, "se_rank": null, "built_up_dunams": null, "govt_decision_type": null, "govt_decision_date": null}}, {"type": "Feature", "geometry": {"type": "Point", "coordinates": [35.174954, 31.482174]}, "properties": {"settlement_id": 357, "name_en": "Malache Avraham Farm - Pnei Hever East", "name_he": "פני חבר מזרח - מלאכי אברהם - חוות מתניה", "type": "Outpost", "regional_council": "Har Hevron", "urban_pattern": "Farm Outpost", "dist_gl_km": null, "elevation": null, "year_established": 2024, "status": "active", "latest_pop": null, "latest_pop_year": null, "peak_pop": null, "peak_year": null, "cagr_pct": null, "decline_from_peak_pct": null, "trajectory": null, "latest_knesset": null, "right_bloc_share": null, "top_party": null, "turnout": null, "se_cluster": null, "se_rank": null, "built_up_dunams": null, "govt_decision_type": null, "govt_decision_date": null}}, {"type": "Feature", "geometry": {"type": "Point", "coordinates": [35.250294, 32.055717]}, "properties": {"settlement_id": 358, "name_en": "Hoshen", "name_he": "חושן", "type": "Outpost", "regional_council": "Binyamin", "urban_pattern": "Outpost", "dist_gl_km": null, "elevation": null, "year_established": 2024, "status": "active", "latest_pop": null, "latest_pop_year": null, "peak_pop": null, "peak_year": null, "cagr_pct": null, "decline_from_peak_pct": null, "trajectory": null, "latest_knesset": null, "right_bloc_share": null, "top_party": null, "turnout": null, "se_cluster": null, "se_rank": null, "built_up_dunams": null, "govt_decision_type": null, "govt_decision_date": null}}, {"type": "Feature", "geometry": {"type": "Point", "coordinates": [35.483437, 32.13837]}, "properties": {"settlement_id": 359, "name_en": "Beit Eliyahu", "name_he": "בית אליהו", "type": "Outpost", "regional_council": "Jordan Valley", "urban_pattern": "Outpost", "dist_gl_km": null, "elevation": null, "year_established": 2024, "status": "active", "latest_pop": null, "latest_pop_year": null, "peak_pop": null, "peak_year": null, "cagr_pct": null, "decline_from_peak_pct": null, "trajectory": null, "latest_knesset": null, "right_bloc_share": null, "top_party": null, "turnout": null, "se_cluster": null, "se_rank": null, "built_up_dunams": null, "govt_decision_type": null, "govt_decision_date": null}}, {"type": "Feature", "geometry": {"type": "Point", "coordinates": [35.268453, 31.93735]}, "properties": {"settlement_id": 360, "name_en": "Or Ahuvia -Maoz Ester B", "name_he": "אור אהוביה - מעוז אסתר ב'", "type": "Outpost", "regional_council": "Binyamin", "urban_pattern": "Outpost", "dist_gl_km": null, "elevation": null, "year_established": 2024, "status": "active", "latest_pop": null, "latest_pop_year": null, "peak_pop": null, "peak_year": null, "cagr_pct": null, "decline_from_peak_pct": null, "trajectory": null, "latest_knesset": null, "right_bloc_share": null, "top_party": null, "turnout": null, "se_cluster": null, "se_rank": null, "built_up_dunams": null, "govt_decision_type": null, "govt_decision_date": null}}, {"type": "Feature", "geometry": {"type": "Point", "coordinates": [35.238899, 31.596699]}, "properties": {"settlement_id": 361, "name_en": "Noda' BeYehuda", "name_he": "נודע ביהודה", "type": "Outpost", "regional_council": "Gush Etzion", "urban_pattern": "Outpost", "dist_gl_km": null, "elevation": null, "year_established": 2024, "status": "active", "latest_pop": null, "latest_pop_year": null, "peak_pop": null, "peak_year": null, "cagr_pct": null, "decline_from_peak_pct": null, "trajectory": null, "latest_knesset": null, "right_bloc_share": null, "top_party": null, "turnout": null, "se_cluster": null, "se_rank": null, "built_up_dunams": null, "govt_decision_type": null, "govt_decision_date": null}}, {"type": "Feature", "geometry": {"type": "Point", "coordinates": [35.323703, 31.774386]}, "properties": {"settlement_id": 362, "name_en": "Adumim Farm", "name_he": "חוות אדומים", "type": "Outpost", "regional_council": "Maale Adumim", "urban_pattern": "Farm Outpost", "dist_gl_km": null, "elevation": null, "year_established": 2024, "status": "active", "latest_pop": null, "latest_pop_year": null, "peak_pop": null, "peak_year": null, "cagr_pct": null, "decline_from_peak_pct": null, "trajectory": null, "latest_knesset": null, "right_bloc_share": null, "top_party": null, "turnout": null, "se_cluster": null, "se_rank": null, "built_up_dunams": null, "govt_decision_type": null, "govt_decision_date": null}}, {"type": "Feature", "geometry": {"type": "Point", "coordinates": [35.249828, 31.625584]}, "properties": {"settlement_id": 363, "name_en": "Khan Ushpizin", "name_he": "חאן האושפיזין", "type": "Outpost", "regional_council": null, "urban_pattern": "Farm Outpost", "dist_gl_km": null, "elevation": null, "year_established": 2024, "status": "active", "latest_pop": null, "latest_pop_year": null, "peak_pop": null, "peak_year": null, "cagr_pct": null, "decline_from_peak_pct": null, "trajectory": null, "latest_knesset": null, "right_bloc_share": null, "top_party": null, "turnout": null, "se_cluster": null, "se_rank": null, "built_up_dunams": null, "govt_decision_type": null, "govt_decision_date": null}}, {"type": "Feature", "geometry": {"type": "Point", "coordinates": [35.243586, 31.906197]}, "properties": {"settlement_id": 364, "name_en": "Tzur Harel Farm", "name_he": "חוות צור הראל", "type": "Outpost", "regional_council": "Binyamin", "urban_pattern": "Farm Outpost", "dist_gl_km": null, "elevation": null, "year_established": 2024, "status": "active", "latest_pop": null, "latest_pop_year": null, "peak_pop": null, "peak_year": null, "cagr_pct": null, "decline_from_peak_pct": null, "trajectory": null, "latest_knesset": null, "right_bloc_share": null, "top_party": null, "turnout": null, "se_cluster": null, "se_rank": null, "built_up_dunams": null, "govt_decision_type": null, "govt_decision_date": null}}, {"type": "Feature", "geometry": {"type": "Point", "coordinates": [35.280664, 31.954347]}, "properties": {"settlement_id": 365, "name_en": "Amona Farm", "name_he": "חוות עמונה - מצפה רועים", "type": "Outpost", "regional_council": "Binyamin", "urban_pattern": "Farm Outpost", "dist_gl_km": null, "elevation": null, "year_established": 2024, "status": "active", "latest_pop": null, "latest_pop_year": null, "peak_pop": null, "peak_year": null, "cagr_pct": null, "decline_from_peak_pct": null, "trajectory": null, "latest_knesset": null, "right_bloc_share": null, "top_party": null, "turnout": null, "se_cluster": null, "se_rank": null, "built_up_dunams": null, "govt_decision_type": null, "govt_decision_date": null}}, {"type": "Feature", "geometry": {"type": "Point", "coordinates": [35.203135, 31.594397]}, "properties": {"settlement_id": 366, "name_en": "Pnei Kedem North - Derech HaShem", "name_he": "פני קדם צפון - דרך ה'", "type": "Outpost", "regional_council": "Gush Etzion", "urban_pattern": "Outpost", "dist_gl_km": null, "elevation": null, "year_established": 2024, "status": "active", "latest_pop": null, "latest_pop_year": null, "peak_pop": null, "peak_year": null, "cagr_pct": null, "decline_from_peak_pct": null, "trajectory": null, "latest_knesset": null, "right_bloc_share": null, "top_party": null, "turnout": null, "se_cluster": null, "se_rank": null, "built_up_dunams": null, "govt_decision_type": null, "govt_decision_date": null}}, {"type": "Feature", "geometry": {"type": "Point", "coordinates": [35.430421, 31.911834]}, "properties": {"settlement_id": 367, "name_en": "Tamir's Family Farm - Mevoo't Jericho East", "name_he": "שער המלך - מבואות יריחו מזרח", "type": "Outpost", "regional_council": "Jordan Valley", "urban_pattern": "Farm Outpost", "dist_gl_km": null, "elevation": null, "year_established": 2024, "status": "active", "latest_pop": null, "latest_pop_year": null, "peak_pop": null, "peak_year": null, "cagr_pct": null, "decline_from_peak_pct": null, "trajectory": null, "latest_knesset": null, "right_bloc_share": null, "top_party": null, "turnout": null, "se_cluster": null, "se_rank": null, "built_up_dunams": null, "govt_decision_type": null, "govt_decision_date": null}}, {"type": "Feature", "geometry": {"type": "Point", "coordinates": [35.146318, 31.967066]}, "properties": {"settlement_id": 368, "name_en": "Giva't Yavo Dodi", "name_he": "גבעת יבוא דודי", "type": "Outpost", "regional_council": "Binyamin", "urban_pattern": "Farm Outpost", "dist_gl_km": null, "elevation": null, "year_established": 2024, "status": "active", "latest_pop": null, "latest_pop_year": null, "peak_pop": null, "peak_year": null, "cagr_pct": null, "decline_from_peak_pct": null, "trajectory": null, "latest_knesset": null, "right_bloc_share": null, "top_party": null, "turnout": null, "se_cluster": null, "se_rank": null, "built_up_dunams": null, "govt_decision_type": null, "govt_decision_date": null}}, {"type": "Feature", "geometry": {"type": "Point", "coordinates": [35.332061, 31.99679]}, "properties": {"settlement_id": 369, "name_en": "Shlisha Farm", "name_he": "חוות שלישה - מערבית למחצבת כוכב השחר", "type": "Outpost", "regional_council": "Binyamin", "urban_pattern": "Farm Outpost", "dist_gl_km": null, "elevation": null, "year_established": 2024, "status": "active", "latest_pop": null, "latest_pop_year": null, "peak_pop": null, "peak_year": null, "cagr_pct": null, "decline_from_peak_pct": null, "trajectory": null, "latest_knesset": null, "right_bloc_share": null, "top_party": null, "turnout": null, "se_cluster": null, "se_rank": null, "built_up_dunams": null, "govt_decision_type": null, "govt_decision_date": null}}, {"type": "Feature", "geometry": {"type": "Point", "coordinates": [35.037465, 31.444279]}, "properties": {"settlement_id": 370, "name_en": "Beer Elhanan", "name_he": "באר אלחנן - עתניאל", "type": "Outpost", "regional_council": "Har Hebron", "urban_pattern": "Outpost", "dist_gl_km": null, "elevation": null, "year_established": 2024, "status": "active", "latest_pop": null, "latest_pop_year": null, "peak_pop": null, "peak_year": null, "cagr_pct": null, "decline_from_peak_pct": null, "trajectory": null, "latest_knesset": null, "right_bloc_share": null, "top_party": null, "turnout": null, "se_cluster": null, "se_rank": null, "built_up_dunams": null, "govt_decision_type": null, "govt_decision_date": null}}, {"type": "Feature", "geometry": {"type": "Point", "coordinates": [35.334876, 31.9992]}, "properties": {"settlement_id": 371, "name_en": "Mizpe Moti", "name_he": "מצפה מוטי", "type": "Outpost", "regional_council": "Shomron", "urban_pattern": "Outpost", "dist_gl_km": null, "elevation": null, "year_established": 2024, "status": "active", "latest_pop": null, "latest_pop_year": null, "peak_pop": null, "peak_year": null, "cagr_pct": null, "decline_from_peak_pct": null, "trajectory": null, "latest_knesset": null, "right_bloc_share": null, "top_party": null, "turnout": null, "se_cluster": null, "se_rank": null, "built_up_dunams": null, "govt_decision_type": null, "govt_decision_date": null}}, {"type": "Feature", "geometry": {"type": "Point", "coordinates": [35.126969, 31.978042]}, "properties": {"settlement_id": 372, "name_en": "Gofna", "name_he": "גופנה", "type": "Outpost", "regional_council": "Binyamin", "urban_pattern": "Outpost", "dist_gl_km": null, "elevation": null, "year_established": 2024, "status": "active", "latest_pop": null, "latest_pop_year": null, "peak_pop": null, "peak_year": null, "cagr_pct": null, "decline_from_peak_pct": null, "trajectory": null, "latest_knesset": null, "right_bloc_share": null, "top_party": null, "turnout": null, "se_cluster": null, "se_rank": null, "built_up_dunams": null, "govt_decision_type": null, "govt_decision_date": null}}, {"type": "Feature", "geometry": {"type": "Point", "coordinates": [35.258968, 31.644488]}, "properties": {"settlement_id": 373, "name_en": "Maale Rehava'm South", "name_he": "מעלה רחבעם דרום", "type": "Outpost", "regional_council": "Gush Ezion", "urban_pattern": "Outpost", "dist_gl_km": null, "elevation": null, "year_established": 2024, "status": "active", "latest_pop": null, "latest_pop_year": null, "peak_pop": null, "peak_year": null, "cagr_pct": null, "decline_from_peak_pct": null, "trajectory": null, "latest_knesset": null, "right_bloc_share": null, "top_party": null, "turnout": null, "se_cluster": null, "se_rank": null, "built_up_dunams": null, "govt_decision_type": null, "govt_decision_date": null}}, {"type": "Feature", "geometry": {"type": "Point", "coordinates": [35.277642, 31.943524]}, "properties": {"settlement_id": 374, "name_en": "Ofra South-East - Baruchi's Farm", "name_he": "עפרה דרום מזרח - חוות אורנים החווה של ברוכי", "type": "Outpost", "regional_council": "Binyamin", "urban_pattern": "Farm Outpost", "dist_gl_km": null, "elevation": null, "year_established": 2024, "status": "active", "latest_pop": null, "latest_pop_year": null, "peak_pop": null, "peak_year": null, "cagr_pct": null, "decline_from_peak_pct": null, "trajectory": null, "latest_knesset": null, "right_bloc_share": null, "top_party": null, "turnout": null, "se_cluster": null, "se_rank": null, "built_up_dunams": null, "govt_decision_type": null, "govt_decision_date": null}}, {"type": "Feature", "geometry": {"type": "Point", "coordinates": [35.327453, 32.028485]}, "properties": {"settlement_id": 375, "name_en": "Or Nahman", "name_he": "אור נחמן", "type": "Outpost", "regional_council": null, "urban_pattern": "Farm Outpost", "dist_gl_km": null, "elevation": null, "year_established": 2024, "status": "active", "latest_pop": null, "latest_pop_year": null, "peak_pop": null, "peak_year": null, "cagr_pct": null, "decline_from_peak_pct": null, "trajectory": null, "latest_knesset": null, "right_bloc_share": null, "top_party": null, "turnout": null, "se_cluster": null, "se_rank": null, "built_up_dunams": null, "govt_decision_type": null, "govt_decision_date": null}}, {"type": "Feature", "geometry": {"type": "Point", "coordinates": [35.304636, 31.894275]}, "properties": {"settlement_id": 376, "name_en": "Hanina Farm", "name_he": "חוות חנינה", "type": "Outpost", "regional_council": "Binyamin", "urban_pattern": "Farm Outpost", "dist_gl_km": null, "elevation": null, "year_established": 2024, "status": "active", "latest_pop": null, "latest_pop_year": null, "peak_pop": null, "peak_year": null, "cagr_pct": null, "decline_from_peak_pct": null, "trajectory": null, "latest_knesset": null, "right_bloc_share": null, "top_party": null, "turnout": null, "se_cluster": null, "se_rank": null, "built_up_dunams": null, "govt_decision_type": null, "govt_decision_date": null}}, {"type": "Feature", "geometry": {"type": "Point", "coordinates": [35.176819, 31.470671]}, "properties": {"settlement_id": 377, "name_en": "Midbar Hever Farm B", "name_he": "חוות נתן ברוך - מדבר חבר ב'", "type": "Outpost", "regional_council": "Gush Etzion", "urban_pattern": "Farm Outpost", "dist_gl_km": null, "elevation": null, "year_established": 2024, "status": "active", "latest_pop": null, "latest_pop_year": null, "peak_pop": null, "peak_year": null, "cagr_pct": null, "decline_from_peak_pct": null, "trajectory": null, "latest_knesset": null, "right_bloc_share": null, "top_party": null, "turnout": null, "se_cluster": null, "se_rank": null, "built_up_dunams": null, "govt_decision_type": null, "govt_decision_date": null}}, {"type": "Feature", "geometry": {"type": "Point", "coordinates": [35.061805, 32.054777]}, "properties": {"settlement_id": 378, "name_en": "New Tzarda Farm", "name_he": "חוות צרדה החדשה", "type": "Outpost", "regional_council": "Shomron", "urban_pattern": "Farm Outpost", "dist_gl_km": null, "elevation": null, "year_established": 2024, "status": "active", "latest_pop": null, "latest_pop_year": null, "peak_pop": null, "peak_year": null, "cagr_pct": null, "decline_from_peak_pct": null, "trajectory": null, "latest_knesset": null, "right_bloc_share": null, "top_party": null, "turnout": null, "se_cluster": null, "se_rank": null, "built_up_dunams": null, "govt_decision_type": null, "govt_decision_date": null}}, {"type": "Feature", "geometry": {"type": "Point", "coordinates": [35.141409, 31.38774]}, "properties": {"settlement_id": 379, "name_en": "Mizpe Yair North", "name_he": "מצפה יאיר צפון - סימרי", "type": "Outpost", "regional_council": "Har Hebron", "urban_pattern": "Farm Outpost", "dist_gl_km": null, "elevation": null, "year_established": 2024, "status": "active", "latest_pop": null, "latest_pop_year": null, "peak_pop": null, "peak_year": null, "cagr_pct": null, "decline_from_peak_pct": null, "trajectory": null, "latest_knesset": null, "right_bloc_share": null, "top_party": null, "turnout": null, "se_cluster": null, "se_rank": null, "built_up_dunams": null, "govt_decision_type": null, "govt_decision_date": null}}, {"type": "Feature", "geometry": {"type": "Point", "coordinates": [35.430839, 32.020943]}, "properties": {"settlement_id": 380, "name_en": "Mizpe Michal Farm", "name_he": "חוות מצפה מיכל - תומר מערב", "type": "Outpost", "regional_council": "Jordan Valley", "urban_pattern": "Farm Outpost", "dist_gl_km": null, "elevation": null, "year_established": 2024, "status": "active", "latest_pop": null, "latest_pop_year": null, "peak_pop": null, "peak_year": null, "cagr_pct": null, "decline_from_peak_pct": null, "trajectory": null, "latest_knesset": null, "right_bloc_share": null, "top_party": null, "turnout": null, "se_cluster": null, "se_rank": null, "built_up_dunams": null, "govt_decision_type": null, "govt_decision_date": null}}, {"type": "Feature", "geometry": {"type": "Point", "coordinates": [35.120818, 32.416002]}, "properties": {"settlement_id": 381, "name_en": "Eretz Kama Farm", "name_he": "חרמש דרום - חוות ארץ קמה", "type": "Outpost", "regional_council": "Shomron", "urban_pattern": "Farm Outpost", "dist_gl_km": null, "elevation": null, "year_established": 2024, "status": "active", "latest_pop": null, "latest_pop_year": null, "peak_pop": null, "peak_year": null, "cagr_pct": null, "decline_from_peak_pct": null, "trajectory": null, "latest_knesset": null, "right_bloc_share": null, "top_party": null, "turnout": null, "se_cluster": null, "se_rank": null, "built_up_dunams": null, "govt_decision_type": null, "govt_decision_date": null}}, {"type": "Feature", "geometry": {"type": "Point", "coordinates": [35.435261, 31.98576]}, "properties": {"settlement_id": 382, "name_en": "Netiv Hagdud Farm", "name_he": "חוות נתיב הגדוד (החווה של שלמה)", "type": "Outpost", "regional_council": "Binyamin", "urban_pattern": "Farm Outpost", "dist_gl_km": null, "elevation": null, "year_established": 2024, "status": "active", "latest_pop": null, "latest_pop_year": null, "peak_pop": null, "peak_year": null, "cagr_pct": null, "decline_from_peak_pct": null, "trajectory": null, "latest_knesset": null, "right_bloc_share": null, "top_party": null, "turnout": null, "se_cluster": null, "se_rank": null, "built_up_dunams": null, "govt_decision_type": null, "govt_decision_date": null}}, {"type": "Feature", "geometry": {"type": "Point", "coordinates": [35.336017, 31.810598]}, "properties": {"settlement_id": 383, "name_en": "Khan al-Ahmar - Kfar Edomim South", "name_he": "חוות חאן אלאחמר - אחוות רעים", "type": "Outpost", "regional_council": "Binyamin", "urban_pattern": "Farm Outpost", "dist_gl_km": null, "elevation": null, "year_established": 2024, "status": "active", "latest_pop": null, "latest_pop_year": null, "peak_pop": null, "peak_year": null, "cagr_pct": null, "decline_from_peak_pct": null, "trajectory": null, "latest_knesset": null, "right_bloc_share": null, "top_party": null, "turnout": null, "se_cluster": null, "se_rank": null, "built_up_dunams": null, "govt_decision_type": null, "govt_decision_date": null}}, {"type": "Feature", "geometry": {"type": "Point", "coordinates": [35.310446, 32.187623]}, "properties": {"settlement_id": 384, "name_en": "Sde Shechem Farm", "name_he": "חוות שדה שכם - עוז יוסף", "type": "Outpost", "regional_council": "Shomron", "urban_pattern": "Farm Outpost", "dist_gl_km": null, "elevation": null, "year_established": 2024, "status": "active", "latest_pop": null, "latest_pop_year": null, "peak_pop": null, "peak_year": null, "cagr_pct": null, "decline_from_peak_pct": null, "trajectory": null, "latest_knesset": null, "right_bloc_share": null, "top_party": null, "turnout": null, "se_cluster": null, "se_rank": null, "built_up_dunams": null, "govt_decision_type": null, "govt_decision_date": null}}, {"type": "Feature", "geometry": {"type": "Point", "coordinates": [35.491103, 32.33108]}, "properties": {"settlement_id": 385, "name_en": "Umm Jamal - Maskiyot North", "name_he": "אום ג'מאל - חוות יחד לבבי", "type": "Outpost", "regional_council": "Binyamin", "urban_pattern": "Farm Outpost", "dist_gl_km": null, "elevation": null, "year_established": 2024, "status": "active", "latest_pop": null, "latest_pop_year": null, "peak_pop": null, "peak_year": null, "cagr_pct": null, "decline_from_peak_pct": null, "trajectory": null, "latest_knesset": null, "right_bloc_share": null, "top_party": null, "turnout": null, "se_cluster": null, "se_rank": null, "built_up_dunams": null, "govt_decision_type": null, "govt_decision_date": null}}, {"type": "Feature", "geometry": {"type": "Point", "coordinates": [35.030366, 31.961005]}, "properties": {"settlement_id": 386, "name_en": "Magenzi B Farm", "name_he": "חוות מגנזי ב'", "type": "Outpost", "regional_council": "Binyamin", "urban_pattern": "Farm Outpost", "dist_gl_km": null, "elevation": null, "year_established": 2024, "status": "active", "latest_pop": null, "latest_pop_year": null, "peak_pop": null, "peak_year": null, "cagr_pct": null, "decline_from_peak_pct": null, "trajectory": null, "latest_knesset": null, "right_bloc_share": null, "top_party": null, "turnout": null, "se_cluster": null, "se_rank": null, "built_up_dunams": null, "govt_decision_type": null, "govt_decision_date": null}}, {"type": "Feature", "geometry": {"type": "Point", "coordinates": [35.034664, 32.003898]}, "properties": {"settlement_id": 387, "name_en": "Hesed Olam Farm", "name_he": "עופרים דרום - חוות חסד עולם", "type": "Outpost", "regional_council": "Binyamin", "urban_pattern": "Farm Outpost", "dist_gl_km": null, "elevation": null, "year_established": 2024, "status": "active", "latest_pop": null, "latest_pop_year": null, "peak_pop": null, "peak_year": null, "cagr_pct": null, "decline_from_peak_pct": null, "trajectory": null, "latest_knesset": null, "right_bloc_share": null, "top_party": null, "turnout": null, "se_cluster": null, "se_rank": null, "built_up_dunams": null, "govt_decision_type": null, "govt_decision_date": null}}, {"type": "Feature", "geometry": {"type": "Point", "coordinates": [35.0377, 31.571185]}, "properties": {"settlement_id": 388, "name_en": "Telem North - Uri", "name_he": "תלם צפון - שכונת אורי", "type": "Outpost", "regional_council": "Har Hebron", "urban_pattern": "Outpost", "dist_gl_km": null, "elevation": null, "year_established": 2024, "status": "active", "latest_pop": null, "latest_pop_year": null, "peak_pop": null, "peak_year": null, "cagr_pct": null, "decline_from_peak_pct": null, "trajectory": null, "latest_knesset": null, "right_bloc_share": null, "top_party": null, "turnout": null, "se_cluster": null, "se_rank": null, "built_up_dunams": null, "govt_decision_type": null, "govt_decision_date": null}}, {"type": "Feature", "geometry": {"type": "Point", "coordinates": [35.429962, 31.869505]}, "properties": {"settlement_id": 389, "name_en": "The Places Farm", "name_he": "חוות הארמונות", "type": "Outpost", "regional_council": null, "urban_pattern": "Farm Outpost", "dist_gl_km": null, "elevation": null, "year_established": 2024, "status": "active", "latest_pop": null, "latest_pop_year": null, "peak_pop": null, "peak_year": null, "cagr_pct": null, "decline_from_peak_pct": null, "trajectory": null, "latest_knesset": null, "right_bloc_share": null, "top_party": null, "turnout": null, "se_cluster": null, "se_rank": null, "built_up_dunams": null, "govt_decision_type": null, "govt_decision_date": null}}, {"type": "Feature", "geometry": {"type": "Point", "coordinates": [35.02583, 31.554901]}, "properties": {"settlement_id": 390, "name_en": "Adora East", "name_he": "אדורה מזרח - מצפה ש\"י", "type": "Outpost", "regional_council": "Har Hebron", "urban_pattern": "Outpost", "dist_gl_km": null, "elevation": null, "year_established": 2024, "status": "active", "latest_pop": null, "latest_pop_year": null, "peak_pop": null, "peak_year": null, "cagr_pct": null, "decline_from_peak_pct": null, "trajectory": null, "latest_knesset": null, "right_bloc_share": null, "top_party": null, "turnout": null, "se_cluster": null, "se_rank": null, "built_up_dunams": null, "govt_decision_type": null, "govt_decision_date": null}}, {"type": "Feature", "geometry": {"type": "Point", "coordinates": [35.270676, 32.091981]}, "properties": {"settlement_id": 391, "name_en": "Palgei Mayim Farm", "name_he": "חוות פלגי מים", "type": "Outpost", "regional_council": "Binyamin", "urban_pattern": "Farm Outpost", "dist_gl_km": null, "elevation": null, "year_established": 2024, "status": "active", "latest_pop": null, "latest_pop_year": null, "peak_pop": null, "peak_year": null, "cagr_pct": null, "decline_from_peak_pct": null, "trajectory": null, "latest_knesset": null, "right_bloc_share": null, "top_party": null, "turnout": null, "se_cluster": null, "se_rank": null, "built_up_dunams": null, "govt_decision_type": null, "govt_decision_date": null}}, {"type": "Feature", "geometry": {"type": "Point", "coordinates": [35.410303, 31.950411]}, "properties": {"settlement_id": 392, "name_en": "Hauja - Yitav North Farm", "name_he": "חוות העוג'ה - ייטב צפון", "type": "Outpost", "regional_council": "Jordan Valley", "urban_pattern": "Farm Outpost", "dist_gl_km": null, "elevation": null, "year_established": 2024, "status": "active", "latest_pop": null, "latest_pop_year": null, "peak_pop": null, "peak_year": null, "cagr_pct": null, "decline_from_peak_pct": null, "trajectory": null, "latest_knesset": null, "right_bloc_share": null, "top_party": null, "turnout": null, "se_cluster": null, "se_rank": null, "built_up_dunams": null, "govt_decision_type": null, "govt_decision_date": null}}, {"type": "Feature", "geometry": {"type": "Point", "coordinates": [35.244686, 31.602195]}, "properties": {"settlement_id": 393, "name_en": "Mikne Avraham", "name_he": "מקנה אברהם", "type": "Outpost", "regional_council": "Gush Etzion", "urban_pattern": "Farm Outpost", "dist_gl_km": null, "elevation": null, "year_established": 2024, "status": "active", "latest_pop": null, "latest_pop_year": null, "peak_pop": null, "peak_year": null, "cagr_pct": null, "decline_from_peak_pct": null, "trajectory": null, "latest_knesset": null, "right_bloc_share": null, "top_party": null, "turnout": null, "se_cluster": null, "se_rank": null, "built_up_dunams": null, "govt_decision_type": null, "govt_decision_date": null}}, {"type": "Feature", "geometry": {"type": "Point", "coordinates": [35.131439, 32.077507]}, "properties": {"settlement_id": 394, "name_en": "Shovel Farm Ariel Industrial area", "name_he": "חוות שובאל - א.תעשיה אריאל", "type": "Outpost", "regional_council": "Shomron", "urban_pattern": "Farm Outpost", "dist_gl_km": null, "elevation": null, "year_established": 2024, "status": "active", "latest_pop": null, "latest_pop_year": null, "peak_pop": null, "peak_year": null, "cagr_pct": null, "decline_from_peak_pct": null, "trajectory": null, "latest_knesset": null, "right_bloc_share": null, "top_party": null, "turnout": null, "se_cluster": null, "se_rank": null, "built_up_dunams": null, "govt_decision_type": null, "govt_decision_date": null}}, {"type": "Feature", "geometry": {"type": "Point", "coordinates": [35.130759, 31.943401]}, "properties": {"settlement_id": 395, "name_en": "Talmonim North", "name_he": "טלמונים צפון", "type": "Outpost", "regional_council": "Binyamin", "urban_pattern": "Outpost", "dist_gl_km": null, "elevation": null, "year_established": 2024, "status": "active", "latest_pop": null, "latest_pop_year": null, "peak_pop": null, "peak_year": null, "cagr_pct": null, "decline_from_peak_pct": null, "trajectory": null, "latest_knesset": null, "right_bloc_share": null, "top_party": null, "turnout": null, "se_cluster": null, "se_rank": null, "built_up_dunams": null, "govt_decision_type": null, "govt_decision_date": null}}, {"type": "Feature", "geometry": {"type": "Point", "coordinates": [35.245428, 31.623644]}, "properties": {"settlement_id": 396, "name_en": "Tekoa H", "name_he": "תקוע ח'", "type": "Outpost", "regional_council": "Gush Etzion", "urban_pattern": "Outpost", "dist_gl_km": null, "elevation": null, "year_established": 2024, "status": "active", "latest_pop": null, "latest_pop_year": null, "peak_pop": null, "peak_year": null, "cagr_pct": null, "decline_from_peak_pct": null, "trajectory": null, "latest_knesset": null, "right_bloc_share": null, "top_party": null, "turnout": null, "se_cluster": null, "se_rank": null, "built_up_dunams": null, "govt_decision_type": null, "govt_decision_date": null}}, {"type": "Feature", "geometry": {"type": "Point", "coordinates": [35.289701, 31.842501]}, "properties": {"settlement_id": 397, "name_en": "Giva't Tzon Binyamin", "name_he": "גבעת צאן בנימין - דרומית לאדם", "type": "Outpost", "regional_council": "Binyamin", "urban_pattern": "Farm Outpost", "dist_gl_km": null, "elevation": null, "year_established": 2024, "status": "active", "latest_pop": null, "latest_pop_year": null, "peak_pop": null, "peak_year": null, "cagr_pct": null, "decline_from_peak_pct": null, "trajectory": null, "latest_knesset": null, "right_bloc_share": null, "top_party": null, "turnout": null, "se_cluster": null, "se_rank": null, "built_up_dunams": null, "govt_decision_type": null, "govt_decision_date": null}}, {"type": "Feature", "geometry": {"type": "Point", "coordinates": [35.441197, 32.15927]}, "properties": {"settlement_id": 398, "name_en": "Avia Farm - Mechora East", "name_he": "חוות אביה - מכורה מזרח", "type": "Outpost", "regional_council": "Jordan Valley", "urban_pattern": "Farm Outpost", "dist_gl_km": null, "elevation": null, "year_established": 2024, "status": "active", "latest_pop": null, "latest_pop_year": null, "peak_pop": null, "peak_year": null, "cagr_pct": null, "decline_from_peak_pct": null, "trajectory": null, "latest_knesset": null, "right_bloc_share": null, "top_party": null, "turnout": null, "se_cluster": null, "se_rank": null, "built_up_dunams": null, "govt_decision_type": null, "govt_decision_date": null}}, {"type": "Feature", "geometry": {"type": "Point", "coordinates": [35.102819, 31.39551]}, "properties": {"settlement_id": 399, "name_en": "Givat Hadagel B", "name_he": "גבעת הדגל ב'", "type": "Outpost", "regional_council": "Har Hebron", "urban_pattern": "Farm Outpost", "dist_gl_km": null, "elevation": null, "year_established": 2024, "status": "active", "latest_pop": null, "latest_pop_year": null, "peak_pop": null, "peak_year": null, "cagr_pct": null, "decline_from_peak_pct": null, "trajectory": null, "latest_knesset": null, "right_bloc_share": null, "top_party": null, "turnout": null, "se_cluster": null, "se_rank": null, "built_up_dunams": null, "govt_decision_type": null, "govt_decision_date": null}}, {"type": "Feature", "geometry": {"type": "Point", "coordinates": [35.258285, 31.620964]}, "properties": {"settlement_id": 400, "name_en": "Tekoa I", "name_he": "תקוע ט'", "type": "Outpost", "regional_council": "Gush Etzion", "urban_pattern": "Farm Outpost", "dist_gl_km": null, "elevation": null, "year_established": 2024, "status": "active", "latest_pop": null, "latest_pop_year": null, "peak_pop": null, "peak_year": null, "cagr_pct": null, "decline_from_peak_pct": null, "trajectory": null, "latest_knesset": null, "right_bloc_share": null, "top_party": null, "turnout": null, "se_cluster": null, "se_rank": null, "built_up_dunams": null, "govt_decision_type": null, "govt_decision_date": null}}, {"type": "Feature", "geometry": {"type": "Point", "coordinates": [35.276215, 31.626839]}, "properties": {"settlement_id": 401, "name_en": "Tekoa J", "name_he": "תקוע י'", "type": "Outpost", "regional_council": "Gush Etzion", "urban_pattern": "Farm Outpost", "dist_gl_km": null, "elevation": null, "year_established": 2024, "status": "active", "latest_pop": null, "latest_pop_year": null, "peak_pop": null, "peak_year": null, "cagr_pct": null, "decline_from_peak_pct": null, "trajectory": null, "latest_knesset": null, "right_bloc_share": null, "top_party": null, "turnout": null, "se_cluster": null, "se_rank": null, "built_up_dunams": null, "govt_decision_type": null, "govt_decision_date": null}}, {"type": "Feature", "geometry": {"type": "Point", "coordinates": [35.27049, 31.644779]}, "properties": {"settlement_id": 402, "name_en": "Maale Rehava'm East", "name_he": "מעלה רחבעם מזרח", "type": "Outpost", "regional_council": "Gush Etzion", "urban_pattern": "Farm Outpost", "dist_gl_km": null, "elevation": null, "year_established": 2024, "status": "active", "latest_pop": null, "latest_pop_year": null, "peak_pop": null, "peak_year": null, "cagr_pct": null, "decline_from_peak_pct": null, "trajectory": null, "latest_knesset": null, "right_bloc_share": null, "top_party": null, "turnout": null, "se_cluster": null, "se_rank": null, "built_up_dunams": null, "govt_decision_type": null, "govt_decision_date": null}}, {"type": "Feature", "geometry": {"type": "Point", "coordinates": [35.29912, 31.856302]}, "properties": {"settlement_id": 403, "name_en": "Bnayahu's Farm", "name_he": "החווה של בניהו", "type": "Outpost", "regional_council": "Binyamin", "urban_pattern": "Farm Outpost", "dist_gl_km": null, "elevation": null, "year_established": 2024, "status": "active", "latest_pop": null, "latest_pop_year": null, "peak_pop": null, "peak_year": null, "cagr_pct": null, "decline_from_peak_pct": null, "trajectory": null, "latest_knesset": null, "right_bloc_share": null, "top_party": null, "turnout": null, "se_cluster": null, "se_rank": null, "built_up_dunams": null, "govt_decision_type": null, "govt_decision_date": null}}, {"type": "Feature", "geometry": {"type": "Point", "coordinates": [35.316968, 32.059091]}, "properties": {"settlement_id": 404, "name_en": "Shvut Rachel North - Or Avraham", "name_he": "שבות רחל צפון - אור אברהם", "type": "Outpost", "regional_council": "Binyamin", "urban_pattern": "Outpost", "dist_gl_km": null, "elevation": null, "year_established": 2024, "status": "active", "latest_pop": null, "latest_pop_year": null, "peak_pop": null, "peak_year": null, "cagr_pct": null, "decline_from_peak_pct": null, "trajectory": null, "latest_knesset": null, "right_bloc_share": null, "top_party": null, "turnout": null, "se_cluster": null, "se_rank": null, "built_up_dunams": null, "govt_decision_type": null, "govt_decision_date": null}}, {"type": "Feature", "geometry": {"type": "Point", "coordinates": [35.037925, 31.468163]}, "properties": {"settlement_id": 405, "name_en": "Otniel farm Farm", "name_he": "חוות עתניאל - אפקה", "type": "Outpost", "regional_council": "Har Hebron", "urban_pattern": "Farm Outpost", "dist_gl_km": null, "elevation": null, "year_established": 2024, "status": "active", "latest_pop": null, "latest_pop_year": null, "peak_pop": null, "peak_year": null, "cagr_pct": null, "decline_from_peak_pct": null, "trajectory": null, "latest_knesset": null, "right_bloc_share": null, "top_party": null, "turnout": null, "se_cluster": null, "se_rank": null, "built_up_dunams": null, "govt_decision_type": null, "govt_decision_date": null}}, {"type": "Feature", "geometry": {"type": "Point", "coordinates": [35.144231, 31.484244]}, "properties": {"settlement_id": 406, "name_en": "Pne Hever West", "name_he": "פני חבר מערב - מצפה זיו", "type": "Outpost", "regional_council": "Har Hebron", "urban_pattern": "Outpost", "dist_gl_km": null, "elevation": null, "year_established": 2024, "status": "active", "latest_pop": null, "latest_pop_year": null, "peak_pop": null, "peak_year": null, "cagr_pct": null, "decline_from_peak_pct": null, "trajectory": null, "latest_knesset": null, "right_bloc_share": null, "top_party": null, "turnout": null, "se_cluster": null, "se_rank": null, "built_up_dunams": null, "govt_decision_type": null, "govt_decision_date": null}}, {"type": "Feature", "geometry": {"type": "Point", "coordinates": [35.469611, 32.390706]}, "properties": {"settlement_id": 407, "name_en": "Amiel Farm - Bardale", "name_he": "החווה של עמיאל - ברדלה", "type": "Outpost", "regional_council": "Jordan Valley", "urban_pattern": "Farm Outpost", "dist_gl_km": null, "elevation": null, "year_established": 2024, "status": "active", "latest_pop": null, "latest_pop_year": null, "peak_pop": null, "peak_year": null, "cagr_pct": null, "decline_from_peak_pct": null, "trajectory": null, "latest_knesset": null, "right_bloc_share": null, "top_party": null, "turnout": null, "se_cluster": null, "se_rank": null, "built_up_dunams": null, "govt_decision_type": null, "govt_decision_date": null}}, {"type": "Feature", "geometry": {"type": "Point", "coordinates": [35.142273, 31.386533]}, "properties": {"settlement_id": 408, "name_en": "Mizpe Malkiya Farm", "name_he": "חוות מצפה מלכיה", "type": "Outpost", "regional_council": "Har Hebron", "urban_pattern": "Farm Outpost", "dist_gl_km": null, "elevation": null, "year_established": 2024, "status": "active", "latest_pop": null, "latest_pop_year": null, "peak_pop": null, "peak_year": null, "cagr_pct": null, "decline_from_peak_pct": null, "trajectory": null, "latest_knesset": null, "right_bloc_share": null, "top_party": null, "turnout": null, "se_cluster": null, "se_rank": null, "built_up_dunams": null, "govt_decision_type": null, "govt_decision_date": null}}, {"type": "Feature", "geometry": {"type": "Point", "coordinates": [35.244416, 31.98492]}, "properties": {"settlement_id": 409, "name_en": "Yad Hashomer", "name_he": "החווה של יהוראי מגורי - יד השומר", "type": "Outpost", "regional_council": "Binyamin", "urban_pattern": "Farm Outpost", "dist_gl_km": null, "elevation": null, "year_established": 2024, "status": "active", "latest_pop": null, "latest_pop_year": null, "peak_pop": null, "peak_year": null, "cagr_pct": null, "decline_from_peak_pct": null, "trajectory": null, "latest_knesset": null, "right_bloc_share": null, "top_party": null, "turnout": null, "se_cluster": null, "se_rank": null, "built_up_dunams": null, "govt_decision_type": null, "govt_decision_date": null}}, {"type": "Feature", "geometry": {"type": "Point", "coordinates": [35.081433, 31.488482]}, "properties": {"settlement_id": 410, "name_en": "Beit Hagai South", "name_he": "בית חגי דרום", "type": "Outpost", "regional_council": "Har Hebron", "urban_pattern": "Outpost", "dist_gl_km": null, "elevation": null, "year_established": 2024, "status": "active", "latest_pop": null, "latest_pop_year": null, "peak_pop": null, "peak_year": null, "cagr_pct": null, "decline_from_peak_pct": null, "trajectory": null, "latest_knesset": null, "right_bloc_share": null, "top_party": null, "turnout": null, "se_cluster": null, "se_rank": null, "built_up_dunams": null, "govt_decision_type": null, "govt_decision_date": null}}, {"type": "Feature", "geometry": {"type": "Point", "coordinates": [35.037925, 31.360834]}, "properties": {"settlement_id": 411, "name_en": "New Mikne Avraham Farm", "name_he": "חוות מקנה יהודה החדשה - עשהאל דרום - גבעת שמורת השיט", "type": "Outpost", "regional_council": "Har Hebron", "urban_pattern": "Farm Outpost", "dist_gl_km": null, "elevation": null, "year_established": 2024, "status": "active", "latest_pop": null, "latest_pop_year": null, "peak_pop": null, "peak_year": null, "cagr_pct": null, "decline_from_peak_pct": null, "trajectory": null, "latest_knesset": null, "right_bloc_share": null, "top_party": null, "turnout": null, "se_cluster": null, "se_rank": null, "built_up_dunams": null, "govt_decision_type": null, "govt_decision_date": null}}, {"type": "Feature", "geometry": {"type": "Point", "coordinates": [35.416964, 32.078254]}, "properties": {"settlement_id": 412, "name_en": "Maale Efraim North - Priel Farm", "name_he": "מעלה אפרים צפון - החווה של פריאל", "type": "Outpost", "regional_council": null, "urban_pattern": "Farm Outpost", "dist_gl_km": null, "elevation": null, "year_established": 2024, "status": "active", "latest_pop": null, "latest_pop_year": null, "peak_pop": null, "peak_year": null, "cagr_pct": null, "decline_from_peak_pct": null, "trajectory": null, "latest_knesset": null, "right_bloc_share": null, "top_party": null, "turnout": null, "se_cluster": null, "se_rank": null, "built_up_dunams": null, "govt_decision_type": null, "govt_decision_date": null}}, {"type": "Feature", "geometry": {"type": "Point", "coordinates": [35.170877, 32.014663]}, "properties": {"settlement_id": 413, "name_en": "Giva't Haslai'm", "name_he": "גבעת הסלעים - חוות עטרת צפון", "type": "Outpost", "regional_council": "Binyamin", "urban_pattern": "Outpost", "dist_gl_km": null, "elevation": null, "year_established": 2025, "status": "active", "latest_pop": null, "latest_pop_year": null, "peak_pop": null, "peak_year": null, "cagr_pct": null, "decline_from_peak_pct": null, "trajectory": null, "latest_knesset": null, "right_bloc_share": null, "top_party": null, "turnout": null, "se_cluster": null, "se_rank": null, "built_up_dunams": null, "govt_decision_type": null, "govt_decision_date": null}}, {"type": "Feature", "geometry": {"type": "Point", "coordinates": [35.151994, 31.714881]}, "properties": {"settlement_id": 414, "name_en": "Nahal Heletz - Bar Kochva", "name_he": "בר כוכבא - נחל חלץ", "type": "Outpost", "regional_council": "Gush Ezion", "urban_pattern": "Outpost", "dist_gl_km": null, "elevation": null, "year_established": 2025, "status": "active", "latest_pop": null, "latest_pop_year": null, "peak_pop": null, "peak_year": null, "cagr_pct": null, "decline_from_peak_pct": null, "trajectory": null, "latest_knesset": null, "right_bloc_share": null, "top_party": null, "turnout": null, "se_cluster": null, "se_rank": null, "built_up_dunams": null, "govt_decision_type": null, "govt_decision_date": null}}, {"type": "Feature", "geometry": {"type": "Point", "coordinates": [35.277357, 31.927138]}, "properties": {"settlement_id": 415, "name_en": "Givat Oz Yair - Ofra South - Tripi quarry", "name_he": "עפרה דרום - טריפי מזרח - גבעת עוז יאיר", "type": "Outpost", "regional_council": "Binyamin", "urban_pattern": "Outpost", "dist_gl_km": null, "elevation": null, "year_established": 2025, "status": "active", "latest_pop": null, "latest_pop_year": null, "peak_pop": null, "peak_year": null, "cagr_pct": null, "decline_from_peak_pct": null, "trajectory": null, "latest_knesset": null, "right_bloc_share": null, "top_party": null, "turnout": null, "se_cluster": null, "se_rank": null, "built_up_dunams": null, "govt_decision_type": null, "govt_decision_date": null}}, {"type": "Feature", "geometry": {"type": "Point", "coordinates": [35.134873, 31.67791]}, "properties": {"settlement_id": 416, "name_en": "Neve Daniel West", "name_he": "נווה דניאל מערב", "type": "Outpost", "regional_council": "Gush Ezion", "urban_pattern": "Outpost", "dist_gl_km": null, "elevation": null, "year_established": 2025, "status": "active", "latest_pop": null, "latest_pop_year": null, "peak_pop": null, "peak_year": null, "cagr_pct": null, "decline_from_peak_pct": null, "trajectory": null, "latest_knesset": null, "right_bloc_share": null, "top_party": null, "turnout": null, "se_cluster": null, "se_rank": null, "built_up_dunams": null, "govt_decision_type": null, "govt_decision_date": null}}, {"type": "Feature", "geometry": {"type": "Point", "coordinates": [35.275841, 31.856772]}, "properties": {"settlement_id": 417, "name_en": "Adam North", "name_he": "אדם צפון - גבעת גור אריה", "type": "Outpost", "regional_council": "Binyamin", "urban_pattern": "Outpost", "dist_gl_km": null, "elevation": null, "year_established": 2025, "status": "active", "latest_pop": null, "latest_pop_year": null, "peak_pop": null, "peak_year": null, "cagr_pct": null, "decline_from_peak_pct": null, "trajectory": null, "latest_knesset": null, "right_bloc_share": null, "top_party": null, "turnout": null, "se_cluster": null, "se_rank": null, "built_up_dunams": null, "govt_decision_type": null, "govt_decision_date": null}}, {"type": "Feature", "geometry": {"type": "Point", "coordinates": [35.438314, 32.32902]}, "properties": {"settlement_id": 418, "name_en": "Taysir Chechpoint Farm", "name_he": "מחסום תאייסיר - צבי עופרים", "type": "Outpost", "regional_council": "Jordan Valley", "urban_pattern": "Outpost", "dist_gl_km": null, "elevation": null, "year_established": 2025, "status": "active", "latest_pop": null, "latest_pop_year": null, "peak_pop": null, "peak_year": null, "cagr_pct": null, "decline_from_peak_pct": null, "trajectory": null, "latest_knesset": null, "right_bloc_share": null, "top_party": null, "turnout": null, "se_cluster": null, "se_rank": null, "built_up_dunams": null, "govt_decision_type": null, "govt_decision_date": null}}, {"type": "Feature", "geometry": {"type": "Point", "coordinates": [35.134184, 31.971843]}, "properties": {"settlement_id": 419, "name_en": "Nahliel South", "name_he": "נחליאל דרום", "type": "Outpost", "regional_council": "Binyamin", "urban_pattern": "Outpost", "dist_gl_km": null, "elevation": null, "year_established": 2025, "status": "active", "latest_pop": null, "latest_pop_year": null, "peak_pop": null, "peak_year": null, "cagr_pct": null, "decline_from_peak_pct": null, "trajectory": null, "latest_knesset": null, "right_bloc_share": null, "top_party": null, "turnout": null, "se_cluster": null, "se_rank": null, "built_up_dunams": null, "govt_decision_type": null, "govt_decision_date": null}}, {"type": "Feature", "geometry": {"type": "Point", "coordinates": [35.253632, 32.12894]}, "properties": {"settlement_id": 420, "name_en": "Zafnat farm - Kfar Tapuah North", "name_he": "כפר תפוח צפון - חוות צפנת", "type": "Outpost", "regional_council": "Shomron", "urban_pattern": "Farm Outpost", "dist_gl_km": null, "elevation": null, "year_established": 2025, "status": "active", "latest_pop": null, "latest_pop_year": null, "peak_pop": null, "peak_year": null, "cagr_pct": null, "decline_from_peak_pct": null, "trajectory": null, "latest_knesset": null, "right_bloc_share": null, "top_party": null, "turnout": null, "se_cluster": null, "se_rank": null, "built_up_dunams": null, "govt_decision_type": null, "govt_decision_date": null}}, {"type": "Feature", "geometry": {"type": "Point", "coordinates": [35.130648, 31.495275]}, "properties": {"settlement_id": 421, "name_en": "Aviad - Kiryat Arba South", "name_he": "אביעד - קרית ארבע דרום", "type": "Outpost", "regional_council": "Kiryat Arba", "urban_pattern": "Outpost", "dist_gl_km": null, "elevation": null, "year_established": 2025, "status": "active", "latest_pop": null, "latest_pop_year": null, "peak_pop": null, "peak_year": null, "cagr_pct": null, "decline_from_peak_pct": null, "trajectory": null, "latest_knesset": null, "right_bloc_share": null, "top_party": null, "turnout": null, "se_cluster": null, "se_rank": null, "built_up_dunams": null, "govt_decision_type": null, "govt_decision_date": null}}, {"type": "Feature", "geometry": {"type": "Point", "coordinates": [35.376581, 31.811812]}, "properties": {"settlement_id": 422, "name_en": "Aviad Farm - Mizpe Jericho West Farm", "name_he": "חוות אביעד - מצפה יריחו מערב - מעלה אדומים דרום", "type": "Outpost", "regional_council": "Binyamin", "urban_pattern": "Farm Outpost", "dist_gl_km": null, "elevation": null, "year_established": 2025, "status": "active", "latest_pop": null, "latest_pop_year": null, "peak_pop": null, "peak_year": null, "cagr_pct": null, "decline_from_peak_pct": null, "trajectory": null, "latest_knesset": null, "right_bloc_share": null, "top_party": null, "turnout": null, "se_cluster": null, "se_rank": null, "built_up_dunams": null, "govt_decision_type": null, "govt_decision_date": null}}, {"type": "Feature", "geometry": {"type": "Point", "coordinates": [35.265566, 32.121389]}, "properties": {"settlement_id": 423, "name_en": "Givat Yahaloma", "name_he": "גבעת יהלומה - אביתר מערב", "type": "Outpost", "regional_council": "Shomron", "urban_pattern": "Farm Outpost - Yeshiva", "dist_gl_km": null, "elevation": null, "year_established": 2025, "status": "active", "latest_pop": null, "latest_pop_year": null, "peak_pop": null, "peak_year": null, "cagr_pct": null, "decline_from_peak_pct": null, "trajectory": null, "latest_knesset": null, "right_bloc_share": null, "top_party": null, "turnout": null, "se_cluster": null, "se_rank": null, "built_up_dunams": null, "govt_decision_type": null, "govt_decision_date": null}}, {"type": "Feature", "geometry": {"type": "Point", "coordinates": [35.134687, 31.651283]}, "properties": {"settlement_id": 424, "name_en": "HaMaayan - Alon Shvut West", "name_he": "המעיין - אלון שבות מערב", "type": "Outpost", "regional_council": "Gush Ezion", "urban_pattern": "Outpost", "dist_gl_km": null, "elevation": null, "year_established": 2025, "status": "active", "latest_pop": null, "latest_pop_year": null, "peak_pop": null, "peak_year": null, "cagr_pct": null, "decline_from_peak_pct": null, "trajectory": null, "latest_knesset": null, "right_bloc_share": null, "top_party": null, "turnout": null, "se_cluster": null, "se_rank": null, "built_up_dunams": null, "govt_decision_type": null, "govt_decision_date": null}}, {"type": "Feature", "geometry": {"type": "Point", "coordinates": [35.368733, 31.82429]}, "properties": {"settlement_id": 425, "name_en": "Ein Prat Farm", "name_he": "חוות עין פרת -ש\"ש", "type": "Outpost", "regional_council": "Binyamin", "urban_pattern": "Farm Outpost", "dist_gl_km": null, "elevation": null, "year_established": 2025, "status": "active", "latest_pop": null, "latest_pop_year": null, "peak_pop": null, "peak_year": null, "cagr_pct": null, "decline_from_peak_pct": null, "trajectory": null, "latest_knesset": null, "right_bloc_share": null, "top_party": null, "turnout": null, "se_cluster": null, "se_rank": null, "built_up_dunams": null, "govt_decision_type": null, "govt_decision_date": null}}, {"type": "Feature", "geometry": {"type": "Point", "coordinates": [35.10657, 31.606753]}, "properties": {"settlement_id": 426, "name_en": "Tzur Yehuda Farm", "name_he": "חוות צור יהודה", "type": "Outpost", "regional_council": "Gush Ezion", "urban_pattern": "Farm Outpost", "dist_gl_km": null, "elevation": null, "year_established": 2025, "status": "active", "latest_pop": null, "latest_pop_year": null, "peak_pop": null, "peak_year": null, "cagr_pct": null, "decline_from_peak_pct": null, "trajectory": null, "latest_knesset": null, "right_bloc_share": null, "top_party": null, "turnout": null, "se_cluster": null, "se_rank": null, "built_up_dunams": null, "govt_decision_type": null, "govt_decision_date": null}}, {"type": "Feature", "geometry": {"type": "Point", "coordinates": [35.059629, 31.96903]}, "properties": {"settlement_id": 427, "name_en": "Naale West Farm", "name_he": "חוות נעלה מערב", "type": "Outpost", "regional_council": "Binyamin", "urban_pattern": "Farm Outpost", "dist_gl_km": null, "elevation": null, "year_established": 2025, "status": "active", "latest_pop": null, "latest_pop_year": null, "peak_pop": null, "peak_year": null, "cagr_pct": null, "decline_from_peak_pct": null, "trajectory": null, "latest_knesset": null, "right_bloc_share": null, "top_party": null, "turnout": null, "se_cluster": null, "se_rank": null, "built_up_dunams": null, "govt_decision_type": null, "govt_decision_date": null}}, {"type": "Feature", "geometry": {"type": "Point", "coordinates": [34.914775, 31.422004]}, "properties": {"settlement_id": 428, "name_en": "Eshkolot Farm", "name_he": "חוות אשכולות", "type": "Outpost", "regional_council": "Har Hebron", "urban_pattern": "Farm Outpost", "dist_gl_km": null, "elevation": null, "year_established": 2025, "status": "active", "latest_pop": null, "latest_pop_year": null, "peak_pop": null, "peak_year": null, "cagr_pct": null, "decline_from_peak_pct": null, "trajectory": null, "latest_knesset": null, "right_bloc_share": null, "top_party": null, "turnout": null, "se_cluster": null, "se_rank": null, "built_up_dunams": null, "govt_decision_type": null, "govt_decision_date": null}}, {"type": "Feature", "geometry": {"type": "Point", "coordinates": [35.189511, 31.683439]}, "properties": {"settlement_id": 429, "name_en": "Efrat farm", "name_he": "חוות אפרת", "type": "Outpost", "regional_council": "Gush Ezion", "urban_pattern": "Farm Outpost", "dist_gl_km": null, "elevation": null, "year_established": 2025, "status": "active", "latest_pop": null, "latest_pop_year": null, "peak_pop": null, "peak_year": null, "cagr_pct": null, "decline_from_peak_pct": null, "trajectory": null, "latest_knesset": null, "right_bloc_share": null, "top_party": null, "turnout": null, "se_cluster": null, "se_rank": null, "built_up_dunams": null, "govt_decision_type": null, "govt_decision_date": null}}, {"type": "Feature", "geometry": {"type": "Point", "coordinates": [35.339354, 31.987267]}, "properties": {"settlement_id": 430, "name_en": "Nahalat Efraim Farm", "name_he": "חוות נחלת אפרים - עין סמיה", "type": "Outpost", "regional_council": "Binyamin", "urban_pattern": "Farm Outpost", "dist_gl_km": null, "elevation": null, "year_established": 2025, "status": "active", "latest_pop": null, "latest_pop_year": null, "peak_pop": null, "peak_year": null, "cagr_pct": null, "decline_from_peak_pct": null, "trajectory": null, "latest_knesset": null, "right_bloc_share": null, "top_party": null, "turnout": null, "se_cluster": null, "se_rank": null, "built_up_dunams": null, "govt_decision_type": null, "govt_decision_date": null}}, {"type": "Feature", "geometry": {"type": "Point", "coordinates": [35.247258, 31.613127]}, "properties": {"settlement_id": 431, "name_en": "Tkoa South - Tomer's Farm", "name_he": "החווה של תומר - תקוע דרום", "type": "Outpost", "regional_council": "Gush Ezion", "urban_pattern": "Farm Outpost", "dist_gl_km": null, "elevation": null, "year_established": 2025, "status": "active", "latest_pop": null, "latest_pop_year": null, "peak_pop": null, "peak_year": null, "cagr_pct": null, "decline_from_peak_pct": null, "trajectory": null, "latest_knesset": null, "right_bloc_share": null, "top_party": null, "turnout": null, "se_cluster": null, "se_rank": null, "built_up_dunams": null, "govt_decision_type": null, "govt_decision_date": null}}, {"type": "Feature", "geometry": {"type": "Point", "coordinates": [35.548196, 32.148003]}, "properties": {"settlement_id": 432, "name_en": "Zarzir Farm", "name_he": "מוצב זרזיר - חוות שער ישראל", "type": "Outpost", "regional_council": "Jordan Valley", "urban_pattern": "Farm Outpost", "dist_gl_km": null, "elevation": null, "year_established": 2025, "status": "active", "latest_pop": null, "latest_pop_year": null, "peak_pop": null, "peak_year": null, "cagr_pct": null, "decline_from_peak_pct": null, "trajectory": null, "latest_knesset": null, "right_bloc_share": null, "top_party": null, "turnout": null, "se_cluster": null, "se_rank": null, "built_up_dunams": null, "govt_decision_type": null, "govt_decision_date": null}}, {"type": "Feature", "geometry": {"type": "Point", "coordinates": [35.183831, 31.588618]}, "properties": {"settlement_id": 433, "name_en": "Asfar West", "name_he": "אספר מערב", "type": "Outpost", "regional_council": "Gush Ezion", "urban_pattern": "Outpost", "dist_gl_km": null, "elevation": null, "year_established": 2025, "status": "active", "latest_pop": null, "latest_pop_year": null, "peak_pop": null, "peak_year": null, "cagr_pct": null, "decline_from_peak_pct": null, "trajectory": null, "latest_knesset": null, "right_bloc_share": null, "top_party": null, "turnout": null, "se_cluster": null, "se_rank": null, "built_up_dunams": null, "govt_decision_type": null, "govt_decision_date": null}}, {"type": "Feature", "geometry": {"type": "Point", "coordinates": [35.352555, 32.094297]}, "properties": {"settlement_id": 434, "name_en": "New Nof Avi Farm", "name_he": "מגדלים צפון - נוף אב\"י החדשה", "type": "Outpost", "regional_council": "Shomron", "urban_pattern": "Farm Outpost", "dist_gl_km": null, "elevation": null, "year_established": 2025, "status": "active", "latest_pop": null, "latest_pop_year": null, "peak_pop": null, "peak_year": null, "cagr_pct": null, "decline_from_peak_pct": null, "trajectory": null, "latest_knesset": null, "right_bloc_share": null, "top_party": null, "turnout": null, "se_cluster": null, "se_rank": null, "built_up_dunams": null, "govt_decision_type": null, "govt_decision_date": null}}, {"type": "Feature", "geometry": {"type": "Point", "coordinates": [35.077544, 32.271913]}, "properties": {"settlement_id": 435, "name_en": "Maoz Shaul Farm", "name_he": "חוות מעוז שאול -אבני חפץ דרום", "type": "Outpost", "regional_council": "Shomron", "urban_pattern": "Farm Outpost", "dist_gl_km": null, "elevation": null, "year_established": 2025, "status": "active", "latest_pop": null, "latest_pop_year": null, "peak_pop": null, "peak_year": null, "cagr_pct": null, "decline_from_peak_pct": null, "trajectory": null, "latest_knesset": null, "right_bloc_share": null, "top_party": null, "turnout": null, "se_cluster": null, "se_rank": null, "built_up_dunams": null, "govt_decision_type": null, "govt_decision_date": null}}, {"type": "Feature", "geometry": {"type": "Point", "coordinates": [35.120209, 31.588052]}, "properties": {"settlement_id": 436, "name_en": "Maa'lot Halhul", "name_he": "מעלות חלחול - מרום יהודה", "type": "Outpost", "regional_council": "Gush Ezion", "urban_pattern": "Farm Outpost", "dist_gl_km": null, "elevation": null, "year_established": 2025, "status": "active", "latest_pop": null, "latest_pop_year": null, "peak_pop": null, "peak_year": null, "cagr_pct": null, "decline_from_peak_pct": null, "trajectory": null, "latest_knesset": null, "right_bloc_share": null, "top_party": null, "turnout": null, "se_cluster": null, "se_rank": null, "built_up_dunams": null, "govt_decision_type": null, "govt_decision_date": null}}, {"type": "Feature", "geometry": {"type": "Point", "coordinates": [35.103164, 31.875511]}, "properties": {"settlement_id": 437, "name_en": "Mevo Har-El - Atarot Adar", "name_he": "מבוא הר-אל - עטרות אדר", "type": "Outpost", "regional_council": "Binyamin", "urban_pattern": "Farm Outpost", "dist_gl_km": null, "elevation": null, "year_established": 2025, "status": "active", "latest_pop": null, "latest_pop_year": null, "peak_pop": null, "peak_year": null, "cagr_pct": null, "decline_from_peak_pct": null, "trajectory": null, "latest_knesset": null, "right_bloc_share": null, "top_party": null, "turnout": null, "se_cluster": null, "se_rank": null, "built_up_dunams": null, "govt_decision_type": null, "govt_decision_date": null}}, {"type": "Feature", "geometry": {"type": "Point", "coordinates": [35.355921, 32.017767]}, "properties": {"settlement_id": 438, "name_en": "Mezudat David Farm", "name_he": "חוות מצודת דוד - מלאכי השלום מערב", "type": "Outpost", "regional_council": "Binyamin", "urban_pattern": "Farm Outpost", "dist_gl_km": null, "elevation": null, "year_established": 2025, "status": "active", "latest_pop": null, "latest_pop_year": null, "peak_pop": null, "peak_year": null, "cagr_pct": null, "decline_from_peak_pct": null, "trajectory": null, "latest_knesset": null, "right_bloc_share": null, "top_party": null, "turnout": null, "se_cluster": null, "se_rank": null, "built_up_dunams": null, "govt_decision_type": null, "govt_decision_date": null}}, {"type": "Feature", "geometry": {"type": "Point", "coordinates": [35.35621, 32.071062]}, "properties": {"settlement_id": 439, "name_en": "Michtam LeDavid farm", "name_he": "חוות מכתם לדוד", "type": "Outpost", "regional_council": "Binyamin", "urban_pattern": "Farm Outpost", "dist_gl_km": null, "elevation": null, "year_established": 2025, "status": "active", "latest_pop": null, "latest_pop_year": null, "peak_pop": null, "peak_year": null, "cagr_pct": null, "decline_from_peak_pct": null, "trajectory": null, "latest_knesset": null, "right_bloc_share": null, "top_party": null, "turnout": null, "se_cluster": null, "se_rank": null, "built_up_dunams": null, "govt_decision_type": null, "govt_decision_date": null}}, {"type": "Feature", "geometry": {"type": "Point", "coordinates": [35.125803, 31.897732]}, "properties": {"settlement_id": 440, "name_en": "Beit Horon North", "name_he": "בית חורון צפון - חוות בית קרניים", "type": "Outpost", "regional_council": "Binyamin", "urban_pattern": "Farm Outpost", "dist_gl_km": null, "elevation": null, "year_established": 2025, "status": "active", "latest_pop": null, "latest_pop_year": null, "peak_pop": null, "peak_year": null, "cagr_pct": null, "decline_from_peak_pct": null, "trajectory": null, "latest_knesset": null, "right_bloc_share": null, "top_party": null, "turnout": null, "se_cluster": null, "se_rank": null, "built_up_dunams": null, "govt_decision_type": null, "govt_decision_date": null}}, {"type": "Feature", "geometry": {"type": "Point", "coordinates": [35.270349, 32.048952]}, "properties": {"settlement_id": 441, "name_en": "The Seven Sheferds Farm", "name_he": "חוות שבעת הרועים - תצפית גוש שילה", "type": "Outpost", "regional_council": "Binyamin", "urban_pattern": "Farm Outpost", "dist_gl_km": null, "elevation": null, "year_established": 2025, "status": "active", "latest_pop": null, "latest_pop_year": null, "peak_pop": null, "peak_year": null, "cagr_pct": null, "decline_from_peak_pct": null, "trajectory": null, "latest_knesset": null, "right_bloc_share": null, "top_party": null, "turnout": null, "se_cluster": null, "se_rank": null, "built_up_dunams": null, "govt_decision_type": null, "govt_decision_date": null}}, {"type": "Feature", "geometry": {"type": "Point", "coordinates": [35.301245, 32.039177]}, "properties": {"settlement_id": 442, "name_en": "Hanekuda Baemek - Emek Shiloh Farm", "name_he": "חוות עמק שילה - הנקודה בעמק - רכס", "type": "Outpost", "regional_council": "Binyamin", "urban_pattern": "Farm Outpost", "dist_gl_km": null, "elevation": null, "year_established": 2025, "status": "active", "latest_pop": null, "latest_pop_year": null, "peak_pop": null, "peak_year": null, "cagr_pct": null, "decline_from_peak_pct": null, "trajectory": null, "latest_knesset": null, "right_bloc_share": null, "top_party": null, "turnout": null, "se_cluster": null, "se_rank": null, "built_up_dunams": null, "govt_decision_type": null, "govt_decision_date": null}}, {"type": "Feature", "geometry": {"type": "Point", "coordinates": [35.325221, 31.965984]}, "properties": {"settlement_id": 443, "name_en": "Baal Hatzor Farm", "name_he": "חוות בעל חצור - הר המלך", "type": "Outpost", "regional_council": "Binyamin", "urban_pattern": "Farm Outpost", "dist_gl_km": null, "elevation": null, "year_established": 2025, "status": "active", "latest_pop": null, "latest_pop_year": null, "peak_pop": null, "peak_year": null, "cagr_pct": null, "decline_from_peak_pct": null, "trajectory": null, "latest_knesset": null, "right_bloc_share": null, "top_party": null, "turnout": null, "se_cluster": null, "se_rank": null, "built_up_dunams": null, "govt_decision_type": null, "govt_decision_date": null}}, {"type": "Feature", "geometry": {"type": "Point", "coordinates": [35.148494, 32.235294]}, "properties": {"settlement_id": 444, "name_en": "Nofei Gideon", "name_he": "נופי גדעון - קדומים", "type": "Outpost", "regional_council": "Shomron", "urban_pattern": "Outpost", "dist_gl_km": null, "elevation": null, "year_established": 2025, "status": "active", "latest_pop": null, "latest_pop_year": null, "peak_pop": null, "peak_year": null, "cagr_pct": null, "decline_from_peak_pct": null, "trajectory": null, "latest_knesset": null, "right_bloc_share": null, "top_party": null, "turnout": null, "se_cluster": null, "se_rank": null, "built_up_dunams": null, "govt_decision_type": null, "govt_decision_date": null}}, {"type": "Feature", "geometry": {"type": "Point", "coordinates": [35.119494, 31.610846]}, "properties": {"settlement_id": 445, "name_en": "Givat Gefen Ami", "name_he": "גבעת גפן עמי", "type": "Outpost", "regional_council": "Gush Ezion", "urban_pattern": "Farm Outpost", "dist_gl_km": null, "elevation": null, "year_established": 2025, "status": "active", "latest_pop": null, "latest_pop_year": null, "peak_pop": null, "peak_year": null, "cagr_pct": null, "decline_from_peak_pct": null, "trajectory": null, "latest_knesset": null, "right_bloc_share": null, "top_party": null, "turnout": null, "se_cluster": null, "se_rank": null, "built_up_dunams": null, "govt_decision_type": null, "govt_decision_date": null}}, {"type": "Feature", "geometry": {"type": "Point", "coordinates": [35.488488, 32.375231]}, "properties": {"settlement_id": 446, "name_en": "Amihai Farm - Bar Daliya", "name_he": "חוות בקר עמיחי - בר דליה", "type": "Outpost", "regional_council": "Jordan Valley", "urban_pattern": "Farm Outpost", "dist_gl_km": null, "elevation": null, "year_established": 2025, "status": "active", "latest_pop": null, "latest_pop_year": null, "peak_pop": null, "peak_year": null, "cagr_pct": null, "decline_from_peak_pct": null, "trajectory": null, "latest_knesset": null, "right_bloc_share": null, "top_party": null, "turnout": null, "se_cluster": null, "se_rank": null, "built_up_dunams": null, "govt_decision_type": null, "govt_decision_date": null}}, {"type": "Feature", "geometry": {"type": "Point", "coordinates": [35.287102, 31.973898]}, "properties": {"settlement_id": 447, "name_en": "Hesed Leavraham Farm", "name_he": "הר חצור - חוות חסד לאברהם", "type": "Outpost", "regional_council": "Binyamin", "urban_pattern": "Farm outpost", "dist_gl_km": null, "elevation": null, "year_established": 2025, "status": "active", "latest_pop": null, "latest_pop_year": null, "peak_pop": null, "peak_year": null, "cagr_pct": null, "decline_from_peak_pct": null, "trajectory": null, "latest_knesset": null, "right_bloc_share": null, "top_party": null, "turnout": null, "se_cluster": null, "se_rank": null, "built_up_dunams": null, "govt_decision_type": null, "govt_decision_date": null}}, {"type": "Feature", "geometry": {"type": "Point", "coordinates": [35.377498, 31.820043]}, "properties": {"settlement_id": 448, "name_en": "Ahi-Ad Farm", "name_he": "חוות אחי עד", "type": "Outpost", "regional_council": "Binyamin", "urban_pattern": "Farm Outpost", "dist_gl_km": null, "elevation": null, "year_established": 2025, "status": "active", "latest_pop": null, "latest_pop_year": null, "peak_pop": null, "peak_year": null, "cagr_pct": null, "decline_from_peak_pct": null, "trajectory": null, "latest_knesset": null, "right_bloc_share": null, "top_party": null, "turnout": null, "se_cluster": null, "se_rank": null, "built_up_dunams": null, "govt_decision_type": null, "govt_decision_date": null}}, {"type": "Feature", "geometry": {"type": "Point", "coordinates": [35.210388, 31.618447]}, "properties": {"settlement_id": 449, "name_en": "Magen Avraham Farm", "name_he": "אייבי נחל צפון - חוות מגן אברהם", "type": "Outpost", "regional_council": "Gush Ezion", "urban_pattern": "Farm Outpost", "dist_gl_km": null, "elevation": null, "year_established": 2025, "status": "active", "latest_pop": null, "latest_pop_year": null, "peak_pop": null, "peak_year": null, "cagr_pct": null, "decline_from_peak_pct": null, "trajectory": null, "latest_knesset": null, "right_bloc_share": null, "top_party": null, "turnout": null, "se_cluster": null, "se_rank": null, "built_up_dunams": null, "govt_decision_type": null, "govt_decision_date": null}}, {"type": "Feature", "geometry": {"type": "Point", "coordinates": [35.186363, 31.610283]}, "properties": {"settlement_id": 450, "name_en": "Maale Tidhar", "name_he": "מעלה תדהר", "type": "Outpost", "regional_council": "Gush Ezion", "urban_pattern": "Farm Outpost", "dist_gl_km": null, "elevation": null, "year_established": 2025, "status": "active", "latest_pop": null, "latest_pop_year": null, "peak_pop": null, "peak_year": null, "cagr_pct": null, "decline_from_peak_pct": null, "trajectory": null, "latest_knesset": null, "right_bloc_share": null, "top_party": null, "turnout": null, "se_cluster": null, "se_rank": null, "built_up_dunams": null, "govt_decision_type": null, "govt_decision_date": null}}, {"type": "Feature", "geometry": {"type": "Point", "coordinates": [35.190518, 31.605612]}, "properties": {"settlement_id": 451, "name_en": "Givat Emuna", "name_he": "גבעת אמונה - אלוף יהודה מערב", "type": "Outpost", "regional_council": "Gush Ezion", "urban_pattern": "Farm Outpost", "dist_gl_km": null, "elevation": null, "year_established": 2025, "status": "active", "latest_pop": null, "latest_pop_year": null, "peak_pop": null, "peak_year": null, "cagr_pct": null, "decline_from_peak_pct": null, "trajectory": null, "latest_knesset": null, "right_bloc_share": null, "top_party": null, "turnout": null, "se_cluster": null, "se_rank": null, "built_up_dunams": null, "govt_decision_type": null, "govt_decision_date": null}}, {"type": "Feature", "geometry": {"type": "Point", "coordinates": [35.098618, 31.604908]}, "properties": {"settlement_id": 452, "name_en": "Karme Tzur South", "name_he": "כרמי צור דרום", "type": "Outpost", "regional_council": "Gush Ezion", "urban_pattern": "Outpost", "dist_gl_km": null, "elevation": null, "year_established": 2025, "status": "active", "latest_pop": null, "latest_pop_year": null, "peak_pop": null, "peak_year": null, "cagr_pct": null, "decline_from_peak_pct": null, "trajectory": null, "latest_knesset": null, "right_bloc_share": null, "top_party": null, "turnout": null, "se_cluster": null, "se_rank": null, "built_up_dunams": null, "govt_decision_type": null, "govt_decision_date": null}}, {"type": "Feature", "geometry": {"type": "Point", "coordinates": [35.145635, 31.981918]}, "properties": {"settlement_id": 453, "name_en": "Nahliel North", "name_he": "נחליאל צפון", "type": "Outpost", "regional_council": "Binyamin", "urban_pattern": "Farm Outpost", "dist_gl_km": null, "elevation": null, "year_established": 2025, "status": "active", "latest_pop": null, "latest_pop_year": null, "peak_pop": null, "peak_year": null, "cagr_pct": null, "decline_from_peak_pct": null, "trajectory": null, "latest_knesset": null, "right_bloc_share": null, "top_party": null, "turnout": null, "se_cluster": null, "se_rank": null, "built_up_dunams": null, "govt_decision_type": null, "govt_decision_date": null}}, {"type": "Feature", "geometry": {"type": "Point", "coordinates": [35.03647, 31.374018]}, "properties": {"settlement_id": 454, "name_en": "Mikne Yehuda Farm", "name_he": "עשהאל מערב", "type": "Outpost", "regional_council": "Har Hebron", "urban_pattern": "Outpost", "dist_gl_km": null, "elevation": null, "year_established": 2025, "status": "active", "latest_pop": null, "latest_pop_year": null, "peak_pop": null, "peak_year": null, "cagr_pct": null, "decline_from_peak_pct": null, "trajectory": null, "latest_knesset": null, "right_bloc_share": null, "top_party": null, "turnout": null, "se_cluster": null, "se_rank": null, "built_up_dunams": null, "govt_decision_type": null, "govt_decision_date": null}}, {"type": "Feature", "geometry": {"type": "Point", "coordinates": [35.10121, 32.004519]}, "properties": {"settlement_id": 455, "name_en": "Kela' David Farm - Halamish West", "name_he": "חוות קלע דוד - חלמיש מערב", "type": "Outpost", "regional_council": "Binyamin", "urban_pattern": "Farm Outpost", "dist_gl_km": null, "elevation": null, "year_established": 2025, "status": "active", "latest_pop": null, "latest_pop_year": null, "peak_pop": null, "peak_year": null, "cagr_pct": null, "decline_from_peak_pct": null, "trajectory": null, "latest_knesset": null, "right_bloc_share": null, "top_party": null, "turnout": null, "se_cluster": null, "se_rank": null, "built_up_dunams": null, "govt_decision_type": null, "govt_decision_date": null}}, {"type": "Feature", "geometry": {"type": "Point", "coordinates": [35.317755, 32.116497]}, "properties": {"settlement_id": 456, "name_en": "Netzah David Farm", "name_he": "חוות נצח דוד", "type": "Outpost", "regional_council": "Shomron", "urban_pattern": "Farm Outpost", "dist_gl_km": null, "elevation": null, "year_established": 2025, "status": "active", "latest_pop": null, "latest_pop_year": null, "peak_pop": null, "peak_year": null, "cagr_pct": null, "decline_from_peak_pct": null, "trajectory": null, "latest_knesset": null, "right_bloc_share": null, "top_party": null, "turnout": null, "se_cluster": null, "se_rank": null, "built_up_dunams": null, "govt_decision_type": null, "govt_decision_date": null}}, {"type": "Feature", "geometry": {"type": "Point", "coordinates": [34.989495, 31.623916]}, "properties": {"settlement_id": 457, "name_en": "Beit Ulla Farm", "name_he": "חוות בית אורות? - בית אולא", "type": "Outpost", "regional_council": "Gush Ezion", "urban_pattern": "Farm Outpost", "dist_gl_km": null, "elevation": null, "year_established": 2025, "status": "active", "latest_pop": null, "latest_pop_year": null, "peak_pop": null, "peak_year": null, "cagr_pct": null, "decline_from_peak_pct": null, "trajectory": null, "latest_knesset": null, "right_bloc_share": null, "top_party": null, "turnout": null, "se_cluster": null, "se_rank": null, "built_up_dunams": null, "govt_decision_type": null, "govt_decision_date": null}}, {"type": "Feature", "geometry": {"type": "Point", "coordinates": [35.019493, 31.566362]}, "properties": {"settlement_id": 458, "name_en": "Telem West - Nofei Yehuda Farm", "name_he": "תלם מערב - חוות נופי יהודה", "type": "Outpost", "regional_council": "Har Hebron", "urban_pattern": "Farm Outpost", "dist_gl_km": null, "elevation": null, "year_established": 2025, "status": "active", "latest_pop": null, "latest_pop_year": null, "peak_pop": null, "peak_year": null, "cagr_pct": null, "decline_from_peak_pct": null, "trajectory": null, "latest_knesset": null, "right_bloc_share": null, "top_party": null, "turnout": null, "se_cluster": null, "se_rank": null, "built_up_dunams": null, "govt_decision_type": null, "govt_decision_date": null}}, {"type": "Feature", "geometry": {"type": "Point", "coordinates": [35.277174, 32.120028]}, "properties": {"settlement_id": 459, "name_en": "Evyatar East", "name_he": "אביתר מזרח", "type": "Outpost", "regional_council": "Shomron", "urban_pattern": "Outpost", "dist_gl_km": null, "elevation": null, "year_established": 2025, "status": "active", "latest_pop": null, "latest_pop_year": null, "peak_pop": null, "peak_year": null, "cagr_pct": null, "decline_from_peak_pct": null, "trajectory": null, "latest_knesset": null, "right_bloc_share": null, "top_party": null, "turnout": null, "se_cluster": null, "se_rank": null, "built_up_dunams": null, "govt_decision_type": null, "govt_decision_date": null}}, {"type": "Feature", "geometry": {"type": "Point", "coordinates": [35.006277, 31.55074]}, "properties": {"settlement_id": 460, "name_en": "Adora West", "name_he": "אדורה מערב", "type": "Outpost", "regional_council": "Har Hebron", "urban_pattern": "Outpost", "dist_gl_km": null, "elevation": null, "year_established": 2025, "status": "active", "latest_pop": null, "latest_pop_year": null, "peak_pop": null, "peak_year": null, "cagr_pct": null, "decline_from_peak_pct": null, "trajectory": null, "latest_knesset": null, "right_bloc_share": null, "top_party": null, "turnout": null, "se_cluster": null, "se_rank": null, "built_up_dunams": null, "govt_decision_type": null, "govt_decision_date": null}}, {"type": "Feature", "geometry": {"type": "Point", "coordinates": [35.088009, 31.955548]}, "properties": {"settlement_id": 461, "name_en": "Hashalom Farm", "name_he": "חוות השלום", "type": "Outpost", "regional_council": "Binyamin", "urban_pattern": "Farm outpost", "dist_gl_km": null, "elevation": null, "year_established": 2025, "status": "active", "latest_pop": null, "latest_pop_year": null, "peak_pop": null, "peak_year": null, "cagr_pct": null, "decline_from_peak_pct": null, "trajectory": null, "latest_knesset": null, "right_bloc_share": null, "top_party": null, "turnout": null, "se_cluster": null, "se_rank": null, "built_up_dunams": null, "govt_decision_type": null, "govt_decision_date": null}}, {"type": "Feature", "geometry": {"type": "Point", "coordinates": [35.221341, 31.597887]}, "properties": {"settlement_id": 462, "name_en": "Ibei Nahal South", "name_he": "אייבי נחל דרום", "type": "Outpost", "regional_council": "Gush Ezion", "urban_pattern": "Outpost", "dist_gl_km": null, "elevation": null, "year_established": 2025, "status": "active", "latest_pop": null, "latest_pop_year": null, "peak_pop": null, "peak_year": null, "cagr_pct": null, "decline_from_peak_pct": null, "trajectory": null, "latest_knesset": null, "right_bloc_share": null, "top_party": null, "turnout": null, "se_cluster": null, "se_rank": null, "built_up_dunams": null, "govt_decision_type": null, "govt_decision_date": null}}, {"type": "Feature", "geometry": {"type": "Point", "coordinates": [35.302679, 31.744945]}, "properties": {"settlement_id": 463, "name_en": "Old Keidar East", "name_he": "קדר הישנה מזרח", "type": "Outpost", "regional_council": "Gush Ezion", "urban_pattern": "Outpost", "dist_gl_km": null, "elevation": null, "year_established": 2025, "status": "active", "latest_pop": null, "latest_pop_year": null, "peak_pop": null, "peak_year": null, "cagr_pct": null, "decline_from_peak_pct": null, "trajectory": null, "latest_knesset": null, "right_bloc_share": null, "top_party": null, "turnout": null, "se_cluster": null, "se_rank": null, "built_up_dunams": null, "govt_decision_type": null, "govt_decision_date": null}}, {"type": "Feature", "geometry": {"type": "Point", "coordinates": [35.35813, 31.961336]}, "properties": {"settlement_id": 464, "name_en": "Mizpe Kramim North", "name_he": "מצפה כרמים צפון", "type": "Outpost", "regional_council": "Binyamin", "urban_pattern": "Outpost", "dist_gl_km": null, "elevation": null, "year_established": 2025, "status": "active", "latest_pop": null, "latest_pop_year": null, "peak_pop": null, "peak_year": null, "cagr_pct": null, "decline_from_peak_pct": null, "trajectory": null, "latest_knesset": null, "right_bloc_share": null, "top_party": null, "turnout": null, "se_cluster": null, "se_rank": null, "built_up_dunams": null, "govt_decision_type": null, "govt_decision_date": null}}, {"type": "Feature", "geometry": {"type": "Point", "coordinates": [35.338375, 31.80625]}, "properties": {"settlement_id": 465, "name_en": "Anaki's Farm", "name_he": "חוות ענקי", "type": "Outpost", "regional_council": "Binyamin", "urban_pattern": "Farm outpost", "dist_gl_km": null, "elevation": null, "year_established": 2025, "status": "active", "latest_pop": null, "latest_pop_year": null, "peak_pop": null, "peak_year": null, "cagr_pct": null, "decline_from_peak_pct": null, "trajectory": null, "latest_knesset": null, "right_bloc_share": null, "top_party": null, "turnout": null, "se_cluster": null, "se_rank": null, "built_up_dunams": null, "govt_decision_type": null, "govt_decision_date": null}}, {"type": "Feature", "geometry": {"type": "Point", "coordinates": [35.354699, 32.075493]}, "properties": {"settlement_id": 466, "name_en": "Migdal David Farm", "name_he": "חוות מגדל דוד", "type": "Outpost", "regional_council": "Shomron", "urban_pattern": "Farm outpost", "dist_gl_km": null, "elevation": null, "year_established": 2025, "status": "active", "latest_pop": null, "latest_pop_year": null, "peak_pop": null, "peak_year": null, "cagr_pct": null, "decline_from_peak_pct": null, "trajectory": null, "latest_knesset": null, "right_bloc_share": null, "top_party": null, "turnout": null, "se_cluster": null, "se_rank": null, "built_up_dunams": null, "govt_decision_type": null, "govt_decision_date": null}}, {"type": "Feature", "geometry": {"type": "Point", "coordinates": [35.377142, 32.066052]}, "properties": {"settlement_id": 467, "name_en": "Gibore David Farm - Duma East", "name_he": "חוות גיבורי דוד - דומא מזרח", "type": "Outpost", "regional_council": "Binyamin", "urban_pattern": "Farm outpost", "dist_gl_km": null, "elevation": null, "year_established": 2025, "status": "active", "latest_pop": null, "latest_pop_year": null, "peak_pop": null, "peak_year": null, "cagr_pct": null, "decline_from_peak_pct": null, "trajectory": null, "latest_knesset": null, "right_bloc_share": null, "top_party": null, "turnout": null, "se_cluster": null, "se_rank": null, "built_up_dunams": null, "govt_decision_type": null, "govt_decision_date": null}}, {"type": "Feature", "geometry": {"type": "Point", "coordinates": [35.158125, 31.488084]}, "properties": {"settlement_id": 468, "name_en": "Mizpe Eyal - Pne Haver West", "name_he": "מצפה אייל - פני חבר מערב", "type": "Outpost", "regional_council": "Har Hebron", "urban_pattern": "Outpost", "dist_gl_km": null, "elevation": null, "year_established": 2025, "status": "active", "latest_pop": null, "latest_pop_year": null, "peak_pop": null, "peak_year": null, "cagr_pct": null, "decline_from_peak_pct": null, "trajectory": null, "latest_knesset": null, "right_bloc_share": null, "top_party": null, "turnout": null, "se_cluster": null, "se_rank": null, "built_up_dunams": null, "govt_decision_type": null, "govt_decision_date": null}}, {"type": "Feature", "geometry": {"type": "Point", "coordinates": [35.360338, 32.022045]}, "properties": {"settlement_id": 469, "name_en": "Malache Hashalom West", "name_he": "מלאכי השלום מערב", "type": "Outpost", "regional_council": "Binyamin", "urban_pattern": "Outpost", "dist_gl_km": null, "elevation": null, "year_established": 2025, "status": "active", "latest_pop": null, "latest_pop_year": null, "peak_pop": null, "peak_year": null, "cagr_pct": null, "decline_from_peak_pct": null, "trajectory": null, "latest_knesset": null, "right_bloc_share": null, "top_party": null, "turnout": null, "se_cluster": null, "se_rank": null, "built_up_dunams": null, "govt_decision_type": null, "govt_decision_date": null}}, {"type": "Feature", "geometry": {"type": "Point", "coordinates": [35.345246, 32.05386]}, "properties": {"settlement_id": 470, "name_en": "Kahlit North", "name_he": "כחלית צפון", "type": "Outpost", "regional_council": "Binyamin", "urban_pattern": "Outpost", "dist_gl_km": null, "elevation": null, "year_established": 2025, "status": "active", "latest_pop": null, "latest_pop_year": null, "peak_pop": null, "peak_year": null, "cagr_pct": null, "decline_from_peak_pct": null, "trajectory": null, "latest_knesset": null, "right_bloc_share": null, "top_party": null, "turnout": null, "se_cluster": null, "se_rank": null, "built_up_dunams": null, "govt_decision_type": null, "govt_decision_date": null}}, {"type": "Feature", "geometry": {"type": "Point", "coordinates": [35.274083, 31.888557]}, "properties": {"settlement_id": 471, "name_en": "Migron North", "name_he": "מגרון צפון", "type": "Outpost", "regional_council": "Binyamin", "urban_pattern": "Outpost", "dist_gl_km": null, "elevation": null, "year_established": 2025, "status": "active", "latest_pop": null, "latest_pop_year": null, "peak_pop": null, "peak_year": null, "cagr_pct": null, "decline_from_peak_pct": null, "trajectory": null, "latest_knesset": null, "right_bloc_share": null, "top_party": null, "turnout": null, "se_cluster": null, "se_rank": null, "built_up_dunams": null, "govt_decision_type": null, "govt_decision_date": null}}, {"type": "Feature", "geometry": {"type": "Point", "coordinates": [35.212266, 31.995529]}, "properties": {"settlement_id": 472, "name_en": "Kfar Trifon", "name_he": "כפר טרפון", "type": "Outpost", "regional_council": "Binyamin", "urban_pattern": "Farm Outpost", "dist_gl_km": null, "elevation": null, "year_established": 2025, "status": "active", "latest_pop": null, "latest_pop_year": null, "peak_pop": null, "peak_year": null, "cagr_pct": null, "decline_from_peak_pct": null, "trajectory": null, "latest_knesset": null, "right_bloc_share": null, "top_party": null, "turnout": null, "se_cluster": null, "se_rank": null, "built_up_dunams": null, "govt_decision_type": null, "govt_decision_date": null}}, {"type": "Feature", "geometry": {"type": "Point", "coordinates": [35.293127, 31.81837]}, "properties": {"settlement_id": 473, "name_en": "Nahalat Ben Yishai", "name_he": "נחלת בן ישי", "type": "Outpost", "regional_council": "Binyamin", "urban_pattern": "Farm Outpost", "dist_gl_km": null, "elevation": null, "year_established": 2025, "status": "active", "latest_pop": null, "latest_pop_year": null, "peak_pop": null, "peak_year": null, "cagr_pct": null, "decline_from_peak_pct": null, "trajectory": null, "latest_knesset": null, "right_bloc_share": null, "top_party": null, "turnout": null, "se_cluster": null, "se_rank": null, "built_up_dunams": null, "govt_decision_type": null, "govt_decision_date": null}}, {"type": "Feature", "geometry": {"type": "Point", "coordinates": [35.082092, 31.364315]}, "properties": {"settlement_id": 474, "name_en": "Shani North", "name_he": "שני צפון - חוות ענים", "type": "Outpost", "regional_council": "Har Hebron", "urban_pattern": "Farm outpost", "dist_gl_km": null, "elevation": null, "year_established": 2025, "status": "active", "latest_pop": null, "latest_pop_year": null, "peak_pop": null, "peak_year": null, "cagr_pct": null, "decline_from_peak_pct": null, "trajectory": null, "latest_knesset": null, "right_bloc_share": null, "top_party": null, "turnout": null, "se_cluster": null, "se_rank": null, "built_up_dunams": null, "govt_decision_type": null, "govt_decision_date": null}}, {"type": "Feature", "geometry": {"type": "Point", "coordinates": [35.179749, 32.187506]}, "properties": {"settlement_id": 475, "name_en": "Yetedot Farm South", "name_he": "חוות יתדות דרום - גבעת אור ידידיה", "type": "Outpost", "regional_council": "Shomron", "urban_pattern": "Farm outpost", "dist_gl_km": null, "elevation": null, "year_established": 2025, "status": "active", "latest_pop": null, "latest_pop_year": null, "peak_pop": null, "peak_year": null, "cagr_pct": null, "decline_from_peak_pct": null, "trajectory": null, "latest_knesset": null, "right_bloc_share": null, "top_party": null, "turnout": null, "se_cluster": null, "se_rank": null, "built_up_dunams": null, "govt_decision_type": null, "govt_decision_date": null}}, {"type": "Feature", "geometry": {"type": "Point", "coordinates": [35.290103, 32.120614]}, "properties": {"settlement_id": 476, "name_en": "Givat Mevaser Shalom", "name_he": "גבעת מבשר השלום", "type": "Outpost", "regional_council": "Shomron", "urban_pattern": "Farm Outpost", "dist_gl_km": null, "elevation": null, "year_established": 2025, "status": "active", "latest_pop": null, "latest_pop_year": null, "peak_pop": null, "peak_year": null, "cagr_pct": null, "decline_from_peak_pct": null, "trajectory": null, "latest_knesset": null, "right_bloc_share": null, "top_party": null, "turnout": null, "se_cluster": null, "se_rank": null, "built_up_dunams": null, "govt_decision_type": null, "govt_decision_date": null}}, {"type": "Feature", "geometry": {"type": "Point", "coordinates": [35.11701, 32.131034]}, "properties": {"settlement_id": 477, "name_en": "Revava North", "name_he": "רבבה צפון", "type": "Outpost", "regional_council": "Shomron", "urban_pattern": "Farm Outpost", "dist_gl_km": null, "elevation": null, "year_established": 2025, "status": "active", "latest_pop": null, "latest_pop_year": null, "peak_pop": null, "peak_year": null, "cagr_pct": null, "decline_from_peak_pct": null, "trajectory": null, "latest_knesset": null, "right_bloc_share": null, "top_party": null, "turnout": null, "se_cluster": null, "se_rank": null, "built_up_dunams": null, "govt_decision_type": null, "govt_decision_date": null}}, {"type": "Feature", "geometry": {"type": "Point", "coordinates": [35.31404, 31.510755]}, "properties": {"settlement_id": 478, "name_en": "Rujum a-Naga", "name_he": "רוג'ם א-נאקה", "type": "Outpost", "regional_council": "Megilot/Gusg Etzion", "urban_pattern": "Farm outpost", "dist_gl_km": null, "elevation": null, "year_established": 2025, "status": "active", "latest_pop": null, "latest_pop_year": null, "peak_pop": null, "peak_year": null, "cagr_pct": null, "decline_from_peak_pct": null, "trajectory": null, "latest_knesset": null, "right_bloc_share": null, "top_party": null, "turnout": null, "se_cluster": null, "se_rank": null, "built_up_dunams": null, "govt_decision_type": null, "govt_decision_date": null}}, {"type": "Feature", "geometry": {"type": "Point", "coordinates": [35.134914, 31.970091]}, "properties": {"settlement_id": 479, "name_en": "Givat Herout", "name_he": "גבעת חרות", "type": "Outpost", "regional_council": "Binyamin", "urban_pattern": "Outpost", "dist_gl_km": null, "elevation": null, "year_established": 2025, "status": "active", "latest_pop": null, "latest_pop_year": null, "peak_pop": null, "peak_year": null, "cagr_pct": null, "decline_from_peak_pct": null, "trajectory": null, "latest_knesset": null, "right_bloc_share": null, "top_party": null, "turnout": null, "se_cluster": null, "se_rank": null, "built_up_dunams": null, "govt_decision_type": null, "govt_decision_date": null}}, {"type": "Feature", "geometry": {"type": "Point", "coordinates": [35.318787, 31.937504]}, "properties": {"settlement_id": 480, "name_en": "Rimonim West", "name_he": "חוות סלע רימון", "type": "Outpost", "regional_council": "Binyamin", "urban_pattern": "Farm outpost", "dist_gl_km": null, "elevation": null, "year_established": 2025, "status": "active", "latest_pop": null, "latest_pop_year": null, "peak_pop": null, "peak_year": null, "cagr_pct": null, "decline_from_peak_pct": null, "trajectory": null, "latest_knesset": null, "right_bloc_share": null, "top_party": null, "turnout": null, "se_cluster": null, "se_rank": null, "built_up_dunams": null, "govt_decision_type": null, "govt_decision_date": null}}, {"type": "Feature", "geometry": {"type": "Point", "coordinates": [35.298817, 32.058425]}, "properties": {"settlement_id": 481, "name_en": "Nof Mishkan Farm", "name_he": "חוות נוף המשכן", "type": "Outpost", "regional_council": "Binyamin", "urban_pattern": "Farm Outpost", "dist_gl_km": null, "elevation": null, "year_established": 2025, "status": "active", "latest_pop": null, "latest_pop_year": null, "peak_pop": null, "peak_year": null, "cagr_pct": null, "decline_from_peak_pct": null, "trajectory": null, "latest_knesset": null, "right_bloc_share": null, "top_party": null, "turnout": null, "se_cluster": null, "se_rank": null, "built_up_dunams": null, "govt_decision_type": null, "govt_decision_date": null}}, {"type": "Feature", "geometry": {"type": "Point", "coordinates": [35.064342, 32.008023]}, "properties": {"settlement_id": 482, "name_en": "Meitr LaAretz Farm", "name_he": "חוות מאיר לארץ", "type": "Outpost", "regional_council": "Binyamin", "urban_pattern": "Farm Outpost", "dist_gl_km": null, "elevation": null, "year_established": 2025, "status": "active", "latest_pop": null, "latest_pop_year": null, "peak_pop": null, "peak_year": null, "cagr_pct": null, "decline_from_peak_pct": null, "trajectory": null, "latest_knesset": null, "right_bloc_share": null, "top_party": null, "turnout": null, "se_cluster": null, "se_rank": null, "built_up_dunams": null, "govt_decision_type": null, "govt_decision_date": null}}, {"type": "Feature", "geometry": {"type": "Point", "coordinates": [35.120873, 32.126285]}, "properties": {"settlement_id": 483, "name_en": "Narhiva", "name_he": "נרחיבה", "type": "Outpost", "regional_council": "Shomron", "urban_pattern": "Outpost", "dist_gl_km": null, "elevation": null, "year_established": 2025, "status": "active", "latest_pop": null, "latest_pop_year": null, "peak_pop": null, "peak_year": null, "cagr_pct": null, "decline_from_peak_pct": null, "trajectory": null, "latest_knesset": null, "right_bloc_share": null, "top_party": null, "turnout": null, "se_cluster": null, "se_rank": null, "built_up_dunams": null, "govt_decision_type": null, "govt_decision_date": null}}, {"type": "Feature", "geometry": {"type": "Point", "coordinates": [35.7652, 32.8232]}, "properties": {"settlement_id": 484, "name_en": "Avne Etan", "name_he": "אבני איתן", "type": "Golan Settlement", "regional_council": "Golan", "urban_pattern": "Moshav", "dist_gl_km": null, "elevation": 381, "year_established": 1978, "status": "active", "latest_pop": 1079, "latest_pop_year": 2024, "peak_pop": null, "peak_year": null, "cagr_pct": null, "decline_from_peak_pct": null, "trajectory": null, "latest_knesset": 25, "right_bloc_share": 0.9414, "top_party": "ט", "turnout": 0.7143, "se_cluster": null, "se_rank": null, "built_up_dunams": null, "govt_decision_type": null, "govt_decision_date": null}}, {"type": "Feature", "geometry": {"type": "Point", "coordinates": [35.7495, 33.1935]}, "properties": {"settlement_id": 485, "name_en": "Odem", "name_he": "אודם", "type": "Golan Settlement", "regional_council": "Golan", "urban_pattern": "Moshav Shitufi", "dist_gl_km": null, "elevation": 1050, "year_established": 1976, "status": "active", "latest_pop": 314, "latest_pop_year": 2024, "peak_pop": null, "peak_year": null, "cagr_pct": null, "decline_from_peak_pct": null, "trajectory": null, "latest_knesset": 25, "right_bloc_share": 0.4694, "top_party": "פה", "turnout": 0.7444, "se_cluster": null, "se_rank": null, "built_up_dunams": null, "govt_decision_type": null, "govt_decision_date": null}}, {"type": "Feature", "geometry": {"type": "Point", "coordinates": [35.7587, 33.0869]}, "properties": {"settlement_id": 486, "name_en": "Ortal", "name_he": "אורטל", "type": "Golan Settlement", "regional_council": "Golan", "urban_pattern": "Kibbutz", "dist_gl_km": null, "elevation": 885, "year_established": 1978, "status": "active", "latest_pop": 374, "latest_pop_year": 2024, "peak_pop": null, "peak_year": null, "cagr_pct": null, "decline_from_peak_pct": null, "trajectory": null, "latest_knesset": 25, "right_bloc_share": 0.44, "top_party": "כן", "turnout": 0.6543, "se_cluster": null, "se_rank": null, "built_up_dunams": null, "govt_decision_type": null, "govt_decision_date": null}}, {"type": "Feature", "geometry": {"type": "Point", "coordinates": [35.7713, 33.1807]}, "properties": {"settlement_id": 487, "name_en": "El-Rom", "name_he": "אל -רום", "type": "Golan Settlement", "regional_council": "Golan", "urban_pattern": "Kibbutz", "dist_gl_km": null, "elevation": 1049, "year_established": 1971, "status": "active", "latest_pop": 621, "latest_pop_year": 2024, "peak_pop": null, "peak_year": null, "cagr_pct": null, "decline_from_peak_pct": null, "trajectory": null, "latest_knesset": 25, "right_bloc_share": 0.2993, "top_party": "פה", "turnout": 0.7106, "se_cluster": null, "se_rank": null, "built_up_dunams": null, "govt_decision_type": null, "govt_decision_date": null}}, {"type": "Feature", "geometry": {"type": "Point", "coordinates": [35.8387, 33.044]}, "properties": {"settlement_id": 488, "name_en": "Allone HaBashan", "name_he": "אלוני הבשן", "type": "Golan Settlement", "regional_council": "Golan", "urban_pattern": "Moshav Shitufi", "dist_gl_km": null, "elevation": 962, "year_established": 1981, "status": "active", "latest_pop": 512, "latest_pop_year": 2024, "peak_pop": null, "peak_year": null, "cagr_pct": null, "decline_from_peak_pct": null, "trajectory": null, "latest_knesset": 25, "right_bloc_share": 0.9383, "top_party": "ט", "turnout": 0.6835, "se_cluster": null, "se_rank": null, "built_up_dunams": null, "govt_decision_type": null, "govt_decision_date": null}}, {"type": "Feature", "geometry": {"type": "Point", "coordinates": [35.7349, 32.8051]}, "properties": {"settlement_id": 489, "name_en": "Eli-Ad", "name_he": "אלי-עד", "type": "Golan Settlement", "regional_council": "Golan", "urban_pattern": "Moshav", "dist_gl_km": null, "elevation": 367, "year_established": 1968, "status": "active", "latest_pop": 593, "latest_pop_year": 2024, "peak_pop": null, "peak_year": null, "cagr_pct": null, "decline_from_peak_pct": null, "trajectory": null, "latest_knesset": 25, "right_bloc_share": 0.4691, "top_party": "פה", "turnout": 0.7394, "se_cluster": null, "se_rank": null, "built_up_dunams": null, "govt_decision_type": null, "govt_decision_date": null}}, {"type": "Feature", "geometry": {"type": "Point", "coordinates": [35.7401, 32.9573]}, "properties": {"settlement_id": 490, "name_en": "Ani'am", "name_he": "אניעם", "type": "Golan Settlement", "regional_council": "Golan", "urban_pattern": "Moshav", "dist_gl_km": null, "elevation": 426, "year_established": 1978, "status": "active", "latest_pop": 475, "latest_pop_year": 2024, "peak_pop": null, "peak_year": null, "cagr_pct": null, "decline_from_peak_pct": null, "trajectory": null, "latest_knesset": 25, "right_bloc_share": 0.5076, "top_party": "פה", "turnout": 0.591, "se_cluster": null, "se_rank": null, "built_up_dunams": null, "govt_decision_type": null, "govt_decision_date": null}}, {"type": "Feature", "geometry": {"type": "Point", "coordinates": [35.7011, 32.7783]}, "properties": {"settlement_id": 491, "name_en": "Afiq", "name_he": "אפיק", "type": "Golan Settlement", "regional_council": "Golan", "urban_pattern": "Kibbutz", "dist_gl_km": null, "elevation": 339, "year_established": 1967, "status": "active", "latest_pop": 402, "latest_pop_year": 2024, "peak_pop": null, "peak_year": null, "cagr_pct": null, "decline_from_peak_pct": null, "trajectory": null, "latest_knesset": 25, "right_bloc_share": 0.3579, "top_party": "פה", "turnout": 0.7111, "se_cluster": null, "se_rank": null, "built_up_dunams": null, "govt_decision_type": null, "govt_decision_date": null}}, {"type": "Feature", "geometry": {"type": "Point", "coordinates": [35.7787, 33.2016]}, "properties": {"settlement_id": 492, "name_en": "Buq'ata", "name_he": "בוקעאתא", "type": "Golan Non-Jewish Locality", "regional_council": "Buq'ata", "urban_pattern": "Village", "dist_gl_km": null, "elevation": 1096, "year_established": null, "status": "active", "latest_pop": 6983, "latest_pop_year": 2024, "peak_pop": null, "peak_year": null, "cagr_pct": null, "decline_from_peak_pct": null, "trajectory": null, "latest_knesset": 25, "right_bloc_share": 0.6211, "top_party": "כן", "turnout": 0.2537, "se_cluster": 3, "se_rank": 38, "built_up_dunams": null, "govt_decision_type": null, "govt_decision_date": null}}, {"type": "Feature", "geometry": {"type": "Point", "coordinates": [35.6894, 32.7982]}, "properties": {"settlement_id": 493, "name_en": "Bene Yehuda", "name_he": "בני יהודה", "type": "Golan Settlement", "regional_council": "Golan", "urban_pattern": "Community", "dist_gl_km": null, "elevation": 344, "year_established": 1972, "status": "active", "latest_pop": 1244, "latest_pop_year": 2024, "peak_pop": null, "peak_year": null, "cagr_pct": null, "decline_from_peak_pct": null, "trajectory": null, "latest_knesset": 25, "right_bloc_share": 0.4974, "top_party": "פה", "turnout": 0.6289, "se_cluster": null, "se_rank": null, "built_up_dunams": null, "govt_decision_type": null, "govt_decision_date": null}}, {"type": "Feature", "geometry": {"type": "Point", "coordinates": [35.6817, 32.7991]}, "properties": {"settlement_id": 494, "name_en": "Giv'at Yo'av", "name_he": "גבעת יואב", "type": "Golan Settlement", "regional_council": "Golan", "urban_pattern": "Moshav", "dist_gl_km": null, "elevation": 311, "year_established": 1968, "status": "active", "latest_pop": 804, "latest_pop_year": 2024, "peak_pop": null, "peak_year": null, "cagr_pct": null, "decline_from_peak_pct": null, "trajectory": null, "latest_knesset": 25, "right_bloc_share": 0.4517, "top_party": "פה", "turnout": 0.7195, "se_cluster": null, "se_rank": null, "built_up_dunams": null, "govt_decision_type": null, "govt_decision_date": null}}, {"type": "Feature", "geometry": {"type": "Point", "coordinates": [35.717, 32.8188]}, "properties": {"settlement_id": 495, "name_en": "Geshur", "name_he": "גשור", "type": "Golan Settlement", "regional_council": "Golan", "urban_pattern": "Kibbutz", "dist_gl_km": null, "elevation": 347, "year_established": 1971, "status": "active", "latest_pop": 357, "latest_pop_year": 2024, "peak_pop": null, "peak_year": null, "cagr_pct": null, "decline_from_peak_pct": null, "trajectory": null, "latest_knesset": 25, "right_bloc_share": 0.3464, "top_party": "פה", "turnout": 0.6402, "se_cluster": null, "se_rank": null, "built_up_dunams": null, "govt_decision_type": null, "govt_decision_date": null}}, {"type": "Feature", "geometry": {"type": "Point", "coordinates": [35.6424, 32.9274]}, "properties": {"settlement_id": 496, "name_en": "Had-Nes", "name_he": "חד-נס", "type": "Golan Settlement", "regional_council": "Golan", "urban_pattern": "Community", "dist_gl_km": null, "elevation": -7, "year_established": 1989, "status": "active", "latest_pop": 885, "latest_pop_year": 2024, "peak_pop": null, "peak_year": null, "cagr_pct": null, "decline_from_peak_pct": null, "trajectory": null, "latest_knesset": 25, "right_bloc_share": 0.5913, "top_party": "פה", "turnout": 0.5746, "se_cluster": null, "se_rank": null, "built_up_dunams": null, "govt_decision_type": null, "govt_decision_date": null}}, {"type": "Feature", "geometry": {"type": "Point", "coordinates": [35.7943, 32.8454]}, "properties": {"settlement_id": 497, "name_en": "Haspin", "name_he": "חספין", "type": "Golan Settlement", "regional_council": "Golan", "urban_pattern": "Community", "dist_gl_km": null, "elevation": 418, "year_established": 1973, "status": "active", "latest_pop": 1956, "latest_pop_year": 2024, "peak_pop": null, "peak_year": null, "cagr_pct": null, "decline_from_peak_pct": null, "trajectory": null, "latest_knesset": 25, "right_bloc_share": 0.9814, "top_party": "ט", "turnout": 0.7239, "se_cluster": null, "se_rank": null, "built_up_dunams": null, "govt_decision_type": null, "govt_decision_date": null}}, {"type": "Feature", "geometry": {"type": "Point", "coordinates": [35.7944, 32.938]}, "properties": {"settlement_id": 498, "name_en": "Yonatan", "name_he": "יונתן", "type": "Golan Settlement", "regional_council": "Golan", "urban_pattern": "Moshav Shitufi", "dist_gl_km": null, "elevation": 550, "year_established": 1976, "status": "active", "latest_pop": 895, "latest_pop_year": 2024, "peak_pop": null, "peak_year": null, "cagr_pct": null, "decline_from_peak_pct": null, "trajectory": null, "latest_knesset": 25, "right_bloc_share": 0.9417, "top_party": "ט", "turnout": 0.7212, "se_cluster": null, "se_rank": null, "built_up_dunams": null, "govt_decision_type": null, "govt_decision_date": null}}, {"type": "Feature", "geometry": {"type": "Point", "coordinates": [35.6999, 32.8696]}, "properties": {"settlement_id": 499, "name_en": "Kanaf", "name_he": "כנף", "type": "Golan Settlement", "regional_council": "Golan", "urban_pattern": "Moshav", "dist_gl_km": null, "elevation": 294, "year_established": 1991, "status": "active", "latest_pop": 543, "latest_pop_year": 2024, "peak_pop": null, "peak_year": null, "cagr_pct": null, "decline_from_peak_pct": null, "trajectory": null, "latest_knesset": 25, "right_bloc_share": 0.4608, "top_party": "פה", "turnout": 0.6257, "se_cluster": null, "se_rank": null, "built_up_dunams": null, "govt_decision_type": null, "govt_decision_date": null}}, {"type": "Feature", "geometry": {"type": "Point", "coordinates": [35.6633, 32.7627]}, "properties": {"settlement_id": 500, "name_en": "Kefar Haruv", "name_he": "כפר חרוב", "type": "Golan Settlement", "regional_council": "Golan", "urban_pattern": "Kibbutz", "dist_gl_km": null, "elevation": 310, "year_established": 1974, "status": "active", "latest_pop": 544, "latest_pop_year": 2024, "peak_pop": null, "peak_year": null, "cagr_pct": null, "decline_from_peak_pct": null, "trajectory": null, "latest_knesset": 25, "right_bloc_share": 0.3694, "top_party": "פה", "turnout": 0.6276, "se_cluster": null, "se_rank": null, "built_up_dunams": null, "govt_decision_type": null, "govt_decision_date": null}}, {"type": "Feature", "geometry": {"type": "Point", "coordinates": [35.6554, 32.7377]}, "properties": {"settlement_id": 501, "name_en": "Mevo Hamma", "name_he": "מבוא חמה", "type": "Golan Settlement", "regional_council": "Golan", "urban_pattern": "Kibbutz", "dist_gl_km": null, "elevation": 347, "year_established": 1968, "status": "active", "latest_pop": 568, "latest_pop_year": 2024, "peak_pop": null, "peak_year": null, "cagr_pct": null, "decline_from_peak_pct": null, "trajectory": null, "latest_knesset": 25, "right_bloc_share": 0.2247, "top_party": "פה", "turnout": 0.6553, "se_cluster": null, "se_rank": null, "built_up_dunams": null, "govt_decision_type": null, "govt_decision_date": null}}, {"type": "Feature", "geometry": {"type": "Point", "coordinates": [35.7702, 33.2636]}, "properties": {"settlement_id": 502, "name_en": "Majdal Shams", "name_he": "מג'דל שמס", "type": "Golan Non-Jewish Locality", "regional_council": "Majdal Shams", "urban_pattern": "Village", "dist_gl_km": null, "elevation": 1226, "year_established": null, "status": "active", "latest_pop": 11264, "latest_pop_year": 2024, "peak_pop": null, "peak_year": null, "cagr_pct": null, "decline_from_peak_pct": null, "trajectory": null, "latest_knesset": 25, "right_bloc_share": 0.3109, "top_party": "פה", "turnout": 0.2339, "se_cluster": 3, "se_rank": 57, "built_up_dunams": null, "govt_decision_type": null, "govt_decision_date": null}}, {"type": "Feature", "geometry": {"type": "Point", "coordinates": [35.736, 32.7671]}, "properties": {"settlement_id": 503, "name_en": "Mezar", "name_he": "מיצר", "type": "Golan Settlement", "regional_council": "Golan", "urban_pattern": "Moshav", "dist_gl_km": null, "elevation": 359, "year_established": 1981, "status": "active", "latest_pop": 379, "latest_pop_year": 2024, "peak_pop": null, "peak_year": null, "cagr_pct": null, "decline_from_peak_pct": null, "trajectory": null, "latest_knesset": 25, "right_bloc_share": 0.2718, "top_party": "פה", "turnout": 0.7536, "se_cluster": null, "se_rank": null, "built_up_dunams": null, "govt_decision_type": null, "govt_decision_date": null}}, {"type": "Feature", "geometry": {"type": "Point", "coordinates": [35.7567, 33.231]}, "properties": {"settlement_id": 504, "name_en": "Mas'ade", "name_he": "מסעדה", "type": "Golan Non-Jewish Locality", "regional_council": "Mas'ade", "urban_pattern": "Village", "dist_gl_km": null, "elevation": 1035, "year_established": null, "status": "active", "latest_pop": 4205, "latest_pop_year": 2024, "peak_pop": null, "peak_year": null, "cagr_pct": null, "decline_from_peak_pct": null, "trajectory": null, "latest_knesset": 25, "right_bloc_share": 0.3168, "top_party": "ז", "turnout": 0.2256, "se_cluster": 3, "se_rank": 37, "built_up_dunams": null, "govt_decision_type": null, "govt_decision_date": null}}, {"type": "Feature", "geometry": {"type": "Point", "coordinates": [35.6842, 32.8894]}, "properties": {"settlement_id": 505, "name_en": "Ma'ale Gamla", "name_he": "מעלה גמלא", "type": "Golan Settlement", "regional_council": "Golan", "urban_pattern": "Moshav", "dist_gl_km": null, "elevation": 113, "year_established": 1976, "status": "active", "latest_pop": 734, "latest_pop_year": 2024, "peak_pop": null, "peak_year": null, "cagr_pct": null, "decline_from_peak_pct": null, "trajectory": null, "latest_knesset": 25, "right_bloc_share": 0.2753, "top_party": "פה", "turnout": 0.762, "se_cluster": null, "se_rank": null, "built_up_dunams": null, "govt_decision_type": null, "govt_decision_date": null}}, {"type": "Feature", "geometry": {"type": "Point", "coordinates": [35.7758, 33.1331]}, "properties": {"settlement_id": 506, "name_en": "Merom Golan", "name_he": "מרום גולן", "type": "Golan Settlement", "regional_council": "Golan", "urban_pattern": "Kibbutz", "dist_gl_km": null, "elevation": 977, "year_established": 1967, "status": "active", "latest_pop": 817, "latest_pop_year": 2024, "peak_pop": null, "peak_year": null, "cagr_pct": null, "decline_from_peak_pct": null, "trajectory": null, "latest_knesset": 25, "right_bloc_share": 0.3205, "top_party": "פה", "turnout": 0.6865, "se_cluster": null, "se_rank": null, "built_up_dunams": null, "govt_decision_type": null, "govt_decision_date": null}}, {"type": "Feature", "geometry": {"type": "Point", "coordinates": [35.6911, 32.7864]}, "properties": {"settlement_id": 507, "name_en": "Ne'ot Golan", "name_he": "נאות גולן", "type": "Golan Settlement", "regional_council": "Golan", "urban_pattern": "Moshav", "dist_gl_km": null, "elevation": 312, "year_established": 1967, "status": "active", "latest_pop": 742, "latest_pop_year": 2024, "peak_pop": null, "peak_year": null, "cagr_pct": null, "decline_from_peak_pct": null, "trajectory": null, "latest_knesset": 25, "right_bloc_share": 0.5094, "top_party": "פה", "turnout": 0.6835, "se_cluster": null, "se_rank": null, "built_up_dunams": null, "govt_decision_type": null, "govt_decision_date": null}}, {"type": "Feature", "geometry": {"type": "Point", "coordinates": [35.7827, 32.8328]}, "properties": {"settlement_id": 508, "name_en": "Nov", "name_he": "נוב", "type": "Golan Settlement", "regional_council": "Golan", "urban_pattern": "Moshav", "dist_gl_km": null, "elevation": 408, "year_established": 1973, "status": "active", "latest_pop": 1192, "latest_pop_year": 2024, "peak_pop": null, "peak_year": null, "cagr_pct": null, "decline_from_peak_pct": null, "trajectory": null, "latest_knesset": 25, "right_bloc_share": 0.9639, "top_party": "ט", "turnout": 0.7265, "se_cluster": null, "se_rank": null, "built_up_dunams": null, "govt_decision_type": null, "govt_decision_date": null}}, {"type": "Feature", "geometry": {"type": "Point", "coordinates": [35.7417, 33.2622]}, "properties": {"settlement_id": 509, "name_en": "Newe Ativ", "name_he": "נווה אטי\"ב", "type": "Golan Settlement", "regional_council": "Golan", "urban_pattern": "Moshav", "dist_gl_km": null, "elevation": 978, "year_established": 1972, "status": "active", "latest_pop": 226, "latest_pop_year": 2024, "peak_pop": null, "peak_year": null, "cagr_pct": null, "decline_from_peak_pct": null, "trajectory": null, "latest_knesset": 20, "right_bloc_share": 0.1852, "top_party": "פה", "turnout": 0.7143, "se_cluster": null, "se_rank": null, "built_up_dunams": null, "govt_decision_type": null, "govt_decision_date": null}}, {"type": "Feature", "geometry": {"type": "Point", "coordinates": [35.7531, 32.8532]}, "properties": {"settlement_id": 510, "name_en": "Natur", "name_he": "נטור", "type": "Golan Settlement", "regional_council": "Golan", "urban_pattern": "Moshav", "dist_gl_km": null, "elevation": 411, "year_established": 1980, "status": "active", "latest_pop": 770, "latest_pop_year": 2024, "peak_pop": null, "peak_year": null, "cagr_pct": null, "decline_from_peak_pct": null, "trajectory": null, "latest_knesset": 25, "right_bloc_share": 0.7368, "top_party": "ט", "turnout": 0.7308, "se_cluster": null, "se_rank": null, "built_up_dunams": null, "govt_decision_type": null, "govt_decision_date": null}}, {"type": "Feature", "geometry": {"type": "Point", "coordinates": [35.7517, 33.2457]}, "properties": {"settlement_id": 511, "name_en": "Nimrod", "name_he": "נמרוד", "type": "Golan Settlement", "regional_council": "Golan", "urban_pattern": "Community", "dist_gl_km": null, "elevation": 1095, "year_established": null, "status": "active", "latest_pop": null, "latest_pop_year": null, "peak_pop": null, "peak_year": null, "cagr_pct": null, "decline_from_peak_pct": null, "trajectory": null, "latest_knesset": null, "right_bloc_share": null, "top_party": null, "turnout": null, "se_cluster": null, "se_rank": null, "built_up_dunams": null, "govt_decision_type": null, "govt_decision_date": null}}, {"type": "Feature", "geometry": {"type": "Point", "coordinates": [35.6234, 33.2707]}, "properties": {"settlement_id": 512, "name_en": "Ghajar", "name_he": "ע'ג'ר", "type": "Golan Non-Jewish Locality", "regional_council": "Ghajar", "urban_pattern": "Village", "dist_gl_km": null, "elevation": 282, "year_established": null, "status": "active", "latest_pop": 2739, "latest_pop_year": 2024, "peak_pop": null, "peak_year": null, "cagr_pct": null, "decline_from_peak_pct": null, "trajectory": null, "latest_knesset": 25, "right_bloc_share": 0.4662, "top_party": "כן", "turnout": 0.301, "se_cluster": 3, "se_rank": 40, "built_up_dunams": null, "govt_decision_type": null, "govt_decision_date": null}}, {"type": "Feature", "geometry": {"type": "Point", "coordinates": [35.796, 33.0965]}, "properties": {"settlement_id": 513, "name_en": "En Ziwan", "name_he": "עין זיוון", "type": "Golan Settlement", "regional_council": "Golan", "urban_pattern": "Kibbutz", "dist_gl_km": null, "elevation": 969, "year_established": 1968, "status": "active", "latest_pop": 534, "latest_pop_year": 2024, "peak_pop": null, "peak_year": null, "cagr_pct": null, "decline_from_peak_pct": null, "trajectory": null, "latest_knesset": 25, "right_bloc_share": 0.3304, "top_party": "פה", "turnout": 0.6875, "se_cluster": null, "se_rank": null, "built_up_dunams": null, "govt_decision_type": null, "govt_decision_date": null}}, {"type": "Feature", "geometry": {"type": "Point", "coordinates": [35.7315, 33.2371]}, "properties": {"settlement_id": 514, "name_en": "Ein Qiniyye", "name_he": "עין קנייא", "type": "Golan Non-Jewish Locality", "regional_council": "Ein Qiniyye", "urban_pattern": "Village", "dist_gl_km": null, "elevation": 801, "year_established": null, "status": "active", "latest_pop": 2470, "latest_pop_year": 2024, "peak_pop": null, "peak_year": null, "cagr_pct": null, "decline_from_peak_pct": null, "trajectory": null, "latest_knesset": 25, "right_bloc_share": 0.3226, "top_party": "פה", "turnout": 0.1498, "se_cluster": 3, "se_rank": 52, "built_up_dunams": null, "govt_decision_type": null, "govt_decision_date": null}}, {"type": "Feature", "geometry": {"type": "Point", "coordinates": [35.6977, 33.03]}, "properties": {"settlement_id": 515, "name_en": "Qidmat Zevi", "name_he": "קדמת צבי", "type": "Golan Settlement", "regional_council": "Golan", "urban_pattern": "Moshav", "dist_gl_km": null, "elevation": 475, "year_established": 1985, "status": "active", "latest_pop": 734, "latest_pop_year": 2024, "peak_pop": null, "peak_year": null, "cagr_pct": null, "decline_from_peak_pct": null, "trajectory": null, "latest_knesset": 25, "right_bloc_share": 0.5017, "top_party": "פה", "turnout": 0.6821, "se_cluster": null, "se_rank": null, "built_up_dunams": null, "govt_decision_type": null, "govt_decision_date": null}}, {"type": "Feature", "geometry": {"type": "Point", "coordinates": [35.684, 33.1317]}, "properties": {"settlement_id": 516, "name_en": "Qela", "name_he": "קלע", "type": "Golan Settlement", "regional_council": "Golan", "urban_pattern": "Community", "dist_gl_km": null, "elevation": 612, "year_established": 1984, "status": "active", "latest_pop": 415, "latest_pop_year": 2024, "peak_pop": null, "peak_year": null, "cagr_pct": null, "decline_from_peak_pct": null, "trajectory": null, "latest_knesset": 25, "right_bloc_share": 0.5053, "top_party": "פה", "turnout": 0.6379, "se_cluster": null, "se_rank": null, "built_up_dunams": null, "govt_decision_type": null, "govt_decision_date": null}}, {"type": "Feature", "geometry": {"type": "Point", "coordinates": [35.6868, 32.9925]}, "properties": {"settlement_id": 517, "name_en": "Qazrin", "name_he": "קצרין", "type": "Golan Settlement", "regional_council": "Katzrin", "urban_pattern": "Urban", "dist_gl_km": null, "elevation": 332, "year_established": 1977, "status": "active", "latest_pop": 8012, "latest_pop_year": 2024, "peak_pop": null, "peak_year": null, "cagr_pct": null, "decline_from_peak_pct": null, "trajectory": null, "latest_knesset": 25, "right_bloc_share": 0.6566, "top_party": "מחל", "turnout": 0.5455, "se_cluster": 5, "se_rank": 110, "built_up_dunams": null, "govt_decision_type": null, "govt_decision_date": null}}, {"type": "Feature", "geometry": {"type": "Point", "coordinates": [35.8085, 32.9798]}, "properties": {"settlement_id": 518, "name_en": "Qeshet", "name_he": "קשת", "type": "Golan Settlement", "regional_council": "Golan", "urban_pattern": "Moshav Shitufi", "dist_gl_km": null, "elevation": 702, "year_established": 1974, "status": "active", "latest_pop": 979, "latest_pop_year": 2024, "peak_pop": null, "peak_year": null, "cagr_pct": null, "decline_from_peak_pct": null, "trajectory": null, "latest_knesset": 25, "right_bloc_share": 0.9666, "top_party": "ט", "turnout": 0.7443, "se_cluster": null, "se_rank": null, "built_up_dunams": null, "govt_decision_type": null, "govt_decision_date": null}}, {"type": "Feature", "geometry": {"type": "Point", "coordinates": [35.6667, 32.8497]}, "properties": {"settlement_id": 519, "name_en": "Ramot", "name_he": "רמות", "type": "Golan Settlement", "regional_council": "Golan", "urban_pattern": "Moshav", "dist_gl_km": null, "elevation": -9, "year_established": 1970, "status": "active", "latest_pop": 872, "latest_pop_year": 2024, "peak_pop": null, "peak_year": null, "cagr_pct": null, "decline_from_peak_pct": null, "trajectory": null, "latest_knesset": 25, "right_bloc_share": 0.3534, "top_party": "פה", "turnout": 0.7565, "se_cluster": null, "se_rank": null, "built_up_dunams": null, "govt_decision_type": null, "govt_decision_date": null}}, {"type": "Feature", "geometry": {"type": "Point", "coordinates": [35.6907, 33.1323]}, "properties": {"settlement_id": 520, "name_en": "President Trump Heights", "name_he": "רמת הנשיא טראמפ", "type": "Golan Settlement", "regional_council": "Golan", "urban_pattern": "Community", "dist_gl_km": null, "elevation": 662, "year_established": 2022, "status": "active", "latest_pop": 111, "latest_pop_year": 2024, "peak_pop": null, "peak_year": null, "cagr_pct": null, "decline_from_peak_pct": null, "trajectory": null, "latest_knesset": null, "right_bloc_share": null, "top_party": null, "turnout": null, "se_cluster": null, "se_rank": null, "built_up_dunams": null, "govt_decision_type": null, "govt_decision_date": null}}, {"type": "Feature", "geometry": {"type": "Point", "coordinates": [35.8079, 32.8448]}, "properties": {"settlement_id": 521, "name_en": "Ramat Magshimim", "name_he": "רמת מגשימים", "type": "Golan Settlement", "regional_council": "Golan", "urban_pattern": "Moshav Shitufi", "dist_gl_km": null, "elevation": 429, "year_established": 1968, "status": "active", "latest_pop": 815, "latest_pop_year": 2024, "peak_pop": null, "peak_year": null, "cagr_pct": null, "decline_from_peak_pct": null, "trajectory": null, "latest_knesset": 25, "right_bloc_share": 0.958, "top_party": "ט", "turnout": 0.7376, "se_cluster": null, "se_rank": null, "built_up_dunams": null, "govt_decision_type": null, "govt_decision_date": null}}, {"type": "Feature", "geometry": {"type": "Point", "coordinates": [35.7182, 33.1165]}, "properties": {"settlement_id": 522, "name_en": "Sha'al", "name_he": "שעל", "type": "Golan Settlement", "regional_council": "Golan", "urban_pattern": "Moshav", "dist_gl_km": null, "elevation": 779, "year_established": 1976, "status": "active", "latest_pop": 452, "latest_pop_year": 2024, "peak_pop": null, "peak_year": null, "cagr_pct": null, "decline_from_peak_pct": null, "trajectory": null, "latest_knesset": 25, "right_bloc_share": 0.5754, "top_party": "פה", "turnout": 0.7595, "se_cluster": null, "se_rank": null, "built_up_dunams": null, "govt_decision_type": null, "govt_decision_date": null}}]}