{"type":"FeatureCollection","name":"West Bank and East Jerusalem settlement footprints","source":"Peace Now GIS Layers, Settlements_and_outposts_14112024 and Settlements in East Jerusalem","source_url":"https://peacenow.org.il/en/maps-and-gis-layers","source_item":"https://www.arcgis.com/home/item.html?id=e3848dc0a04c44cc9ad9f7db228cd3a3","source_date":"2024-11-14","generated":"2026-07-28","features":[{"type":"Feature","properties":{"settlement_id":141,"source":"Peace Now","source_name":"Shani","source_type":"Settlement","source_db_id":131},"geometry":{"type":"Polygon","coordinates":[[[35.0661562749013,31.357357465923034],[35.06633922423076,31.357450288639996],[35.06671601011026,31.35788252558297],[35.06671558615243,31.358173208829793],[35.0668121182139,31.358355948050736],[35.06716615108244,31.358453426527152],[35.06761695489372,31.35823914150687],[35.06781913743308,31.35789200312225],[35.06914502149166,31.357868516321123],[35.06964835142379,31.357794278524114],[35.07027696808099,31.35801085362169],[35.07070268477039,31.358119256254952],[35.0711576334908,31.357995176960216],[35.07241633188437,31.357539754741655],[35.072716404777026,31.357456997949754],[35.07283288798411,31.35720801157435],[35.07280731607721,31.357155945445545],[35.070486747173746,31.357272052587454],[35.06972214032333,31.35734665079642],[35.06834252082612,31.357322556203314],[35.0668925459981,31.357328585123874],[35.0661562749013,31.357357465923034]]]}},{"type":"Feature","properties":{"settlement_id":106,"source":"Peace Now","source_name":"Sansana","source_type":"Settlement","source_db_id":305},"geometry":{"type":"Polygon","coordinates":[[[34.90264274287293,31.366173413138323],[34.90266100551377,31.36591857961504],[34.90346432272381,31.3659954150561],[34.90367439655531,31.365876045561166],[34.90384994615225,31.365606609082654],[34.904235461294164,31.36521780166032],[34.90472596587686,31.364799205203887],[34.90511242435344,31.364110606121468],[34.90502669686472,31.363600652804262],[34.90476666486352,31.36297052007872],[34.90468193899374,31.362145896219776],[34.90415898411071,31.361799876959562],[34.90391478848032,31.361679352454154],[34.90313019809951,31.361212853320186],[34.90309956021163,31.359878692018825],[34.902803116608,31.359698066324583],[34.902540331040626,31.35993735329882],[34.902329798642945,31.360236648913705],[34.9021197836559,31.36034104496691],[34.90208514712705,31.36012919738719],[34.902041303037315,31.36006857659002],[34.9013317690382,31.360456522303704],[34.900890828672765,31.360662555593926],[34.90052071342423,31.360905282103158],[34.899229835663085,31.361845873806555],[34.898618580286694,31.362864632218837],[34.89776718428833,31.36331841442568],[34.89776544505351,31.363853994625842],[34.8985060652687,31.36480158071546],[34.90037545741832,31.36577463447364],[34.9018385512493,31.366336385266045],[34.90197810637012,31.366411662211952],[34.902187838268866,31.36636715192891],[34.902415506578464,31.366202821245697],[34.90264274287293,31.366173413138323]]]}},{"type":"Feature","properties":{"settlement_id":83,"source":"Peace Now","source_name":"Metzadot Yehuda","source_type":"Settlement","source_db_id":76},"geometry":{"type":"Polygon","coordinates":[[[35.11611626528039,31.363146399413928],[35.1162991426653,31.36286099055999],[35.11628304914223,31.362857168947677],[35.1161231926214,31.361947037542496],[35.115386015012994,31.35990605895001],[35.11471232612677,31.35877505170092],[35.11339524509312,31.358277714697667],[35.112431441943365,31.358084018966096],[35.111467724213064,31.357807611384096],[35.111178023198825,31.358276120878195],[35.109795335631475,31.35929543229952],[35.10889532852756,31.359515370554004],[35.10815616060298,31.359597522180216],[35.107127483279044,31.36003795714568],[35.10593795861789,31.360505768418367],[35.10500654231557,31.360091436032043],[35.10442888788858,31.359401661122245],[35.10487994906051,31.35824387650746],[35.104109183358965,31.35780206386528],[35.10320945992252,31.357856462997457],[35.102983921379334,31.358435397706167],[35.103560704788975,31.359924897221475],[35.103623892321,31.360889984588837],[35.10355875999765,31.361744758180883],[35.10448992338685,31.362407304796573],[35.107155066093654,31.362951128804415],[35.10724566073902,31.363774906435797],[35.10674189199281,31.364676697920117],[35.10717567138068,31.365088837049456],[35.10965552408934,31.365149233668692],[35.109986728051126,31.365387124371964],[35.109596680041925,31.36683808949955],[35.108361368056805,31.367915755845456],[35.110713638617376,31.369859114764672],[35.11146782369497,31.36997736240025],[35.112130695275724,31.3699581800267],[35.11176625378455,31.36868316704977],[35.11201927853396,31.36705559446844],[35.11254595229759,31.36601652923259],[35.1131948387026,31.366191511148198],[35.11428809292192,31.36553046778292],[35.11564006265265,31.36313243722085],[35.11611626528039,31.363146399413928]]]}},{"type":"Feature","properties":{"settlement_id":224,"source":"Peace Now","source_name":"Asael","source_type":"Outpost","source_db_id":309},"geometry":{"type":"Polygon","coordinates":[[[35.044143958257166,31.373866962851338],[35.044736175298716,31.37325900858017],[35.04485509756148,31.372866107941288],[35.04405624602796,31.372201433107044],[35.04158694431671,31.371181911351847],[35.040410979005514,31.371529802919742],[35.0397793099602,31.372870970669],[35.03958352733101,31.373688610500732],[35.039868882575604,31.374578334654533],[35.039822025240085,31.37491178354798],[35.04012170020468,31.375129944050958],[35.039822025240085,31.37491178354798],[35.04012170020468,31.375129944050958],[35.04077148384444,31.375473136913644],[35.042472655028924,31.37461307975068],[35.044143958257166,31.373866962851338]]]}},{"type":"Feature","properties":{"settlement_id":54,"source":"Peace Now","source_name":"Tene","source_type":"Settlement","source_db_id":49},"geometry":{"type":"Polygon","coordinates":[[[34.95878081004004,31.373474608110037],[34.959036771224184,31.372868661072573],[34.95869882155306,31.37238297234577],[34.958161803383994,31.37233341989796],[34.95770974144945,31.372235506503184],[34.957088763639014,31.3718947450295],[34.95632526250936,31.37199031441016],[34.95595579797701,31.372741512543698],[34.95586988293937,31.37315369439911],[34.955615946901375,31.372983374265026],[34.95516458904849,31.37261867145484],[34.95491180957724,31.37201183286537],[34.95505475131597,31.371381502826463],[34.9553676431415,31.370678719466817],[34.95570857290922,31.37002451184273],[34.95531345963296,31.36978122403047],[34.95466361284346,31.369634393320023],[34.95378809667729,31.369365903107724],[34.95311073053178,31.368976489898394],[34.95248910302452,31.368854054779266],[34.952008115487885,31.36904710753398],[34.95183716571937,31.369531902769264],[34.95225944299799,31.370187603192694],[34.952681144066844,31.371061560725938],[34.952791944440975,31.371886384854065],[34.95279116835892,31.372177516441162],[34.95355164485667,31.373221872707216],[34.953776504596746,31.37373170511278],[34.95380400852413,31.374022801721537],[34.95343432261075,31.374846684886506],[34.954449282594325,31.375867362512977],[34.95495740039851,31.376159394911628],[34.95495618220165,31.376620262831427],[34.953963523599334,31.377806759430406],[34.95424546699071,31.378122613630953],[34.955007801737224,31.378487924780245],[34.95788461273566,31.378724191028535],[34.958537651881436,31.378927305359753],[34.96014622268606,31.379750022991065],[34.9604457138036,31.37996058500784],[34.96094334803521,31.379880243841132],[34.96112570281179,31.379587792278546],[34.961055110665086,31.37940628198601],[34.96051112025745,31.379093648556747],[34.96018010202986,31.37886270503596],[34.95982652268941,31.378198187551465],[34.95929837001428,31.377872031748286],[34.95869110711852,31.3776066860122],[34.95865224695174,31.377369524887452],[34.95878738661451,31.377017540070817],[34.95936473523786,31.37663930621484],[34.959515941569876,31.376178968282886],[34.95912221453863,31.37577855529892],[34.95834153461471,31.375411267121954],[34.95801804209154,31.375329359486873],[34.95775783515751,31.37520015455729],[34.957546974088714,31.37501115892541],[34.95829723989159,31.374613591234976],[34.958694149158376,31.374177743119127],[34.95878081004004,31.373474608110037]]]}},{"type":"Feature","properties":{"settlement_id":178,"source":"Peace Now","source_name":"Mitzpe Yair","source_type":"Outpost","source_db_id":289},"geometry":{"type":"Polygon","coordinates":[[[35.137508825296024,31.38379890029917],[35.13804704556503,31.383153298175444],[35.136463929876626,31.382186386169284],[35.135196053682314,31.380961155484886],[35.13420939107828,31.37940036008321],[35.13325181512828,31.378453115250476],[35.13201840943269,31.37879748521631],[35.13158028735497,31.380816511676528],[35.13204492437072,31.38134602039429],[35.13240677057793,31.382356555923767],[35.131534748788575,31.383964152962086],[35.13141593249858,31.384939040575134],[35.13202132089345,31.384610190274227],[35.13332305979682,31.385474848347325],[35.13411615147798,31.385890163055368],[35.13475066686097,31.38611842022103],[35.13526722331979,31.38620735707523],[35.13576952892255,31.385511179289086],[35.13665577414983,31.38451144283475],[35.137232021011386,31.383739358122845],[35.137508825296024,31.38379890029917]]]}},{"type":"Feature","properties":{"settlement_id":18,"source":"Peace Now","source_name":"Eshkolot","source_type":"Settlement","source_db_id":17},"geometry":{"type":"Polygon","coordinates":[[[34.897711834854064,31.392344023481286],[34.899264955364345,31.392226642748007],[34.90098383205544,31.392439873421345],[34.901511413070025,31.391989795965127],[34.90225572091139,31.39178182963271],[34.90271994466797,31.392102219989024],[34.90320713234851,31.392373393016513],[34.90378884706976,31.392577324196058],[34.90413491513719,31.392659125514946],[34.904607068276235,31.392700815982742],[34.90498504553677,31.392634147570252],[34.90541078578661,31.392392080731714],[34.90588345143503,31.39227160699784],[34.9062304163732,31.39206993919168],[34.906231995895396,31.391570293065037],[34.90662548212382,31.39158473621942],[34.90665742979257,31.39142273990157],[34.905826885383114,31.39024599942906],[34.90551570262261,31.389111050777355],[34.905123169449105,31.38879952216368],[34.90416409629178,31.38844617153745],[34.90370739000154,31.388512652981465],[34.90323400770129,31.388862649489525],[34.9030287692727,31.389064732789507],[34.90271369435153,31.389158510249274],[34.90241118830385,31.389299077101125],[34.90199549471162,31.389095850707207],[34.9008792499397,31.389049180136695],[34.89803064741239,31.389009379638374],[34.895759561622505,31.38894889154113],[34.89501415024509,31.389299349485572],[34.895346088465175,31.38981752310318],[34.89656273319253,31.390557982397347],[34.89770383490658,31.390857932680298],[34.89513756196946,31.39079672677217],[34.894225168438396,31.391190807463463],[34.89408209448951,31.39177388230723],[34.89436303134055,31.392192863500888],[34.8950807462813,31.392469796164377],[34.896966331938216,31.39271650663228],[34.897711834854064,31.392344023481286]]]}},{"type":"Feature","properties":{"settlement_id":140,"source":"Peace Now","source_name":"Shim'a","source_type":"Settlement","source_db_id":130},"geometry":{"type":"Polygon","coordinates":[[[35.01364400604867,31.385434640059472],[35.01301001569939,31.384887685102992],[35.01281585085673,31.384829944027388],[35.01256806969308,31.38482380124519],[35.012239290166995,31.385047430676348],[35.012011072934115,31.38524252985362],[35.01154924564154,31.38508093696085],[35.01144241192684,31.38488533461068],[35.011295006886954,31.384890884758196],[35.010725194255514,31.385096920635792],[35.010612249185584,31.385250153033677],[35.01038156177266,31.385276050190175],[35.010052715415746,31.385097177956666],[35.0095258391868,31.384323423285387],[35.00879996050188,31.383430446507386],[35.00822004227238,31.383176863323538],[35.007778197924765,31.38318361882371],[35.00763941406734,31.383265160315627],[35.00721500431505,31.383219914575076],[35.00616265272351,31.384141611513286],[35.00586299569945,31.384315080744955],[35.00618530906751,31.384845661792017],[35.006474217124186,31.38519397524384],[35.0068308151148,31.385492696857405],[35.007473727296365,31.3856566432141],[35.00748704911192,31.38570270652751],[35.00791912667641,31.38623105989822],[35.00869713922474,31.38705723069735],[35.00932641122033,31.387644287178475],[35.00984175964091,31.38790824461226],[35.010276254730634,31.38838023574539],[35.01074448232231,31.388708513717823],[35.01180790815592,31.38897446271814],[35.01239700359228,31.38917078808434],[35.012898874258205,31.389504880729532],[35.01351463384015,31.38977591800187],[35.01387597786755,31.389989033203758],[35.014002891795414,31.390190435383662],[35.013987684861064,31.390202376473514],[35.01439637832462,31.39035480685962],[35.0142978212181,31.390128191274925],[35.01414403893763,31.3899555200615],[35.01396381944533,31.389650681235846],[35.01403134799822,31.389374890780857],[35.01387128862631,31.3890315706734],[35.01378466573334,31.38876709535629],[35.01382601191524,31.388180922659483],[35.01394838822992,31.3872960712311],[35.01404934825982,31.38707200914771],[35.014030494954156,31.38646401103219],[35.01364400604867,31.385434640059472]]]}},{"type":"Feature","properties":{"settlement_id":104,"source":"Peace Now","source_name":"Susiya","source_type":"Settlement","source_db_id":95},"geometry":{"type":"Polygon","coordinates":[[[35.108604578590935,31.39458123980354],[35.10896060788262,31.39421737446917],[35.109869712236865,31.393814390003794],[35.11066459456733,31.394042322453608],[35.110864508353494,31.394260537147947],[35.11053972244869,31.394510846340165],[35.110051308285925,31.395130784216345],[35.11058137996986,31.396081887544796],[35.11233993828768,31.395620759982016],[35.113464686609916,31.396023720614668],[35.11400328408586,31.396627292297016],[35.11475249538949,31.39756074367192],[35.115478462450135,31.398405788294152],[35.11578310053512,31.398486448894474],[35.11641714052203,31.397240190816625],[35.11686322570494,31.396496519753605],[35.11878676751729,31.395070203512343],[35.12045198216229,31.39404584607156],[35.12061621725542,31.393804695434415],[35.11918747624717,31.39261739344397],[35.11780557621117,31.39141008485441],[35.11806390442442,31.39083313333953],[35.11869749228008,31.390109693755136],[35.11937743873853,31.389848776276864],[35.11944826456617,31.389305969407744],[35.11982389865704,31.38862248725721],[35.11968501694852,31.386631810387794],[35.11977951785049,31.38582755763145],[35.11949848837354,31.385606225508813],[35.11888916606114,31.38546503336386],[35.11776270882919,31.387032681925923],[35.11874681398499,31.387435501450046],[35.11891085952754,31.38739538629156],[35.1189333561956,31.38844097475027],[35.11764367101055,31.389003073856337],[35.11694013122038,31.389424865105816],[35.11626044437411,31.38940428673468],[35.116049266332354,31.389585152630925],[35.11319147134538,31.387713148707892],[35.11035803662737,31.385036873528158],[35.1101003150088,31.384976346869838],[35.10843588556309,31.385276706343827],[35.10702970672748,31.385114745988083],[35.1068894568211,31.384712571853687],[35.10604659918659,31.383927724509583],[35.10494502613836,31.38384642439023],[35.10419543500982,31.383463794905502],[35.103468174399005,31.384126752556252],[35.10257740209333,31.384226609557064],[35.10168618977285,31.38472861764211],[35.10126348549741,31.38547216582932],[35.10067646330654,31.38639668123549],[35.099949066236555,31.387140067980617],[35.10022974324901,31.387642925699296],[35.09990070553623,31.388467084864864],[35.10088437362264,31.38921186115453],[35.1012117764874,31.389875653323884],[35.10163301037906,31.390499295168674],[35.10207832861695,31.390539876432936],[35.102359375340555,31.39072102179948],[35.10261682191286,31.39114349624394],[35.103225705825096,31.39160647297646],[35.10423355639407,31.391713869720196],[35.10348298002504,31.392195796976175],[35.10348237710682,31.39275885257266],[35.104161742967634,31.39310120609291],[35.10507568342935,31.39334317631478],[35.10608280556973,31.39406781810786],[35.107114242344885,31.39406860577216],[35.108604578590935,31.39458123980354]]]}},{"type":"Feature","properties":{"settlement_id":210,"source":"Peace Now","source_name":"Avigail","source_type":"Outpost","source_db_id":221},"geometry":{"type":"Polygon","coordinates":[[[35.14282904613219,31.401513333666742],[35.14245379789638,31.401400466230527],[35.14229973160176,31.401242282571317],[35.142231488727894,31.401051472269696],[35.142035017660845,31.401142318195546],[35.14119760600399,31.40103259538078],[35.14020525832176,31.400852257432113],[35.13956400367494,31.400944187453913],[35.13896397200699,31.401241931148256],[35.1388105371438,31.401781179491202],[35.13882989867385,31.40233206955608],[35.138547331347596,31.402858333027773],[35.138519813847864,31.403155022803624],[35.13858324745567,31.403568879927803],[35.138755944222545,31.403951561241396],[35.139119786429546,31.404373379530803],[35.139838961109625,31.404365936643458],[35.14013039202806,31.40418649910375],[35.14020281662909,31.404008242732786],[35.14033976114085,31.40399879813396],[35.14063254032492,31.4037926801502],[35.141552679341835,31.40355106576666],[35.14156404189737,31.403530849876425],[35.14203353313755,31.403383215973555],[35.14222498080952,31.402961676891007],[35.14212586069434,31.40228479056928],[35.14231486888826,31.40233273779671],[35.14250830739664,31.402311285525432],[35.14258120361464,31.402238064437192],[35.142629016477215,31.40210881165649],[35.14262659637639,31.401968761625835],[35.14282904613219,31.401513333666742]]]}},{"type":"Feature","properties":{"settlement_id":66,"source":"Peace Now","source_name":"Carmel","source_type":"Settlement","source_db_id":61},"geometry":{"type":"Polygon","coordinates":[[[35.18975730934653,31.434608151759722],[35.191144635708596,31.433737164060805],[35.19061715986108,31.43281573227106],[35.19010923301891,31.43274866538204],[35.189523064102495,31.433251133894874],[35.187920749991406,31.43400483013566],[35.18733470520212,31.43371993456116],[35.1875106876554,31.433100175998504],[35.18729588034314,31.432631071833484],[35.18684644886304,31.43251367412658],[35.18608461109341,31.43191046970127],[35.18596865341264,31.43188368472738],[35.18579615192419,31.43202244683661],[35.18588960450048,31.43230499435813],[35.18570254635506,31.432503504747633],[35.18484756038781,31.43272482219594],[35.184620515711764,31.43248806951699],[35.18456268135671,31.432243706545865],[35.18418866461503,31.43215583295791],[35.18415756310146,31.431842749637557],[35.183952763949165,31.431709085868356],[35.1836767004265,31.43167086044644],[35.18372455023871,31.431500408270082],[35.183681571203,31.43149135167478],[35.183818635451864,31.43048621187028],[35.183955667621326,31.429132669611104],[35.18366278273193,31.428462514040184],[35.18366728759971,31.428243806940745],[35.18378598775927,31.42796319060889],[35.18398750779599,31.42733255818764],[35.183987550326655,31.42713735191816],[35.184320377435895,31.42661935866866],[35.18458312105811,31.426266527712592],[35.184618209625754,31.425951200657465],[35.18434686953702,31.425568253876868],[35.18369025587294,31.425335402908335],[35.18293733462918,31.42510253328879],[35.18249961017015,31.424887988894866],[35.18257907934851,31.424417395101155],[35.18226800253378,31.424226775711947],[35.18183922671531,31.42424239420566],[35.18153851687689,31.42443290639964],[35.181554115191275,31.42479610509776],[35.18176840292288,31.42520866209314],[35.181956561628056,31.425763061690084],[35.1819739270352,31.42637120581809],[35.18263042508386,31.427114604280625],[35.182551451126905,31.42785787443797],[35.181500561535216,31.428676053660066],[35.18114230473713,31.429098636802568],[35.18069274877531,31.429986469865625],[35.18055577413511,31.43092459561129],[35.17991092419489,31.43123265093162],[35.18036019916758,31.431902844361137],[35.18037930616612,31.433276614122764],[35.18178590003529,31.433913428628138],[35.18286038350423,31.43433236439892],[35.18403276635536,31.433964043059824],[35.18543965983298,31.43329415251428],[35.18739323396925,31.434048322233636],[35.18778394085534,31.434383427693067],[35.18784245263341,31.434818960192757],[35.18780338368395,31.43507022290692],[35.18737355502104,31.43525451334488],[35.18743192446025,31.436467298485052],[35.18809618596203,31.436500935806112],[35.18833070948616,31.436165911918085],[35.188174588324244,31.43507703499872],[35.18878026776408,31.435010100059333],[35.1892492411216,31.434708563277763],[35.18975730934653,31.434608151759722]]]}},{"type":"Feature","properties":{"settlement_id":117,"source":"Peace Now","source_name":"Otniel","source_type":"Settlement","source_db_id":107},"geometry":{"type":"Polygon","coordinates":[[[35.03583149780656,31.441046242874826],[35.03398192736933,31.44086814979597],[35.03257904131085,31.439812392098855],[35.03098275227904,31.438906911818766],[35.03040461619729,31.438183464907983],[35.0306493694642,31.43687058957761],[35.029995513480586,31.437098149935167],[35.029279756851736,31.436502375010623],[35.0285991041618,31.43575792219412],[35.02846184386746,31.434964789785855],[35.02865920233885,31.434499143104123],[35.02812830948158,31.434002733164146],[35.02652235216028,31.433435476540808],[35.02510082929975,31.433185653843918],[35.02415272423815,31.433224006050164],[35.02419820860367,31.43364038372195],[35.02465870982609,31.434632301082985],[35.02448432072708,31.435177340356102],[35.02398569664904,31.435910147833507],[35.02346425700461,31.43652405163698],[35.02325527873083,31.4369995944743],[35.02317310007978,31.43761402746251],[35.02335715604953,31.43811988850839],[35.023414781884014,31.438238929528328],[35.02431648334811,31.4382897147942],[35.02461700361729,31.438349661988244],[35.02498545259179,31.438753775463915],[35.02530925972163,31.438793912040868],[35.02563226338606,31.439257214361426],[35.026047237695636,31.440038019714777],[35.02729451061453,31.44109767011174],[35.02828108329275,31.44145608994838],[35.02918303052674,31.441957877347846],[35.02948953316042,31.44208979224741],[35.02980685123906,31.442119356470357],[35.031257033108176,31.44190974212941],[35.032303250640155,31.441246097816343],[35.03322329782099,31.441408048361406],[35.03453453626206,31.441994310851836],[35.03535155800898,31.442594428724924],[35.0360504475137,31.442493075154427],[35.03659588406995,31.44249379123791],[35.037157789659666,31.44275751812143],[35.03768600493118,31.442860481580936],[35.03795890427777,31.442729340866546],[35.03821540629724,31.442232912140494],[35.03816461714669,31.442042907799998],[35.03782389009848,31.441984022334243],[35.03714329306745,31.441325565670454],[35.036290804979394,31.441499776882182],[35.0359331704525,31.44136781095167],[35.03583149780656,31.441046242874826]]]}},{"type":"Feature","properties":{"settlement_id":119,"source":"Peace Now","source_name":"Pnei Hever","source_type":"Settlement","source_db_id":109},"geometry":{"type":"Polygon","coordinates":[[[35.16345392531441,31.49215818065804],[35.16406665302461,31.4917715566967],[35.16432490588578,31.49110857113871],[35.16503459110336,31.490141879431267],[35.16600215602287,31.48934093808321],[35.166260422271705,31.488595064960823],[35.16671174400188,31.488539913383327],[35.168066141463854,31.487794355548736],[35.16893708234004,31.486606634953255],[35.1688406139533,31.48594354064336],[35.16909870259102,31.485584480802537],[35.16913133354112,31.484451719293318],[35.168583716260024,31.48345696520233],[35.168583948549376,31.482849183195153],[35.168132710400656,31.482489833877562],[35.167391165766944,31.482544906696972],[35.16671427704823,31.48224077244852],[35.1669080175316,31.481467280341157],[35.16671489905432,31.480693674202488],[35.16597356361706,31.480527686153074],[35.16520003832374,31.480085345435693],[35.16439396492995,31.48022326460074],[35.16352365224423,31.479974338359888],[35.163136933207355,31.479670277671712],[35.163877526210015,31.481770290418087],[35.163232420898545,31.48246074964959],[35.16249044787728,31.483703760295107],[35.16232873423299,31.484781192033665],[35.16274732010303,31.485886411793985],[35.162456346418146,31.487709751827232],[35.162875345736516,31.488151993784538],[35.16329400145092,31.489146730082314],[35.16316469624354,31.49000311998201],[35.162326018659606,31.49083168005755],[35.162293415106284,31.491715788595247],[35.16274448400496,31.492268432173763],[35.16345392531441,31.49215818065804]]]}},{"type":"Feature","properties":{"settlement_id":44,"source":"Peace Now","source_name":"Haggai","source_type":"Settlement","source_db_id":40},"geometry":{"type":"Polygon","coordinates":[[[35.07671437166036,31.493677820703915],[35.07809132949715,31.494350551494666],[35.07833460086354,31.494327703293372],[35.07860444476723,31.494582661389263],[35.07917134185726,31.494976710272134],[35.07971076270315,31.49569495748988],[35.08011596303114,31.49571853040793],[35.08084511873294,31.495997017597798],[35.08160154129463,31.496113548285624],[35.08171022907955,31.495581179731055],[35.0819002478672,31.494909908485244],[35.08209050513161,31.49405348007577],[35.08230705597621,31.493775906364082],[35.08257778032634,31.493359403364618],[35.08268641448059,31.492942835772546],[35.08268722478904,31.492317739746163],[35.08280218108613,31.491865926904058],[35.08298854593336,31.49141365774691],[35.08313596056491,31.490835671779458],[35.082825139504045,31.490095354152373],[35.08290675008773,31.48965549180416],[35.08236727902982,31.48898361428354],[35.0822602138636,31.48819634597001],[35.08180258069877,31.48692262522903],[35.082208240702215,31.48664514230469],[35.081965668680134,31.486228238839207],[35.08056222900231,31.485115583178857],[35.07953513521422,31.485531256071873],[35.078642892958655,31.485993410307536],[35.07831902130106,31.485784755698912],[35.0778330333657,31.485529582978963],[35.07583491706018,31.484809959044263],[35.07559233638007,31.48434668646241],[35.07480897828498,31.48429953819019],[35.074673048087824,31.48487823111364],[35.07453747757283,31.485271676749726],[35.07369982399949,31.485363447228334],[35.07345687361764,31.485247396525327],[35.07326362226143,31.48526514606957],[35.0731977882539,31.48530593400382],[35.07319931089081,31.485421377013722],[35.07308873683095,31.485771465980708],[35.07306072379526,31.486160781500868],[35.07266691756077,31.487198627796054],[35.07272444773605,31.487376629153065],[35.07337144396787,31.488395883632435],[35.0738839915551,31.488928971315534],[35.07228842687401,31.490061724925884],[35.07196340542148,31.49059386201943],[35.07185447228673,31.49126511273757],[35.07279896582475,31.492030165465493],[35.073798346993335,31.492239525494906],[35.075365300617214,31.492333739773077],[35.076256218662735,31.492820751813014],[35.07671437166036,31.493677820703915]]]}},{"type":"Feature","properties":{"settlement_id":90,"source":"Peace Now","source_name":"Negohot","source_type":"Settlement","source_db_id":82},"geometry":{"type":"Polygon","coordinates":[[[34.97360807449356,31.49515211518249],[34.97377024349646,31.495128594336187],[34.973813954462614,31.495163314444916],[34.974419500363595,31.495017047684126],[34.97505362339181,31.494771430983146],[34.97555615985089,31.494532610486836],[34.97650349277747,31.494033756618656],[34.97751708107833,31.49342218762556],[34.97767434984706,31.493020587354795],[34.9784560472857,31.492979672010943],[34.97924634667351,31.49312608815513],[34.97968115424065,31.493428893315127],[34.98046739436118,31.494176670407054],[34.980901449533995,31.49479936796121],[34.9817715145463,31.495227385516376],[34.98268404310003,31.49519343615426],[34.98305767108482,31.49506971351438],[34.98440650814157,31.49475214233219],[34.98486329874292,31.49448633042923],[34.98486363096132,31.494344194224894],[34.98494792093396,31.49381123572672],[34.98548787338137,31.493492262871005],[34.98613190771885,31.49299579432337],[34.98665144653764,31.492534644840575],[34.986444533229744,31.49230332014525],[34.985844082910674,31.491893562170976],[34.985617661723985,31.491182310571354],[34.984828475530215,31.49164299344745],[34.98437171829977,31.4918555041304],[34.983749836309094,31.491747740244172],[34.980950317344295,31.491689579875988],[34.97804674577846,31.49179116832341],[34.97725824820218,31.491949674703843],[34.97657313666134,31.492268354442725],[34.975805385787275,31.492462422981124],[34.97509964278592,31.492692222434602],[34.97493224814882,31.49331386081539],[34.97493072880002,31.49393579655008],[34.97451392904257,31.49475251482681],[34.97370468384425,31.49494649604336],[34.97360807449356,31.49515211518249]]]}},{"type":"Feature","properties":{"settlement_id":3,"source":"Peace Now","source_name":"Adora","source_type":"Settlement","source_db_id":3},"geometry":{"type":"Polygon","coordinates":[[[35.01514074696624,31.553852236815143],[35.01525216002077,31.55401645293187],[35.01545965791276,31.554112448899577],[35.0159542493156,31.554318355927826],[35.01699149668311,31.554661692213386],[35.01743885560743,31.554525623241375],[35.018013038564305,31.554909308196326],[35.01852346190768,31.555156263707143],[35.018922870092894,31.55508839175899],[35.01932255024109,31.554829231175876],[35.019610912301175,31.55440567686174],[35.020170091680704,31.55422872464089],[35.02079335883052,31.553969881577824],[35.02184849380327,31.55335604359439],[35.02220045016641,31.553042061860168],[35.02212117709397,31.55275479155227],[35.02182976834034,31.552357903944635],[35.0216680605254,31.55221079132382],[35.02156369259784,31.552015539146993],[35.021212887360385,31.551741587945173],[35.02028723479029,31.551535080829424],[35.019408889842694,31.55153381228374],[35.01856296482887,31.551382242143646],[35.01787667936866,31.551189773986458],[35.017238588832,31.55086064835059],[35.015437677753866,31.54913505400991],[35.01484769348789,31.548724006970257],[35.014272473882315,31.548928239107173],[35.013584600468896,31.54952885539723],[35.0131340504742,31.551237417107906],[35.01289307903619,31.55196180355961],[35.01215767541038,31.552357254056382],[35.010914040966284,31.553649568416986],[35.01104659769745,31.55397561664133],[35.01248987127131,31.55388931839976],[35.013176555996935,31.553890347856385],[35.01402276660509,31.553959973555685],[35.014725299887345,31.553988345133455],[35.01514074696624,31.553852236815143]]]}},{"type":"Feature","properties":{"settlement_id":146,"source":"Peace Now","source_name":"Telem","source_type":"Settlement","source_db_id":135},"geometry":{"type":"Polygon","coordinates":[[[35.03102324779192,31.559984348870287],[35.030501248689525,31.559983639426505],[35.02988791478985,31.560274379293766],[35.029251681194694,31.56064273623006],[35.028774127145724,31.56114740110104],[35.028137992892795,31.561457491451613],[35.02761543552733,31.561748255331743],[35.02695680013448,31.561922215741014],[35.026320796837624,31.562212906864556],[35.02616070867805,31.56281513579674],[35.025796864263725,31.56316446475627],[35.02579553021405,31.56386404683781],[35.02583955698952,31.564583172735066],[35.026065658914824,31.565049937890354],[35.02654143354164,31.56555592123874],[35.02629043260481,31.56621628446268],[35.02649393066182,31.566663626948834],[35.0276040263299,31.56779233007173],[35.029349681464716,31.568902505653863],[35.03109685026364,31.569274115044646],[35.03143812550688,31.56882760898463],[35.03148575053094,31.567622770027157],[35.03146407260805,31.567097940230823],[35.03162571401441,31.565582288972344],[35.03160486023302,31.564610581426255],[35.03178759868424,31.56398889589136],[35.03219760958989,31.56315377231484],[35.032516425274224,31.562590620220277],[35.0326306121942,31.56224093661455],[35.0326767217559,31.561852290595333],[35.03276808500204,31.561541446946507],[35.03288276928523,31.560861406955194],[35.03247473818029,31.560569372541913],[35.03202109718131,31.560452148840152],[35.031658287318905,31.560257304752486],[35.03102324779192,31.559984348870287]]]}},{"type":"Feature","properties":{"settlement_id":86,"source":"Peace Now","source_name":"Mitzpe Shalem","source_type":"Settlement","source_db_id":78},"geometry":{"type":"Polygon","coordinates":[[[35.39990394783178,31.570932845481014],[35.399919028006764,31.570756476506663],[35.39997916147293,31.570760342886643],[35.4012287429739,31.570031606520676],[35.40337066109757,31.56872761097713],[35.40372827083531,31.56882274290062],[35.40408579965907,31.568879544339328],[35.40464321471314,31.568324020876712],[35.40464276534604,31.56811361456362],[35.401890240281155,31.565918224942063],[35.400863876944356,31.56647454795716],[35.400438401593554,31.566006497071886],[35.40146346099865,31.56478080877816],[35.40197722994431,31.564760896496875],[35.402356345899285,31.56447342429224],[35.40119242089325,31.563365825216056],[35.40123623783401,31.562964063120923],[35.40174830645115,31.562140855162834],[35.40114418956704,31.561663612068998],[35.3999595342487,31.561349772640888],[35.400051711157104,31.56266943437378],[35.39980916574936,31.56420001472255],[35.39921054262786,31.566419627407758],[35.39859308168847,31.568099227956008],[35.398281509510184,31.568527736023785],[35.39811339549405,31.569025798641263],[35.39831492655523,31.569351331031037],[35.398749275420386,31.569794173302178],[35.39888762518363,31.57023746450158],[35.398803841691645,31.570617735867906],[35.39856136884966,31.570943941881318],[35.398520225863095,31.571496117408987],[35.39846774227515,31.571677218274207],[35.398130363417614,31.57212123113795],[35.398332051044896,31.57251917084457],[35.39913603495916,31.572771379044823],[35.399812746713586,31.572824653132933],[35.40065832322322,31.572741898512245],[35.40077423511338,31.57256070031392],[35.400423623451836,31.571728541776316],[35.400222174452054,31.571448267816034],[35.39990394783178,31.570932845481014]]]}},{"type":"Feature","properties":{"settlement_id":14,"source":"Peace Now","source_name":"Asfar","source_type":"Settlement","source_db_id":13},"geometry":{"type":"Polygon","coordinates":[[[35.18970806771998,31.59158670234123],[35.18970368922346,31.59145113508081],[35.18992083234095,31.5910434018975],[35.18973546477878,31.59089527328699],[35.18995449436687,31.590332890731045],[35.18966265384737,31.589603873503425],[35.189176126878614,31.588791409070524],[35.188665238743056,31.58816652922289],[35.18864101739839,31.587479118679465],[35.18893306174703,31.586895913356045],[35.18903049814401,31.58637518368261],[35.18844657303193,31.585979369645795],[35.18805735799617,31.58554191160133],[35.188252124027755,31.584542119790022],[35.188613735421605,31.584405427769017],[35.18890928658724,31.583521641743094],[35.189420449862055,31.582292719978945],[35.18968172274753,31.581578989652808],[35.190141067767584,31.581132741766652],[35.189917688704014,31.580803304301174],[35.189545321927376,31.580696999730776],[35.18827919978637,31.580813733404966],[35.18769573872586,31.581153695959358],[35.18661028484633,31.58273829666875],[35.18496748449011,31.583500266254187],[35.184845845171964,31.58379182329012],[35.18433470586647,31.58410415255306],[35.18406696949471,31.584729018058766],[35.18428583153802,31.585520536891984],[35.18501559831089,31.586187224813848],[35.18550204605357,31.587145448075503],[35.186183378092885,31.5872288807086],[35.18618332916093,31.587478789703475],[35.18601284162992,31.588103672872048],[35.18623182969272,31.588374446625785],[35.186231699515844,31.58904102078302],[35.1864505778596,31.58989503515602],[35.1870589039923,31.59004095251832],[35.18747246017479,31.59054091631443],[35.188202288774974,31.591207495348367],[35.18905404784669,31.59114510150267],[35.18949195836412,31.59164506162432],[35.18970806771998,31.59158670234123]]]}},{"type":"Feature","properties":{"settlement_id":81,"source":"Peace Now","source_name":"Ma'ale Amos","source_type":"Settlement","source_db_id":74},"geometry":{"type":"Polygon","coordinates":[[[35.22419002821962,31.598397447299686],[35.223828052837284,31.598657925464316],[35.22362038808317,31.599216878137074],[35.22349807382477,31.59976363601889],[35.22347867020392,31.600619614739802],[35.22363606180346,31.60065735803657],[35.2239116119597,31.600555416792098],[35.2243644632479,31.600858646488142],[35.22471869141598,31.60069012144855],[35.224817156661295,31.600420536566826],[35.22515159225907,31.599864479415302],[35.22597824850232,31.599460034351615],[35.226430923647804,31.59900505362934],[35.22726729700469,31.5983157875201],[35.2286451938447,31.598197660133074],[35.22901917456691,31.598281823748476],[35.22990505877777,31.59841639036816],[35.23051518386914,31.598146698304543],[35.2309872197111,31.596950449189343],[35.23151845664365,31.596107899708922],[35.232423851865775,31.595652801050313],[35.233585010541084,31.59534933285557],[35.23387288543984,31.596003303572168],[35.23436985149307,31.595901769751553],[35.234790940859234,31.595262169578366],[35.234372240358006,31.594793147332982],[35.23417529864005,31.5944225238417],[35.23376193244284,31.594372114296107],[35.23281695904251,31.59385005302422],[35.23230513997583,31.59364796564954],[35.23147847993924,31.593766107625505],[35.23042524788827,31.593378791100452],[35.23001196172686,31.593597938964905],[35.22953972313159,31.594019206566692],[35.229165803335945,31.594103514094684],[35.228752309693384,31.593951988508717],[35.22831937621662,31.594002574727096],[35.22826041151482,31.594575454781356],[35.22802445537055,31.59524937709154],[35.22759154719301,31.595855964796908],[35.22719791455939,31.595940270102904],[35.226194135819156,31.59664805289],[35.22419002821962,31.598397447299686]]]}},{"type":"Feature","properties":{"settlement_id":65,"source":"Peace Now","source_name":"Karmei Tzur","source_type":"Settlement","source_db_id":60},"geometry":{"type":"Polygon","coordinates":[[[35.09935832953698,31.60611485856153],[35.09814257523919,31.606163976073365],[35.097311931398835,31.606300847457064],[35.09641664043533,31.6067403054208],[35.095931717372466,31.60713751757601],[35.09602005424053,31.607343925936515],[35.095926872273736,31.60791085204773],[35.09569543458299,31.608200696272096],[35.09546387246075,31.608596058659277],[35.09584890464758,31.60871507278496],[35.09655750490796,31.60888711897892],[35.09654277764992,31.609686162616224],[35.09682547010684,31.610187479724903],[35.097221707045684,31.610559653773887],[35.098241240369354,31.610980777054515],[35.09893978879911,31.611207635269153],[35.099185334997074,31.611207837990328],[35.09944995932173,31.61111110502225],[35.09973325101381,31.61109519427777],[35.10005433959024,31.611111600730524],[35.10033773656951,31.611095688731314],[35.1005832107414,31.611160462523944],[35.10069617617591,31.61145158749949],[35.101054761547196,31.611678157365844],[35.102130915755865,31.6121962463168],[35.10245190266773,31.61230968774969],[35.103169738523285,31.61226173879284],[35.103679839900494,31.61213290470903],[35.10394444381424,31.611955264785834],[35.104133502791946,31.61176142150613],[35.1042849197184,31.61148674094872],[35.104399057834755,31.610791760016546],[35.104418302107014,31.610436168118586],[35.10439978442531,31.610112833521633],[35.104286772860455,31.609757137876446],[35.10398491770326,31.609498244570137],[35.1037963144694,31.60917486605195],[35.103607748269624,31.60891606111315],[35.103513640039985,31.608625043687827],[35.10334395646386,31.608350109806917],[35.102626467668706,31.608107026834436],[35.1022301134455,31.607831910452635],[35.10147499418714,31.607508073545382],[35.10075755253555,31.607232693167884],[35.10017215332519,31.607054367656815],[35.099687429779614,31.60693826093096],[35.099333808268675,31.606252278797935],[35.09935832953698,31.60611485856153]]]}},{"type":"Feature","properties":{"settlement_id":70,"source":"Peace Now","source_name":"Migdal Oz","source_type":"Settlement","source_db_id":64},"geometry":{"type":"Polygon","coordinates":[[[35.137676166167445,31.63893012673694],[35.137642481345694,31.639009924186876],[35.13763183367822,31.63930536971269],[35.13791238898322,31.639542075669823],[35.13865076826035,31.640082766254448],[35.13899863212961,31.64085349889584],[35.13909776344317,31.641250640952826],[35.13961189767218,31.641239900620754],[35.140715613561675,31.641728365995974],[35.140919583793035,31.641751735887876],[35.14135486897403,31.641426198321465],[35.14253779406828,31.641554752753024],[35.14285041857046,31.641787585336285],[35.143218634859394,31.641807693886264],[35.14348971798031,31.641892328516736],[35.14345377438553,31.642369488112323],[35.14357599234315,31.6426371298494],[35.14388869099865,31.642765253372804],[35.14422868658835,31.64274214627356],[35.14406313869682,31.64310772008263],[35.14414543803947,31.64326797475859],[35.14448999950806,31.643319406272138],[35.14511252306002,31.64275419466474],[35.14565609333468,31.643219808743076],[35.14579223979269,31.642975556242067],[35.14574965221743,31.64263661579883],[35.14576558258723,31.64211471385331],[35.14625068364649,31.642009959086693],[35.14626120941357,31.641866837903763],[35.14597950169838,31.64106891914563],[35.145917080617856,31.64058594168131],[35.14549906864078,31.640299587274043],[35.14513316431131,31.6402994175993],[35.14477773639548,31.640236572140505],[35.144945187858546,31.639995221040724],[35.14521729968873,31.639449719170532],[35.14564622220308,31.63897589719537],[35.1462843739074,31.638359133465958],[35.14650404863503,31.638037177267773],[35.14639966021682,31.637911950842387],[35.14677630071431,31.63741131572523],[35.14747710460963,31.636705018913062],[35.147393560929544,31.636624444943838],[35.146254259383596,31.63627517860052],[35.145188074872145,31.636167365575144],[35.144525404463465,31.63607290112604],[35.14441785111929,31.63612308447403],[35.14372435518054,31.636099488012025],[35.142895066901175,31.635947847547815],[35.142065944520596,31.635551976484663],[35.1414269358172,31.635551662326556],[35.14082844186841,31.635807224546088],[35.13998517712832,31.636213993554946],[35.13934559612698,31.63687672040777],[35.13884207966134,31.63756287236404],[35.13873278423889,31.638284037999455],[35.137943860187114,31.638722206247664],[35.137676166167445,31.63893012673694]]]}},{"type":"Feature","properties":{"settlement_id":147,"source":"Peace Now","source_name":"Tko'a","source_type":"Settlement","source_db_id":136},"geometry":{"type":"Polygon","coordinates":[[[35.23196109286183,31.657100827240658],[35.23289319902606,31.655534206079757],[35.23314864163977,31.655274339343862],[35.233240574158934,31.65486628052568],[35.23329065478171,31.6544367558846],[35.233357516658785,31.654150399138697],[35.23338248745052,31.653713721092],[35.233474412978175,31.653291345824957],[35.23333743424567,31.65286060616328],[35.233817273421266,31.65129169222049],[35.23404920909527,31.650258643770226],[35.23525652944708,31.649463726271605],[35.23465269238515,31.649304961791376],[35.233537980009515,31.64922576585786],[35.23209837721378,31.649980945332064],[35.23089070916436,31.64966338365376],[35.23112274880143,31.649265974145457],[35.231834471034915,31.648689944244044],[35.22854116723171,31.647694777415353],[35.227666516651304,31.64789901020603],[35.22733305863501,31.647815875055542],[35.227313835014854,31.647884063047137],[35.22698881572994,31.64792389289853],[35.22643139940979,31.647804763335397],[35.226106375606335,31.648281634422407],[35.225456174060106,31.648122744047747],[35.2248523347139,31.648321522391416],[35.22517761113039,31.64895719430765],[35.225084825848796,31.649394252698066],[35.22424890875972,31.6499903364902],[35.223366584138596,31.650546739599072],[35.22429600011966,31.652811269350703],[35.22401736896696,31.652930538606075],[35.223367145444,31.653327907239003],[35.223506640062645,31.653884156034813],[35.22397127077875,31.65483762634012],[35.22457527058346,31.655671936839763],[35.22508619084562,31.65559231117802],[35.225132731481466,31.655790984155953],[35.225458026932195,31.65638688243486],[35.225551067992775,31.657062362643195],[35.22620153491205,31.658095247709557],[35.227269818819025,31.65761824676477],[35.22819868448205,31.65706189883811],[35.2288490893878,31.657339820886886],[35.23061427963868,31.65797519538988],[35.23172926770294,31.65865045785194],[35.23196109286183,31.657100827240658]]]}},{"type":"Feature","properties":{"settlement_id":63,"source":"Peace Now","source_name":"Kfar Etzion","source_type":"Settlement","source_db_id":58},"geometry":{"type":"Polygon","coordinates":[[[35.11022493074993,31.655388505871926],[35.11027343120337,31.655492436290242],[35.110295551214925,31.655722517820653],[35.11079806731436,31.65570945004566],[35.1093511550273,31.657289434820363],[35.10926622676661,31.658787184604684],[35.10915514212663,31.659050445446077],[35.109092220599315,31.659438289376215],[35.10955138480064,31.659668516549807],[35.11032176448862,31.65952496988464],[35.111629456630894,31.658218318131528],[35.11213079347978,31.657172611684324],[35.11227079226477,31.65612655224975],[35.112660375030615,31.655698899338827],[35.11204977097036,31.65477125321425],[35.115218623382475,31.654511969343524],[35.11608009102472,31.654655243878896],[35.11808137187571,31.654609086675034],[35.11833316760399,31.65287362131456],[35.11838987015386,31.651637385294652],[35.1177520598512,31.650115329155344],[35.117697520533504,31.648902826458013],[35.11786454898097,31.648641399437377],[35.11747634872854,31.647642591576734],[35.11720027977966,31.645680938721647],[35.117256348735374,31.645134176725904],[35.11695146903358,31.6442304801867],[35.11695213747692,31.643517286175037],[35.11684169297193,31.642803925635246],[35.11595234466368,31.642827120977447],[35.115119303199336,31.642065727268402],[35.11470229176543,31.642255637844602],[35.11481300741629,31.642778707027055],[35.11339461149384,31.643823865383624],[35.11397769476402,31.644371080679342],[35.113059720490064,31.645297633058686],[35.11236407938091,31.646105473680706],[35.11127990653786,31.646413755252976],[35.11094517687277,31.647578538271496],[35.11186091825026,31.649053212520744],[35.11177667546056,31.64990901997431],[35.11072008870355,31.650312463197547],[35.109747378751955,31.65033555391313],[35.109385541620235,31.650858275393983],[35.10980142084336,31.651833408808052],[35.10988450320087,31.652142538985576],[35.11077389389911,31.652166914284788],[35.110827571815314,31.65404517390299],[35.11104909712452,31.65487748527671],[35.110187154887726,31.655209728744143],[35.11022493074993,31.655388505871926]]]}},{"type":"Feature","properties":{"settlement_id":8,"source":"Peace Now","source_name":"Alon Shvut","source_type":"Settlement","source_db_id":8},"geometry":{"type":"Polygon","coordinates":[[[35.12007933334363,31.656599444832526],[35.12109833073556,31.65796145858643],[35.1220015620509,31.658979244762193],[35.1238374804107,31.658810124378057],[35.124635156855724,31.658769771771187],[35.12501800445728,31.658892754309907],[35.12543271860576,31.658988519202424],[35.125815704147364,31.658825067905738],[35.12629450635462,31.658566076787253],[35.12686916825874,31.658157072279312],[35.12710892468824,31.6576591191799],[35.12718888376885,31.657358937556097],[35.12701359552756,31.65716781670344],[35.12698184085393,31.656935838312176],[35.127237373117815,31.656608526905625],[35.12742958827537,31.655707952668248],[35.12778063260161,31.655517149629727],[35.12800441765055,31.65506698376937],[35.12823205868888,31.655028150527013],[35.12827296739824,31.654799274003555],[35.12806879832229,31.65330580078984],[35.128130843725764,31.653213500660964],[35.12784682818417,31.652713026186174],[35.12775132067096,31.65244006491343],[35.12838990202799,31.651812750392775],[35.128071148554625,31.651471384906635],[35.1281351458213,31.651212137437625],[35.128423025945374,31.650366271074166],[35.12851968800397,31.6492200597587],[35.12882308496208,31.648728994749703],[35.12899890780228,31.648374305595745],[35.12950946023975,31.64827909922106],[35.1295892721434,31.64814269406428],[35.129350635063204,31.647296515042918],[35.12903144132539,31.647514668000795],[35.12812951512889,31.648428441254232],[35.126389617143516,31.649737345509074],[35.12544782461571,31.650487296598648],[35.12474557580767,31.65096448664372],[35.12452180834224,31.65138732061976],[35.12444112288314,31.652530742714085],[35.12416926093081,31.65333566525881],[35.123818005808936,31.653649382255445],[35.12203085139978,31.654207665528748],[35.12150418087024,31.65448022784857],[35.121503780595894,31.654930527807185],[35.12137562620272,31.65546263373312],[35.12076906649732,31.65592624563463],[35.12007933334363,31.656599444832526]]]}},{"type":"Feature","properties":{"settlement_id":29,"source":"Peace Now","source_name":"Bat Ayin","source_type":"Settlement","source_db_id":26},"geometry":{"type":"Polygon","coordinates":[[[35.10704415997312,31.66083119720193],[35.10805559269927,31.660186168415283],[35.1088235215473,31.659478451932845],[35.10903973076703,31.65932394809759],[35.10915514212663,31.659050445446077],[35.10920543635186,31.658740603124023],[35.10929319590929,31.657362352269807],[35.10949485555428,31.65709176342918],[35.10986934315716,31.65669819829086],[35.11015750078073,31.65627994737823],[35.11044545740149,31.65605866246022],[35.110532056578634,31.655812607914303],[35.11027320766824,31.655713933627734],[35.11022493074993,31.655388505871926],[35.11015854528811,31.655246233041833],[35.10883365606849,31.65483498927129],[35.10852675144213,31.654308882557],[35.107989382374576,31.65377491981344],[35.10713038200226,31.653468271472683],[35.10630898363374,31.653568367583603],[35.10627332581194,31.653605969475567],[35.10547917443748,31.653736847365394],[35.104991913708304,31.65428425991317],[35.10376185494387,31.654743425272926],[35.103172286960074,31.65511542784286],[35.10263409884911,31.655356067286395],[35.10091778853553,31.65539851623457],[35.09999464579635,31.656208447912945],[35.098892889737826,31.65644851855989],[35.097893261432496,31.656995478649602],[35.09653530925247,31.657301150561203],[35.09579148448326,31.6580892878558],[35.09522738250476,31.658548936156095],[35.09491930800029,31.659074547789896],[35.09473763579655,31.659241559906096],[35.09528280313955,31.659785268797236],[35.095881568490945,31.660249567821428],[35.09569567075945,31.660591147476943],[35.09589512877708,31.660859826933073],[35.09636607263321,31.660811406408715],[35.097108485179945,31.660458090472705],[35.09807118742818,31.66067375936085],[35.09942050672028,31.6601060715041],[35.09989203411785,31.659532826857276],[35.10046315303901,31.659215964564517],[35.103474829534306,31.658388447542606],[35.104563687933386,31.658383899186262],[35.10485996292619,31.65866071397709],[35.10522268286116,31.658734266235093],[35.10509280645377,31.65891733203888],[35.10477284470404,31.659470090763584],[35.104865836073024,31.65992323009194],[35.104795522916554,31.660116394617013],[35.1039382744548,31.660475510751578],[35.10530928611859,31.66044993295537],[35.10557096959623,31.66027214551289],[35.10565087057031,31.660858086776727],[35.10613759772615,31.66094612389496],[35.10684195850074,31.661147594362525],[35.10704415997312,31.66083119720193]]]}},{"type":"Feature","properties":{"settlement_id":11,"source":"Peace Now","source_name":"El'azar","source_type":"Settlement","source_db_id":10},"geometry":{"type":"Polygon","coordinates":[[[35.137984796170365,31.6636867165172],[35.13821146405552,31.663589884331266],[35.139155826790436,31.662976834788356],[35.14123305891393,31.66204129796307],[35.141384397647336,31.661686129393605],[35.14198871099477,31.661331183365643],[35.14312155168531,31.66120258669718],[35.144330030780786,31.66084791876718],[35.1447699271513,31.66052237276566],[35.14516214734467,31.66005331674253],[35.14555442747366,31.659316135756967],[35.14571165156771,31.658623487591292],[35.145712003369724,31.65806487396921],[35.14547734372482,31.657327402579007],[35.145164292125315,31.65667917867925],[35.14472032425269,31.65647794618633],[35.14398895544959,31.656254119781043],[35.14294391228924,31.656521743770554],[35.14223823345192,31.656990640667654],[35.14145437387465,31.657213737388812],[35.14082706662714,31.657772039725486],[35.140460890918966,31.658375112457176],[35.14030376444679,31.65902311200102],[35.13923186304599,31.660095063096673],[35.13886604038506,31.660318356946522],[35.13857870528206,31.660184101871497],[35.13839576153756,31.660340480348843],[35.13750663552469,31.661591350549486],[35.13700995811357,31.661948586960833],[35.136435087524426,31.66223877136991],[35.135886586263595,31.662082004496693],[35.135468458625674,31.66214887749423],[35.13520699636293,31.6625285098895],[35.13478890493269,31.66268475520245],[35.13504968773154,31.663221144573765],[35.135519684581645,31.663601263801723],[35.13559771589411,31.664025902545074],[35.13583269236355,31.664249420409647],[35.13651188489094,31.66436152483847],[35.136494747876185,31.664377629270135],[35.13669391230708,31.664359699843462],[35.137317337539486,31.664182328601182],[35.137984796170365,31.6636867165172]]]}},{"type":"Feature","properties":{"settlement_id":129,"source":"Peace Now","source_name":"Rosh Tzurim","source_type":"Settlement","source_db_id":119},"geometry":{"type":"Polygon","coordinates":[[[35.11817273685193,31.67175994477364],[35.11909402551896,31.671359056524565],[35.11940116695027,31.67117392940715],[35.11990666350543,31.671220621243044],[35.1200334363972,31.670850130673113],[35.12008824574689,31.67006257191132],[35.12026998474138,31.668842654542814],[35.12046922792031,31.668086124479096],[35.121101674896,31.667654097040977],[35.121986632579436,31.66737671883048],[35.12222070644774,31.668118109731868],[35.122617458235226,31.66865885036265],[35.12297852837625,31.668767214739855],[35.12299589938171,31.669523887233343],[35.12286921844661,31.669925314726164],[35.122940939421674,31.670512201463634],[35.123482483451276,31.67069787892832],[35.12442121444588,31.670945581493793],[35.12487237816179,31.671270173028272],[35.12528761065988,31.671316787176135],[35.1255950531483,31.67076098053735],[35.12581246007032,31.66992716406855],[35.12658970775618,31.66895480363536],[35.12702314518715,31.66890871193977],[35.12763718847679,31.66877010657621],[35.12781799746323,31.668430484291047],[35.12785508849474,31.667179625017795],[35.1270976455359,31.666175305790553],[35.127170346872816,31.66548046556881],[35.12641212391012,31.66543364806209],[35.125148039052085,31.66555642314534],[35.12511206849426,31.665448267567477],[35.12500430147897,31.664706960403972],[35.12487829451145,31.664336216674165],[35.12458962737686,31.66404266057872],[35.1249330984779,31.663502389464092],[35.123867919556844,31.66348629891038],[35.122874891538316,31.663439311784717],[35.12271209170325,31.663794360705477],[35.12233277899008,31.663948605909663],[35.121267283501176,31.664164091531426],[35.1210321775323,31.664596290427735],[35.12160884041539,31.66580128286958],[35.121662861619626,31.666002072317564],[35.121283731037074,31.665940048083865],[35.12025432285269,31.66621732619304],[35.119766694975546,31.666263358947493],[35.119712137831435,31.666772874368633],[35.11945902164937,31.667050749741453],[35.11938663509915,31.667220521947236],[35.11981961952369,31.66766867435446],[35.11907895539468,31.668007911695373],[35.118735376948216,31.668610034213717],[35.11821095817085,31.669428119441232],[35.11775849152781,31.670539716840807],[35.11817273685193,31.67175994477364]]]}},{"type":"Feature","properties":{"settlement_id":2,"source":"Peace Now","source_name":"Ovnat","source_type":"Settlement","source_db_id":2},"geometry":{"type":"Polygon","coordinates":[[[35.43874631617177,31.679136333927513],[35.438721571271984,31.67898360484343],[35.43889313455458,31.67902160696396],[35.43908391854947,31.67841039003706],[35.43879281658031,31.677365404146617],[35.43846245450543,31.67709581943428],[35.438486805016076,31.675850546557296],[35.43797663989911,31.675087897569398],[35.437067628610244,31.67412626760876],[35.43553110342299,31.674916137742795],[35.434943305575516,31.67608019697225],[35.43474003855128,31.67720831725726],[35.43483620184387,31.6777959884893],[35.434836596111374,31.67795570663501],[35.43518788416831,31.678809491136494],[35.4352945172342,31.679198178916817],[35.43549057805332,31.67967021663402],[35.43560473657679,31.679860301651008],[35.43654741249192,31.680053030933152],[35.43753012411208,31.679974852605735],[35.43874631617177,31.679136333927513]]]}},{"type":"Feature","properties":{"settlement_id":33,"source":"Peace Now","source_name":"Gva'ot","source_type":"Settlement","source_db_id":30},"geometry":{"type":"Polygon","coordinates":[[[35.102623364845265,31.67765205069068],[35.101585085633594,31.677582134809594],[35.10038519371071,31.67746274695826],[35.09940453783287,31.677452112526794],[35.09868916202578,31.677491022594698],[35.09831940956479,31.677964281790526],[35.09823834627191,31.678210872852862],[35.09758065857443,31.678151161311575],[35.097026864475296,31.67817044665577],[35.09691119521709,31.678426837968548],[35.097084039967626,31.678614480199844],[35.097972147848864,31.67887180395065],[35.09839871726384,31.67916814970598],[35.09895258901123,31.679178439467687],[35.09936791217797,31.679257785321024],[35.09949452685157,31.67948479741135],[35.09948263159312,31.679840029980536],[35.098986253964085,31.679997445714882],[35.09844367529979,31.680253574685707],[35.09833953644687,31.680480395818545],[35.098627813880654,31.68071746361786],[35.099435416797746,31.68074771235319],[35.09962000503076,31.680816946667186],[35.100242574224836,31.68127136271264],[35.10072776179636,31.680748770277273],[35.101305212665814,31.680236171073034],[35.10207881643867,31.67972372685499],[35.103002537045185,31.679161975535088],[35.10339485319784,31.679162287094105],[35.10324527431799,31.678708352793144],[35.102391593159936,31.67858925815628],[35.10243813038467,31.678273554398928],[35.102623364845265,31.67765205069068]]]}},{"type":"Feature","properties":{"settlement_id":91,"source":"Peace Now","source_name":"Neve Daniel","source_type":"Settlement","source_db_id":83},"geometry":{"type":"Polygon","coordinates":[[[35.14459104520475,31.680316064182676],[35.14460060236848,31.680049839703855],[35.14404481430863,31.678912151964777],[35.14416670741619,31.678617030955756],[35.1447136913712,31.678681771504742],[35.14485541072381,31.678383412421415],[35.144997273285036,31.677859137312247],[35.1452239162558,31.677512387485816],[35.14546922209111,31.677335015196167],[35.14582768361507,31.677327063852726],[35.14601640606333,31.67723840749543],[35.14621464503929,31.676940072732805],[35.14664883870228,31.676569154955914],[35.14674343723584,31.676054596391204],[35.14661145897829,31.675965793512344],[35.146168144547275,31.675917161648343],[35.14564938245369,31.675941183392503],[35.14522485331873,31.67603775641711],[35.144838214309054,31.675755203707418],[35.1447252547417,31.675448608506514],[35.14451792753486,31.675117798992137],[35.14399909624282,31.675254726915412],[35.143735162911675,31.674891512471724],[35.14334861739724,31.674641332038117],[35.14304654717306,31.674867012709502],[35.14203199496266,31.674326034935476],[35.14159821983256,31.674220935394743],[35.1409093731946,31.67454327951155],[35.140531851748975,31.674833489794285],[35.140305492060754,31.674905975835784],[35.14006935713208,31.675236659149753],[35.13989005165878,31.67543010767286],[35.139842962603694,31.67535748405924],[35.139814823948385,31.67502675761503],[35.13981512041683,31.6745991857642],[35.13961735961781,31.6741877467845],[35.138806636637135,31.673558103766272],[35.13857083053017,31.67342080911906],[35.13734147902186,31.672952215539706],[35.1362335140834,31.6740328508261],[35.13744350772223,31.676714158219628],[35.13843629603223,31.67695801600264],[35.13895480818661,31.677450428518874],[35.1392093460971,31.67766024150982],[35.13920918234932,31.677894183895756],[35.13874638881883,31.67869173139941],[35.138529153349936,31.67911919094723],[35.1383590173054,31.679603130943693],[35.1384528889965,31.680183977195323],[35.13889581681456,31.680805316466333],[35.139367138761784,31.681249272895048],[35.139848292571834,31.681209114397323],[35.14026076701183,31.68089475422521],[35.14065716415233,31.680644867613292],[35.14086445594509,31.680870887020454],[35.14095868080564,31.68111290290276],[35.14135488583209,31.68114538624618],[35.14164733986841,31.680984188038735],[35.14185512499582,31.680637435088197],[35.141789343766376,31.680282430828537],[35.14189320569173,31.68015342574143],[35.14216673782751,31.68021001612847],[35.1422705560676,31.68014558386097],[35.14252510878858,31.680355390167243],[35.14267581213544,31.68067814866656],[35.142826308508965,31.681315475464164],[35.1428165754341,31.68183981183316],[35.14291066888833,31.68213025602597],[35.143033308451194,31.682154575207264],[35.14334448719106,31.682388667112264],[35.14371211279969,31.682751841231315],[35.144108210883054,31.68296171168761],[35.14443833942336,31.6829295810239],[35.14451395142139,31.682776390720466],[35.144561561111715,31.682050416343465],[35.144477015043094,31.68150186568235],[35.14444922857272,31.680759622224578],[35.14459104520475,31.680316064182676]]]}},{"type":"Feature","properties":{"settlement_id":15,"source":"Peace Now","source_name":"Efrata","source_type":"Settlement","source_db_id":14},"geometry":{"type":"Polygon","coordinates":[[[35.164990588395256,31.674133646985446],[35.16537698614922,31.6742963282821],[35.16592316906972,31.674747637788634],[35.16661594873499,31.674726662560804],[35.16725532748876,31.67500038518839],[35.16778815351042,31.67538797895099],[35.16778800998954,31.675752601084955],[35.16818768448786,31.676048976653114],[35.16890709368709,31.676390984542987],[35.16957321430345,31.67655070781112],[35.170026457880475,31.676026669908403],[35.17002666845976,31.675456964735417],[35.170159911390485,31.675320188450613],[35.17016005400846,31.674932839399226],[35.1699205665673,31.674066717952584],[35.17008076458272,31.673180232197737],[35.16984114684407,31.672678822871898],[35.16981489066349,31.671539314439407],[35.1696552795154,31.670855570057014],[35.16930895537586,31.670627574659573],[35.168989190713994,31.67071866418844],[35.168855969147074,31.67053627070259],[35.16872288848608,31.67026278913231],[35.16829674296297,31.669761324223217],[35.16781716353343,31.669464925760145],[35.16744401623716,31.669624357155254],[35.167257473956106,31.66962430282155],[35.1673376018181,31.669396425844592],[35.16701804532743,31.668712631240737],[35.1664851120175,31.668689656421076],[35.16616525760449,31.66900863924567],[35.165738885378694,31.66909968856768],[35.165232657821186,31.669008355540267],[35.16483311003956,31.66850688716269],[35.16456680516022,31.668119364387138],[35.16422042492323,31.668073621282577],[35.16379423406977,31.667754407383942],[35.163607935222046,31.667207458942706],[35.16286210449096,31.66672859969215],[35.16259602776726,31.665862544930917],[35.16162365581851,31.66528331669004],[35.160664758095734,31.66455374523757],[35.15954590132313,31.66407473769704],[35.15866670106758,31.663869341412617],[35.15784089064531,31.663390423833253],[35.157307978486756,31.663390227804975],[35.156482448849836,31.662592312852052],[35.156296085454365,31.66227316371029],[35.15573672899502,31.661839967045868],[35.155630282377615,31.66154366453609],[35.15555053699627,31.66120173793431],[35.15517765178984,31.6610876890952],[35.15480472275166,31.660859643735357],[35.15440518021996,31.66051768159924],[35.154352238964705,31.659947864050054],[35.15424590930976,31.659446476785178],[35.15411293645688,31.659081801259845],[35.153686911813814,31.658402439463615],[35.15336759831532,31.65771860967363],[35.15334132235936,31.656989352769344],[35.153181543388875,31.656875383306463],[35.15326166427268,31.656510702098192],[35.15312864925386,31.656237203727155],[35.15259598069041,31.65587236488904],[35.15264944063013,31.655484946207718],[35.15302255659227,31.655325557687213],[35.1530227827632,31.65491539037185],[35.1526238081748,31.653798541573554],[35.15347723459261,31.652157944954997],[35.153290839724285,31.6519527864827],[35.15342427870241,31.651633760580324],[35.15358460823572,31.650722220715142],[35.1537978046175,31.65049449478697],[35.15414423747084,31.650312275085508],[35.15414444641551,31.649924834408274],[35.15363847070333,31.649582827271697],[35.15294580845709,31.64958254930418],[35.15251986736954,31.649035395947923],[35.15217365320343,31.648830170547203],[35.15198740882305,31.648374291890207],[35.152067731755125,31.647644987299483],[35.14996326183328,31.647393477173786],[35.14884442104483,31.647324632800782],[35.14743237396461,31.647460731783596],[35.14631312248972,31.6480527511657],[35.146150686143535,31.64784299356608],[35.14583099136071,31.64791120829798],[35.145431392898814,31.647797118508684],[35.145138732742744,31.647295546176185],[35.14463250894238,31.647249765550214],[35.143966669659,31.647044367506428],[35.14354067373463,31.646679540971075],[35.143088128691716,31.646132343233035],[35.142742126914854,31.645653556781582],[35.1423159296667,31.64560780566642],[35.14122311141251,31.646382150445614],[35.14156916958915,31.646769672311667],[35.141276008762404,31.647043062863048],[35.1417555436288,31.64695212104953],[35.14196857576968,31.647157309556107],[35.1423933697476,31.647384729076197],[35.14296271922797,31.647604448189778],[35.143196963117944,31.64740108709211],[35.14361206627174,31.647221350215258],[35.145200501650386,31.647848233707762],[35.1454500951491,31.648382855490627],[35.14491424399974,31.648825482118163],[35.14493489418589,31.64913761518688],[35.14511094410479,31.64905038056709],[35.14572297107329,31.650190169069596],[35.14553633817391,31.65039516681582],[35.14585548347366,31.651215739394384],[35.146201669891404,31.65162615583376],[35.145615275991425,31.65194496594976],[35.145188831495894,31.65224103064957],[35.14476270511208,31.65203565789901],[35.14425650241455,31.65208105421877],[35.14393661243173,31.652263169429084],[35.14361679687697,31.652490918163203],[35.14388307383852,31.652718945850367],[35.14430931895595,31.652741964769945],[35.14462865143397,31.65326627806198],[35.145108218965596,31.653334863426082],[35.14529452922255,31.653649429785236],[35.14513449048583,31.65396843469305],[35.145134142683325,31.654515414635423],[35.14481404207342,31.65501661108347],[35.14508025659929,31.655358631666136],[35.145932734263866,31.655632470710746],[35.146784900130825,31.656248200203603],[35.14731742247173,31.656818146835995],[35.14934171876102,31.657844636510237],[35.14976785507522,31.658095447702838],[35.150087209880304,31.658665381197483],[35.14966076221992,31.658938643387298],[35.14998015922872,31.659440125721634],[35.15043259784373,31.66035192093128],[35.1509118527643,31.66103582505482],[35.15136437309196,31.661833621386393],[35.151710362929315,31.66251746678779],[35.15274927271924,31.66292814955062],[35.15312210464202,31.66333846713674],[35.15413387276935,31.664637912627036],[35.154639663883835,31.665481352151836],[35.15505480309924,31.666479694295532],[35.15561449458153,31.66632037067955],[35.15660028317857,31.666594189105172],[35.15793255240784,31.666708677727414],[35.15902450976644,31.667689034474662],[35.15945069500647,31.66798544720073],[35.160356323231454,31.668806187157692],[35.160915828002615,31.669057097016427],[35.1612887837252,31.669102767904995],[35.161927132218835,31.67174660811569],[35.1621934054611,31.672202497224543],[35.162566151981366,31.672977499149287],[35.163018961483914,31.673478991611045],[35.163258615139064,31.67382087453111],[35.16403130651377,31.67401944120733],[35.164990588395256,31.674133646985446]]]}},{"type":"Feature","properties":{"settlement_id":233,"source":"Peace Now","source_name":"Sde Boaz","source_type":"Outpost","source_db_id":298},"geometry":{"type":"Polygon","coordinates":[[[35.146944237424755,31.694786055277195],[35.147308003622946,31.69431797988691],[35.14765705524862,31.694131669680093],[35.14780260991503,31.693852883686525],[35.148082737175514,31.694026054594442],[35.14816798107633,31.694599343682366],[35.14878135076075,31.69464840008037],[35.148831982126794,31.69347142753545],[35.14829711692871,31.693355323115085],[35.147392004309324,31.693294325224702],[35.14727014394425,31.692986876762212],[35.14743948967942,31.692380092476057],[35.147315708548156,31.692129591070703],[35.146662176473335,31.692302723601674],[35.14620029575178,31.692302513265204],[35.14617498038616,31.692472772465774],[35.14579167196216,31.69264728137495],[35.14521337329845,31.693052546098517],[35.145350805744364,31.694311442275154],[35.145692959282776,31.694640914749723],[35.146012675438264,31.694751081412438],[35.146299671935765,31.694781619565035],[35.14668726174858,31.69497654932776],[35.146944237424755,31.694786055277195]]]}},{"type":"Feature","properties":{"settlement_id":24,"source":"Peace Now","source_name":"Beitar Illit","source_type":"Settlement","source_db_id":22},"geometry":{"type":"Polygon","coordinates":[[[35.11585366869465,31.708527706343208],[35.11607260625466,31.708121691572877],[35.11638026511518,31.70812190459193],[35.11663984092916,31.708170062450545],[35.11718450268196,31.708175487029116],[35.11744536665115,31.708200466445838],[35.11776970349108,31.70814955229653],[35.11805039183737,31.708183833071455],[35.11831489592585,31.70815145517153],[35.11858715665041,31.707944212174333],[35.11868811333066,31.707716291096133],[35.118628984716594,31.707543906693175],[35.11865881516143,31.707341189653256],[35.11855839160106,31.706991472585436],[35.118380877224496,31.706616361226388],[35.118339606162706,31.706413596185016],[35.11909843943799,31.70638371420591],[35.11992847545328,31.706125795645786],[35.12016552023419,31.70623751222092],[35.12033736696459,31.706354145538135],[35.120526813451946,31.706607691910694],[35.12075154338538,31.707160136132853],[35.120804727073896,31.707378149556202],[35.1208901015482,31.707461897771662],[35.121214994954094,31.707727526515868],[35.12167309106219,31.707917394982275],[35.12238243154655,31.708157927783745],[35.122604319222695,31.70788002845648],[35.12198363322408,31.707715400343538],[35.12142219898352,31.707474871592556],[35.121177817834464,31.707186118320735],[35.121200934013004,31.70681736465395],[35.12133728675347,31.706636270862028],[35.12151902549083,31.706545752780688],[35.12182186104229,31.70634537681208],[35.12197327085069,31.706313188473793],[35.122169830659196,31.70652038163212],[35.122570741866,31.70671471924337],[35.12281294146603,31.706727771191787],[35.12296438556947,31.70665671171995],[35.12319905170114,31.70659860170102],[35.12322943524022,31.706475698136828],[35.123131310360634,31.706132749989052],[35.12295742993415,31.705925572805977],[35.12272290733977,31.705821889547114],[35.122321919718054,31.705718188853602],[35.12192842527402,31.70573083115467],[35.12167088811865,31.705885963673662],[35.12155738893577,31.705874887245805],[35.12133061354132,31.70560301035481],[35.12118692728179,31.705492890129413],[35.12116463430344,31.705059443620986],[35.12117988727811,31.704871777370677],[35.12127098609984,31.704567821225414],[35.12140781427454,31.703849672321397],[35.121764196238274,31.703092976214506],[35.12192361452495,31.70258840081047],[35.12239287023855,31.702536937308437],[35.12282414759819,31.702608370768367],[35.12310399380112,31.702744459467265],[35.12337626676427,31.70297749227765],[35.12368631710993,31.7031977420916],[35.12429795386402,31.703304457145997],[35.124915728576404,31.703636907697877],[35.125339003677965,31.704195780883243],[35.12556806657279,31.70489035204522],[35.125832363417295,31.705464185963944],[35.12592065950786,31.705464240414493],[35.126079749046475,31.70532842868079],[35.12585053191441,31.704935799775402],[35.1259919490962,31.704739643069423],[35.12581581717353,31.704196076037082],[35.126080765364755,31.7041207539179],[35.126134228988974,31.703516903917283],[35.12632859875384,31.703320779327164],[35.12662934951326,31.70268686822858],[35.12664786595234,31.70173587198861],[35.12661338576626,31.700709267659914],[35.12728451837638,31.700543553870283],[35.12741083286751,31.70023023511968],[35.127353753251136,31.699862513625053],[35.127112458283605,31.699034733445714],[35.12721015041024,31.69800018246019],[35.127742487534654,31.698041899257806],[35.12769441197788,31.69762800812923],[35.12716262661659,31.69692414799593],[35.12692099433042,31.696386043417164],[35.12726003894159,31.69609657269847],[35.12692175202095,31.695475618967336],[35.12643843428779,31.69473038981585],[35.12497802239459,31.693928547825042],[35.12422873427713,31.69377277849903],[35.12345726466976,31.69317039079568],[35.122345030193536,31.692664909377065],[35.12132351882562,31.69227590727113],[35.12002927302251,31.69221679654319],[35.11832661633571,31.691710887592713],[35.11521785824021,31.689475929252698],[35.11451469949588,31.688679364902654],[35.11353841978252,31.688601022343093],[35.11253895767941,31.688930385661607],[35.11172131468017,31.689162833595752],[35.110971997978474,31.689201066180235],[35.110268249775054,31.689025768052705],[35.10970091252693,31.688714747680812],[35.10916612508146,31.687931716541275],[35.10815006052285,31.68768267142717],[35.10689099318962,31.68834385831294],[35.1055358046462,31.688425604515764],[35.104083924294066,31.688383074367305],[35.10306636753074,31.68941688063913],[35.10306560219746,31.690120419357978],[35.102968297010655,31.69065830009812],[35.10335437093574,31.691693218003056],[35.10369235291465,31.692438329766823],[35.10282161470833,31.69198247101261],[35.10166028341201,31.69173316823993],[35.10049877355806,31.69164952598514],[35.098950686779446,31.691110205897125],[35.09788628606878,31.69069554824653],[35.09711103550507,31.691439742014424],[35.09628770455298,31.691977094263347],[35.09575429741887,31.69280427508868],[35.095608089319875,31.69363178476607],[35.09589794805716,31.694170079939866],[35.095461693589364,31.694707665447858],[35.094444859383735,31.695079258928164],[35.09347622831456,31.69553358652501],[35.09308831943764,31.696112691267597],[35.093377325939194,31.697271649006474],[35.09376386844428,31.69793412840468],[35.09448857816758,31.698969365489614],[35.095165631395574,31.69954930037016],[35.09608476279485,31.699963856843773],[35.09705256857594,31.70025444246012],[35.09787521091822,31.70037922842435],[35.09816623673346,31.699924304549132],[35.09884391799303,31.699883472658613],[35.099908182917176,31.700422307373227],[35.101261722790994,31.701038476425097],[35.10224254969844,31.701311807731855],[35.10320653781675,31.70194270408992],[35.10401898180779,31.70235107607067],[35.10485322285984,31.702703905561545],[35.10509218586214,31.70227778471046],[35.10517952858668,31.70168479215651],[35.10568899314864,31.701620344514463],[35.10617661722161,31.701759697504002],[35.106707520057185,31.70197330459298],[35.107368520415015,31.70215905109764],[35.10771533389922,31.702187182175223],[35.108062224398246,31.70214108960448],[35.10867457366381,31.702146150741306],[35.109086463797816,31.70218352591436],[35.1094440108354,31.702341347241834],[35.11031037872026,31.703074116984062],[35.11041850954613,31.703278016287122],[35.11033152632674,31.703546705172222],[35.11041808855044,31.703695034200834],[35.11061308466087,31.703852732175832],[35.110851462524195,31.703880684647338],[35.11096009156302,31.70369543298248],[35.11140434130216,31.70387180041319],[35.111642470085336,31.70415001625327],[35.1121082979838,31.704483951164125],[35.11261746253041,31.70473449393019],[35.11352745158146,31.705244875387496],[35.1150553407629,31.705727817959175],[35.11526115251722,31.705950359805016],[35.11516325289499,31.706283887669056],[35.11498955696952,31.70656171775537],[35.11420927707784,31.70640370356372],[35.11414408958377,31.706505567070028],[35.11409907938163,31.706793485035636],[35.113147886164676,31.706589471069943],[35.111560957040595,31.705865741166367],[35.10997417251249,31.705024817053193],[35.108216253386324,31.7040275091892],[35.10646874544703,31.70402617758417],[35.10539498917109,31.704142523832328],[35.10556581617601,31.704611358191112],[35.10791735806448,31.70589232720106],[35.108543312568116,31.706393596657453],[35.108517943563214,31.70642966801858],[35.10871101118709,31.706926465068072],[35.109533538472576,31.707340851688333],[35.110355822132775,31.708003603781936],[35.111517296960464,31.708335527259983],[35.112340316652364,31.708170634388292],[35.112872566382,31.70846069396493],[35.11352953010665,31.70840728307953],[35.11464109807376,31.708440467831874],[35.11585366869465,31.708527706343208]],[[35.11589423857726,31.702257430488967],[35.11574431984484,31.70194708765949],[35.115431792591544,31.701583151073663],[35.11584504791103,31.70129457448306],[35.115257565542656,31.700663045525182],[35.11547043927926,31.70043854188392],[35.115107887534165,31.700106585395044],[35.1148825123567,31.70027759956512],[35.11448236934645,31.699988453053987],[35.11381952908783,31.699634996723926],[35.11330713362645,31.699046169841957],[35.11318598889245,31.698773361679113],[35.11291081350003,31.698634098017806],[35.11254804568394,31.698537518636638],[35.11208489925292,31.698719088316615],[35.11190975421881,31.698761709268528],[35.11108393447673,31.698750374854907],[35.110371054723956,31.698354025695295],[35.1101210980177,31.698107814412445],[35.10997115092452,31.697850944713043],[35.10912102977965,31.697165621954063],[35.10899573110641,31.697358164804122],[35.10878295211237,31.697379379273276],[35.10846992736354,31.69753958426038],[35.10831951716204,31.697839067736048],[35.10793184657521,31.697656870225053],[35.1075318032049,31.697303489694086],[35.10711950103246,31.696672056040875],[35.106794600904486,31.696286624403946],[35.10675734139869,31.696008463146434],[35.10677024121655,31.69567686019226],[35.10693298098041,31.6955913985707],[35.10715781202582,31.695944557250392],[35.107545496213135,31.69610538315111],[35.107795868065615,31.6960413610433],[35.10755832656143,31.695837902104003],[35.10720827237772,31.695602340998956],[35.107045901950826,31.695334726195444],[35.10680827419493,31.69521685201906],[35.10680849836721,31.695002931671425],[35.10643350288532,31.694617460636458],[35.10653382708161,31.694403617208053],[35.10688412143842,31.69440388582844],[35.10705952260711,31.69421147344247],[35.10740991064305,31.69422238260563],[35.10797255539226,31.694607992973673],[35.10886007488838,31.695410953850658],[35.109235196825686,31.695582407121552],[35.109660354534356,31.695925068985296],[35.109847754196814,31.69617123482892],[35.109797411787994,31.69640658213768],[35.109960049384256,31.696524395157187],[35.110397933374955,31.696492612934332],[35.11093606684949,31.69641815477971],[35.11106125294956,31.696332660337884],[35.111962026198164,31.696472383548482],[35.112687766656215,31.696440802030107],[35.11312581777168,31.696344798337446],[35.114327415961164,31.69594982860635],[35.11456506319047,31.695949996432454],[35.11507799642816,31.696078781611455],[35.11526535952802,31.696378419605843],[35.11525254401005,31.6967635937855],[35.11533588172087,31.69719690418726],[35.11553603846664,31.69735748434039],[35.11616132745419,31.697700263944107],[35.116674207416395,31.697786204442224],[35.11915087995017,31.698654480468942],[35.12018925692272,31.69889046571068],[35.12215299129506,31.699790449259783],[35.122077725393886,31.69997221493215],[35.121977250810104,31.700389348815495],[35.12246512265634,31.70050735591781],[35.12319065775272,31.700743205210443],[35.1235282964483,31.701010820534723],[35.123327757696885,31.701385143838536],[35.12297738078241,31.701449132478555],[35.122664573267905,31.701374078009568],[35.122176772232905,31.701170485547813],[35.121751593017855,31.70089207778134],[35.12143882654338,31.700774182144084],[35.11980000317263,31.700420027206235],[35.11927441821693,31.700366196896987],[35.11883647960553,31.70044084770881],[35.11844838565682,31.70056892057015],[35.11807298857273,31.7006542528552],[35.11764753489588,31.700686069856687],[35.1168963959582,31.700995794628188],[35.116671001757766,31.701188185920337],[35.11675836399958,31.701391524500558],[35.11688351612608,31.70145582273545],[35.117045855284495,31.701798188672612],[35.11666984231155,31.702418497527503],[35.116344366556895,31.702578713133935],[35.11614418104529,31.70254646848805],[35.11589423857726,31.702257430488967]],[[35.12378361336289,31.701451358939188],[35.12389148327959,31.701257077111407],[35.12390956179685,31.701088441374793],[35.12387382920303,31.700935012991085],[35.123873970728994,31.700771416304196],[35.12398156191418,31.700776534689005],[35.12421471178172,31.70086876126114],[35.12453153035837,31.701063220253126],[35.124657068033855,31.701175760432925],[35.12471663314842,31.701339484671657],[35.124860160939654,31.701385569081218],[35.125296908717736,31.701222244361766],[35.12550630202017,31.701094491007396],[35.12584159611189,31.700649902640055],[35.126044923006056,31.700583561079988],[35.12628389405052,31.700905851067095],[35.12635545309702,31.701110345822258],[35.12635532877944,31.701258610957563],[35.126247462176664,31.701580687938286],[35.12619927909135,31.70192832401358],[35.12607950177923,31.702112319291125],[35.125995613432394,31.702393466481627],[35.12582194995797,31.702679698818176],[35.12543282322333,31.703155006910062],[35.124972085815564,31.703359171161008],[35.12480477132492,31.703246605220244],[35.12482276561652,31.703175009082987],[35.124763058551295,31.703052319309734],[35.1247631373367,31.7029602398365],[35.12450007127928,31.70281180987871],[35.124482300755474,31.702622589279418],[35.124374777739526,31.702535672992653],[35.12392619928137,31.702586525557656],[35.12372883144776,31.70258640067958],[35.12368704144149,31.70248410369469],[35.123681293752675,31.702300031176602],[35.12344228367895,31.70202887162028],[35.12344239043531,31.701906129035095],[35.123460523298306,31.701676076992964],[35.12350248152754,31.701584114298623],[35.12378361336289,31.701451358939188]]]}},{"type":"Feature","properties":{"settlement_id":40,"source":"Peace Now","source_name":"Har Gilo","source_type":"Settlement","source_db_id":36},"geometry":{"type":"Polygon","coordinates":[[[35.16564467029471,31.725126377139468],[35.1660897547323,31.725057339925655],[35.16665611556407,31.725143997134417],[35.16718194637958,31.725265180947865],[35.16746509000603,31.72540351768353],[35.167566154258736,31.725714776612556],[35.16845647252537,31.725196375694846],[35.16912416164659,31.724643275722883],[35.169528992168964,31.72414195691037],[35.16993368070531,31.723727124496016],[35.17043943726444,31.72362345734071],[35.1709047136131,31.7234161545233],[35.17126898830399,31.722983991565002],[35.17132980501976,31.72256906449196],[35.17165358475459,31.722361631805306],[35.172210404642044,31.722241557010864],[35.17256516947828,31.721511505500192],[35.17269415844504,31.72134622793118],[35.17294246720831,31.7212118232415],[35.17319547793991,31.721211885653045],[35.173549693451584,31.721147038697396],[35.17418219167907,31.721233678564232],[35.174713583869924,31.721082472794794],[35.17532109951225,31.720087778115783],[35.17567550342576,31.719395866043126],[35.17587808526819,31.71868227438979],[35.1757770382655,31.718249722282227],[35.175467130155276,31.718032665866538],[35.17506236677032,31.718173081920682],[35.1744425394871,31.71844322298527],[35.173810192580575,31.71859440341826],[35.172904522616015,31.718921645383354],[35.172227545384104,31.719059188878873],[35.171486319361705,31.71887989073075],[35.17088998213866,31.718921129950658],[35.170196844215255,31.719099963324926],[35.16958438016733,31.71937540364505],[35.16897167559986,31.719995168867662],[35.16813321376965,31.721055693103644],[35.16781059947545,31.721510225208934],[35.16766462842573,31.72189116496684],[35.167491308631234,31.72185625448752],[35.16697896444753,31.722149989972017],[35.1661298976722,31.7222277069099],[35.165168622070084,31.722161439620958],[35.164509029502675,31.72219122187267],[35.16410201821779,31.722275061494123],[35.164021597777605,31.72238544362185],[35.16396683866149,31.722359418556227],[35.163400222451244,31.722895298940635],[35.161943404258935,31.723880276227252],[35.16196340186603,31.72445088563223],[35.162488941741195,31.725194547952405],[35.16301466488887,31.72578254820457],[35.16368205691025,31.725990280181165],[35.164369860999464,31.726094211778243],[35.165178976049525,31.726025291884604],[35.16521980734741,31.725281816588545],[35.16564467029471,31.725126377139468]]]}},{"type":"Feature","properties":{"settlement_id":125,"source":"Peace Now","source_name":"Kalia","source_type":"Settlement","source_db_id":115},"geometry":{"type":"Polygon","coordinates":[[[35.46012158651684,31.755197961494115],[35.46088334191907,31.755359033716395],[35.46202469783358,31.755080316520093],[35.46238503730203,31.754624155919636],[35.46289687748434,31.753842481731468],[35.463924674577235,31.75384039334532],[35.46516293524962,31.75417939508989],[35.46565718401798,31.753983223762468],[35.46557989924704,31.753560506905302],[35.46576983078316,31.7534299813367],[35.46691192776579,31.753427634456003],[35.46730758178784,31.751995590502105],[35.468583363963475,31.752171879035398],[35.47132524925406,31.752491372533655],[35.47149593952366,31.752279622473985],[35.471965275944015,31.750034215561282],[35.47232101819287,31.747967881020916],[35.471121379862076,31.74779147033785],[35.469350693700434,31.74758376997358],[35.46733216745027,31.746874077626625],[35.46819218645717,31.74543242301602],[35.46379855006997,31.74501070542484],[35.46346890200673,31.747384465605773],[35.46328390961405,31.749287736630386],[35.462695596455646,31.749923198224092],[35.4625276869388,31.751143374944725],[35.461956884983074,31.75120955254797],[35.46012158651684,31.755197961494115]]]}},{"type":"Feature","properties":{"settlement_id":9,"source":"Peace Now","source_name":"Almog","source_type":"Settlement","source_db_id":9},"geometry":{"type":"Polygon","coordinates":[[[35.458145465271706,31.789492590898522],[35.457846231577825,31.78968518838687],[35.45794027878422,31.789828934974864],[35.45820281644759,31.789924458198932],[35.45846526688011,31.789987875536458],[35.458690453706026,31.79013145013907],[35.459441406001254,31.790753932208542],[35.46064129883068,31.791135527867436],[35.46176532045523,31.791149224547098],[35.462606046215086,31.790363553660804],[35.46359841323768,31.790233567283],[35.464028506527875,31.789944733905017],[35.46438139339257,31.788856034163675],[35.46376167665898,31.788313307234727],[35.46411411356072,31.78706462236556],[35.4636997926561,31.786265533671916],[35.46382980892866,31.78586530262],[35.46442489742121,31.784328074114235],[35.46391734000102,31.783673200026282],[35.46305357402241,31.782906948610506],[35.462117851239476,31.783180840110944],[35.46099586915437,31.783871119326157],[35.459014003526015,31.78517104102917],[35.45901509909045,31.785571005312654],[35.45836042052445,31.7858922851726],[35.45868007949357,31.786339591938493],[35.45922294767051,31.7862105360575],[35.45957998825851,31.786657855934052],[35.46029226443313,31.78681641381929],[35.46004960967558,31.787152836644278],[35.460068975714975,31.78736085242539],[35.45939553820344,31.78769813777011],[35.459152808234876,31.787970618509632],[35.458030240610775,31.78843685531192],[35.458145465271706,31.789492590898522]]]}},{"type":"Feature","properties":{"settlement_id":22,"source":"Peace Now","source_name":"Beit Ha'arava","source_type":"Settlement","source_db_id":20},"geometry":{"type":"Polygon","coordinates":[[[35.476831572983286,31.805630731976365],[35.47651987680886,31.80564709033257],[35.47637405074719,31.80597630197958],[35.47503623724485,31.806370729789883],[35.47417623462112,31.807077430615553],[35.47381063375108,31.807516768084096],[35.47295083780635,31.808301829794953],[35.47291776986826,31.809539220155383],[35.47301174848477,31.81033786921995],[35.47332560829265,31.811026480772103],[35.474206714801824,31.811243853533984],[35.475673938570154,31.81116245698805],[35.47706757670569,31.811018523465705],[35.478186314696856,31.81098473918771],[35.47910217906555,31.81055989555267],[35.47942935728943,31.809525323623912],[35.47963515300565,31.809192552099386],[35.480109283413384,31.809210825785794],[35.48053803280662,31.80913278975271],[35.48083082764303,31.808900743167886],[35.482615874851746,31.809378887662177],[35.485076167506584,31.809180676119254],[35.48501610142069,31.804225935094337],[35.482715480663444,31.804944336916616],[35.480773907286725,31.80524635185122],[35.48051928109933,31.805951690098627],[35.48022650543614,31.80618734335225],[35.4799511273999,31.806093968026648],[35.479180281220756,31.805938984395326],[35.47857592979279,31.806269187017783],[35.47802757684078,31.806896962967443],[35.477551723409874,31.80725817831099],[35.47725796948656,31.80716483658906],[35.47735259021734,31.806587651881383],[35.47766123671969,31.80588088853399],[35.47752856983142,31.80553936601995],[35.476831572983286,31.805630731976365]]]}},{"type":"Feature","properties":{"settlement_id":85,"source":"Peace Now","source_name":"Mitzpe Yericho","source_type":"Settlement","source_db_id":77},"geometry":{"type":"Polygon","coordinates":[[[35.3886280939023,31.821476672496708],[35.388980459158226,31.820403804928247],[35.389386959370306,31.820926023129818],[35.389673488917246,31.821443712396228],[35.38993252246655,31.82157283916911],[35.39187751022818,31.821440486737],[35.39278062449069,31.82172079787336],[35.39359218405578,31.822267731627107],[35.39448326302603,31.822389685830277],[35.395140922264964,31.82225784582813],[35.39543755418162,31.82207243429756],[35.395806516242295,31.82203075646163],[35.3962798115431,31.82192723470395],[35.39669658189517,31.821714223295626],[35.39713019335426,31.82183008518303],[35.39736270929355,31.821747485481826],[35.397794751517985,31.821109591656782],[35.39810519407897,31.820904962719336],[35.39811502326945,31.820878137036892],[35.3981806692954,31.820859342065887],[35.39812451463844,31.820709666542136],[35.39814025462112,31.820558945523405],[35.3983160894458,31.820243485617763],[35.39849645224859,31.819770467497857],[35.39837532026474,31.81937321214338],[35.39804556384784,31.81901397087445],[35.397948439091266,31.818630476672652],[35.398167983084576,31.818002353934688],[35.39796437183963,31.817234075811655],[35.39776750298506,31.816848812668468],[35.39765397821859,31.816542057155882],[35.39733393039472,31.816386824228523],[35.397132681908126,31.816058228516177],[35.39650543959861,31.815401375279894],[35.39609460984559,31.814641473901474],[35.395908928383825,31.814073053821733],[35.39583558695268,31.813538824662775],[35.396003587662435,31.813319244852007],[35.39633204840766,31.81306524341563],[35.39624910114489,31.812892034972677],[35.395638800334815,31.812653153872724],[35.39515713081273,31.812564774517778],[35.3943938509535,31.81203969240374],[35.394152098358425,31.811519421141895],[35.394054661779684,31.810971428469145],[35.39384581560694,31.81084151370449],[35.3937018435113,31.811088380769018],[35.393453828100675,31.81143135781751],[35.39303672637243,31.811514223971937],[35.39235451004073,31.81142613083658],[35.39195344125244,31.81144728398825],[35.39136006879714,31.811633123568786],[35.39127237068771,31.81192788309506],[35.391393033339156,31.81211204190163],[35.39105677904116,31.812434491656447],[35.39075190445845,31.812448646042853],[35.39055194193085,31.812798401057538],[35.39041626870031,31.813134353912655],[35.39028077679132,31.813614149639548],[35.39024923250188,31.813895118465407],[35.3899934302553,31.81436823536183],[35.38984223679707,31.815026256737504],[35.389947705642456,31.815587227108267],[35.39013345933215,31.816155655723875],[35.39003789050519,31.816532583169085],[35.389789983914945,31.81694409241],[35.389414449409564,31.817759990546474],[35.38909463431833,31.818342861888762],[35.3889509647997,31.8187541280022],[35.3885450739541,31.819395832252287],[35.38773507005548,31.82165594616491],[35.3876766158864,31.822215412284997],[35.3882280133571,31.822456168419233],[35.38858508980064,31.822315807207104],[35.3886280939023,31.821476672496708]]]}},{"type":"Feature","properties":{"settlement_id":42,"source":"Peace Now","source_name":"Vered Yericho","source_type":"Settlement","source_db_id":38},"geometry":{"type":"Polygon","coordinates":[[[35.43875303767396,31.824041297968513],[35.438472150985895,31.823778658875177],[35.43779993959683,31.823899566545403],[35.43732327134914,31.823780765777464],[35.4364269225215,31.823902076031384],[35.43550128343257,31.82354482865071],[35.435025676945536,31.823808937012178],[35.434605290495924,31.82380969776722],[35.4342408130103,31.823738570054697],[35.43379183230668,31.823452235052436],[35.4334279471846,31.823620361115317],[35.43244675320158,31.823430752576805],[35.43219574341619,31.823885727416442],[35.43174806927349,31.82417367223203],[35.4310751447883,31.824007400997914],[35.43065515444414,31.82412773149965],[35.430150096282645,31.823841573459095],[35.42880611101609,31.82427457611944],[35.428190787416135,31.824778072132716],[35.42760372640765,31.825353301772665],[35.42749303681321,31.825927694875666],[35.42687625230094,31.82578520177807],[35.42681867380196,31.825163305917492],[35.426705515406184,31.824708887849244],[35.42642643475118,31.82518788916095],[35.42592269691039,31.82545192239938],[35.424999348934115,31.82600382599798],[35.42418767216699,31.82643585649934],[35.42357235828895,31.82691543144624],[35.42304016048282,31.82698813261522],[35.42284429700963,31.82715593977332],[35.422844690972305,31.82732331987751],[35.42262150294884,31.827730430669405],[35.422734138489446,31.82796949466267],[35.423771789934605,31.8283026528922],[35.42447306522134,31.828612485852563],[35.42466933431122,31.82866003392817],[35.424613747626516,31.828827601000302],[35.42506329501448,31.829353134010486],[35.42570882604642,31.829758741443644],[35.4265496139534,31.829829063262483],[35.42741769619738,31.829564389962407],[35.42789317156982,31.829180726946884],[35.42800409298708,31.828702018152303],[35.42777925442186,31.82841535850488],[35.42763861347079,31.828176348139394],[35.427721600800226,31.827721587142527],[35.42831000363714,31.827696655054407],[35.4290096680762,31.827336582161458],[35.42945702832209,31.826952962814747],[35.42998903568857,31.82676065171174],[35.43004379711171,31.82625814183322],[35.43052017739484,31.826257296683586],[35.43094127572574,31.826543602523056],[35.43133398714954,31.826710374103666],[35.431669615610154,31.826470608546998],[35.431950197919804,31.82661358949269],[35.4321471122998,31.826924280615426],[35.432595916211625,31.82709094793076],[35.433016035128915,31.82701840811792],[35.43349271462849,31.82713722490664],[35.433885610393645,31.827375684189626],[35.434222241590774,31.82754254787987],[35.434614429091376,31.827494042039696],[35.4348648885562,31.826775817814887],[35.4355679768029,31.827803357400246],[35.43621300465712,31.82799355411426],[35.436773309247336,31.827968634051825],[35.437642065935755,31.827990944099398],[35.4383150309103,31.828157180310537],[35.43781281547458,31.829019354932345],[35.437448375336196,31.828972225286726],[35.43705648316101,31.829140412887817],[35.43703029010762,31.829858141351767],[35.43761906454391,31.829976737697113],[35.437815222679674,31.82997637820756],[35.437953483862465,31.829258353891483],[35.4386785020536,31.82782157026396],[35.43875303767396,31.824041297968513]]]}},{"type":"Feature","properties":{"settlement_id":39,"source":"Peace Now","source_name":"Har Adar","source_type":"Settlement","source_db_id":35},"geometry":{"type":"Polygon","coordinates":[[[35.1241361185159,31.823363911364606],[35.12433358091857,31.824040234914953],[35.12467469539902,31.82459724481386],[35.12514019015577,31.82496873294003],[35.12495363706099,31.825233757091468],[35.123338044137284,31.826107700798712],[35.123741523873306,31.82637309814319],[35.123709868599676,31.827062443549217],[35.1235850009378,31.82780475773056],[35.12389479274389,31.82867991807871],[35.12296235771923,31.829554287471304],[35.122961798190516,31.83019062417906],[35.1232092004552,31.831383914333923],[35.12426438487188,31.832233033382426],[35.12532010930762,31.832472411347666],[35.12690405026025,31.832420359277307],[35.12783638944995,31.83165192729973],[35.1291723584116,31.830989874369997],[35.13060018756508,31.831945217240076],[35.131469772995246,31.831945719416773],[35.13243267250395,31.83176076046007],[35.135820241295,31.828660400811813],[35.13538659029176,31.82714886477213],[35.13541798107431,31.82669814279908],[35.135108305294786,31.8255313554794],[35.13439440765339,31.824921140564847],[35.13396011164504,31.82431107692147],[35.13408485128705,31.823621780144425],[35.13408509283541,31.823303611387427],[35.13349544143475,31.822958600705608],[35.133433817700116,31.822189658045406],[35.1337761324169,31.821235341850837],[35.13377639521671,31.820890658902925],[35.13334179666579,31.820704817997772],[35.131105843896094,31.82088914648582],[35.129428793075164,31.821126794823513],[35.129004949594744,31.81980489805803],[35.128346858311446,31.819764554397953],[35.12733337050621,31.82084624155915],[35.12706374779067,31.821062519249157],[35.1262109733084,31.821663434158477],[35.125284484676655,31.822238234257096],[35.12492894033421,31.822501710226163],[35.12475579184144,31.822660235358146],[35.12462592637923,31.82284476039944],[35.124247499990645,31.82293678043106],[35.124160931291804,31.82313053104987],[35.1241361185159,31.823363911364606]]]}},{"type":"Feature","properties":{"settlement_id":41,"source":"Peace Now","source_name":"Har Shmuel","source_type":"Settlement","source_db_id":37},"geometry":{"type":"Polygon","coordinates":[[[35.17231223970216,31.832179052379963],[35.170438447334895,31.8317039268429],[35.16957357779075,31.831527833800088],[35.16944971302984,31.832248639072237],[35.16889321044723,31.833391293801725],[35.168893075373795,31.833742920420516],[35.16798689623708,31.8340767042821],[35.16749221235437,31.83509626941308],[35.16633885635709,31.83534204010746],[35.1661941799623,31.836502391190237],[35.16615268938788,31.837205631626293],[35.1661731439409,31.83755726423301],[35.16652307330277,31.837961662937417],[35.167264558182865,31.837997053859798],[35.16905630915224,31.83782179774144],[35.16992138728278,31.83759351029236],[35.17027149545031,31.83755843334665],[35.17029241348251,31.83669691356078],[35.17111641780962,31.83608180870526],[35.17231112236767,31.835396449471723],[35.173361412587234,31.835308781797295],[35.17412338433985,31.835308966094587],[35.1743706017059,31.835238681557453],[35.17441188636676,31.834974993943263],[35.17377355421623,31.834535375698522],[35.17307353000874,31.83411323464995],[35.1725794225823,31.83362079820847],[35.17231223970216,31.832179052379963]]]}},{"type":"Feature","properties":{"settlement_id":31,"source":"Peace Now","source_name":"Giv'on","source_type":"Settlement","source_db_id":28},"geometry":{"type":"Polygon","coordinates":[[[35.171005876771524,31.85022636681933],[35.17182035633133,31.850283304246627],[35.17208640492497,31.850262089031414],[35.17261851817388,31.849864964942952],[35.1729179491726,31.849233574249688],[35.17311746579702,31.849113048200945],[35.172785134139104,31.848637608033805],[35.17226997133314,31.848318228557236],[35.17204559562767,31.848225913659974],[35.17245305143774,31.847757783753668],[35.172594521887625,31.847140602708457],[35.17242005826078,31.846927635292335],[35.17217897790277,31.846877973246883],[35.17181327928488,31.846984296425926],[35.17137238073148,31.84790649008711],[35.17129756313208,31.847949037231572],[35.16900356414325,31.847827842015498],[35.16845500309112,31.847856005340322],[35.16842995848997,31.848139806027948],[35.16766881248995,31.848499374487652],[35.167660099612554,31.8489581003002],[35.16789659290877,31.84953521967753],[35.168203634956555,31.849682756073257],[35.168587475059645,31.84977388258242],[35.1687534950117,31.849714953748382],[35.169144153375385,31.849856921745083],[35.1696261727821,31.850084137106784],[35.170390765131174,31.850183636639898],[35.171005876771524,31.85022636681933]]]}},{"type":"Feature","properties":{"settlement_id":32,"source":"Peace Now","source_name":"Giv'on Ha'hadasha","source_type":"Settlement","source_db_id":29},"geometry":{"type":"MultiPolygon","coordinates":[[[[35.161222603541475,31.842531490005776],[35.16053730116854,31.842225192290996],[35.16009431291805,31.842405075662672],[35.15903964300019,31.842683760167315],[35.15893383959689,31.843394868304383],[35.160473276738614,31.84380949606155],[35.161928306020975,31.84435010227921],[35.16182305769541,31.8438999739219],[35.161949743949364,31.843593953783312],[35.16159161542738,31.84269364805454],[35.16146514661123,31.84253157231416],[35.161222603541475,31.842531490005776]]],[[[35.157130535996465,31.8494062443116],[35.157456554254395,31.84926171088617],[35.15744346264403,31.849450911183222],[35.157560692847305,31.84975144617284],[35.15797782430553,31.84995189717414],[35.15834287456424,31.84992984505025],[35.15838210557173,31.849651552788618],[35.158551946765705,31.849117456955316],[35.15878662715061,31.849072990850328],[35.15938631301811,31.84930696085826],[35.159998944053115,31.849652128909224],[35.16022061885249,31.849630021136697],[35.160416392756915,31.849196035607722],[35.16029926017826,31.848672930164707],[35.1609772098225,31.84873989986979],[35.16123811624689,31.848639794938745],[35.16181166994746,31.848729090165953],[35.161916137921416,31.848551012608258],[35.16186417032728,31.848061298285913],[35.161890379273814,31.847816458602736],[35.16207305963165,31.847571671208044],[35.16032608366633,31.847148205403542],[35.160391668427174,31.846313488636266],[35.160978359949816,31.84629150561428],[35.16116102932731,31.84606890463799],[35.16108295194125,31.84584630481625],[35.16014450238048,31.84508925008715],[35.15963593447786,31.845244818822266],[35.159049134564945,31.845500641780998],[35.15874915073298,31.845801026060368],[35.15852735220992,31.846090255137177],[35.15766685903978,31.84602320526374],[35.157523411811844,31.846178989652145],[35.15718427534386,31.84637916173745],[35.15672793883317,31.846434634418525],[35.15632365321627,31.846556861066556],[35.155971523428995,31.846745932397184],[35.155528032510716,31.84707962210276],[35.15491529219673,31.84700155620791],[35.154751106820925,31.846932443706777],[35.15454403666993,31.846929315034078],[35.15426322042054,31.84736852791954],[35.15425006518579,31.847468716702565],[35.1543282331706,31.847691320688124],[35.15426297300144,31.84782485682972],[35.15405432671942,31.847791316119046],[35.15402832743418,31.847613283382728],[35.15393721596424,31.847490868044943],[35.15383286174212,31.84743509304519],[35.153506831966475,31.847601982753243],[35.15367604856459,31.848058289301022],[35.153897520482765,31.848403420035105],[35.15439285517105,31.84873747580813],[35.15492744033057,31.84878223601987],[35.15606175921358,31.84874921504818],[35.156270279584014,31.84882721292142],[35.15698742505481,31.848894308931044],[35.15719595790588,31.848950029945986],[35.15732622750592,31.849161558833654],[35.15718281468295,31.849239333977085],[35.15690891237778,31.849328333134636],[35.15647857716132,31.84953956164624],[35.15565701081298,31.849728453863992],[35.15555267045056,31.849839700266735],[35.15565684649716,31.850040128207645],[35.15586536411282,31.85032951699882],[35.155747851706664,31.850574320361666],[35.15587819037538,31.850652288859013],[35.156217316308556,31.850507763653155],[35.15641298952643,31.850307449930753],[35.1566609878375,31.849851304819865],[35.156687093889516,31.849628741589225],[35.157130535996465,31.8494062443116]]]]}},{"type":"Feature","properties":{"settlement_id":192,"source":"Peace Now","source_name":"Ma'ale Hagit","source_type":"Outpost","source_db_id":282},"geometry":{"type":"Polygon","coordinates":[[[35.33867644217856,31.850180392301112],[35.33846371861802,31.850204988398144],[35.33829781155905,31.85018568336279],[35.33742689591407,31.850408628024173],[35.337127776874134,31.85040334883589],[35.33671789677878,31.850226204231337],[35.33618449142232,31.85003800346748],[35.33570320851654,31.850021906968433],[35.3349100118496,31.850067092792756],[35.33416894130654,31.850139997063568],[35.33332195613584,31.850338263744593],[35.33352319854054,31.850643384065904],[35.333855863103786,31.85068589872823],[35.33440153777865,31.850471080326443],[35.33469608099203,31.850533560455],[35.335515527612564,31.850593683220033],[35.335581196712255,31.851082049207456],[35.33573112052692,31.851303926314635],[35.33582235041259,31.851486994769513],[35.33561466534091,31.851736926963703],[35.33570597394242,31.851975458227788],[35.33623953464058,31.852191437263393],[35.3366037415731,31.852268707526694],[35.336909417388995,31.852273981111438],[35.33746185814655,31.85209574353857],[35.337546129268105,31.85191808423442],[35.337760222575334,31.851645866877767],[35.33828653827171,31.851378912563394],[35.33868274781004,31.85108440704064],[35.33904908200223,31.85090862937026],[35.33881051126288,31.85029454583726],[35.33867644217856,31.850180392301112]]]}},{"type":"Feature","properties":{"settlement_id":30,"source":"Peace Now","source_name":"Geva Binyamin Adam","source_type":"Settlement","source_db_id":27},"geometry":{"type":"Polygon","coordinates":[[[35.29205440902161,31.848810270483963],[35.29201579554917,31.8484509273181],[35.292273263271824,31.848157633142733],[35.29188252165093,31.847687286813088],[35.29168342575526,31.847404559025154],[35.29098744413399,31.847320174886665],[35.290987021911555,31.846867593410916],[35.29111917720839,31.84644320779842],[35.291085326407824,31.845679497581557],[35.29085315176226,31.84545336397647],[35.29031465017638,31.8443249217807],[35.28845451128527,31.845663787564515],[35.28698719830975,31.846331654941583],[35.28639555483706,31.846574540792066],[35.28599355491971,31.84705980621617],[35.28528323909925,31.847040058057647],[35.28457281977164,31.846777802338977],[35.2846198373137,31.846413972144532],[35.284595927022785,31.846131081265785],[35.28400405325504,31.84611125134116],[35.283293590510034,31.845909591835916],[35.28256012879011,31.846496147109168],[35.28173123592878,31.84617325455314],[35.279861528042495,31.846821082227283],[35.27936405367903,31.846477866592654],[35.27728086327941,31.8468023834003],[35.27694929174634,31.846620672314977],[35.276546822415185,31.846701795523064],[35.27607335079232,31.84664136917182],[35.272853425569984,31.84652193286726],[35.27249821264894,31.846360423988497],[35.27178753825715,31.84583539208561],[35.26994070002459,31.845593851550753],[35.268497318784696,31.846685897524313],[35.26693584774773,31.84834379676187],[35.26641527301741,31.84878865616712],[35.265776079735126,31.848809166710193],[35.26565782719904,31.848930430324152],[35.26594270806063,31.85010240885424],[35.26601423157935,31.850890578518996],[35.26577840411449,31.852325512338446],[35.26601527758419,31.85246680579878],[35.26646502395186,31.85240598423312],[35.26705676725947,31.85202178340464],[35.26753017801952,31.851960856250145],[35.26845373701837,31.85212209444004],[35.2688615377016,31.85237097569495],[35.26980373426917,31.852732311860567],[35.272017132884486,31.85253013748351],[35.27375955841223,31.852408535358435],[35.27416318736609,31.852144311767162],[35.275742284180325,31.85184081933766],[35.27630244967347,31.85188460238014],[35.27652675121208,31.85206963318609],[35.27698858870738,31.851885966474313],[35.27714985617672,31.85152230502792],[35.27755792491652,31.851784767850177],[35.277644316500734,31.85234410312552],[35.277891596337824,31.852564046369125],[35.27839669300903,31.852737988539772],[35.27893387546343,31.852728505538483],[35.27896596765126,31.852554252221008],[35.279266793603746,31.85255407579282],[35.27982472966636,31.85230967516377],[35.28110643921817,31.852082819586325],[35.28275480512722,31.852081816392264],[35.28449769359117,31.852522902177512],[35.285204089987595,31.852361658854587],[35.28633381607524,31.851677526571372],[35.28699290259862,31.851435950210433],[35.28713402260148,31.851275061417567],[35.28878182555817,31.850670923286156],[35.28920579126548,31.85075108543061],[35.29060668915122,31.85006019715392],[35.29153654497933,31.849341515753817],[35.291841475989386,31.84894031180859],[35.29205440902161,31.848810270483963]]]}},{"type":"Feature","properties":{"settlement_id":23,"source":"Peace Now","source_name":"Beit Horon","source_type":"Settlement","source_db_id":21},"geometry":{"type":"Polygon","coordinates":[[[35.12029441478212,31.88023006657999],[35.12115342897023,31.880618870997573],[35.121936843372666,31.88081345630006],[35.12299847446137,31.88072792638874],[35.12395936404868,31.88029719306484],[35.12497106081356,31.879521353440598],[35.12590707205331,31.878616136266277],[35.1265393256578,31.878206733422356],[35.12724708128363,31.878120860255734],[35.12772779003688,31.87756039267613],[35.128208599634,31.876870510447475],[35.128942288992874,31.875943595129023],[35.12954932222544,31.875447856814926],[35.13056035057713,31.875383787558718],[35.13212763526988,31.874996450881746],[35.133315727093425,31.87486770885412],[35.13407390208656,31.874868131154532],[35.13455482963979,31.873941042806425],[35.13463124698278,31.873229358897362],[35.13511153748205,31.872992349908074],[35.135667810387616,31.872755380257697],[35.13544098646908,31.871806259065924],[35.13496101078823,31.8716334768793],[35.13359602110352,31.871805243432743],[35.13263531460821,31.87217138901286],[35.13099179280664,31.873205662538766],[35.12877340132262,31.87465549837844],[35.12919578919088,31.87508105322621],[35.12836123475684,31.87568442271177],[35.12762061688918,31.876168801711835],[35.126974936297565,31.875596918793946],[35.1241774783336,31.876678011292046],[35.124129456931584,31.87794126653929],[35.12171117241278,31.878829100636295],[35.12029441478212,31.88023006657999]]]}},{"type":"Feature","properties":{"settlement_id":60,"source":"Peace Now","source_name":"Tel Ziyon","source_type":"Settlement","source_db_id":0.1231},"geometry":{"type":"Polygon","coordinates":[[[35.23535177671477,31.88470821361354],[35.235948103425564,31.884056550697867],[35.23806438536635,31.882943190123672],[35.24009525719233,31.88224940675397],[35.24182638023193,31.88057055926689],[35.24248858683419,31.87918389923957],[35.242723331946124,31.87814398096202],[35.24195237910906,31.8749334495901],[35.24223313252177,31.87410583995639],[35.241795176703334,31.874243674390016],[35.24211138740851,31.873568410998804],[35.242656261438455,31.87313313985385],[35.24293734135183,31.872562911340108],[35.24288432751266,31.87191776445771],[35.24253985950011,31.871568941672447],[35.24089543625555,31.871518334840694],[35.24016999400762,31.87247349084993],[35.23865033240661,31.8728469959752],[35.23840636130831,31.872687887797404],[35.23920947537426,31.871671305902787],[35.23866403678856,31.87103475966361],[35.234030679973756,31.872191167146063],[35.232428217056324,31.87350766334954],[35.23176313789661,31.874514342679184],[35.23197810447446,31.875961737063776],[35.231651142623654,31.877498528915226],[35.23132425086841,31.879314797159175],[35.231202356634846,31.882493056901897],[35.23165290359605,31.883505808004752],[35.23226700367694,31.883924846474766],[35.23273154769808,31.883946748900033],[35.232809781394145,31.882667213663073],[35.233355380984655,31.88237255302524],[35.23430195864922,31.882362865557248],[35.234190915352286,31.883474668866537],[35.2336120799062,31.884301420889745],[35.233157730594826,31.88461535398377],[35.233167744654835,31.884658015540175],[35.23337251938014,31.884797753001976],[35.23386366245276,31.884727748686227],[35.2339866135334,31.88514680100956],[35.234887036234035,31.88483230106836],[35.23535177671477,31.88470821361354]]]}},{"type":"Feature","properties":{"settlement_id":80,"source":"Peace Now","source_name":"Ma'ale Michmash","source_type":"Settlement","source_db_id":73},"geometry":{"type":"Polygon","coordinates":[[[35.313059491724175,31.883583123293135],[35.31292702510921,31.883254926792908],[35.312766667624814,31.882968770166208],[35.31239381469886,31.88284193441599],[35.31139521831385,31.88164280215006],[35.31016615363557,31.87999456138668],[35.30949983282584,31.8786424570792],[35.30931958724171,31.877573575156276],[35.30947178302648,31.87646086035395],[35.30987950091167,31.875238721898857],[35.3101341302979,31.874344074069047],[35.31036340417628,31.873645775495095],[35.3105169594716,31.87293212366595],[35.309135628017884,31.872779536012747],[35.308544161733174,31.87268963697707],[35.30872659593303,31.873175920377236],[35.30790839209181,31.873067466653627],[35.307345906289314,31.87302427411496],[35.306988325153256,31.873351837569313],[35.30660512768362,31.87354847459546],[35.305863470882976,31.873374563431067],[35.30553043476261,31.872763927511325],[35.305120855788786,31.872218824242847],[35.304097809156026,31.871870620539898],[35.30389387987231,31.87239438376912],[35.30302507287294,31.8727877174583],[35.30259013778928,31.87253499960686],[35.30182371527632,31.873015543411057],[35.30169690762361,31.874032275467055],[35.30136501475336,31.874490659237274],[35.30113587586458,31.87538536040948],[35.30105958130641,31.875799900162118],[35.30047216209166,31.876389421183063],[35.30057514458551,31.87704380249803],[35.30019210560981,31.87752404595812],[35.299937641378314,31.878680565214747],[35.299375460441,31.87896461179004],[35.29899222912511,31.879270257152925],[35.298557748121326,31.879379700825822],[35.29825122070456,31.879663553053764],[35.29909658648126,31.881277294530236],[35.29889236362689,31.881561072076327],[35.29840782854087,31.882870438071066],[35.29838310882098,31.88361221194265],[35.298767254106835,31.884288300556875],[35.29851237688426,31.88507380311361],[35.298692051617294,31.885793601206753],[35.299356701443486,31.88561860295792],[35.29991858553421,31.885007372924125],[35.300506492698645,31.884832336035938],[35.301836044404396,31.88474411820487],[35.30211711447275,31.884569308385466],[35.30285717218752,31.883259821441985],[35.30388043388692,31.883695331367793],[35.30510793896352,31.88386887022222],[35.30518486264272,31.884043403690594],[35.305568296948444,31.884021185012926],[35.305594685088295,31.88476300963086],[35.305569726176266,31.885330190483277],[35.30574901320499,31.88554829073611],[35.30626060944213,31.885766035020332],[35.30746125750981,31.884761511848353],[35.30769084455048,31.884303105783054],[35.30812541912582,31.884171896781297],[35.30815050055176,31.88382277782377],[35.31004260688706,31.883799397054293],[35.310349660630415,31.883995560450582],[35.310631787930674,31.884758904927054],[35.311092817761676,31.885391153097927],[35.31175731007995,31.88519426588156],[35.31208870778543,31.8843212848541],[35.31262527857342,31.884015379798512],[35.31346995876246,31.884800062606107],[35.313904738887615,31.88484775678814],[35.31387890292133,31.884629626306932],[35.31349484852169,31.884215384772528],[35.313059491724175,31.883583123293135]]]}},{"type":"Feature","properties":{"settlement_id":120,"source":"Peace Now","source_name":"Psagot","source_type":"Settlement","source_db_id":110},"geometry":{"type":"Polygon","coordinates":[[[35.229367035666286,31.89729497504653],[35.2292906858848,31.897061697595106],[35.22936017163183,31.89679780883919],[35.229568986177775,31.896553642707467],[35.229738977711705,31.896210553271427],[35.2298857600903,31.895656349994624],[35.22963052658956,31.89545186579729],[35.22929025301473,31.895445259036425],[35.22901955064372,31.89549815870618],[35.22872567038179,31.895445367821658],[35.2284316881608,31.894996853559892],[35.22851673247283,31.89480546933487],[35.228686810885876,31.894792270398348],[35.22905806276805,31.894831789571747],[35.22949109635658,31.894660177273412],[35.2299203769824,31.89471241995282],[35.22991442861984,31.894580552036707],[35.23075267352869,31.894186282311086],[35.231231618614785,31.893791992874682],[35.231625027220026,31.89333937150645],[35.231624886095716,31.892857704329884],[35.23147078981622,31.89256572464638],[35.231025945587824,31.892419902147733],[35.2309232738368,31.89230313656703],[35.230495499149434,31.89233235381401],[35.23027308225542,31.89227405069105],[35.22946896355364,31.892551523726112],[35.22905831132985,31.89258082295652],[35.22852782795825,31.892347350368958],[35.22833961890491,31.89212842151447],[35.227449992136734,31.892449726707284],[35.227022229903504,31.892537461012648],[35.22647477340629,31.89291704669952],[35.226320796499486,31.893063079427606],[35.22580750183204,31.893092385719626],[35.225260142770935,31.893471966127922],[35.22472976272865,31.893691015797685],[35.22406243907015,31.89366190088507],[35.22387435702025,31.894012290447122],[35.22387447002702,31.894552396109237],[35.223669119012946,31.894727652676192],[35.222523047671686,31.89634813691954],[35.22166778563824,31.89761821095178],[35.221051852570966,31.8984211908971],[35.220709865857486,31.89955690796627],[35.22059030471267,31.900768529944862],[35.2208985422438,31.90183418132199],[35.221258003551156,31.902593203415528],[35.22142925565112,31.90313328569421],[35.221788625214174,31.903350668146476],[35.22206239173742,31.903146276372087],[35.222353227984996,31.90320467435648],[35.22266127628128,31.90316080189835],[35.22312319695844,31.9028688133073],[35.22377340302965,31.902620533308166],[35.2240642117402,31.90205116468054],[35.22416679262404,31.901730007766798],[35.224372148843365,31.901511011904628],[35.225493370751366,31.901118987318274],[35.22553561263054,31.900926981046467],[35.225911957305684,31.900488990296832],[35.22635675646833,31.900313689342223],[35.22642513393197,31.899788182013623],[35.22678433742524,31.899320972306274],[35.22745165570992,31.899160328118818],[35.22786226397595,31.898839112123664],[35.22799895045188,31.898430287922736],[35.22827267370255,31.89816753429688],[35.22875180158177,31.897948479775856],[35.229367035666286,31.89729497504653]]]}},{"type":"Feature","properties":{"settlement_id":69,"source":"Peace Now","source_name":"Mevo'ot Jericho","source_type":"Settlement","source_db_id":275},"geometry":{"type":"Polygon","coordinates":[[[35.41903073316207,31.907620406723858],[35.41991854334496,31.907469743141853],[35.4209009498679,31.907490980491588],[35.422100610879866,31.908320053726865],[35.42319699244887,31.905345035735667],[35.42341062795495,31.90462149442417],[35.423154708532934,31.904541582348518],[35.42275124390394,31.904611175270503],[35.42248235898331,31.90472643906263],[35.422362207501315,31.905151314517266],[35.42249754364004,31.905472492897815],[35.422270905451995,31.90550702182886],[35.42196834674717,31.904649242299726],[35.42151022352843,31.903777994636346],[35.42117770048815,31.902812621330913],[35.419905785323635,31.90263400338819],[35.419995091327756,31.902526890088094],[35.41843636211817,31.901949739661347],[35.41752973663658,31.901758001221808],[35.41647207679385,31.90360779048259],[35.41631885003743,31.903830997026407],[35.41559662567093,31.90362696389939],[35.414557691457446,31.903199378401123],[35.413096602844064,31.90385916147559],[35.412548008977154,31.904678427576997],[35.41247079232907,31.905309099412246],[35.41143533663726,31.906437721216914],[35.41587725616662,31.909435560193526],[35.416790413795816,31.90984992890965],[35.418347643264816,31.909927813105615],[35.41853587908179,31.909712843045526],[35.418414846652524,31.908964532434204],[35.41862860815559,31.908321351820284],[35.41903073316207,31.907620406723858]]]}},{"type":"Feature","properties":{"settlement_id":235,"source":"Peace Now","source_name":"Givat Assaf","source_type":"Outpost","source_db_id":244},"geometry":{"type":"Polygon","coordinates":[[[35.24901194701274,31.9108072169353],[35.248789555549344,31.91047758663735],[35.24855732913471,31.909917181772666],[35.24841233482484,31.909818301499644],[35.24826719650908,31.90941442314308],[35.24786126704829,31.909290921734286],[35.24707869760745,31.909505460406972],[35.246711482460086,31.90965402363084],[35.24636396549168,31.910346561447287],[35.24593885312364,31.910593981723803],[35.24576507224573,31.910899036166086],[35.24578458546794,31.911269951282936],[35.24565898805248,31.911517272966304],[35.24564013525504,31.912630133436327],[35.24604611345004,31.91283606882048],[35.24652946717023,31.91300076385867],[35.24751525130623,31.913189998080515],[35.2478726440935,31.912810748680204],[35.248423118296294,31.9120439166914],[35.24857745041538,31.911541004590557],[35.248712483756414,31.910922755301428],[35.24901194701274,31.9108072169353]]]}},{"type":"Feature","properties":{"settlement_id":101,"source":"Peace Now","source_name":"Na'ama","source_type":"Settlement","source_db_id":92},"geometry":{"type":"Polygon","coordinates":[[[35.46464349627906,31.915979533321728],[35.46525758198091,31.915493725510466],[35.46615701956052,31.9154918766022],[35.467482143323586,31.915347825489963],[35.46783682672588,31.915185574572646],[35.4680391211655,31.914672373590612],[35.469120050663285,31.914599866220097],[35.469271445693174,31.913892899964576],[35.46954214028444,31.91355895623792],[35.469635071193395,31.91355623817312],[35.46980250303988,31.912091907826376],[35.46846666283933,31.911966114114797],[35.46792170922572,31.911765326815434],[35.467471381488934,31.91156434138382],[35.46545897784567,31.911366571711802],[35.46550127024861,31.90956960243062],[35.46625986546201,31.90999207939708],[35.467420169428415,31.910417755166453],[35.46826455739057,31.91044874155598],[35.46891663884721,31.91033281163663],[35.46920310820756,31.909857547041728],[35.46952893481544,31.909725925048427],[35.470353940186,31.90969146654886],[35.47064148369291,31.909592657062195],[35.47063347553266,31.906810137111346],[35.46969330476555,31.905541001116173],[35.46970272442234,31.905522990079245],[35.468206222752194,31.90364850690025],[35.46759038386265,31.903447864811593],[35.46583922620753,31.903532281115016],[35.463808018901055,31.905010292477208],[35.462601616477514,31.90525497809004],[35.46236749355094,31.906180183485375],[35.462441633544145,31.90729044852391],[35.46265942722807,31.908998059944263],[35.462462732669934,31.91485336442527],[35.462700924724736,31.915377831520637],[35.46310378842406,31.915578930316922],[35.463908882499034,31.91567820321043],[35.46395698603099,31.915940625482346],[35.46464349627906,31.915979533321728]]]}},{"type":"Feature","properties":{"settlement_id":62,"source":"Peace Now","source_name":"Kfar Ha'oranim","source_type":"Settlement","source_db_id":57},"geometry":{"type":"Polygon","coordinates":[[[35.031332555252234,31.92240925751405],[35.0316132995705,31.922686409585797],[35.032391752900125,31.922908954526864],[35.03364616990421,31.92305818620469],[35.035182704982844,31.922801961186224],[35.036157210587554,31.9222682042881],[35.03769609046232,31.92070187223297],[35.03895051929424,31.9208326543487],[35.040075804577995,31.92063111518526],[35.0414524550004,31.92010608362798],[35.04187332328875,31.919544836967248],[35.041571605981055,31.91891705117743],[35.04207097220617,31.917902957732842],[35.042677577436585,31.91735019191468],[35.04276591550729,31.916353878287975],[35.04255153008442,31.91524652500208],[35.04209802084419,31.914784662644266],[35.04114641162644,31.914691185989053],[35.039523607062144,31.91491048714217],[35.03913503182793,31.914448788701918],[35.038119076613704,31.914041460702283],[35.036972494021654,31.914076928845184],[35.03628163515597,31.913337872238014],[35.035781556683666,31.9147210595606],[35.03512965128546,31.91632553040047],[35.03410920328379,31.91835372186075],[35.03328436019577,31.919847206132548],[35.03211362161995,31.92122947176778],[35.031332555252234,31.92240925751405]]]}},{"type":"Feature","properties":{"settlement_id":38,"source":"Peace Now","source_name":"Dolev","source_type":"Settlement","source_db_id":34},"geometry":{"type":"Polygon","coordinates":[[[35.12682640009943,31.92624963206907],[35.1262178702269,31.926353058474707],[35.12583230871778,31.9266295902078],[35.125547930939774,31.9271655484134],[35.1254863417407,31.92758994496167],[35.125542926556065,31.92828704405715],[35.12529048749852,31.928484818583197],[35.12558723625965,31.928687581792634],[35.12585080018398,31.928756915198505],[35.126418359993664,31.92910320516387],[35.126986083740576,31.92925920778133],[35.1284666459657,31.92924278775253],[35.12901426861404,31.929156719658792],[35.13004847034815,31.929278354943133],[35.13081903612878,31.929417144156748],[35.13100142997534,31.929572904694854],[35.13100109966572,31.929988014153],[35.13089948182551,31.930247410093084],[35.131000810612306,31.930351268724962],[35.131284577172735,31.930558942344568],[35.13179166300053,31.930524693806685],[35.13231901384563,31.930403879654445],[35.13298844850213,31.93019674864638],[35.133860715689316,31.92997232187554],[35.134347454618634,31.92998990669747],[35.134793456449636,31.930180437168474],[35.13538173743531,31.930025103853705],[35.13592978517276,31.929506491308466],[35.13647765725528,31.929074451388775],[35.1371677418166,31.928365624467258],[35.138080618557304,31.92795099538046],[35.139784815169314,31.92701794571542],[35.14025118887184,31.92710466748063],[35.140798714848,31.92727791324005],[35.14138675520619,31.92727820682498],[35.141711388291675,31.92712262262827],[35.14223876587649,31.927071027348024],[35.14305023415179,31.92660445776298],[35.14298959323671,31.92636228847513],[35.14199615204482,31.925877523557844],[35.14150949224007,31.925773483089884],[35.14039411452315,31.925790240039355],[35.13940055910155,31.925495649595295],[35.13856970540771,31.924665091221758],[35.13824575800833,31.923869242468403],[35.13769871292163,31.92321170581221],[35.13682696229156,31.922830764303562],[35.13583327298979,31.922916716013923],[35.13526501583984,31.923504487682877],[35.134575070956735,31.92405755973511],[35.13412894061193,31.923936288428457],[35.133216833265415,31.923382239605136],[35.13210195736743,31.922793619060414],[35.13165555005738,31.92303550387242],[35.1308033277183,31.923657632272587],[35.130052415096635,31.924383614352205],[35.129808477388394,31.925161836152743],[35.129361827607724,31.925680392480903],[35.12871271999693,31.925887606861036],[35.127739273392955,31.925869707244175],[35.12682640009943,31.92624963206907]]]}},{"type":"Feature","properties":{"settlement_id":37,"source":"Peace Now","source_name":"Ganei Modiin","source_type":"Settlement","source_db_id":1078},"geometry":{"type":"Polygon","coordinates":[[[35.018051483766065,31.930692695808286],[35.017954246514215,31.930394425937166],[35.018744758575124,31.929822142715476],[35.019837031197824,31.929316722704304],[35.020822126195355,31.928739660741776],[35.02110382459997,31.928464938842353],[35.02072821224753,31.927264780625787],[35.019929788816285,31.926802767214557],[35.0203916906975,31.92531908027958],[35.01950304115357,31.92530447830417],[35.01720278193307,31.925600332371925],[35.01462928527988,31.926095129643382],[35.013849102503656,31.926359908619382],[35.01384869087401,31.92655939118696],[35.013068469990785,31.926890629606387],[35.01259994170871,31.927288798792002],[35.01111845005509,31.927452757912587],[35.01018189042356,31.9279499462824],[35.00846598649989,31.929042933652568],[35.00886695136084,31.92935287685446],[35.01008377131553,31.930054919866727],[35.01021573814481,31.930258392490867],[35.010478925427115,31.931071877536173],[35.01095535088161,31.931208148238387],[35.01145755394814,31.9316606351088],[35.01150973149786,31.932044710163563],[35.01206526307134,31.932384367515006],[35.01314075249386,31.932272994122854],[35.01377673511216,31.93211586132237],[35.01451900069065,31.931800794954494],[35.01502279962606,31.931485368709637],[35.01552619279721,31.931418301637517],[35.015949832266195,31.931464112506465],[35.01655909190067,31.93144246991794],[35.0176192512111,31.931060038316648],[35.018051483766065,31.930692695808286]]]}},{"type":"Feature","properties":{"settlement_id":135,"source":"Peace Now","source_name":"Rimonim","source_type":"Settlement","source_db_id":125},"geometry":{"type":"Polygon","coordinates":[[[35.33691212355558,31.935272773098315],[35.33657626081381,31.93653576445786],[35.33686238909923,31.93680132389559],[35.33694112404612,31.937355050942504],[35.33759136312916,31.937908180400083],[35.338318268586654,31.937575095230503],[35.3388107329432,31.936821373501644],[35.33945955539615,31.936399805337466],[35.34078342655767,31.93571174434919],[35.34182172585577,31.93522328132294],[35.34205353246937,31.93387164931742],[35.342466751841606,31.932276237353044],[35.34207677635969,31.932010893037614],[35.34228384600755,31.931523323465175],[35.34298453757692,31.931101680769245],[35.34355593172514,31.931056686936188],[35.344152000176734,31.93012571233721],[35.34233124120703,31.92848836618976],[35.34150123670406,31.929264561539085],[35.34147676682486,31.930305833128674],[35.339217334876686,31.930640480778255],[35.339011024936944,31.931659669375822],[35.33916738248429,31.931991825531174],[35.33875240125254,31.932413145546537],[35.33794868835147,31.93349951659514],[35.337923121481225,31.93380959013789],[35.33756052898807,31.9345631728046],[35.33691212355558,31.935272773098315]]]}},{"type":"Feature","properties":{"settlement_id":55,"source":"Peace Now","source_name":"Yitav","source_type":"Settlement","source_db_id":50},"geometry":{"type":"Polygon","coordinates":[[[35.423984836412274,31.94440394281677],[35.421714675106074,31.946174780333497],[35.42060322586074,31.94637056750851],[35.41782793939626,31.948336084913027],[35.4175764988784,31.948918360650577],[35.41676963153755,31.94971691977618],[35.41649454136715,31.95096720995756],[35.4170509715524,31.951138617432562],[35.41770751904151,31.950922072388913],[35.42000783005719,31.951155187571455],[35.421599280777365,31.950850818612103],[35.422836106314136,31.9502022746397],[35.42387058610847,31.949467854416483],[35.423667333980404,31.94903722615245],[35.42576316604481,31.94830104457731],[35.42750819348224,31.948858202169355],[35.428013343797026,31.948727993323843],[35.428009170829235,31.947004173935255],[35.42767972594705,31.94661697111567],[35.42767873635454,31.9462075469987],[35.428713184059575,31.9455377475853],[35.428964126212975,31.944783112926267],[35.42883684957876,31.944417018805776],[35.428556134714576,31.94327545023019],[35.42779803837484,31.943276785302622],[35.4270162745946,31.943946135005994],[35.426057765241104,31.9447020022333],[35.42575547248641,31.945090401700377],[35.425225782405775,31.945522302791968],[35.425023822199236,31.945587314061584],[35.42471977197226,31.945286183076973],[35.42426257855306,31.944274231816898],[35.423984836412274,31.94440394281677]]]}},{"type":"Feature","properties":{"settlement_id":102,"source":"Peace Now","source_name":"Neriya","source_type":"Settlement","source_db_id":302},"geometry":{"type":"Polygon","coordinates":[[[35.137059444953806,31.94391508632166],[35.13658441066805,31.944037268098807],[35.135887676945075,31.94409813624618],[35.13540663777204,31.943859028691698],[35.134156868868494,31.94391346092045],[35.13345890239358,31.943765380904416],[35.133428546537424,31.94382706027614],[35.13337962417415,31.94417955515474],[35.13365888755438,31.944666965741472],[35.13408395515862,31.94521659215988],[35.13410788563143,31.94573497267547],[35.13436288668584,31.9461497714908],[35.13478813365154,31.94661651811196],[35.13548096360903,31.946813944689342],[35.136234756295345,31.946959455344565],[35.13675721605121,31.947426247556574],[35.136756926945694,31.9478201630982],[35.1364650007205,31.947975571224756],[35.135930098935084,31.947881944921356],[35.13528561499568,31.947940664522292],[35.134811389800056,31.948033743640007],[35.13427641046536,31.948043819811627],[35.13400873469527,31.94829248403989],[35.13394762510343,31.948675994780604],[35.13399592208454,31.949142533842302],[35.13399558948831,31.949577933018844],[35.13394672962196,31.94984746027045],[35.13371567343649,31.949919928271342],[35.133508999743384,31.949919812873272],[35.13309533002387,31.950199506209167],[35.13310726104989,31.950500089934778],[35.13316790264665,31.950728194601176],[35.13255976428931,31.95094555107945],[35.131927499557925,31.950903707455574],[35.13140442058414,31.95122481641208],[35.13051626650801,31.95187740073804],[35.129567638920946,31.952218995244245],[35.12968318294639,31.951848357555388],[35.12906558109563,31.951529828441824],[35.128101711295734,31.95161687750876],[35.128016387550936,31.95195888683213],[35.12575532191697,31.951314776718505],[35.12344560629616,31.950701617905608],[35.120577546412584,31.949175857054527],[35.119872433045906,31.94900954408546],[35.11939789068866,31.949423884309127],[35.11899609447211,31.95008708419536],[35.118752198135375,31.950760760418675],[35.11866681162956,31.95113387625325],[35.11844742114957,31.951610700838362],[35.11847151674002,31.951859439370114],[35.11882461192699,31.95137251448364],[35.119060739023254,31.951208902922136],[35.11905990574719,31.952109009810794],[35.11946570943323,31.95238614125537],[35.11965521127803,31.952317098383507],[35.12038546601764,31.952894479067904],[35.12078984010042,31.95313534159928],[35.120682381551966,31.95339428956389],[35.12068225239373,31.95353649590978],[35.1207357536389,31.953658422445397],[35.12093665716747,31.9538538411951],[35.121003363075864,31.954156321208625],[35.12097921365024,31.954511821353684],[35.120633489650196,31.95475537584189],[35.1203174004158,31.95516147062566],[35.12046449310787,31.955317633107715],[35.12051647362863,31.95558473079107],[35.120648769891496,31.955832653805754],[35.12059149891247,31.955873904906692],[35.12040959985817,31.95612535724238],[35.120192695599705,31.956540591790333],[35.120598438180146,31.95691006579173],[35.121328589435855,31.957649046770406],[35.12384612515497,31.9573968088782],[35.12647336868562,31.955483074765304],[35.129831511771826,31.953431197936773],[35.13145541680945,31.953478225722],[35.13248406526292,31.953478813418098],[35.13326216563487,31.953166861705387],[35.1340301186128,31.952562078325382],[35.13449077007166,31.952267798473027],[35.13502799956196,31.952251770639297],[35.1358145667016,31.952333993800753],[35.13637102281602,31.952350616605493],[35.13681241295926,31.95220367552837],[35.13734997503758,31.951729512960892],[35.13767671959073,31.950977205822472],[35.13850270200221,31.949472678529226],[35.138669392459605,31.94890699927554],[35.1385975023289,31.948831989049022],[35.13918521968169,31.947569508976727],[35.13929733072367,31.94709304491327],[35.13887865308101,31.946425697518517],[35.13815240340698,31.946044102841235],[35.137928978540195,31.945877202947962],[35.13750998776719,31.945662547351745],[35.13689571335038,31.945018916973194],[35.1368680323601,31.9446615101549],[35.136868381475395,31.944184988442966],[35.137059444953806,31.94391508632166]]]}},{"type":"Feature","properties":{"settlement_id":115,"source":"Peace Now","source_name":"Ofra","source_type":"Settlement","source_db_id":105},"geometry":{"type":"Polygon","coordinates":[[[35.26664975065035,31.95609067079532],[35.26649096706189,31.95593291722042],[35.26652339411141,31.95521272298176],[35.2670058299662,31.954838367792625],[35.26768603769634,31.954922207926938],[35.267993491998524,31.95534293810952],[35.26782927869023,31.955838727303885],[35.26753803319493,31.95622296652697],[35.268028736149624,31.956555351989724],[35.269861480950375,31.95822311419868],[35.27020093036227,31.958000196679976],[35.270985746694954,31.95791303315227],[35.27181397335031,31.95773917685068],[35.27220625712535,31.957528303121688],[35.27280206942834,31.957478383978412],[35.27294727087977,31.957292440651592],[35.27312132118367,31.956784351353022],[35.273310175052,31.95669758423835],[35.273760401751204,31.95632560915252],[35.27423983502286,31.95611468154708],[35.27476290260528,31.95597812818074],[35.275501190624766,31.95561444988211],[35.27515881494695,31.955136870739068],[35.27489561044911,31.95439752399677],[35.27465657951418,31.954006175894182],[35.27412285483458,31.95332117598166],[35.27350941890714,31.95225637009417],[35.27342912563789,31.95139003421952],[35.27361984375459,31.95098284851872],[35.27395310978733,31.949693603432543],[35.27386503842407,31.9490355023104],[35.27447739567226,31.94856026724753],[35.274349568604286,31.947922569409457],[35.275352303065986,31.94813917268118],[35.27606093236763,31.948667964292223],[35.27625218151731,31.948966359300094],[35.27657846673286,31.94908828118456],[35.27652979829894,31.94920482411697],[35.27657846673286,31.94908828118456],[35.27683806013185,31.948904824217276],[35.27694551195784,31.948652350490647],[35.27729511977034,31.948330898341947],[35.27737547637288,31.947848973829903],[35.277590610153496,31.94764233088014],[35.27830020244388,31.9450278323997],[35.27752980411773,31.94474330189886],[35.27694834147172,31.944371903810048],[35.27664310891269,31.944372077525973],[35.276541934414126,31.944966886575074],[35.276294947059455,31.945066136645877],[35.27617852010558,31.944818381711308],[35.275561608678196,31.94386721583445],[35.27531447244294,31.943631888073604],[35.2751548535999,31.944016063013386],[35.27486417975051,31.943966714318716],[35.27452976282314,31.943694278274933],[35.27431188014052,31.94381830856959],[35.2737595916339,31.943682345553892],[35.27296040497458,31.94362082358095],[35.272408210665084,31.943608674822467],[35.27233527900039,31.943237072841647],[35.273670940180786,31.941675117693816],[35.27352492211039,31.940733514009285],[35.27305935710387,31.940002748656585],[35.27230368414778,31.939817288551854],[35.270879822039916,31.94005341624486],[35.26995007403444,31.94031407449671],[35.26867194129706,31.94116974460348],[35.26781496020527,31.94161621604351],[35.26697231753952,31.94185200889082],[35.26691206188338,31.941423492435824],[35.2668433483173,31.941155053589092],[35.266617167194696,31.940740596514008],[35.26668516694431,31.940107213153976],[35.26654807252984,31.93974528851797],[35.266225989866804,31.939354324846672],[35.26586289166436,31.938986647180936],[35.26509052738614,31.938794388500536],[35.26452900369062,31.938701226197985],[35.26427573146024,31.93872470282971],[35.26389932000997,31.9388532989636],[35.2634268816401,31.93881852823561],[35.2629063512295,31.938491857763402],[35.26227655320218,31.938632198843276],[35.26198210128421,31.938591479823884],[35.26117441475411,31.938726124130138],[35.26070898007566,31.938901464922953],[35.2604165409136,31.938866603234832],[35.2598824867134,31.93872083201402],[35.25925948753706,31.938744459272865],[35.259067660850256,31.93859276499188],[35.25896466490316,31.938073268916646],[35.25821163061028,31.938166928184636],[35.25765716471363,31.938190518592904],[35.25675328351547,31.93803325486619],[35.256328881574156,31.93802765703166],[35.25610295419735,31.937969310853116],[35.25541823584809,31.937870386556853],[35.25486354750814,31.937677978209678],[35.25459662359124,31.93768385540257],[35.25436412341754,31.938180220142808],[35.254152184561924,31.938764053221846],[35.25390393794719,31.93918054512296],[35.253890113143896,31.93949074062053],[35.253792285549174,31.939693594979595],[35.25355447093513,31.939753338998575],[35.2533447089674,31.939944305958278],[35.253203818439914,31.939979405783152],[35.25328919856509,31.940803315320274],[35.25312172556814,31.941602715479583],[35.25295395036507,31.941829457201862],[35.25268434375584,31.94196892740252],[35.25275293682335,31.942043800440754],[35.25293476319265,31.9424928388815],[35.25330363013704,31.942840620837703],[35.25435059043596,31.94406687313142],[35.25507769025456,31.944995823350027],[35.2554877665658,31.94562386870147],[35.25605493285659,31.946292701543772],[35.2564331241214,31.94699885441503],[35.25669502713037,31.947605853517636],[35.25682630265343,31.9485722818223],[35.25669625754009,31.949782850377744],[35.25652222767383,31.950464428204953],[35.25592755579588,31.952496744102255],[35.25570975100128,31.952843762655174],[35.255535619036365,31.953364183448674],[35.25537617754694,31.954058108413737],[35.25531831541011,31.954628172513434],[35.25540588511014,31.955181945561318],[35.25537695385001,31.9554669324863],[35.25587218465234,31.957535960304114],[35.25601762777275,31.95772176656717],[35.25638095612486,31.957684463679836],[35.257049842855594,31.95832844910692],[35.257413215766775,31.958365453236983],[35.25796570457581,31.958736952150815],[35.25857637689222,31.959108423876245],[35.259332276065756,31.959455029972183],[35.26026249387858,31.95960333508807],[35.260684150510656,31.959801369296805],[35.26125115311253,31.960172847393807],[35.261833027531544,31.960978001391386],[35.26199297252429,31.96115134903608],[35.26248713360663,31.961064369303458],[35.26271965884304,31.96108906296671],[35.2629960256796,31.961522621102798],[35.26319957554891,31.961559682157574],[35.26366467919257,31.961522311359534],[35.26521962195072,31.961261402443583],[35.26581514121049,31.960728321185222],[35.26617812963032,31.960170550188817],[35.266468683604614,31.959972188728614],[35.26691848323521,31.95979590344283],[35.265711193902064,31.957819300073545],[35.265732175038906,31.95708722560622],[35.266258995493125,31.956404760528113],[35.26659725643399,31.956111885413982],[35.26664975065035,31.95609067079532]]]}},{"type":"Feature","properties":{"settlement_id":59,"source":"Peace Now","source_name":"Kochav Ha'shachar","source_type":"Settlement","source_db_id":54},"geometry":{"type":"Polygon","coordinates":[[[35.345446737760064,31.95294167802877],[35.34376865767127,31.952603962560254],[35.34280172445184,31.952772998560082],[35.34218986214822,31.95083426485074],[35.34101170889753,31.949659977705988],[35.34006693200989,31.949822139611992],[35.33945904024312,31.950304629715156],[35.33846425412391,31.953789775110717],[35.33846656707406,31.955383558883014],[35.338729565764176,31.95686596280778],[35.33894656849448,31.95734980198553],[35.34187445024033,31.955522757309428],[35.343470103973665,31.95654416701026],[35.341916501543935,31.959706920962997],[35.34020992219731,31.960166534091137],[35.34047427785193,31.960755907430027],[35.341954680129284,31.962236903650584],[35.344218514143364,31.964236019024426],[35.346652869873765,31.963899644152796],[35.35034918290127,31.964340319069517],[35.352993821051896,31.96091186582665],[35.35280849511025,31.960549833561437],[35.35303889721454,31.959022481012596],[35.35368227608421,31.958120748261283],[35.354216437398534,31.956150181205686],[35.35389239866612,31.955142687630232],[35.35639433889265,31.95338177842698],[35.356374670419335,31.953361906004073],[35.35645807740354,31.951212048049435],[35.35397840016023,31.9501771762476],[35.34952405770072,31.951818041898047],[35.34572481411217,31.954152556475417],[35.345446737760064,31.95294167802877]]]}},{"type":"Feature","properties":{"settlement_id":100,"source":"Peace Now","source_name":"Na'ale","source_type":"Settlement","source_db_id":91},"geometry":{"type":"Polygon","coordinates":[[[35.06275746134898,31.967368685784166],[35.0645530982976,31.967293335586778],[35.06558998370598,31.9674520311446],[35.06715407460737,31.966889104919048],[35.06943355201125,31.966281741473953],[35.07062689818663,31.965515107415783],[35.07168840620214,31.964386875313277],[35.07176950870923,31.96323506730303],[35.071293675346496,31.96251176121079],[35.06957224232102,31.962013041063198],[35.06787677727982,31.961920955608278],[35.06626089252265,31.961177335299794],[35.06447220791785,31.960191934373903],[35.06390554375711,31.960132280811813],[35.0630054746817,31.95963437856409],[35.06070058976332,31.959654334188134],[35.06003872291548,31.959314859552848],[35.05928140382484,31.95796871413312],[35.058778225607185,31.95763282225981],[35.05729804652909,31.95770170726384],[35.05611936895927,31.95838426123065],[35.05574741906241,31.958993635974647],[35.055745853275724,31.959964893089445],[35.05553291690097,31.96061963438066],[35.05542571955009,31.961364861680323],[35.056139022484565,31.96260795234877],[35.057383339535846,31.9631513933655],[35.05913220554408,31.962995319322285],[35.06005919225061,31.963199647338847],[35.061701709229844,31.96326932237203],[35.062116918746824,31.963404342780365],[35.06218538679784,31.964031249182696],[35.061679907784765,31.964307466664263],[35.06041600331289,31.96512101601607],[35.059710721096316,31.966273484635458],[35.0599975704191,31.96739632772072],[35.06066445611909,31.96773537776204],[35.06145840152897,31.967567129085726],[35.06275746134898,31.967368685784166]]]}},{"type":"Feature","properties":{"settlement_id":99,"source":"Peace Now","source_name":"Niran","source_type":"Settlement","source_db_id":90},"geometry":{"type":"Polygon","coordinates":[[[35.456468778700646,31.966306863777167],[35.455555376225014,31.964624352344593],[35.45539507447371,31.963833055367306],[35.453024185309935,31.963820854364872],[35.451584579455044,31.964817374982395],[35.45126997841586,31.965373866061594],[35.451770214562714,31.967730960005415],[35.452641989811475,31.9686218758281],[35.45390690825932,31.96877099228822],[35.454855134816526,31.968701760335083],[35.45605884036737,31.968126728317415],[35.45673055739819,31.9681085316143],[35.457659870520466,31.96835937048661],[35.457684599163656,31.97016150817344],[35.45774416638439,31.970279346739897],[35.45912682498726,31.9701081220655],[35.45960071668825,31.969972439568572],[35.46040978148123,31.96961711947215],[35.4610015924839,31.96927900710907],[35.46121782079022,31.968857512686114],[35.4614544745484,31.96870543883617],[35.46244522662713,31.969697139442832],[35.46321746315762,31.970285084297792],[35.46367264399758,31.970570572172242],[35.46335837989796,31.971228004892676],[35.46332079835048,31.971935554952285],[35.464171387474344,31.972237007905015],[35.46456562616081,31.97191614696455],[35.46491954548476,31.971292267683925],[35.464937902214395,31.97078694337694],[35.465253771964505,31.97070206550246],[35.46622198351419,31.97070007311785],[35.467052202065865,31.970833089892064],[35.46709464522839,31.9718435752798],[35.46776677124679,31.971960050313314],[35.468220722343425,31.971807603292184],[35.46825754400432,31.970847455261907],[35.46711091828027,31.970647645575387],[35.46527284081957,31.97044933790308],[35.463691243847045,31.970149386776516],[35.462859856922464,31.96959529305875],[35.46202766880067,31.968788506915214],[35.46095913596047,31.968201153503607],[35.46022676395962,31.967747845499286],[35.45971165479125,31.96724359500694],[35.45886034985581,31.96662214911749],[35.4571214379498,31.966558165296803],[35.456468778700646,31.966306863777167]]]}},{"type":"Feature","properties":{"settlement_id":103,"source":"Peace Now","source_name":"Netiv Ha'gdud","source_type":"Settlement","source_db_id":94},"geometry":{"type":"Polygon","coordinates":[[[35.45000015179236,31.991236471588213],[35.450549767030104,31.99018982519194],[35.45208121192964,31.988512398957884],[35.45110798986657,31.988232732858958],[35.45057658034589,31.986046507992008],[35.448126467272125,31.983257868846415],[35.44092290189336,31.983429579335553],[35.43790220285884,31.98715091126723],[35.44035973178504,31.99291751720589],[35.4485563332134,31.993798058678166],[35.44839337523819,31.991318656119084],[35.449239839349566,31.99114644782035],[35.45000015179236,31.991236471588213]]]}},{"type":"Feature","properties":{"settlement_id":36,"source":"Peace Now","source_name":"Gilgal","source_type":"Settlement","source_db_id":33},"geometry":{"type":"Polygon","coordinates":[[[35.44850871935639,31.99567842744943],[35.447432476082994,31.995704660926762],[35.44675249038436,31.99563354540687],[35.44576141099471,31.995732017568113],[35.44499788059301,31.996167959723486],[35.44428990990393,31.996241714983213],[35.44310086653123,31.99643703414547],[35.44208216060078,31.996825101216576],[35.44163194784964,31.997960422124713],[35.44146429131628,31.998853799050167],[35.44143897145067,32.00003657165341],[35.44195182798999,32.00119425968793],[35.443116117367545,32.002326553462176],[35.4443075610945,32.00302429263402],[35.44538521627106,32.00350499043287],[35.44637346476742,32.0022962173616],[35.44691090552065,32.0020296986736],[35.448101841420915,32.002485988469566],[35.44872630609804,32.00299169568685],[35.4504547649572,32.0032056030249],[35.45228651378679,31.99967794375873],[35.45135091471705,31.99936602734524],[35.450782689603926,31.998715392741236],[35.45009971997332,31.997533991248705],[35.44850871935639,31.99567842744943]]]}},{"type":"Feature","properties":{"settlement_id":108,"source":"Peace Now","source_name":"Ateret","source_type":"Settlement","source_db_id":99},"geometry":{"type":"Polygon","coordinates":[[[35.17867929710398,32.00048564746211],[35.18020061440883,32.00031469359182],[35.18126276638658,32.000045881466],[35.181951678980994,31.999703586905984],[35.18215281018563,31.999018694376005],[35.18189468722427,31.998211524511582],[35.18244042136397,31.996467600946144],[35.18246918132735,31.996125186800953],[35.18268398855721,31.995732122773145],[35.18277136211382,31.995434358438583],[35.182703475413405,31.995219263881992],[35.18252878963558,31.995111737367647],[35.18210952255252,31.995121854533483],[35.18125272871722,31.9953722245809],[35.18058922445148,31.99537931571882],[35.17965689613115,31.995522254537843],[35.178590184953244,31.995615108379987],[35.17764087157964,31.995922700330986],[35.177198260832775,31.996130203622613],[35.176223479125575,31.99732534565215],[35.17571942738405,31.99770246137799],[35.175458871585285,31.998088919766317],[35.17463546400701,31.999019220856976],[35.1742825886697,31.999176594082297],[35.17279545804413,32.00027860899096],[35.17245072306456,32.00134933663229],[35.17239129554808,32.003335657293086],[35.17267640177093,32.00456688543688],[35.17294496906322,32.00528696062495],[35.17330983937297,32.006036818737265],[35.1735392852747,32.00667283385969],[35.174400382490056,32.006917613006515],[35.175548732656196,32.00645317593361],[35.17753036361267,32.00324937853041],[35.17836355081497,32.00070571565347],[35.17867929710398,32.00048564746211]]]}},{"type":"Feature","properties":{"settlement_id":47,"source":"Peace Now","source_name":"Halamish","source_type":"Settlement","source_db_id":42},"geometry":{"type":"Polygon","coordinates":[[[35.13346309635581,32.01074454606944],[35.132999097018626,32.01043992445908],[35.132320584317505,32.010327628775535],[35.131598396459495,32.01008474082287],[35.13097737769532,32.00990585588423],[35.13086668622643,32.00963365523989],[35.13042298710456,32.00887632499883],[35.12967163969673,32.00836626946828],[35.129005437278316,32.00806016008206],[35.12830588897706,32.00687313613917],[35.12743530964855,32.00583886168821],[35.126564220014764,32.005430709829035],[35.12601762210353,32.00527021075093],[35.12603531866346,32.004498539966264],[35.12630947418983,32.00356686534],[35.12648073666055,32.00315935103526],[35.12682253739134,32.00307217506312],[35.12685706425743,32.00266457640842],[35.12665251937183,32.002009283332704],[35.12643085977659,32.00157230847506],[35.12585017053345,32.001207977669466],[35.12507118141238,32.0010691540296],[35.12431945834014,32.00109780969267],[35.12368741928153,32.000893598664895],[35.1234143218948,32.00060222865867],[35.12240662485737,32.0002521275941],[35.12158689609707,31.999771107925728],[35.121039944683915,32.000047425810145],[35.12095437060373,32.00023666024561],[35.12098820966606,32.000615173860204],[35.120595086102874,32.000702300215714],[35.12003136828879,32.00067279750953],[35.11919407072256,32.00077414218223],[35.11840784237165,32.00103567814262],[35.117655558768,32.001544780351544],[35.11775768176441,32.001996208016145],[35.11796252254873,32.002156510041715],[35.11809900835418,32.002418670139825],[35.11871364335867,32.002899483429],[35.11922584044103,32.00338031506889],[35.11960155183395,32.00348247201903],[35.11961841462934,32.003788288269455],[35.11989152283349,32.00406505692637],[35.119856897648546,32.00454552002101],[35.11992481068353,32.005040570674566],[35.12019782082538,32.00542952412901],[35.120812619121494,32.00576477450851],[35.12135939483453,32.00572148632021],[35.12180399780768,32.005372324321236],[35.12221411419155,32.00535807184355],[35.12252161347171,32.00541643791192],[35.12277751510256,32.00589708915229],[35.123323957005304,32.0062323734711],[35.12330538707481,32.007848410614834],[35.1234248055627,32.0081688109602],[35.1234062237426,32.008357638702655],[35.12362030738487,32.00850531198628],[35.12382087140965,32.008501561927424],[35.12398508868975,32.008427897985634],[35.12439970039965,32.008614565225066],[35.12500576821425,32.00892958903155],[35.12546145917174,32.00910464514553],[35.126841222653375,32.009277473171046],[35.127849265590015,32.00935086267887],[35.128207298768444,32.010392131153296],[35.12863402084957,32.01093103979734],[35.12883869702013,32.011338871516834],[35.12884872424791,32.011630072752965],[35.129019572868586,32.01173207935717],[35.12934418557347,32.01173227213478],[35.12992547411071,32.01132490583828],[35.130147702760404,32.01123774086144],[35.130233162548095,32.01117953384303],[35.130352620889674,32.01135428482771],[35.13026702018251,32.01158717292475],[35.12963404288838,32.01256229134772],[35.12951414565157,32.01292619196711],[35.12992395282558,32.01320310961608],[35.13079539889623,32.01327639531256],[35.131051969458234,32.0129999583369],[35.13154782133282,32.01262166371913],[35.131548109724484,32.01225769240713],[35.131411755999025,32.01176260905023],[35.13134369536649,32.01136946973792],[35.13136124625985,32.0108598655771],[35.13173729159779,32.0107290485044],[35.13252303817126,32.01100608279503],[35.13325766425687,32.01115214031947],[35.13356525717996,32.01112318418555],[35.133582571452436,32.01090477485573],[35.13346309635581,32.01074454606944]]]}},{"type":"Feature","properties":{"settlement_id":145,"source":"Peace Now","source_name":"Tomer","source_type":"Settlement","source_db_id":134},"geometry":{"type":"Polygon","coordinates":[[[35.43956461304937,32.02141132206396],[35.440017557451505,32.02128981993644],[35.44106685068066,32.02169818995108],[35.44185528893222,32.0197899339499],[35.44213785514128,32.01952382236203],[35.44137150276184,32.01894593407943],[35.44181895825496,32.016700406121075],[35.44139218839447,32.016001219866354],[35.44059738003879,32.015375042664914],[35.439351534357804,32.01564293798895],[35.43926586442789,32.015377513835084],[35.4392633417606,32.01438796346881],[35.438753084380735,32.01426815448919],[35.43807338004282,32.01431774476758],[35.43733702027556,32.01443976049777],[35.43722226501319,32.01452814455647],[35.43598150987746,32.01469796450779],[35.43586963789248,32.0152095755207],[35.43559036109444,32.01567118856167],[35.435074282553124,32.01587752817679],[35.435065534792514,32.0163134965658],[35.43521418239142,32.016668510150645],[35.43360425952378,32.01712583145558],[35.433803937025964,32.01765645569519],[35.43491268901696,32.019223413255396],[35.436104335599914,32.01989705832777],[35.43684288844268,32.0206681064978],[35.43741164042409,32.02151187733796],[35.43812099145468,32.021945063953176],[35.438942487007616,32.021895211320995],[35.43956461304937,32.02141132206396]]]}},{"type":"Feature","properties":{"settlement_id":107,"source":"Peace Now","source_name":"Ofarim","source_type":"Settlement","source_db_id":98},"geometry":{"type":"Polygon","coordinates":[[[35.039545088882775,32.01730685810481],[35.039414938788035,32.017637923701],[35.0396990359314,32.01816819689632],[35.04096700601852,32.01922964551228],[35.04153585671248,32.01993685575004],[35.04428097228279,32.021088447740645],[35.045109367029426,32.021575296580586],[35.045938371021435,32.021775004500796],[35.04674163393448,32.02186438364034],[35.0474928051828,32.02208607889897],[35.04790754046784,32.0220203086586],[35.04816865351315,32.02085044222237],[35.0482253179315,32.01802441916255],[35.04747429105083,32.017736445271574],[35.04602541638058,32.01634369058249],[35.04439454567039,32.01537012170288],[35.04304804833841,32.01479432210657],[35.04181119609655,32.0140929878156],[35.04126030277464,32.01414642941131],[35.04084529693623,32.014813593385185],[35.040299906961195,32.01545317408401],[35.04022079893713,32.01624792749384],[35.040116033014854,32.0168881673738],[35.039545088882775,32.01730685810481]]]}},{"type":"Feature","properties":{"settlement_id":21,"source":"Peace Now","source_name":"Beit Arye","source_type":"Settlement","source_db_id":19},"geometry":{"type":"Polygon","coordinates":[[[35.04927495524849,32.03060928815579],[35.04858479240822,32.032261907338196],[35.04778277992443,32.03387019548792],[35.04636695663818,32.03451100358766],[35.04536465999709,32.0354225318967],[35.043369701516944,32.03795499370708],[35.04301366289938,32.038676437577436],[35.043091564672814,32.039230607216695],[35.043248677975285,32.0395330027678],[35.043563906422314,32.03956695054073],[35.04399738298472,32.03966823192717],[35.04428458351536,32.03980792441515],[35.04435645576327,32.04030319756657],[35.04428215774033,32.041200582141144],[35.044462329833465,32.04206735605437],[35.04420499752905,32.043800123271375],[35.04338740682349,32.04378148808957],[35.041575495902585,32.04440065153113],[35.04204871981359,32.04484582058828],[35.0428416040087,32.045236959252065],[35.0443216626515,32.0455654542729],[35.04587140787171,32.0456399848749],[35.04616503270204,32.0450095644569],[35.04747363610389,32.04467076015572],[35.04870985998402,32.04417710335244],[35.04932885454302,32.04340420248866],[35.04951231194454,32.0423521985976],[35.04991391613727,32.04120757430683],[35.05115085423741,32.0402497339776],[35.05329685973512,32.038859560130064],[35.05438791674589,32.038179991895625],[35.054498073559664,32.03749934762052],[35.054064986425395,32.03573471788478],[35.053520029805384,32.03570313810682],[35.053119564231686,32.03619784335732],[35.05253859910156,32.03598053410571],[35.05174088830113,32.03502014196297],[35.05196051039158,32.03403004066385],[35.052870267264026,32.033164584299406],[35.05410600388654,32.03285664559673],[35.05545037147667,32.032796278812135],[35.057084938257134,32.0329838721061],[35.05846502018399,32.03323310572984],[35.05991882041853,32.03292527113812],[35.06082761262709,32.03255493939464],[35.06137322729678,32.0321531694512],[35.06130160670766,32.03144129097246],[35.06130401482537,32.02989387985399],[35.060142185167386,32.02949026548629],[35.05879801582949,32.02945779603699],[35.05781804898378,32.028868596552385],[35.05642452578868,32.02879086422645],[35.055945924331674,32.0285993012752],[35.05582381712612,32.02843421728411],[35.05295936541574,32.028882271990405],[35.05021659105172,32.02972982114931],[35.049650123205296,32.03017327146116],[35.04927495524849,32.03060928815579]]]}},{"type":"Feature","properties":{"settlement_id":121,"source":"Peace Now","source_name":"Petzael","source_type":"Settlement","source_db_id":111},"geometry":{"type":"Polygon","coordinates":[[[35.446545526099214,32.04810328329329],[35.44767816119149,32.04710804921644],[35.44776889456955,32.04658518942652],[35.447796728609305,32.04553976442923],[35.44748730615813,32.0445211383601],[35.4483143741195,32.04402301705523],[35.447943750965074,32.043082966540304],[35.447110587139576,32.041307466700495],[35.446216018841525,32.03947986333041],[35.445446857841375,32.038671145221386],[35.44431041902336,32.03817676539314],[35.443113943615984,32.038205174832434],[35.44130330590502,32.03802559265208],[35.43933984280553,32.03802924409053],[35.43863471249225,32.03826573893017],[35.43796078477287,32.038658996415926],[35.43722663590008,32.03952274265512],[35.435543348118465,32.041198399532576],[35.434503156485455,32.04235018257954],[35.43631646089858,32.04360129129675],[35.43791516083151,32.0448789212831],[35.43791774704114,32.04589804603497],[35.437493492289896,32.04798956994454],[35.43767841499246,32.048302787344525],[35.439153697206905,32.04926707011712],[35.44093492112821,32.04986481324814],[35.441855472391794,32.049863093167765],[35.443849145737445,32.04957184991396],[35.44501437937211,32.04928223982021],[35.445934169789844,32.04899299648164],[35.446545526099214,32.04810328329329]]]}},{"type":"Feature","properties":{"settlement_id":236,"source":"Peace Now","source_name":"Kida","source_type":"Outpost","source_db_id":313},"geometry":{"type":"Polygon","coordinates":[[[35.341614385844686,32.047081250697545],[35.33986399020484,32.047413780545696],[35.33811041787379,32.047664615732415],[35.33626043537461,32.047104061690526],[35.336196511290126,32.04719764545811],[35.335931401581476,32.04743175901549],[35.33558403169196,32.047673802800034],[35.33528342337297,32.04870929699746],[35.335348458311095,32.04939514388985],[35.33521156562299,32.04962921366883],[35.33501098186472,32.05019836991819],[35.33519574006704,32.051383062783344],[35.3359109482415,32.05230992120639],[35.33691775504797,32.05233223043244],[35.33688206077701,32.052987068985914],[35.33733190738136,32.053890839149375],[35.33851237409913,32.05375712157851],[35.338681358323804,32.053516584555545],[35.33958138305789,32.05315329947063],[35.34012585577413,32.052870013784954],[35.34075813576504,32.05267197651735],[35.341070552432356,32.05217557498496],[35.34119529002204,32.051823393552866],[35.34115838691217,32.05175744187965],[35.341492841507254,32.05149337933769],[35.34162965255177,32.051142428890905],[35.34130829188223,32.050503575892805],[35.341353291779775,32.050004648144366],[35.34120663371288,32.04985672977586],[35.34123363037216,32.04949805230967],[35.34096716218575,32.04881242548618],[35.34097542552427,32.04817321618298],[35.341614385844686,32.047081250697545]]]}},{"type":"Feature","properties":{"settlement_id":230,"source":"Peace Now","source_name":"Haroeh","source_type":"Outpost","source_db_id":258},"geometry":{"type":"Polygon","coordinates":[[[35.26278452842957,32.05184896651837],[35.26183972617684,32.05303888550297],[35.26123628139548,32.053547384942135],[35.2609130405489,32.05377964374228],[35.26073838098187,32.053987058488204],[35.260775991428574,32.05424222599228],[35.26067010439022,32.05462504920837],[35.26069223714778,32.05497774229274],[35.26057541618863,32.05528576090682],[35.260713875414524,32.05555741386616],[35.26119258056394,32.05568399471237],[35.26162861753074,32.05564763657215],[35.261904957659354,32.05542106818707],[35.262702323242,32.05493156489164],[35.263354109772465,32.0542516882535],[35.2634413500701,32.054012412558144],[35.264621042678066,32.0538311032383],[35.26581965973856,32.05395280501693],[35.266275017865574,32.05345284827276],[35.265694154180196,32.05296402684704],[35.26482586583478,32.05203940001132],[35.264188963024026,32.05174198642683],[35.26278452842957,32.05184896651837]]]}},{"type":"Feature","properties":{"settlement_id":79,"source":"Peace Now","source_name":"Ma'ale Levona","source_type":"Settlement","source_db_id":72},"geometry":{"type":"Polygon","coordinates":[[[35.246619787963404,32.05578733829031],[35.24656371744099,32.05566913007787],[35.246106961992936,32.05579896052724],[35.24575751732536,32.05555495569328],[35.24549757645692,32.0551279444402],[35.245004900146945,32.054960276562284],[35.24453008121825,32.054701067760355],[35.24440438320506,32.05395359984711],[35.24402774289361,32.05298490678864],[35.2435709378689,32.052725778871654],[35.24314082234687,32.05222243185015],[35.24263023786378,32.052230251746714],[35.242128725242175,32.05215410866765],[35.241734570477306,32.05204745105379],[35.24115242244319,32.05209334224255],[35.24091947432453,32.05183404965697],[35.24019369915595,32.05121642797157],[35.23934286503956,32.051109890602625],[35.237936717737625,32.05115599071743],[35.23741725520356,32.051194273037666],[35.23659342858516,32.05140045691025],[35.235689109476844,32.052499083455814],[35.23512513416284,32.05307890236072],[35.23455211261602,32.053864783696135],[35.23411362775019,32.05485651346003],[35.23439154437654,32.05569548908299],[35.23493800324236,32.05619874748003],[35.23590559390047,32.05667908419499],[35.23637132124899,32.056717114421666],[35.23684598009441,32.05655683344366],[35.237069836018996,32.05655677615292],[35.23780438379955,32.05677779848093],[35.23825233368775,32.05684630751608],[35.23879856453944,32.05666309428155],[35.23906731329699,32.05664778078691],[35.23915697283127,32.05684606352748],[35.24009370907248,32.05769692881244],[35.240387750636174,32.05790552388997],[35.24062834698638,32.05792060591831],[35.240886866493675,32.05800403925408],[35.24154639234711,32.05831497140969],[35.24175129288975,32.05830354862893],[35.24249505102637,32.057688656908404],[35.242686667660955,32.057567126059496],[35.24284240495257,32.0572370179928],[35.24333079058505,32.05675332086505],[35.24379656046198,32.05688285713386],[35.24432508962319,32.05692841383037],[35.244459331536014,32.05685974414299],[35.244468203108255,32.05656223544711],[35.24470102985956,32.05649353439026],[35.24587666694207,32.05631063064374],[35.24658761081775,32.0560488728319],[35.246619787963404,32.05578733829031]]]}},{"type":"Feature","properties":{"settlement_id":139,"source":"Peace Now","source_name":"Shilo","source_type":"Settlement","source_db_id":129},"geometry":{"type":"Polygon","coordinates":[[[35.30899036919665,32.04788648420485],[35.308717751239314,32.04766761635716],[35.305783607625735,32.047382365363255],[35.304538416228844,32.047473237887395],[35.30255577346835,32.04876911597086],[35.293618506752466,32.046074690567444],[35.29266656750597,32.04649482091358],[35.29240915384469,32.04669736520571],[35.29143613321863,32.0471700419954],[35.291251652802686,32.04735720317294],[35.29121680417851,32.047455073098696],[35.29108193513611,32.0474806864056],[35.2908624325487,32.04758283049448],[35.28993983799875,32.048102265191304],[35.28929094033757,32.04827702008973],[35.2891168635861,32.048961247255775],[35.288912577564865,32.04938234694465],[35.28861839395923,32.04980350594833],[35.28857384880334,32.050186172172666],[35.28790638749287,32.05186063692531],[35.287243539374515,32.05315795927083],[35.28692972623962,32.05391072115184],[35.28660055657955,32.054310615307045],[35.286595720259704,32.05446798364235],[35.286965214812106,32.05451869591346],[35.28720500380601,32.054697187550495],[35.28729009983084,32.05500618101591],[35.28719078833834,32.05561009524916],[35.287016617698036,32.0562224448879],[35.28683706809262,32.05638840375078],[35.28659278031753,32.05686823277595],[35.28601931788249,32.057642442457905],[35.28587982849032,32.05796988759257],[35.28647926292013,32.05829270860196],[35.287428022578474,32.05847064910225],[35.28834197376518,32.058678365104626],[35.28979439059132,32.05864339819697],[35.29048813375431,32.05844732790842],[35.29101695682261,32.057983530164364],[35.291545525782986,32.057256944136334],[35.29183988933454,32.05701433627065],[35.29198945954634,32.05684415254972],[35.292014057643534,32.056431739712224],[35.291853980000624,32.056129925457576],[35.293190345411155,32.054387429656266],[35.2936381993044,32.05388958905354],[35.29388252426557,32.053493974962265],[35.294346874287044,32.05352340636943],[35.295390287025626,32.053509947209086],[35.29605433912219,32.053534990554596],[35.29707785747003,32.05353424733743],[35.29733247352748,32.05359358038476],[35.29729784779991,32.053908245951554],[35.29673871225715,32.05397241166319],[35.296114839635116,32.054104708076835],[35.29571061759092,32.05427508017809],[35.295171914173885,32.05487498734439],[35.295112283208105,32.05507487021933],[35.295327560326946,32.055720138798996],[35.29562727351435,32.05586872172649],[35.296032357751685,32.05655731949783],[35.29629709221971,32.05666768949626],[35.29684644856233,32.056760807811635],[35.29719573426525,32.056603187786735],[35.297474988348895,32.05630538735186],[35.2977732320044,32.05593948596922],[35.29849150640462,32.05533095788612],[35.29872633548208,32.05539877975458],[35.29911095913784,32.055632331620984],[35.29926112786387,32.0559554267366],[35.299256356120274,32.056257264752915],[35.29921182162893,32.05661026485886],[35.29935696204283,32.05698431559408],[35.299737013554484,32.0574985108665],[35.30007167119782,32.057634341512944],[35.30065090788267,32.05773589775955],[35.301173200651355,32.05776102166893],[35.30170230286017,32.057616057652005],[35.302161455280306,32.05741586463826],[35.302256211457966,32.05739883766174],[35.30265070801308,32.05744100791003],[35.30289541764394,32.05743234124844],[35.30311975665862,32.0571897615561],[35.303149477959266,32.05696013868587],[35.30303454472898,32.056824145571824],[35.30284971726835,32.05678181403341],[35.30281468190457,32.05669680091907],[35.30307420634474,32.05658179951758],[35.303123902318085,32.0563159986839],[35.30293363912214,32.055844141337204],[35.30249826764887,32.054900558259675],[35.30243807579371,32.05465828947262],[35.30227291432577,32.054285069205164],[35.30226771144693,32.05407242731901],[35.302347366357225,32.0538980467295],[35.30319639543967,32.05410570587951],[35.30358581406436,32.05416501152622],[35.30392007902912,32.05394362697353],[35.30407941880395,32.05353101575814],[35.304538490122525,32.05327977186435],[35.305010284004574,32.05217351359058],[35.30532740127362,32.051967289211404],[35.30578048960935,32.05177394150601],[35.30602218577648,32.05173515089001],[35.30612790939656,32.05168357304132],[35.30632430011772,32.051657713988334],[35.30658120885437,32.05168320889137],[35.30652618750942,32.050851290645696],[35.30791915472424,32.050742301529255],[35.30793902857921,32.049645701016004],[35.30899036919665,32.04788648420485]]]}},{"type":"Feature","properties":{"settlement_id":174,"source":"Peace Now","source_name":"Ahiya","source_type":"Outpost","source_db_id":224},"geometry":{"type":"Polygon","coordinates":[[[35.32404229109282,32.06291247013155],[35.324475914933956,32.062480727287905],[35.32571752069563,32.06257548277383],[35.32689983067201,32.06271546738021],[35.32770640224504,32.062771134464725],[35.328148241955574,32.062714255790596],[35.32845765850903,32.06277040205855],[35.329175248369175,32.06238396761925],[35.329815664678236,32.062119910875744],[35.329957835245786,32.061990189933795],[35.32975708599976,32.06193345391713],[35.32985797667305,32.061600588239706],[35.329715489487064,32.06101626937482],[35.329769703192305,32.060020489723655],[35.33024954218974,32.06008385161914],[35.33089284600011,32.06001218569296],[35.33141676904972,32.05977321598482],[35.33153651023794,32.0594250020167],[35.33197714791739,32.059314154398685],[35.33223049485548,32.058777640089836],[35.33172115522968,32.0579408342611],[35.33027349463738,32.05760358866586],[35.328395813536545,32.05786886308223],[35.326849591347525,32.05817142346493],[35.32624273530466,32.05873649089259],[35.32615046778467,32.05906419988314],[35.32605927724846,32.05908888319184],[35.325334900981,32.05953055843704],[35.325010103963336,32.060003323297664],[35.324655784270746,32.06057684689874],[35.3245231832604,32.06104942812575],[35.324516238268316,32.0613266495254],[35.3241272040628,32.061433610583116],[35.32373658005745,32.06145859787985],[35.32327344243164,32.06142214884281],[35.322810986904834,32.06191541764642],[35.32221834557059,32.06238427660465],[35.32198739107424,32.062889772054184],[35.322060535295726,32.06344422391867],[35.322393794100016,32.063850538095274],[35.322726670541954,32.063874937512075],[35.32324739763049,32.06364025213373],[35.32404229109282,32.06291247013155]]]}},{"type":"Feature","properties":{"settlement_id":200,"source":"Peace Now","source_name":"Esh Kodesh","source_type":"Outpost","source_db_id":229},"geometry":{"type":"Polygon","coordinates":[[[35.33915119852788,32.06917788392275],[35.34005513890665,32.06754258994219],[35.340132831773886,32.065998972130764],[35.34018523994343,32.06538604186569],[35.34015767911747,32.06477319713043],[35.34002282563275,32.063706486088186],[35.339768513909796,32.063283051178665],[35.34014605270497,32.062793511741134],[35.33969716713325,32.06240029683533],[35.338828297562436,32.06221033828847],[35.33800165099749,32.062151560814414],[35.337623239534516,32.062044587221386],[35.33730583752268,32.06210663424557],[35.33555111867288,32.06225195831899],[35.33471538652085,32.06246447851244],[35.33311114685344,32.06249497855398],[35.33225273196992,32.062649780113034],[35.33199316279601,32.06285207993424],[35.33202747063159,32.06315029201936],[35.33241207852275,32.06349625513582],[35.33249931991721,32.06380419550696],[35.33240311091536,32.06399324228308],[35.3323717048421,32.06558714085921],[35.33303449814096,32.066674498903666],[35.33365317404377,32.0668180062551],[35.33424746750152,32.06713107287285],[35.335433956280156,32.067245303531195],[35.335795061815084,32.06706543224939],[35.33590740779053,32.0671763387061],[35.336584451053575,32.06746195860889],[35.33716003818412,32.06815107773281],[35.337550041971774,32.068808143053],[35.337524999539255,32.069111503996886],[35.33915119852788,32.06917788392275]]]}},{"type":"Feature","properties":{"settlement_id":56,"source":"Peace Now","source_name":"Yafit","source_type":"Settlement","source_db_id":51},"geometry":{"type":"Polygon","coordinates":[[[35.46601681545388,32.052393450973454],[35.465374704587234,32.05339658668578],[35.464960866387024,32.054657706861065],[35.46557003752827,32.055399719438114],[35.46617895661384,32.05601250121225],[35.46667293104849,32.05626993711163],[35.46610827429526,32.05785457816074],[35.4648670780911,32.06173497181098],[35.46596994961412,32.06257291006287],[35.468476199318246,32.06318175184015],[35.46920433611566,32.06563619835612],[35.47216890470587,32.06718106951323],[35.47300411749475,32.067308621073956],[35.47710181947286,32.06700904323186],[35.47857825712927,32.06577787736329],[35.479296432768635,32.06483917112953],[35.479445007189575,32.06374009488425],[35.480581190804195,32.062994360937175],[35.480883829689645,32.06267058612296],[35.46601681545388,32.052393450973454]]]}},{"type":"Feature","properties":{"settlement_id":110,"source":"Peace Now","source_name":"Alei Zahav","source_type":"Settlement","source_db_id":101},"geometry":{"type":"Polygon","coordinates":[[[35.05670253577939,32.069831114188695],[35.05668751059008,32.07055135332077],[35.05681230928785,32.07051525987929],[35.05738309866048,32.0708532207651],[35.05781334149057,32.070929948068354],[35.057839824743944,32.070975209558284],[35.05843735356987,32.071246350479065],[35.0586041927644,32.07202606119051],[35.058871927186566,32.0724210856078],[35.05840031855074,32.07309223160651],[35.05913908399202,32.07320335101627],[35.05991566545826,32.07348964478437],[35.06045600271199,32.073834043638676],[35.060866461557204,32.07441829155707],[35.0612621654076,32.07469765804211],[35.061444504341765,32.07501570165634],[35.06157331526382,32.075463413423364],[35.06191573944386,32.07571677105935],[35.06232703922763,32.075769125665914],[35.063791018425675,32.07492751864545],[35.064515449417414,32.074461294617485],[35.064942691199924,32.07404663185364],[35.06506976977217,32.07375922202213],[35.06525305497764,32.073735785525116],[35.065571959088274,32.072892949906944],[35.06596574949143,32.071970656230555],[35.06630301749206,32.07130287858956],[35.06624804509323,32.070602838964554],[35.06634203013493,32.07022111795755],[35.068677195623145,32.07111827523737],[35.06947067138985,32.07058126047862],[35.07015144947596,32.07087728134555],[35.070486262681776,32.07060343131765],[35.071081140890364,32.070350947146146],[35.07123044126402,32.06988706569316],[35.07050009423493,32.06961209083705],[35.07200430098636,32.06939994079295],[35.07301253025706,32.06984639176457],[35.07317374885306,32.07073391639019],[35.07184009511238,32.07069636033002],[35.07183043030603,32.07150649150778],[35.07274787125682,32.071521915502004],[35.073656735153456,32.0715951909093],[35.074542377864624,32.071407097907176],[35.07454307552898,32.07091390238546],[35.074226290887765,32.070324970015065],[35.07333028205445,32.06975131027842],[35.07247157788345,32.06924135037907],[35.07181810196291,32.06897021692663],[35.07118285387699,32.068985421920765],[35.07054765187261,32.06896888029341],[35.069912437465426,32.06888866813757],[35.06940824101301,32.06872896328766],[35.06905374904469,32.06845822415104],[35.06845613616143,32.0682348384668],[35.068250963010726,32.06804370619436],[35.067615910374414,32.06793164903445],[35.06696201884615,32.06788323558623],[35.066700086502415,32.068185145419626],[35.0665687441914,32.06855095442051],[35.066138931170485,32.068582319507755],[35.06615767647488,32.06858233997413],[35.06593335420809,32.068661633946775],[35.06596958755163,32.06942532075448],[35.06574463847624,32.06991818072651],[35.06522143265734,32.069933568643215],[35.064792154157765,32.06967851698618],[35.06408225126806,32.069614155167926],[35.063496578353046,32.069288101227684],[35.06269779777184,32.06923447821275],[35.06221412827941,32.069645242925304],[35.06215818109956,32.069782282380764],[35.061978222918015,32.070019372518715],[35.06109674373206,32.07014545211533],[35.06076863740303,32.07002462671252],[35.05997084242633,32.06986235682046],[35.05907463372697,32.06995849696164],[35.05856604602884,32.0704107426736],[35.05830784738461,32.07043484888295],[35.05781271486767,32.07034998062388],[35.05795593148985,32.069912048539024],[35.0583407984,32.06939003604276],[35.05819426895941,32.069221686352954],[35.05744926600442,32.06943445879478],[35.05699630223529,32.06978769197859],[35.05670253577939,32.069831114188695]]]}},{"type":"Feature","properties":{"settlement_id":78,"source":"Peace Now","source_name":"Ma'ale Efraim","source_type":"Settlement","source_db_id":71},"geometry":{"type":"Polygon","coordinates":[[[35.405061507265586,32.073408242321364],[35.40613071335772,32.07313320967573],[35.406594818280176,32.073375415789],[35.40755765376382,32.07337387674524],[35.40794940956845,32.07313030311298],[35.40859129503,32.07315966175933],[35.40976946220132,32.07373464136557],[35.41066064473052,32.07361181230154],[35.41144434506291,32.07321581651133],[35.413975376939796,32.072877631026586],[35.41582954944391,32.07278347079662],[35.41686274337946,32.07238702524496],[35.41850271807606,32.07223240325113],[35.420283136609136,32.071136310805564],[35.42074476738497,32.07031569617184],[35.421275120633645,32.06837149753804],[35.420950546920736,32.06685386855905],[35.420199388069946,32.06582276594231],[35.419805419923975,32.0650947794788],[35.416844080154064,32.06431024707776],[35.41466885427199,32.06425318119498],[35.412103745515466,32.06519871008485],[35.40779196978348,32.06645054730661],[35.40643734308326,32.06663496706035],[35.40504593447514,32.06627275782788],[35.40347435690764,32.065060686771936],[35.4015483145346,32.064760058618035],[35.39941102820609,32.065765356414886],[35.4001853962005,32.067178262029465],[35.39959470664022,32.067803390442016],[35.40012927816945,32.068461109519376],[35.40013013148336,32.06886196026558],[35.39969118873062,32.06969297330276],[35.39979555950476,32.0710660975785],[35.39932073882418,32.07362975201216],[35.400640917047916,32.0740224342634],[35.40089256262426,32.07496325481335],[35.401285383670846,32.075205590762025],[35.40228393132382,32.0752040362833],[35.403638323847076,32.074898278742616],[35.40459978669515,32.074259100493286],[35.405061507265586,32.073408242321364]]]}},{"type":"Feature","properties":{"settlement_id":26,"source":"Peace Now","source_name":"Bruchin","source_type":"Settlement","source_db_id":233},"geometry":{"type":"Polygon","coordinates":[[[35.09693659295057,32.080347039069025],[35.096246237493745,32.08018083469275],[35.095689981001726,32.08021014555563],[35.09381501453447,32.08068285578688],[35.09432093701419,32.07979825729733],[35.094209212938964,32.07891125169319],[35.09314456509502,32.07882144234862],[35.091224424293415,32.07833980080165],[35.090660965594076,32.078152364720566],[35.09026333337048,32.07892553061213],[35.089449153632266,32.07888924300513],[35.08926174640485,32.07849801054864],[35.08842671600656,32.07844392197941],[35.087885705389574,32.07875681414508],[35.0876310765978,32.078630031382964],[35.086958492440694,32.078388177009856],[35.086959129169564,32.077890653153446],[35.086109373795374,32.077633569659],[35.08561373629381,32.07751244435654],[35.08531275012192,32.07754830400954],[35.08490493787015,32.07784346024451],[35.08445963976633,32.078693141244216],[35.084318342129535,32.0791548590563],[35.08414160066946,32.079214829766194],[35.083946441378004,32.07950114680357],[35.083998445213545,32.08039073398142],[35.08415737962525,32.0807527782465],[35.08456430635098,32.08100954646863],[35.08562635017263,32.08143268099396],[35.08649400237232,32.08155415327181],[35.086812447365645,32.081765471165966],[35.08689569944469,32.08178431858371],[35.08737692652923,32.083082366261685],[35.0885040510714,32.08333226093163],[35.08958955825494,32.08347545443885],[35.08979738923063,32.08423998919937],[35.090423155498165,32.08472049309426],[35.09134151932569,32.08497017433281],[35.09267803052851,32.08475805530116],[35.094446140055226,32.08387427608115],[35.09470134641633,32.08381179705823],[35.094690599638845,32.08375492913866],[35.09612506013938,32.08305460134173],[35.09769302058609,32.082243986042045],[35.09797682098868,32.08074539723998],[35.09693659295057,32.080347039069025]]]}},{"type":"Feature","properties":{"settlement_id":109,"source":"Peace Now","source_name":"Eli","source_type":"Settlement","source_db_id":100},"geometry":{"type":"Polygon","coordinates":[[[35.273970883643834,32.081887499804274],[35.27360008300012,32.080659717899195],[35.27396995504699,32.080659515698386],[35.274783838401014,32.081068395192965],[35.27544969338443,32.081256951831556],[35.27585646074336,32.08116230472899],[35.27589274179028,32.08028059182306],[35.27629932458808,32.08009143446389],[35.27644782204677,32.07983823044394],[35.27649049444196,32.08024210834],[35.27690192706799,32.080766788967836],[35.27751845741413,32.08076643525762],[35.27820335215811,32.08059106744959],[35.27884200860365,32.07971583666673],[35.27885956088041,32.07882915396461],[35.27970058034698,32.078641076419366],[35.2802549586766,32.078262890830054],[35.28047856575704,32.07818114651423],[35.278935298471914,32.07818206227364],[35.27602057746454,32.07765379418886],[35.27522715759624,32.07692444168538],[35.27458360859997,32.076012551191376],[35.27436863197927,32.07510042267027],[35.27460385300388,32.0744617184962],[35.27454069411793,32.07400183717908],[35.2740872576793,32.07443141849458],[35.273310682499734,32.07440027933344],[35.27227491945519,32.07405454479906],[35.2722376543674,32.07364523602764],[35.272274013808136,32.072826559129496],[35.272162360183664,32.07178756032223],[35.271865931441866,32.070937497357676],[35.271939116388296,32.06992996282188],[35.27193874669893,32.06942612496756],[35.27142006513926,32.068040957719944],[35.271419400385575,32.06712788093155],[35.27308240446397,32.06583596849623],[35.27408022530448,32.06514274843753],[35.27363647249337,32.0651115182293],[35.27208375834732,32.06542717560342],[35.270419754068016,32.06533363281117],[35.2699019474509,32.065113499879715],[35.26886627982118,32.06473617365876],[35.26505716380656,32.063856445725825],[35.26317109795523,32.063227602006634],[35.26202468130631,32.062976162956296],[35.260434381008615,32.0624416530627],[35.260027577275466,32.062189957629194],[35.25888121941225,32.06200152626684],[35.25810482772729,32.062096275930784],[35.257476504747274,32.062600378717995],[35.256995936848185,32.06278950683535],[35.25655246848789,32.06323049212825],[35.25562822692776,32.06351421543355],[35.25514756370123,32.06354588136055],[35.2542970491573,32.063294344044515],[35.25252233211177,32.063609939068606],[35.25074774041015,32.06398845519387],[35.250267292424574,32.06446090491739],[35.25008277920848,32.06524815707297],[35.25008324753023,32.06619270745387],[35.24978783217723,32.06694852580414],[35.24978820446779,32.06770423806457],[35.249899382348936,32.06830236533824],[35.25004787858826,32.06940440741197],[35.25046459989698,32.07020677275391],[35.25065511838609,32.07039833695697],[35.25136494411007,32.07045696436527],[35.25235168230493,32.070441896345706],[35.253736563406584,32.0702939210417],[35.25439447939569,32.07032315281131],[35.2559528708077,32.07100059650407],[35.2564722638858,32.07102987362751],[35.25690518360218,32.07133928477439],[35.25766723514909,32.07176642260697],[35.25842893704857,32.07176610085232],[35.25912152299377,32.072016415667264],[35.260454352328544,32.07176522301297],[35.26116411305339,32.071691230342225],[35.26125068662174,32.071764869006316],[35.262116867978385,32.07269315601703],[35.26232009368909,32.07367630022257],[35.26237269598306,32.07479658695722],[35.2623730487249,32.075356697001425],[35.262512058528515,32.07610846702551],[35.26272019599488,32.07680113695494],[35.263170703534726,32.07737582882375],[35.263863641051,32.077920916759794],[35.26466017343475,32.07814166332796],[35.26511030099937,32.078111959916455],[35.26573328033017,32.07775788310345],[35.266217931433914,32.077566014860565],[35.26654704678724,32.07777227692516],[35.26682416840152,32.077993172914915],[35.26741307591352,32.07831726054699],[35.2673958971794,32.078597278924356],[35.267448266254526,32.07912796399531],[35.26753506427327,32.07951118710672],[35.267691123847236,32.07987958605471],[35.26824543129886,32.080233085727656],[35.268730337519386,32.08039498505559],[35.2690074103102,32.080527589704126],[35.268921059960896,32.080792943990275],[35.268678886093106,32.08118958949806],[35.268523292793695,32.08149916686002],[35.26810799004693,32.08182375436904],[35.267727411951995,32.082280888155125],[35.267312062470914,32.082546404981194],[35.267121805613115,32.08282659897635],[35.26694885877357,32.08301831732945],[35.26750341003271,32.083858252116684],[35.2677113942765,32.08409396984615],[35.268300391661946,32.08463908468151],[35.26845652471323,32.08509603930992],[35.268803291428036,32.085655973099755],[35.269704433398765,32.08674633228288],[35.2708650028936,32.08752696072451],[35.27185900353601,32.08845804429366],[35.27238772064128,32.0861014875998],[35.27308759870919,32.08535340236976],[35.27382977898729,32.084717558112125],[35.27429619150881,32.08442232622196],[35.274601064010376,32.08390232038565],[35.27500757809122,32.08346129392691],[35.27504418255733,32.082988999679806],[35.274526073227435,32.082516922924825],[35.273970883643834,32.081887499804274]]]}},{"type":"Feature","properties":{"settlement_id":71,"source":"Peace Now","source_name":"Migdalim","source_type":"Settlement","source_db_id":65},"geometry":{"type":"Polygon","coordinates":[[[35.34247358406372,32.08783823961205],[35.341921349886775,32.08760500278556],[35.34135677183298,32.08726103571986],[35.34106297458061,32.08764768421033],[35.340106372564726,32.087669543202935],[35.339407570435036,32.08781647107551],[35.33927324530707,32.08817165301621],[35.33969202345988,32.08942407863718],[35.34025720532837,32.09010000513011],[35.34130201610148,32.09167540881276],[35.34104575514873,32.09259452950205],[35.34130361836931,32.09275080383839],[35.34180656302118,32.09280247400327],[35.34256684461767,32.092728601964915],[35.34261641004305,32.093073035577945],[35.34331567315722,32.09320799226221],[35.34363439231206,32.09311367508914],[35.34527605893373,32.09194258760182],[35.345289403697,32.0926316382584],[35.34513034175881,32.09287196427252],[35.345547344771866,32.09290279318333],[35.34515564410804,32.09341481979543],[35.34521722014605,32.093571394073635],[35.345940939016266,32.09362280240449],[35.3464426738732,32.09288718411491],[35.34619676752676,32.09252204998935],[35.3462075732433,32.0915614403772],[35.34572920923139,32.091509760270256],[35.344649622373296,32.091281270534786],[35.34466110332052,32.0908218807496],[35.344390341981665,32.090195789424584],[35.34374009847575,32.090029402054064],[35.343689169490894,32.08878704736116],[35.34323451800813,32.088223740188106],[35.3428541525443,32.08809889596353],[35.34247358406372,32.08783823961205]]]}},{"type":"Feature","properties":{"settlement_id":133,"source":"Peace Now","source_name":"Rechelim","source_type":"Settlement","source_db_id":123},"geometry":{"type":"Polygon","coordinates":[[[35.24654724623792,32.0997555935845],[35.24712435171836,32.10029774336757],[35.247334647652615,32.100297672454275],[35.24743914857748,32.10038655457312],[35.247682877859106,32.10074187114349],[35.24799630585377,32.101067674459074],[35.248205317730516,32.10148225015048],[35.2487275887563,32.10207455144187],[35.24919746963005,32.10232616906461],[35.24926716208689,32.10250388919516],[35.2495109447151,32.102726006285764],[35.249771994022765,32.102725913283365],[35.250224469133734,32.10290349553032],[35.250346055026945,32.10239988662751],[35.250519912675664,32.102192409653405],[35.25104192484109,32.102236677714494],[35.25192973026742,32.102828830923094],[35.2524692068907,32.10303595157715],[35.253252385191054,32.10328743511063],[35.25556704694977,32.103775298702494],[35.25756822507659,32.103878183255],[35.257707396064234,32.10380408714601],[35.25796835107451,32.10381876680046],[35.258473037066736,32.10374451507036],[35.25857743798358,32.10381850829318],[35.25875140227239,32.1038184339219],[35.259325561972005,32.1036996903115],[35.26009133560709,32.10386231179588],[35.26076942136348,32.1028695820357],[35.2601076969382,32.10218856453061],[35.259742177810686,32.101996190179925],[35.25927229629869,32.101789070409076],[35.25850634973674,32.10130062369555],[35.25817544833555,32.10087114683336],[35.25713119553141,32.100368019795646],[35.256019560542796,32.100027866791514],[35.25643117616518,32.09951908350162],[35.256647923160855,32.098756071520924],[35.255975546880435,32.09843124745644],[35.25591416437211,32.09797604357154],[35.2564947368214,32.0980148546262],[35.25562352717421,32.09732596307014],[35.25516499232256,32.09707896372836],[35.255210569383145,32.096545801022394],[35.25443101206049,32.09584378826898],[35.25348372184322,32.0956490984998],[35.253208895196124,32.09600027544328],[35.250611708707915,32.09617033476389],[35.24851868380772,32.09636622875068],[35.24796867343416,32.096184254878175],[35.24734239073441,32.09645762357274],[35.24677702716425,32.09628872582699],[35.246670250856454,32.09676996221477],[35.24682307405807,32.09689995091027],[35.247163179332375,32.09927103082608],[35.24676580585944,32.09929839835644],[35.24654724623792,32.0997555935845]]]}},{"type":"Feature","properties":{"settlement_id":35,"source":"Peace Now","source_name":"Gitit","source_type":"Settlement","source_db_id":32},"geometry":{"type":"Polygon","coordinates":[[[35.3937648497214,32.106324435023055],[35.39537350885878,32.10639046750091],[35.396926991226664,32.10565793183054],[35.398131294754826,32.10469775662638],[35.399548513018765,32.10298415115118],[35.40061786547268,32.10156766979569],[35.40085553490675,32.09990150070344],[35.400050020486724,32.099286638345475],[35.39943296060521,32.09905943447277],[35.39766341769291,32.09890243663148],[35.39605554421461,32.09920147956299],[35.39546469138842,32.09863189410065],[35.395570572774176,32.09799281036803],[35.39457894640404,32.0981311951213],[35.394580175150296,32.09872457654557],[35.3940712389025,32.09893067862843],[35.39388512499254,32.09966114298432],[35.39128851174091,32.101490508130645],[35.39112639053811,32.100851823224374],[35.389859471235624,32.10030079099118],[35.39177854659331,32.099280018619886],[35.39153268942891,32.09887989324445],[35.39132642276054,32.09867161166551],[35.391014539670635,32.098570077851775],[35.390049716578304,32.09866275670302],[35.38884479716255,32.0993719766148],[35.3889532016449,32.09996511187212],[35.38935572366574,32.100147049075225],[35.38895398108981,32.1003529741258],[35.388927498649494,32.10051272113147],[35.38951829120086,32.10101389060258],[35.38884855522357,32.10124311210916],[35.38890312506259,32.10172215794536],[35.3895209593468,32.10233745552945],[35.38901235858816,32.10272606062599],[35.39011412043593,32.1040022982963],[35.38928097176321,32.10485183736004],[35.38764496757338,32.10603899485462],[35.386689607556605,32.10683025687894],[35.386357447845,32.107521781423095],[35.38618479686476,32.10818845726842],[35.38666520792416,32.1091627901569],[35.38711557391222,32.109569393095676],[35.38802874543384,32.109444617196054],[35.38847830222926,32.109443964983015],[35.389115398412216,32.109023431875436],[35.38949222666727,32.10894884453036],[35.39044844069629,32.10852783821278],[35.391041203569515,32.10767548987986],[35.39285207295399,32.1069322542173],[35.39350390090932,32.10663513307392],[35.3937648497214,32.106324435023055]]]}},{"type":"Feature","properties":{"settlement_id":17,"source":"Peace Now","source_name":"Ariel","source_type":"Settlement","source_db_id":16},"geometry":{"type":"Polygon","coordinates":[[[35.17351436950444,32.09442868035958],[35.17250969774461,32.09405824119025],[35.17170590477748,32.09393367718914],[35.16995196014477,32.09443082454566],[35.168527018049375,32.09443042772619],[35.167861548733356,32.0957086298059],[35.168263258160245,32.095988664360775],[35.16789774298715,32.09633070241006],[35.16723987801864,32.096828124115895],[35.167203164842206,32.09723248068312],[35.168445462695594,32.097357198829194],[35.16972461947369,32.096673360523546],[35.17030919895624,32.09664240761432],[35.16873743356097,32.09816601630066],[35.16935866621862,32.098166190251945],[35.167933175888415,32.099129991503524],[35.164680705525555,32.10027979758948],[35.16314541930058,32.10161676501015],[35.16285248417838,32.10301635245663],[35.163509347089864,32.10491386293338],[35.16398374411148,32.10643805649931],[35.1641295575779,32.107340082592536],[35.16365447477557,32.10733993020324],[35.16299698636002,32.10677987947011],[35.16226635796638,32.10631304694089],[35.161499111695015,32.1060017581095],[35.16080472115976,32.10600152035638],[35.160694961790945,32.1064369612755],[35.16109674334969,32.10684137622418],[35.16098668656224,32.10768118393147],[35.16233859936963,32.1079615597884],[35.162572312538956,32.10845925007068],[35.16359547675135,32.10849069686223],[35.16527643179571,32.108429094895875],[35.16776117917762,32.109051901275926],[35.17031885787186,32.10995459691095],[35.17174385218477,32.11048369827051],[35.174338410211476,32.110639813207094],[35.179199107580025,32.1093625784539],[35.18113580201633,32.10986056340363],[35.18446132967058,32.10955019346296],[35.18614232148504,32.10933266408207],[35.18832398857606,32.109395185943015],[35.19026095560999,32.10846232742007],[35.194500151772985,32.10696980519818],[35.197204127745316,32.10805855195295],[35.20798426113196,32.107778797172294],[35.21090782032703,32.108462968525885],[35.21353882631099,32.108525032564856],[35.21525637114571,32.10814848764991],[35.21642562604976,32.10712204550755],[35.21704659263211,32.10550460851179],[35.21613287601463,32.10454049157363],[35.213903770996055,32.103794166657465],[35.21364788591878,32.10248783820231],[35.213391944966915,32.10052833514688],[35.21189376989916,32.100061930022115],[35.210578249524964,32.09953318413263],[35.20932127274463,32.09791594918455],[35.20775005413038,32.097200600632576],[35.203584656639926,32.09545881030244],[35.199857965726665,32.09206849692641],[35.19872534113511,32.09188186750475],[35.19580235330857,32.09281479397732],[35.188750397649976,32.09489799455038],[35.185717650079916,32.095426396832174],[35.18301406937505,32.09436842480493],[35.178812271528095,32.094616448779675],[35.17446422434774,32.09464660401224],[35.17351436950444,32.09442868035958]]]}},{"type":"Feature","properties":{"settlement_id":195,"source":"Peace Now","source_name":"Magen Dan","source_type":"Outpost","source_db_id":276},"geometry":{"type":"Polygon","coordinates":[[[35.01871034157296,32.107712977382555],[35.01790987368504,32.1078736730574],[35.017687436218274,32.108156509372805],[35.01791649347003,32.1084738286946],[35.01861344914033,32.10857594509434],[35.01885886731071,32.10866404994206],[35.019925519000374,32.11012210118063],[35.0204235017149,32.110702681322856],[35.020661048352366,32.11075704402763],[35.02096256124797,32.1105618816939],[35.02140667465505,32.11031976092578],[35.021811199410635,32.11005738123063],[35.02191468110014,32.109862020930656],[35.02227962978943,32.10957252873808],[35.02232763110826,32.10935679780636],[35.022241235939006,32.10895212738999],[35.02200492687724,32.108277513447476],[35.02172094225215,32.10765666748665],[35.02157062858927,32.10753506855236],[35.02076991054004,32.10782392732872],[35.02064299090057,32.1079248345777],[35.02016008786246,32.107755586687645],[35.01978784789855,32.10766738961438],[35.01871034157296,32.107712977382555]]]}},{"type":"Feature","properties":{"settlement_id":73,"source":"Peace Now","source_name":"Modi'in Ilit","source_type":"Settlement","source_db_id":66},"geometry":{"type":"Polygon","coordinates":[[[35.05498765293329,31.93506058778212],[35.05508956686502,31.93424586066612],[35.055091790054036,31.9328714829855],[35.054019534983915,31.931541649146247],[35.05158619110544,31.930347613440023],[35.05149739298149,31.929904650094315],[35.05269744835542,31.929707568082545],[35.05328855864901,31.929586105897055],[35.05337761402226,31.929434739871482],[35.05170529846468,31.928801548659127],[35.05105430374466,31.928244699701136],[35.050762528447045,31.927243503377536],[35.05020922284849,31.92677027703158],[35.05041106129186,31.92632994519681],[35.0504661022225,31.92553592474167],[35.05170194062529,31.92532362469995],[35.052936895586875,31.92564579360571],[35.05313998569997,31.924968352226934],[35.05385164962196,31.92468481350305],[35.05426434250659,31.924150821030647],[35.05517827822178,31.9236784996981],[35.055468195282295,31.92285331585058],[35.05534156940727,31.922350121616965],[35.054984508471144,31.921708323588874],[35.05457438157586,31.920669417477928],[35.053339836965016,31.92013347202935],[35.051334682580936,31.92003944494011],[35.04975848262829,31.92039834028887],[35.04725102708276,31.920874356300445],[35.04626093018765,31.921188090772976],[35.044300978395604,31.92132108826966],[35.04430015605105,31.92179544669169],[35.04472263362127,31.922496154910935],[35.044245771742055,31.92260846259264],[35.04403456700828,31.92226938072564],[35.043637350273855,31.92224633275239],[35.04329255663812,31.92253952954378],[35.04278923165526,31.922606616792024],[35.0421008117734,31.92258310280114],[35.04104223331581,31.92282077111071],[35.0399090252703,31.92349960106396],[35.03829027934167,31.92537220415777],[35.037184290921,31.925537973037226],[35.03639016048059,31.925922104783023],[35.03750841890923,31.926781359799293],[35.03732301886531,31.927617556878744],[35.03738198606951,31.92892455632851],[35.03697799249711,31.93198228515179],[35.0366029294578,31.935980920230357],[35.034015457654164,31.936211135324285],[35.03412756909327,31.936605652420244],[35.034206115772186,31.937080025792692],[35.03439079603107,31.937464268943273],[35.03486666795354,31.93793917341845],[35.034495140995965,31.938345217768195],[35.034070876810304,31.9386157366587],[35.034149299756706,31.939157926719837],[35.034890931024336,31.939181464888648],[35.035526924805126,31.939024223392835],[35.0360562068663,31.939273378305444],[35.036186556325426,31.940402811769726],[35.03637022318671,31.941351770924978],[35.03713724811623,31.94196259550281],[35.04007535211121,31.943163510852468],[35.0405256588518,31.94311891188152],[35.04134738908958,31.942781156144143],[35.042300560014596,31.943053464565768],[35.042803416481384,31.943257376301915],[35.04314840780798,31.942896365265362],[35.04359866010296,31.942942117788157],[35.04411692993941,31.94260887043535],[35.04495943111697,31.942573281407526],[35.04595252422555,31.94244624918976],[35.04574634582355,31.941657380982214],[35.046277141376954,31.941048231868308],[35.046968233368794,31.9396487426867],[35.04734089301061,31.938610215705655],[35.04813081084264,31.938091617886155],[35.04841749607247,31.937703036437895],[35.048757935759426,31.937525467209134],[35.04936891728594,31.93736141245158],[35.050203653166086,31.937258558388468],[35.05097084867865,31.93780157331606],[35.05123644056205,31.937395352789455],[35.05168812776903,31.93656017861741],[35.051159043663894,31.93617563524353],[35.05218349105387,31.935335287533306],[35.05417108176394,31.936004913978746],[35.05498765293329,31.93506058778212]]]}},{"type":"Feature","properties":{"settlement_id":28,"source":"Peace Now","source_name":"Barqan","source_type":"Settlement","source_db_id":25},"geometry":{"type":"Polygon","coordinates":[[[35.105017136842584,32.11367994254942],[35.10550273507407,32.113264368056115],[35.10608791058418,32.11261760575386],[35.10703120641574,32.1120620487466],[35.107295519004126,32.11172527077499],[35.10764853780504,32.110703898769714],[35.1076624178809,32.110486083648055],[35.10770141222044,32.11044191453188],[35.1079178655589,32.10994933727329],[35.10819286625864,32.1096989369927],[35.10858879458513,32.10971745383452],[35.10925977412137,32.10953570685401],[35.10939517718997,32.10943841440536],[35.10956826209331,32.10814843144598],[35.109294765547645,32.10787642402906],[35.109311091518975,32.107254646162644],[35.10921103529307,32.106884112012196],[35.10884308172763,32.10667019847525],[35.10840860119385,32.10594320006566],[35.107974802024046,32.10457511171963],[35.10762429229417,32.10370578029323],[35.1057335069817,32.103077479146386],[35.103825226746416,32.10316146704106],[35.1027204045339,32.10327448114342],[35.102000443894575,32.10351612370405],[35.10203358870352,32.10381536746062],[35.10226706915825,32.10459912931599],[35.10228306274021,32.10526881808933],[35.10224876067327,32.10600673235357],[35.102080820445124,32.10649104290308],[35.10194623124546,32.10708936754749],[35.10196249371103,32.10751674305342],[35.103234282403896,32.10784548007549],[35.10376945850474,32.10821636574362],[35.103785510638886,32.10884321858338],[35.10417016716814,32.10918548587409],[35.10376720560179,32.110267955091885],[35.1038839842689,32.11063850661206],[35.10372040241675,32.110957580577704],[35.10312180003299,32.11237456497879],[35.10269441238996,32.11240096668513],[35.10250670966796,32.112701437626626],[35.102338665645746,32.112882760598566],[35.10204401468364,32.112697203253816],[35.10172578809794,32.11331081539029],[35.10146647746142,32.113970804425755],[35.10189662114055,32.11469312651086],[35.10268148534988,32.114628126216886],[35.1027930625432,32.11446060129875],[35.10297038861618,32.114472354260755],[35.10338018151699,32.11457885894414],[35.1040222715014,32.11412938214592],[35.104634553993094,32.11377088706539],[35.105017136842584,32.11367994254942]]]}},{"type":"Feature","properties":{"settlement_id":87,"source":"Peace Now","source_name":"Masu'a","source_type":"Settlement","source_db_id":79},"geometry":{"type":"Polygon","coordinates":[[[35.49488580081125,32.107700321165396],[35.49508940892632,32.10465842857739],[35.49527806007601,32.10300726063059],[35.49539520577878,32.10172779573351],[35.49554726073816,32.0961564257512],[35.49570058316886,32.094689527122455],[35.49569772499357,32.09369092994755],[35.49497241967349,32.09300542461543],[35.494232568447146,32.093035750834524],[35.492838161576664,32.09348272950004],[35.49152729000139,32.0937577114318],[35.49019985969679,32.09411861324214],[35.48927638683456,32.094593121846664],[35.48967247547325,32.09758428229689],[35.490788428403036,32.09950011327822],[35.49049327267688,32.099985056722886],[35.49016306359074,32.102915824307075],[35.49081739396506,32.102852393638244],[35.49374876748545,32.1023092558956],[35.49503285087684,32.102120637594965],[35.4945615867016,32.106403167654975],[35.49431969832453,32.106568749719926],[35.49402991154233,32.106899559342644],[35.49359363842374,32.106941858051584],[35.49286608076551,32.1068402611545],[35.492431596725844,32.10741902917028],[35.49085465157004,32.10705124537564],[35.48932679748212,32.10682770877542],[35.4886784315667,32.108826459062264],[35.48810175616998,32.110478395420365],[35.48722921203236,32.110542299498064],[35.48610068564284,32.11409373268249],[35.48692562557921,32.11431887707615],[35.486830134961856,32.11479361365983],[35.487535394572745,32.11551419544912],[35.48712827959263,32.11712453482441],[35.4878808788338,32.1174529993247],[35.490865195582366,32.11816844160438],[35.49100997229181,32.118139940321896],[35.49161644397139,32.11632355538183],[35.492638068048755,32.11311445140268],[35.49406040818219,32.10898819885533],[35.494303102229296,32.10786993326094],[35.49488580081125,32.107700321165396]]]}},{"type":"Feature","properties":{"settlement_id":127,"source":"Peace Now","source_name":"Kiryat Netafim","source_type":"Settlement","source_db_id":117},"geometry":{"type":"Polygon","coordinates":[[[35.106752363966,32.11990158224688],[35.106963458387916,32.11889425756419],[35.10721140173158,32.11910564918503],[35.10780332054831,32.11920358691106],[35.107918193037605,32.11889498949835],[35.108281201053636,32.11871643956078],[35.10835807412929,32.11816405708997],[35.10851095790019,32.1180829211769],[35.10950372982213,32.118181154246734],[35.11082150713146,32.11795461275016],[35.11129824202537,32.1185724250795],[35.111794697577565,32.11855655723434],[35.11338022359144,32.117924015462236],[35.11559607764035,32.116983032363535],[35.11561548150531,32.11664180586676],[35.11630366180981,32.115911019588495],[35.11638084344527,32.11498474687445],[35.116943965383136,32.11404324682363],[35.117072246965805,32.114083379799176],[35.11727578313167,32.11378526859885],[35.11746535849946,32.11342749713887],[35.11774602028554,32.1130936484882],[35.11810374262531,32.112795641457744],[35.11812487544378,32.112682320613054],[35.11798485506952,32.112521169305815],[35.11771160360404,32.112431506804135],[35.11729814225983,32.11238350227673],[35.11686334759363,32.112657593055275],[35.11654387280019,32.1129130853522],[35.11579054181396,32.11334306277018],[35.11550388640327,32.11360284992175],[35.115503523678136,32.11397664485047],[35.11535049037771,32.1143340098125],[35.114891933403214,32.11462622927305],[35.114089032755416,32.11553566242919],[35.1134592040933,32.115324010124176],[35.11277203808945,32.11512845533204],[35.111894142060244,32.11462407212692],[35.11057653791851,32.114834302555266],[35.109526325695306,32.1148823063783],[35.10916328466473,32.1151095570561],[35.10889477983803,32.11623064953775],[35.10744306170988,32.11678207620763],[35.10635380832578,32.117544968563685],[35.1055318651306,32.11842186746034],[35.105358973612894,32.11936420018123],[35.10566390847792,32.11988450484471],[35.10648461456862,32.12027517000759],[35.106752363966,32.11990158224688]]]}},{"type":"Feature","properties":{"settlement_id":13,"source":"Peace Now","source_name":"Elkana","source_type":"Settlement","source_db_id":12},"geometry":{"type":"Polygon","coordinates":[[[35.041354986949486,32.11370514380177],[35.04145057659257,32.113447189845445],[35.04153950393997,32.113537048425904],[35.041966925370495,32.113688095665225],[35.04188565904783,32.11183766683422],[35.04210329714558,32.1117043115684],[35.04236555853738,32.11164336871345],[35.04245251351338,32.11088497852615],[35.04245364312303,32.11024552914338],[35.042409101761415,32.11006890745934],[35.04243374740581,32.10960605278913],[35.04246798650783,32.109402767143166],[35.042106245491844,32.109220206941245],[35.041349541740445,32.10903013373867],[35.04108616163061,32.109064812755086],[35.040880457070024,32.109057543413236],[35.04077343421293,32.10908541998287],[35.03975321580185,32.109007055853986],[35.038965608596286,32.10859588779554],[35.038751140150815,32.107552317822275],[35.03872049542443,32.10457571400043],[35.03882950338647,32.10405416652603],[35.03785622899565,32.104022228460906],[35.033348196126205,32.10487544936502],[35.028873165715595,32.107262783293805],[35.02692181826791,32.10959228979858],[35.02562066547566,32.11124751016308],[35.02598039319522,32.11167763374658],[35.02572752953312,32.11192274605245],[35.02529438773107,32.11213694175414],[35.02543805442072,32.112413275095534],[35.025942350967824,32.11265954640292],[35.02676804401574,32.11453256679784],[35.027200435286964,32.114655907448515],[35.02886047501177,32.11389106284232],[35.03023038170778,32.11401569011299],[35.03066044881686,32.11536645072258],[35.031702876975764,32.11705567922019],[35.03271184527532,32.11739459440252],[35.03393776669266,32.11742691281315],[35.03473247420628,32.11663016187075],[35.03379715920746,32.11543213063261],[35.034374678323196,32.11512602661022],[35.03560102909432,32.114851538318064],[35.03607086211977,32.11426906256698],[35.03636034922218,32.113686435839924],[35.03718990301193,32.113564800140175],[35.038271182944584,32.1137502809217],[35.03902868839745,32.113567216398266],[35.03938887490013,32.11378249453448],[35.039135432540675,32.1143651752929],[35.039314562323355,32.11497917179983],[35.03859234509556,32.11562265126439],[35.03855432506193,32.116665889549694],[35.03714699046182,32.11733912184683],[35.03538001385269,32.11742884742111],[35.03562845945207,32.11957725680431],[35.0363838243516,32.120590888393835],[35.037826121450685,32.12059279530885],[35.03854893870863,32.11964244050215],[35.03916459873338,32.118170342729634],[35.040681211235785,32.11694487937805],[35.04066735642404,32.11617990285854],[35.04104955401061,32.11572957348469],[35.04121079968547,32.11491380815384],[35.04094571970176,32.114218377487596],[35.041354986949486,32.11370514380177]]]}},{"type":"Feature","properties":{"settlement_id":116,"source":"Peace Now","source_name":"Etz Efraim","source_type":"Settlement","source_db_id":106},"geometry":{"type":"Polygon","coordinates":[[[35.05005896319796,32.1216944653423],[35.04962220810925,32.1213161668775],[35.04906547455843,32.121194599785],[35.04890662077657,32.120635312011416],[35.04903114165931,32.120499469655726],[35.04964704192775,32.11898916249233],[35.05052627577474,32.11832536844733],[35.0502964824407,32.11820275111601],[35.050283802699276,32.11805983614247],[35.04956689943719,32.11747062904462],[35.04810336990771,32.118079796675104],[35.04781122224254,32.11789835479506],[35.04738682955906,32.117286861934474],[35.046989349757176,32.1164943203737],[35.045764296638914,32.11755636903679],[35.04533889814391,32.117533199921226],[35.04509888844251,32.11796287440572],[35.044939190685454,32.118030578502456],[35.0442477718264,32.11809761052742],[35.04320995861291,32.118526269100734],[35.04251971311612,32.118748060299325],[35.042323168743614,32.118405789942365],[35.04296472477153,32.11604208779639],[35.04335532588149,32.11592946146372],[35.04376399844436,32.115694206237215],[35.04447853470685,32.11564547460406],[35.04466832103075,32.11550921389055],[35.04425771786666,32.11453819590886],[35.044176959231855,32.114267841463366],[35.04389383974917,32.11372350087892],[35.04460496393439,32.11318041810281],[35.045705965779284,32.11304580813277],[35.04602734475032,32.11200357748394],[35.04560169218208,32.11174616267772],[35.04453605550036,32.11197148044364],[35.042814337213514,32.11172752378504],[35.042246396030016,32.11162102285785],[35.041873213616036,32.11181698256808],[35.04201077548494,32.11434063363967],[35.04248886683898,32.11506655581133],[35.04236121817015,32.11697033073939],[35.04180821205628,32.11843535118755],[35.04162969205062,32.118979103037034],[35.04175850078178,32.11917016443427],[35.041266306597414,32.119994697470446],[35.04126558147425,32.12040203767532],[35.041610476647044,32.12083245805802],[35.042274599923864,32.121172746635104],[35.04245636665391,32.121155792083435],[35.04214007786778,32.12153345205588],[35.04224597183831,32.121896242185066],[35.04279715342375,32.12147385013027],[35.04308127436086,32.121459102204184],[35.0446613127982,32.12159710211749],[35.04583315108947,32.12162879709516],[35.04661425637641,32.121720437417316],[35.04750032100883,32.12273395002104],[35.04824615605874,32.12268954126515],[35.048655112366895,32.12235761192962],[35.048460233138215,32.122100491808716],[35.04869134427532,32.1219345592726],[35.05005896319796,32.1216944653423]]]}},{"type":"Feature","properties":{"settlement_id":64,"source":"Peace Now","source_name":"Kfar Tapuah","source_type":"Settlement","source_db_id":59},"geometry":{"type":"Polygon","coordinates":[[[35.244194971086195,32.120146003265596],[35.24337465081195,32.120817737312095],[35.24342316841084,32.12146095428313],[35.24372569358858,32.12190428034357],[35.245607114502896,32.12158069929127],[35.24602193318272,32.12138348871438],[35.2463371288435,32.121372436377285],[35.24655907964969,32.121424368855024],[35.24689036843871,32.12143794420684],[35.247108337507896,32.122170511170964],[35.247128456283235,32.12259407842076],[35.24776577738512,32.12310220522692],[35.2484228411838,32.123220565368875],[35.24913959906397,32.123186407236254],[35.24991607256275,32.12305059114809],[35.25037381975305,32.122762392283086],[35.25069221595531,32.122474242646916],[35.251030471954,32.12206749860569],[35.25126922174905,32.1216607904163],[35.25122895519238,32.12083061089336],[35.25128821667065,32.120051165709384],[35.25180364579808,32.11962165048415],[35.25291344895617,32.11877658353976],[35.25276161598949,32.11794630979411],[35.25245828757953,32.11691566826908],[35.25234050006048,32.116844132473176],[35.25216255976305,32.11683169331701],[35.25194326546868,32.11630647845777],[35.25178376161677,32.11583219244867],[35.25144517651244,32.11554428413862],[35.25112646228687,32.11515464478989],[35.24982790146272,32.11509838036971],[35.24747430399889,32.114935628361174],[35.247410546336276,32.1161427372047],[35.24698950581106,32.11673684259749],[35.246827166868364,32.11690523220333],[35.246787494460975,32.1171724070416],[35.24638961173496,32.11764697497533],[35.246210706318934,32.11825700988312],[35.24631037568047,32.11862968993222],[35.246111362100216,32.11883311078736],[35.24643000585219,32.119087132231655],[35.24684878201667,32.120476301851006],[35.24619185539246,32.12061205988594],[35.24551494458713,32.120612280866354],[35.245176451637725,32.12052771125452],[35.244598850889695,32.120087367457316],[35.244194971086195,32.120146003265596]]]}},{"type":"Feature","properties":{"settlement_id":130,"source":"Peace Now","source_name":"Revava","source_type":"Settlement","source_db_id":120},"geometry":{"type":"Polygon","coordinates":[[[35.126583878127,32.122110585026725],[35.12756833987479,32.1217059196668],[35.12839152271741,32.12174089564576],[35.128595271217044,32.12163991303031],[35.12921220078547,32.1220304961192],[35.12944564969914,32.12185690630246],[35.130715661104766,32.12010795767928],[35.13197057231008,32.118954628736745],[35.131951176034654,32.118762553751246],[35.13198368401688,32.11875000042106],[35.131762324528395,32.11768268648562],[35.13179482024711,32.11679109800672],[35.13233458251217,32.11639479627032],[35.132416497189844,32.11611663837665],[35.13240801631991,32.11531304163605],[35.13230842721435,32.11502711499941],[35.1320907370594,32.11468692273282],[35.13183684729652,32.11430044707341],[35.131628156290866,32.114107162019955],[35.128959059528064,32.113981961133625],[35.12811481317202,32.113819221156426],[35.12774271178955,32.1136644279516],[35.12756127629184,32.11345410872529],[35.12673521609726,32.11334547847236],[35.12626858546663,32.11427987675632],[35.1257509414605,32.11470396840797],[35.12557967285747,32.11479887949807],[35.12554914346941,32.114953301071374],[35.125311171372125,32.115117612397846],[35.12517712948571,32.1154211457295],[35.12519913020144,32.11576272979306],[35.12500571701679,32.11596502057513],[35.125005601868125,32.11609785257893],[35.1251540934836,32.11627505606123],[35.12507973166405,32.11659865915038],[35.12482786598065,32.11664721690305],[35.12465697793339,32.11673710863488],[35.1244207357679,32.11704158660237],[35.124322854313846,32.11737392717106],[35.123841767927374,32.11739418256601],[35.12261731044973,32.11983852940604],[35.121900870393894,32.122202214545645],[35.12166256562274,32.12241812930747],[35.121694075343946,32.122728909031004],[35.12139443236986,32.12422202991344],[35.12145261428547,32.12438338774047],[35.123859040729336,32.12394358369051],[35.12472651520052,32.123405167449995],[35.12546388163244,32.12298869155201],[35.12585631674891,32.12217330779134],[35.126583878127,32.122110585026725]]]}},{"type":"Feature","properties":{"settlement_id":143,"source":"Peace Now","source_name":"Sha'arei Tikva","source_type":"Settlement","source_db_id":132},"geometry":{"type":"Polygon","coordinates":[[[35.02464409747868,32.12577134935983],[35.02530137285636,32.12515527351292],[35.02619905116901,32.12515654096303],[35.02713212100509,32.12477585136861],[35.027720506930486,32.1240421624052],[35.02924047194908,32.1236328767861],[35.03017340193933,32.12331096147265],[35.03127873069674,32.12304807229257],[35.03241777161751,32.12322592656478],[35.03376442024011,32.12322774978828],[35.03417968543778,32.12272871457871],[35.03435334317877,32.12217073679522],[35.03404467132609,32.121024319993566],[35.034633250013826,32.12014369605736],[35.03467013465253,32.1188802395627],[35.03405018756339,32.11805669813813],[35.03290939330743,32.11884846704676],[35.031868771352855,32.11907552964973],[35.030805597094066,32.11778710478918],[35.03164040553286,32.11718476540315],[35.030961508590046,32.11641725060304],[35.03076078952187,32.116147855043586],[35.03075142382216,32.116033670294314],[35.03008083746015,32.11594304126226],[35.02978397417667,32.11584476996994],[35.029392426503364,32.11515104001118],[35.029075856821954,32.11533817002451],[35.027741120652216,32.11679608897125],[35.02735767000676,32.116877104304194],[35.0268689874416,32.11686826473893],[35.02654287102187,32.11703091013092],[35.026345587578156,32.11732970789187],[35.02621424854447,32.117340702588464],[35.02562916048943,32.11639957480512],[35.0251113308421,32.116398842224356],[35.0249375127364,32.11701569478759],[35.02517674896387,32.11822074282229],[35.02410496474929,32.11901252994085],[35.02292981957324,32.119657257186816],[35.02292819036802,32.120480052961376],[35.02285718024513,32.121449561367065],[35.022648675518376,32.1221250673325],[35.02216350001025,32.12300587415071],[35.02154157457036,32.12326938319859],[35.02040499759982,32.12397733217689],[35.02097279097235,32.12444545310262],[35.020502901540496,32.12467828496781],[35.01988103144856,32.12485368049821],[35.01870691312012,32.124940068207344],[35.01687606728505,32.12534876678757],[35.01666744929855,32.126053660696996],[35.016699648673715,32.127199618501386],[35.01604169680884,32.12810954302436],[35.01603861602164,32.129608049496454],[35.01558703792758,32.13090018796273],[35.01703769846858,32.13072604384832],[35.01790170595736,32.130374809194315],[35.019422471917665,32.12964244042139],[35.019769458645136,32.128790842079404],[35.01939083127,32.128202589782575],[35.01949637154004,32.12726253340894],[35.02015340897288,32.12673458949651],[35.021846420623184,32.12620814103286],[35.02346950724791,32.126092968555966],[35.02464409747868,32.12577134935983]]]}},{"type":"Feature","properties":{"settlement_id":4,"source":"Peace Now","source_name":"Oranit","source_type":"Settlement","source_db_id":4},"geometry":{"type":"Polygon","coordinates":[[[34.99706117614368,32.13376386723096],[34.99793692024624,32.13344816672662],[34.99824860750297,32.133618879351296],[34.99872565543612,32.133416887601776],[34.99883680484152,32.13385838674029],[34.99969186949788,32.133859773096255],[35.000336433680395,32.13396816106054],[35.00098084048387,32.1341481117746],[35.002157363722816,32.13457938839434],[35.00259196060734,32.134556227230604],[35.00370008125371,32.1342240199364],[35.004135041156445,32.134033869043385],[35.004696729651926,32.133581511203914],[35.005145780275235,32.13335559679885],[35.00552500103538,32.133010295373914],[35.006661538058935,32.13248726647813],[35.007194989317284,32.13211834669216],[35.00785461735321,32.1317376926756],[35.00770135046266,32.13130806375785],[35.00756153881728,32.13114086123212],[35.00708688540675,32.130245558074705],[35.00699043755484,32.12947011941654],[35.0052932123395,32.13001612568593],[35.00522445054783,32.129407714387945],[35.00493009816384,32.129407250691486],[35.004368879207945,32.129656842385785],[35.00464817582429,32.13013438382067],[35.00481546894041,32.13055211057854],[35.00473061395991,32.13089787490782],[35.00387625436876,32.1305864087335],[35.00328783009586,32.13045427198427],[35.00286926330288,32.12957097018517],[35.00264491550556,32.12960639492197],[35.00221060426552,32.129510281977275],[35.0021264514471,32.12953400172],[35.00143997083747,32.129377845347136],[34.999342673667876,32.129657623376026],[34.99901597757873,32.1289683983093],[34.99747330384228,32.12933563734861],[34.99729629696944,32.12947757140277],[34.997035320594215,32.12945460635307],[34.99603671302995,32.12945296586329],[34.99561016681135,32.12884535574911],[34.995398211065144,32.12796494550143],[34.99564947554982,32.12726737197021],[34.99589973248617,32.12696433098026],[34.99583083065259,32.12590199446069],[34.995834007693105,32.12450611273493],[34.995302709463104,32.122957486529785],[34.99519679007434,32.12247178538851],[34.9951701944337,32.12245731992287],[34.99459813223543,32.12065338978925],[34.99356193005433,32.12093764479228],[34.99225822171806,32.12123895147869],[34.991968510667924,32.12196216274216],[34.991576113446925,32.12260349262392],[34.99131497174206,32.12283387192595],[34.99044317182496,32.122814831854484],[34.98908622687319,32.1228413182304],[34.98943931229012,32.12454200103317],[34.98923643074912,32.124677139004774],[34.98734577545193,32.12491667311621],[34.986385023560004,32.12403496090435],[34.98585059766077,32.12382157641351],[34.985817525345524,32.12275938627925],[34.98533696168236,32.12275855531529],[34.985290827355165,32.12304046645401],[34.98520014031452,32.12320849399342],[34.98497486505847,32.12377794720367],[34.98493127241565,32.124015584488],[34.98480565348488,32.12443235605457],[34.98476168264978,32.12478325789919],[34.98451777504174,32.125828013240714],[34.98456325793519,32.126614366089335],[34.9845056928766,32.127418395306805],[34.98451765625071,32.12782070612382],[34.984589874007,32.128153503153676],[34.984759315649285,32.12952876149336],[34.98483138626111,32.1299238719472],[34.985704029836356,32.13101979918337],[34.98640362526605,32.13122715628311],[34.987080093690054,32.13171393541521],[34.98732787450485,32.132473039043774],[34.98789674418579,32.13320230152447],[34.98787689144709,32.13362042880267],[34.9879684993745,32.13382754694027],[34.987807072803406,32.1342832170199],[34.98738412197014,32.134842962156206],[34.98723098736783,32.135116613584614],[34.986704439866806,32.13567074528783],[34.98655991048226,32.13588674453197],[34.98647462959155,32.13612447046721],[34.98637189045375,32.13657841423203],[34.98632013436187,32.13696757137858],[34.98699487101274,32.137570660427905],[34.987665174060986,32.13779162490031],[34.988064358028424,32.13775465568163],[34.988992584139524,32.137392005658015],[34.99252950054422,32.13478819099299],[34.99349356802723,32.13430427657194],[34.99499188514957,32.134094302951866],[34.99706117614368,32.13376386723096]]]}},{"type":"Feature","properties":{"settlement_id":206,"source":"Peace Now","source_name":"Havat Yair","source_type":"Outpost","source_db_id":261},"geometry":{"type":"Polygon","coordinates":[[[35.109852715376384,32.14614210858983],[35.110548232485534,32.14575026479348],[35.11187645121613,32.145534037119255],[35.111544829792244,32.145160943935515],[35.11068213442901,32.14467447337935],[35.10916823379764,32.14467334198295],[35.1085040758119,32.144831018970706],[35.10847711318081,32.14521514621021],[35.10857021319,32.14552704969623],[35.107547030873576,32.14590256206113],[35.1072961308899,32.14528408756986],[35.10684963336223,32.14461790206904],[35.10576034162,32.14390365444983],[35.10551352394416,32.14391590548058],[35.10511543282989,32.14343797212145],[35.10454283971991,32.14287570381957],[35.10439365627958,32.14253633117107],[35.10377063994239,32.14253583682362],[35.102463935300456,32.142765558989225],[35.10218964889885,32.14293767028171],[35.10201285211417,32.14331889568041],[35.101463767953085,32.144018151296116],[35.101289230379244,32.14417708540937],[35.10123799302893,32.145343242588616],[35.10128736700988,32.145830882391536],[35.10149882319295,32.14611728378873],[35.10166958585902,32.146071224707995],[35.101690099566824,32.147027492709],[35.10254133454301,32.14758701343619],[35.10400887126376,32.14808756863651],[35.106387231657465,32.148215880786935],[35.107738867911756,32.14779340536477],[35.108471369632,32.14715811458559],[35.109852715376384,32.14614210858983]]]}},{"type":"Feature","properties":{"settlement_id":98,"source":"Peace Now","source_name":"Nirit","source_type":"Settlement","source_db_id":89},"geometry":{"type":"Polygon","coordinates":[[[34.98665828191844,32.149591552120235],[34.98676418463733,32.149460019781934],[34.98688600549089,32.14895748118921],[34.98682732600342,32.148270035588936],[34.986840287175795,32.147900774659824],[34.98668461578433,32.14743879004697],[34.98626192759063,32.147694531092185],[34.98559745671516,32.14821660235442],[34.98372830987819,32.14825438691468],[34.983848359045524,32.14844956336952],[34.984075723226084,32.14919889647222],[34.98436433438755,32.14951737009191],[34.984726461354974,32.14975500620493],[34.98516149621384,32.14992780540211],[34.98665828191844,32.149591552120235]]]}},{"type":"Feature","properties":{"settlement_id":58,"source":"Peace Now","source_name":"Yakir","source_type":"Settlement","source_db_id":53},"geometry":{"type":"Polygon","coordinates":[[[35.11679190450795,32.14483969390183],[35.11601006870602,32.145742475956816],[35.11531291036033,32.14631660915107],[35.114764100722,32.146388003898785],[35.113793108952535,32.146459184528055],[35.11261099003626,32.146512168711766],[35.111238851958525,32.146636874861635],[35.10992987333436,32.14697714187525],[35.108852530396135,32.147784428799504],[35.1080283340278,32.14875350093124],[35.10777431505588,32.14939980218397],[35.10758409850592,32.149651076419204],[35.10819604707985,32.14984010845882],[35.10851253635688,32.14996605881529],[35.1097146996082,32.15097255383737],[35.11005245577819,32.1509369150545],[35.110917480507545,32.15129674168163],[35.11169878983598,32.15100991586703],[35.11260674703205,32.15074121309853],[35.11355685135339,32.150508515619705],[35.11383117995603,32.15061638651447],[35.11404093223921,32.15192747229165],[35.11403949535116,32.153382062133105],[35.11389113963561,32.153974613738455],[35.11410150278363,32.1547828600065],[35.11477681093345,32.15494494180038],[35.11536800307761,32.15483759551578],[35.11579077798981,32.1541555066393],[35.116720623972874,32.153078693917244],[35.117544869882444,32.15200180162971],[35.117904710292926,32.15103235100362],[35.11801139905827,32.14974304091828],[35.11784322142387,32.14902455776027],[35.117949135537096,32.1486655363498],[35.11831042407467,32.14602596420421],[35.11679190450795,32.14483969390183]]]}},{"type":"Feature","properties":{"settlement_id":93,"source":"Peace Now","source_name":"Nofim","source_type":"Settlement","source_db_id":85},"geometry":{"type":"Polygon","coordinates":[[[35.10484609059519,32.151830836476286],[35.104302529387866,32.15240403272844],[35.10350008311412,32.15297816638302],[35.10254887316636,32.153370668730275],[35.10170558793431,32.15340023706956],[35.10078115779891,32.153293604194225],[35.099928316067675,32.15277863280628],[35.09912883965142,32.15224857433304],[35.09854839585819,32.15228100685712],[35.098089387706985,32.15233853387002],[35.097377737383304,32.15259728879814],[35.09699161208756,32.153584253987745],[35.096568763555915,32.15421235274562],[35.09654578417908,32.15572085028602],[35.09673540998904,32.15609805098477],[35.09734730550272,32.156349990139404],[35.09814843969609,32.15723063416629],[35.09871794551829,32.15757234944383],[35.099081306531126,32.15769637848753],[35.09928066129578,32.15773802683311],[35.099430923570054,32.157973609417894],[35.0995284348788,32.15808100352116],[35.09969531315524,32.158063827471544],[35.09994793914367,32.15778015257542],[35.100192408293154,32.15758304240769],[35.10071345614716,32.15738273213029],[35.1011939319435,32.15715461140171],[35.101946885590216,32.156985596968156],[35.10210162084193,32.156923408501335],[35.102941205047735,32.15644442229087],[35.10353251954405,32.15624740318562],[35.103807228615295,32.15601414825524],[35.104250785053424,32.15579897226578],[35.10469450734947,32.155332465488975],[35.10503335445745,32.15430910842543],[35.10549914004316,32.15303452021498],[35.106090890256795,32.15240643271104],[35.10678853595337,32.1514731674939],[35.10716976239113,32.1502343985338],[35.10710674768135,32.14998293029499],[35.10681137336828,32.14983904705651],[35.10484609059519,32.151830836476286]]]}},{"type":"Feature","properties":{"settlement_id":190,"source":"Peace Now","source_name":"Alonei Shilo","source_type":"Outpost","source_db_id":226},"geometry":{"type":"Polygon","coordinates":[[[35.12691032760073,32.16528355597543],[35.12679606096941,32.16469777373065],[35.126777258445095,32.164315422302856],[35.126662689477094,32.16408757490148],[35.12655784390988,32.16367263086543],[35.12635728149954,32.163355246337694],[35.12592712153361,32.16312720290242],[35.12491344732393,32.16306962499682],[35.124125558978974,32.16312194296974],[35.123287636206356,32.16310113130115],[35.12321053214059,32.16322068373343],[35.12098174203064,32.162741268243686],[35.120431040464204,32.16250659025632],[35.1196839525229,32.162067191750886],[35.1191618105555,32.16159417949781],[35.119035199758834,32.16132628193296],[35.11856554026078,32.160887404747676],[35.117766497688784,32.16113182380127],[35.11747514324692,32.161446731151386],[35.118001759125725,32.161855631578575],[35.11814983406928,32.1621081440196],[35.11830313555778,32.16225677442951],[35.11830774329126,32.16238136899933],[35.11838387399005,32.162461679332026],[35.11895162222675,32.1636982637018],[35.119548496510404,32.16433572602091],[35.11981985434888,32.16549312345399],[35.120856098411494,32.16522661775738],[35.12170204466358,32.16512453157295],[35.12213142948709,32.16488859867008],[35.12254623593178,32.16429733762289],[35.122956857454234,32.16405165038553],[35.12386404334234,32.16363845752552],[35.12461642028471,32.163712094272036],[35.124683045514075,32.1640782064485],[35.125323098368696,32.16489209775842],[35.12567697316862,32.164867914081036],[35.12604908947351,32.16587687173686],[35.12659405525959,32.16607244587186],[35.12682371618108,32.16591802421052],[35.12691032760073,32.16528355597543]]]}},{"type":"Feature","properties":{"settlement_id":75,"source":"Peace Now","source_name":"Mechora","source_type":"Settlement","source_db_id":68},"geometry":{"type":"Polygon","coordinates":[[[35.419331271737384,32.16200063702874],[35.42047429677537,32.16221971976072],[35.41896520579616,32.164263213976746],[35.41902513786517,32.1654536531967],[35.41759969517972,32.166622254153765],[35.4177716437809,32.16688925441302],[35.4182577131281,32.1670585114213],[35.41902872469204,32.166984342113274],[35.41971578513871,32.16763913587331],[35.419430852618284,32.167931168180466],[35.419717841614634,32.16851386648797],[35.420488282116274,32.16814805110462],[35.42205789875398,32.16755983127805],[35.42302757818844,32.166902199880894],[35.424596870610436,32.166194822921526],[35.42488248302647,32.16619432580173],[35.4271062439513,32.164416796672995],[35.42641940241403,32.163907771372855],[35.42721699511046,32.16300737741887],[35.42561539819088,32.16215979969921],[35.42587112957699,32.16160060445614],[35.42609681169816,32.16040966816766],[35.42592010426103,32.15822331991939],[35.425146069645336,32.157009781564945],[35.42522821027002,32.1555518959535],[35.42105848635683,32.15560770609102],[35.42065903410261,32.155778466477386],[35.419944920789,32.15575533584551],[35.41934405641944,32.1552947312319],[35.41905694125308,32.15463925653205],[35.418742743515956,32.154639788801106],[35.41720149745492,32.155079666283925],[35.41554590068439,32.1554469413194],[35.414745078906904,32.15496229974477],[35.4132027562524,32.15494059436173],[35.413204804582435,32.155839494975254],[35.41417832336749,32.15693130564478],[35.4156076358619,32.1574876781836],[35.41695091636535,32.15787419166509],[35.41815441864289,32.15954868171825],[35.41830180938172,32.161516406613174],[35.419331271737384,32.16200063702874]]]}},{"type":"Feature","properties":{"settlement_id":113,"source":"Peace Now","source_name":"Immanuel","source_type":"Settlement","source_db_id":103},"geometry":{"type":"Polygon","coordinates":[[[35.14592423348603,32.1596458009135],[35.145886215421946,32.15921918540098],[35.14343675215059,32.15823723819399],[35.14337932857873,32.15786936961777],[35.14231347710962,32.15698608617737],[35.14130508949193,32.15627452356137],[35.14075745626398,32.156274248826676],[35.14026712688371,32.156641841758166],[35.140093676444074,32.157426402662765],[35.14009315894085,32.158161993921645],[35.139775738147414,32.15865222622217],[35.13908384706829,32.15874998527294],[35.13778677822266,32.158798275211154],[35.137267928664954,32.15884705800017],[35.1366338303456,32.158773133235584],[35.13565373018737,32.15882166112788],[35.13375079843151,32.15943364911627],[35.13265559061829,32.15931038825743],[35.131214748080296,32.15884369633156],[35.12980263486618,32.15852408714785],[35.12951456937105,32.15818069486529],[35.12899586058027,32.15805774270443],[35.12781411064428,32.15800797445428],[35.12781283721309,32.15952821378817],[35.12833100191889,32.16031317546279],[35.129483771333085,32.16070623364694],[35.1309535289158,32.16109937581592],[35.131414253765854,32.16163909429492],[35.13222050119911,32.162693931612175],[35.134179468305035,32.164313299457326],[35.134755313351235,32.16519638117654],[35.135139168857286,32.165501587742085],[35.13593233146655,32.16541650606563],[35.13766377896565,32.16506602657681],[35.13813622327686,32.16464793550583],[35.13786116166824,32.16416251654266],[35.13918035617042,32.162556779484824],[35.1399084687991,32.16220574791523],[35.14158093870551,32.16168784898752],[35.14250495974706,32.16250825158477],[35.144669164024045,32.16207422007363],[35.14559470172173,32.160585363286074],[35.14581156059381,32.159849185640454],[35.14592423348603,32.1596458009135]]]}},{"type":"Feature","properties":{"settlement_id":82,"source":"Peace Now","source_name":"Ma'ale Shomron","source_type":"Settlement","source_db_id":75},"geometry":{"type":"Polygon","coordinates":[[[35.073338028470765,32.16044108535524],[35.07244854853091,32.158542748305614],[35.07190420008866,32.15853536868936],[35.071954994811115,32.15933052542381],[35.0716615073288,32.16009556736013],[35.07135291367033,32.16016432014496],[35.07110909798511,32.160302217644386],[35.07073553323828,32.16028793567363],[35.07055664083326,32.16046738309135],[35.06943556587422,32.16082537444293],[35.069126249364054,32.16130849370796],[35.0690120106728,32.1617090368796],[35.06878387492987,32.16220612971147],[35.06871803141902,32.16285534801317],[35.06849060962153,32.162868901122394],[35.068295384856164,32.16311731463986],[35.06810005596876,32.163434895030925],[35.067579174237025,32.16416234745684],[35.066976863680246,32.16510108868723],[35.06645604246413,32.16584648194782],[35.065951642628775,32.166453826960975],[35.065657945043036,32.16737901157046],[35.06518504854637,32.16859419393483],[35.06541204416365,32.168870751943224],[35.0660935600072,32.169285961742126],[35.06776687384944,32.16902527058015],[35.06861138140322,32.169067662860876],[35.06887083146345,32.16934415934135],[35.06870459889517,32.169622994591045],[35.068826377777455,32.169793743770576],[35.068860764436145,32.170127622988616],[35.068554885070206,32.17055753822023],[35.068126719379464,32.1710838123281],[35.068004298381354,32.1713433053335],[35.06820475287462,32.17144001288568],[35.068588620929695,32.171329145142764],[35.06921700928801,32.171055314159794],[35.06941749731882,32.17112974564375],[35.06999336130541,32.17102647317507],[35.07013305235884,32.17091534086498],[35.07029079178392,32.17042592702895],[35.070927797872336,32.17019655483875],[35.072009500686,32.170086411594724],[35.0726802915568,32.17061384741],[35.073141840960496,32.17111139367174],[35.073302677255406,32.170817396986564],[35.073562541672025,32.17081766623396],[35.07396853424333,32.17087327531063],[35.0744553214305,32.171150084853025],[35.07455311072876,32.170901562093896],[35.07448932315075,32.170127851631456],[35.07403558719005,32.169353739484805],[35.07436214203637,32.16815640933039],[35.07428289557217,32.1667748763079],[35.073634355775766,32.16597296691097],[35.07361930051503,32.16515782348879],[35.07318216070611,32.164217975885066],[35.07310228079543,32.16329238576442],[35.07299189909964,32.161018406760554],[35.073338028470765,32.16044108535524]]]}},{"type":"Feature","properties":{"settlement_id":57,"source":"Peace Now","source_name":"Yitzhar","source_type":"Settlement","source_db_id":52},"geometry":{"type":"Polygon","coordinates":[[[35.24132877363447,32.16759825725532],[35.241088682612656,32.16641619484221],[35.237787406864584,32.16390517022786],[35.23722944353402,32.16328039882819],[35.23721955992956,32.16329582381511],[35.23695027679797,32.163284440378064],[35.235927077181955,32.16346794247047],[35.235455852330304,32.16351386955816],[35.2347557040219,32.16345677508149],[35.23434383539263,32.164041843074465],[35.23443158393786,32.164265556713225],[35.23414682281189,32.16491834001826],[35.23353298873084,32.1649370591668],[35.23300683811257,32.1646388662879],[35.232677818686454,32.16413547002785],[35.231822997297044,32.16445263693343],[35.23112144668309,32.164322297229724],[35.23066113866727,32.1643783042206],[35.230135045896425,32.16462081324942],[35.22985023752669,32.16521758565418],[35.22917064452315,32.1651431417889],[35.22849111121363,32.1652924285834],[35.228074908800295,32.16620620121903],[35.22636508347786,32.166840466891735],[35.225663800637776,32.167455967968955],[35.224896538435935,32.16795956354476],[35.223822504672036,32.16825804428167],[35.22270450203682,32.16874301247579],[35.22244156443699,32.16926518662449],[35.222958383056856,32.17030253637015],[35.22293207515053,32.170627804189685],[35.22328817129213,32.17089693620702],[35.2239870499362,32.17080710246879],[35.224474883216125,32.170459330446505],[35.22471224870332,32.170481724809825],[35.22502878876226,32.17075085733929],[35.225121182309195,32.171132186809146],[35.22590517287857,32.17181736570504],[35.22598213803662,32.17178724009966],[35.22630056728654,32.17194966116793],[35.227221366021794,32.17224790155414],[35.22790095778368,32.17211719858962],[35.22871213015302,32.17200522410715],[35.22939181427735,32.17222882637114],[35.23068538692153,32.172433722613874],[35.230992526283806,32.17310486086662],[35.231644228892364,32.17331456927729],[35.232376679499254,32.17336743533624],[35.2337322231684,32.1726646353345],[35.234168343734574,32.17178970751111],[35.234324071296136,32.17139198154177],[35.23454236593347,32.171683568800425],[35.23462621754548,32.17299636939463],[35.23553672844852,32.17377492405324],[35.236107904110284,32.17448942287902],[35.23708279496891,32.17447543259971],[35.23800376187352,32.174291951113084],[35.23863388366731,32.17413602784719],[35.239048409286355,32.17358619215873],[35.23684963949027,32.170086867553565],[35.238632604978086,32.17052099935447],[35.23934617998608,32.17033183390461],[35.240234625521616,32.169701684868855],[35.24119704868926,32.16890544252354],[35.241439211429224,32.16840145073169],[35.24072074092955,32.1683072048333],[35.24064983250297,32.168182665301984],[35.240776911605124,32.16801442789513],[35.24132877363447,32.16759825725532]]]}},{"type":"Feature","properties":{"settlement_id":16,"source":"Peace Now","source_name":"Argaman","source_type":"Settlement","source_db_id":15},"geometry":{"type":"Polygon","coordinates":[[[35.52184974345042,32.1690100735548],[35.5212582101402,32.168630732294474],[35.52066717340016,32.16842443942983],[35.51983285779872,32.16844383574022],[35.519305095468,32.16887791631905],[35.5191233669082,32.16927650617345],[35.51912824636728,32.17069608290865],[35.518948845957155,32.17180446090102],[35.51781485245801,32.17352111467414],[35.517389179638414,32.174024281370556],[35.517145013471094,32.174059513489084],[35.51700362492385,32.174354114862346],[35.517983222742814,32.17513074228725],[35.51979558385753,32.17535123349298],[35.52089203430477,32.1745868497774],[35.52192972281577,32.17446305071029],[35.52239680828018,32.17416753575074],[35.523251939954676,32.17423464112753],[35.5243100536406,32.17416271382448],[35.52485678564538,32.17333042721347],[35.5251994705719,32.172394679889365],[35.52505466995216,32.17173719557037],[35.52435787543976,32.17037140369077],[35.524032282062166,32.17037222639352],[35.52352227583726,32.17002722828151],[35.52282968543323,32.169890458666146],[35.52184974345042,32.1690100735548]]]}},{"type":"Feature","properties":{"settlement_id":193,"source":"Peace Now","source_name":"Sne Ya'akov","source_type":"Outpost","source_db_id":304},"geometry":{"type":"Polygon","coordinates":[[[35.25990113919151,32.18015736282288],[35.26025698870851,32.18012874787531],[35.26095128513394,32.18019609491889],[35.26144591553075,32.180299394101986],[35.262801381526316,32.180057228237146],[35.26293099425905,32.17970519764213],[35.263652690390934,32.178897400707875],[35.26405940715362,32.178123458882936],[35.265000502263945,32.17783818507316],[35.26479746848826,32.17762109980892],[35.26494372541357,32.17678587561099],[35.264040605804915,32.17644998723277],[35.26411329489128,32.17592544718943],[35.26411298925995,32.17545615261512],[35.264767465824015,32.175258171118614],[35.264263437491145,32.17497893660553],[35.26426324286538,32.17468083155452],[35.26392352737494,32.174420149524224],[35.26313484062814,32.17431804376974],[35.26283901304881,32.17416912790849],[35.26240081480568,32.17404822393352],[35.261765480979896,32.17395535516107],[35.260626561534615,32.17427260218047],[35.26018847338181,32.17432869044458],[35.259816215679535,32.17457106416403],[35.25922483793709,32.17472037386583],[35.25930243275602,32.174819842701616],[35.259187338053486,32.17513401255224],[35.25902521028724,32.17540323596251],[35.25871701325525,32.17565871993549],[35.25846580297881,32.17623164292749],[35.25862012132585,32.176473125760104],[35.258571552413734,32.17667328689761],[35.25810944637286,32.177395368366085],[35.25789092770348,32.17838235874021],[35.25785864193596,32.178679132134256],[35.25793425515432,32.17873886718422],[35.257487847571156,32.17920758017397],[35.25748797189158,32.17942231856786],[35.257378575092,32.179450996122625],[35.25689041967924,32.17945119917331],[35.25665488026213,32.179666035814044],[35.256747675171276,32.180039404777965],[35.25690487385113,32.18019681461376],[35.25722475395542,32.1802873493639],[35.25859401014437,32.18056354566607],[35.25895869422336,32.180506125663726],[35.25935135542276,32.18031984944113],[35.25990113919151,32.18015736282288]]]}},{"type":"Feature","properties":{"settlement_id":191,"source":"Peace Now","source_name":"Arnon Hill 777","source_type":"Outpost","source_db_id":239},"geometry":{"type":"Polygon","coordinates":[[[35.36930236546314,32.14953075279866],[35.36794641556344,32.14933484100543],[35.36637040367495,32.149455456412255],[35.36493694577903,32.148868078119065],[35.36320797194244,32.1499471827506],[35.3631016031189,32.1503809486913],[35.36197884410983,32.14992459451615],[35.36007877910721,32.148492260723295],[35.35825686973699,32.14924907245501],[35.359296293479346,32.15199365750329],[35.36429413832306,32.15371479595014],[35.364910729590896,32.15436078046838],[35.3653098001167,32.154822261521964],[35.36608814432053,32.154852021240345],[35.36684917782577,32.15528219348969],[35.368061548991626,32.1550342632612],[35.36865924823633,32.15523368696691],[35.369365910923506,32.155602322233634],[35.36958361697522,32.15587924889472],[35.369982416752904,32.156232861244455],[35.370507864778126,32.156509383519044],[35.370563223563884,32.157048220883254],[35.37105102341864,32.15783745806555],[35.37081242005418,32.1582585471991],[35.37050959065602,32.158455715432716],[35.37062197703669,32.15881529207527],[35.370838116136305,32.159215403003714],[35.37090256336128,32.15956151549937],[35.37115091118448,32.160124446759426],[35.36870902475488,32.16021208064228],[35.36736246539686,32.16071664892214],[35.36736571147679,32.16254172672369],[35.36785166946559,32.16406234637728],[35.36823477376128,32.16434706291785],[35.36895700431062,32.16419713991912],[35.37053221438501,32.16356189147575],[35.37087809290923,32.1629602231193],[35.37113480463331,32.1628081944123],[35.37158704286209,32.1626228214078],[35.372003473171816,32.1626838631134],[35.37240145811212,32.16251397960277],[35.37272672280981,32.16217474525536],[35.37272610036629,32.16183594369597],[35.37299677856785,32.161389017300735],[35.3733407047487,32.16134238726688],[35.373375719177574,32.16072641810156],[35.372904626702685,32.16050989487356],[35.37321144249626,32.16000132758657],[35.37369977608586,32.15973888599547],[35.37391545390985,32.158907056846616],[35.37382449448126,32.1586762301283],[35.37351643591953,32.1585071955517],[35.37366030611855,32.15799884454664],[35.373713416116004,32.15736743016619],[35.37393024835441,32.157105350326844],[35.37362156959955,32.15659769448144],[35.373620887030036,32.15622805147986],[35.37340296923639,32.155843368118276],[35.373581363621916,32.15445725804131],[35.373887813822975,32.15376391222476],[35.374539133856864,32.153609012979196],[35.374900592330455,32.153315985889535],[35.3751720869497,32.15326944838033],[35.376382934886614,32.15223607076583],[35.37580242380829,32.151590093233395],[35.37451874106359,32.152331022251126],[35.37377785073723,32.15305570259795],[35.373199075393984,32.15328751420524],[35.37238440445263,32.15321158450856],[35.37171425418046,32.15298152298988],[35.37171312966958,32.15236551101491],[35.37049553003388,32.149703132092284],[35.36930236546314,32.14953075279866]]]}},{"type":"Feature","properties":{"settlement_id":12,"source":"Peace Now","source_name":"Alfei Menashe","source_type":"Settlement","source_db_id":11},"geometry":{"type":"Polygon","coordinates":[[[35.013011823705746,32.18035670997237],[35.01397697683418,32.17998906619557],[35.01383217522528,32.18007091058415],[35.01455562605065,32.1800309677756],[35.01527871563531,32.180114114167395],[35.01667762314198,32.179911132897736],[35.017303825328874,32.18024013122115],[35.01855918326011,32.17950378026387],[35.01899467566333,32.17876621696858],[35.018997087149565,32.17757685360648],[35.019096378254005,32.17614162448315],[35.01914769579798,32.174624171820305],[35.02030589907003,32.17417478945759],[35.02146433722425,32.1736023027505],[35.02165851115861,32.17294635259533],[35.02185202731914,32.1726185617338],[35.021852845892575,32.172208429777584],[35.022383371546866,32.172168163305734],[35.02305940929948,32.17167702904056],[35.02282042619722,32.17061041178952],[35.02339907675527,32.17057021013211],[35.02383375873888,32.1702017297407],[35.02301499060924,32.16974939310934],[35.022002943625736,32.169460897969856],[35.02152184561444,32.1689680069488],[35.0211377589808,32.16810624287285],[35.02109135160165,32.16724487734693],[35.02118854446188,32.166834974912426],[35.02133479573032,32.16601491969719],[35.021865858397426,32.16568761666591],[35.022590251719905,32.16511449130486],[35.02326542426111,32.16503339749455],[35.02678644137684,32.166053030318],[35.026831087944224,32.16618679315013],[35.02694643293616,32.166098788983916],[35.02900121817856,32.16634888058506],[35.031328807894305,32.16682487610091],[35.031599890499855,32.166467461210694],[35.0306394939951,32.16591668861235],[35.03038715080781,32.16431908276209],[35.030193055023396,32.16369268967532],[35.02975841565621,32.16316818928191],[35.028766795027046,32.163256262513386],[35.027775393478315,32.163229324884355],[35.027086018008,32.16238500754641],[35.02683176250685,32.16180963732575],[35.02633649254613,32.16157893585359],[35.025435116077205,32.16161599754416],[35.02372218840609,32.16184356670468],[35.02276069576284,32.16189330178116],[35.02166352166961,32.16218561689277],[35.020972698166496,32.16209517002222],[35.020747115374704,32.1622226234465],[35.02056549233539,32.16289959697484],[35.02047371706991,32.1637172600471],[35.02075696682681,32.164133306316714],[35.020228654537846,32.16461887726795],[35.019361219199816,32.16441254407096],[35.01820532758993,32.16383667826926],[35.016806416859005,32.164162771706906],[35.01521448345181,32.16457044343162],[35.01429865224245,32.16444606592524],[35.01270721833173,32.16460769881714],[35.01183850554071,32.16501651245181],[35.011066000792816,32.16554847118044],[35.010149207697204,32.165875227016016],[35.0099072515817,32.16628489834264],[35.01024279270576,32.167187743518475],[35.00956803001223,32.167063611522345],[35.00865297151164,32.16657009235358],[35.007254268357464,32.16681401744203],[35.006047945136835,32.16722217407141],[35.00455292667019,32.16738385538221],[35.00373129479119,32.16824385201718],[35.00363015164938,32.170417361075536],[35.00368297695123,32.1715575706073],[35.002760439502,32.17123615303616],[35.00208529435827,32.171276105900894],[35.001265243818686,32.17139779493773],[35.00092621803659,32.172094511927995],[35.0010181411527,32.174145234007575],[35.001449107685204,32.17549932857565],[35.00260639733617,32.17546014965754],[35.003329004761746,32.17578937103146],[35.00385749050755,32.17669244824204],[35.00356660268763,32.17738924807341],[35.00351664683363,32.17816840260925],[35.00447887230156,32.17919516905597],[35.005395551236106,32.17899154905855],[35.00660203295978,32.17858330985985],[35.00723093077006,32.17764102329102],[35.00829247837482,32.17731460431397],[35.0087757601279,32.176823247901034],[35.009499430881625,32.176619299216505],[35.01007857955948,32.17641512432829],[35.010802957881616,32.175924130402414],[35.011816575350615,32.17543348300721],[35.01283071736083,32.174737851956046],[35.01408388106647,32.17498584233661],[35.01490256663565,32.17547917742127],[35.01475692271532,32.17597106435262],[35.01417736063093,32.17638032648708],[35.013116016071216,32.17662482283068],[35.012151067592285,32.17691039799944],[35.01200555933182,32.177279278074565],[35.01123321148314,32.17768823305738],[35.010315426855186,32.17842503013437],[35.009927055479984,32.1790718043643],[35.01064971254736,32.17994297933895],[35.012094716442185,32.18076545072685],[35.013011823705746,32.18035670997237]]]}},{"type":"Feature","properties":{"settlement_id":128,"source":"Peace Now","source_name":"Karnei Shomron","source_type":"Settlement","source_db_id":118},"geometry":{"type":"Polygon","coordinates":[[[35.105320339706346,32.18168774219408],[35.10514332248496,32.17935124599441],[35.10632486467324,32.180056945065104],[35.107491827246264,32.17986467346367],[35.10948927230872,32.17979168581527],[35.10962758463925,32.17939197997951],[35.10954180757044,32.179385675231494],[35.10910632746137,32.17796070210757],[35.10942779973744,32.176957433762816],[35.10907928766577,32.175928951746855],[35.109371350335906,32.17516111812884],[35.10921235455723,32.17480975163667],[35.10852098571057,32.17412381872172],[35.10840556785661,32.17375849206272],[35.10854877418032,32.17362975674824],[35.109095884602176,32.173558591075135],[35.109567332259495,32.17340862834822],[35.11052685513146,32.173301976025556],[35.113504343934515,32.17336141670091],[35.11372322091412,32.173297151950315],[35.11421165386987,32.17298255162657],[35.11421203526985,32.17259602153252],[35.113480491298034,32.17195843802013],[35.11346472794113,32.17088473079116],[35.11283345151691,32.17098448716609],[35.11152739885335,32.17099637634091],[35.11115440652231,32.170726184289656],[35.10999683282357,32.17042232344975],[35.10901725400824,32.17024483704868],[35.10821656807533,32.169436136367544],[35.107861612864376,32.1682237699519],[35.10713557315324,32.16693536688298],[35.106007773321345,32.16660624222336],[35.10455272715012,32.166933352595755],[35.10342401096783,32.16753845868659],[35.102710635061506,32.16827023028099],[35.10276919276506,32.169002620899846],[35.103124307346256,32.17001291045053],[35.103895289268856,32.17089736993583],[35.10445820529488,32.17193316084742],[35.10540747710844,32.17269150127133],[35.106445962728195,32.173323563025185],[35.10576249870035,32.17382812346378],[35.104782561540205,32.17395360519687],[35.10421888232109,32.1735995680543],[35.103417651638075,32.17329592914571],[35.1026758917612,32.172815582356854],[35.102290322833795,32.17248702010566],[35.10208327525312,32.171805009736026],[35.10166783464031,32.171552171663095],[35.10092706154912,32.170314221956275],[35.10077874332547,32.170213099998115],[35.10006716975565,32.1693286705293],[35.099800022673094,32.1693031995892],[35.09920685043303,32.16882295511632],[35.098495858505146,32.16745876490523],[35.097211076042385,32.16685158875602],[35.095280363547765,32.16773378088148],[35.09376555381458,32.168338466704846],[35.093585755302556,32.169727155425235],[35.093257564756755,32.17098946265721],[35.09364176300675,32.172504986257735],[35.09328541006769,32.17250467344967],[35.09301847109012,32.17230234752149],[35.09192194056143,32.17076103012614],[35.089580000979375,32.16795598193922],[35.08759111016726,32.167827908971866],[35.08705695280268,32.1676001631866],[35.08498402853127,32.16363359214153],[35.084895899212654,32.162926505223176],[35.0804430651618,32.16284646688528],[35.079342886826275,32.16413322994258],[35.07978591825216,32.165775015490894],[35.08073345305328,32.167619384737606],[35.0805546553003,32.16812421187735],[35.08031685725314,32.16827547931591],[35.07889280055466,32.16756698015084],[35.077734431566405,32.16802041684562],[35.076605419445414,32.16862528302014],[35.07636595177891,32.17003922676459],[35.07621659940531,32.17069557793945],[35.076483037261326,32.171226190039285],[35.077581730490664,32.17110095649448],[35.07761071691455,32.171606077642174],[35.08078787491681,32.17128097350174],[35.0818866645363,32.17107995236728],[35.08262873287787,32.17115641976244],[35.08390540423568,32.17113248337918],[35.08595314637996,32.171715171234084],[35.086754216039964,32.17217042115176],[35.0903095752316,32.17599104315632],[35.09217517554967,32.17650745457185],[35.094545599347995,32.176681147778936],[35.09729232210883,32.176957469090546],[35.09981925165798,32.17779563383899],[35.099738362241084,32.17824718251877],[35.09899839716283,32.17812338315543],[35.09877260392532,32.17853368868671],[35.099045348565745,32.179245427364314],[35.099351012205716,32.17927309621362],[35.099319816244765,32.17975336268392],[35.09962858678165,32.179939748166056],[35.099731094952496,32.18033391454008],[35.10040048727787,32.18024690364709],[35.10090292742147,32.17983132131362],[35.10130211500023,32.1797659072981],[35.10157222396306,32.17991943139877],[35.10182970029168,32.179897727220485],[35.10224106093204,32.180324967007046],[35.10161780411841,32.180529318053274],[35.10165948500807,32.18088725000004],[35.10222688442043,32.1815291131414],[35.10336320470533,32.183211880219616],[35.104650353117506,32.18317103312113],[35.105320339706346,32.18168774219408]]]}},{"type":"Feature","properties":{"settlement_id":27,"source":"Peace Now","source_name":"Bracha","source_type":"Settlement","source_db_id":24},"geometry":{"type":"Polygon","coordinates":[[[35.266444297478714,32.1951987237075],[35.267018398037074,32.19492267538331],[35.267383083096455,32.19469269208742],[35.267741176127146,32.194704004415364],[35.2682409881429,32.19447969450865],[35.26840942978275,32.19434732474928],[35.26847442278336,32.1944301149128],[35.268689413232316,32.19431205162224],[35.26908507684789,32.19399180627527],[35.2694378459358,32.19375409594834],[35.26906986749647,32.19317921423868],[35.268951950087185,32.19274163701174],[35.2688927326532,32.19222918213247],[35.2687895745247,32.191816666012045],[35.26853938340418,32.19147925468623],[35.268259859707165,32.19120435195525],[35.268068544393216,32.19089188745048],[35.267994680579015,32.190354370509866],[35.26809733736055,32.19005420392689],[35.26777391465246,32.190079434946426],[35.26769348643109,32.18970902137469],[35.26758698690933,32.18951311579274],[35.267335556345046,32.1892920405049],[35.26677251864833,32.18920199046277],[35.26662391960302,32.18936465437635],[35.26637271376604,32.18943832620211],[35.264653247378675,32.189537179127306],[35.26439793621831,32.18977149579283],[35.26304030339207,32.19005376035224],[35.26259332915258,32.19023702742202],[35.26213002110626,32.190589206552566],[35.261696165005134,32.190790096205696],[35.261099135060526,32.19138173314558],[35.2607775948302,32.19160331472166],[35.259537149437485,32.19212489063803],[35.25916968478195,32.192411617188306],[35.25894008401553,32.192698282858075],[35.25871256686678,32.1936602200234],[35.25820597559994,32.19358449535507],[35.258201361593585,32.193720892551816],[35.2584394719256,32.193815263644595],[35.25851195864419,32.194027093138054],[35.25842026517188,32.194391853861994],[35.258435704796916,32.194600259382845],[35.25880331779284,32.19454800005555],[35.25921704164206,32.194756233331496],[35.259218046844886,32.1964365542425],[35.258988708392735,32.19717912152231],[35.25894298356912,32.19756991392873],[35.25946382894473,32.197569688694045],[35.259999836085115,32.1973089384208],[35.26120957365478,32.19656593416838],[35.26251143637991,32.19618759755005],[35.263200855251704,32.196304512279745],[35.26387011204586,32.196477624828],[35.263945254768366,32.19691202274066],[35.2645383744529,32.196959269683845],[35.264557195523004,32.196982990429476],[35.2650060856845,32.19686825010732],[35.2649609072916,32.196443565844135],[35.265336757766846,32.196209559686366],[35.26558192549281,32.19581779801334],[35.26574877539419,32.19577356921566],[35.266045776177535,32.19535403385642],[35.266444297478714,32.1951987237075]]]}},{"type":"Feature","properties":{"settlement_id":231,"source":"Peace Now","source_name":"Gilad Farm","source_type":"Outpost","source_db_id":260},"geometry":{"type":"Polygon","coordinates":[[[35.18319697900992,32.19671130045604],[35.18268725169821,32.19625115271486],[35.18213578445486,32.196304139979915],[35.18155906026245,32.196655505154986],[35.17941122283148,32.195330259005985],[35.17900906150599,32.195621424029675],[35.17835357544478,32.196469701668335],[35.17757901782184,32.19705203083108],[35.17732563997278,32.1977610962537],[35.177400413115386,32.20031104855736],[35.17738942754109,32.20226630254308],[35.17742048855971,32.20278830055953],[35.17836058347814,32.203776185346946],[35.177979010339946,32.20426993702352],[35.17928939481928,32.20509328990587],[35.18137482360827,32.20372610161325],[35.183177320882635,32.20194095815005],[35.18352036130283,32.19975034336184],[35.183624670372076,32.19948444108292],[35.183758742703866,32.199307182851435],[35.183669449147104,32.19904124858812],[35.182212937236876,32.19813960351791],[35.18335281559566,32.19730409696148],[35.18319697900992,32.19671130045604]]]}},{"type":"Feature","properties":{"settlement_id":49,"source":"Peace Now","source_name":"Hamra","source_type":"Settlement","source_db_id":44},"geometry":{"type":"Polygon","coordinates":[[[35.433504851611595,32.20084616192283],[35.4364484046352,32.20260351155265],[35.43797081487568,32.20273462466975],[35.43873042481647,32.2021976514423],[35.439961320896224,32.20123595925332],[35.44011824276676,32.20101256599177],[35.439171643383055,32.2003002946762],[35.439144416398676,32.199898691201916],[35.439379860154716,32.1996082408171],[35.440903262751696,32.20014088078227],[35.44213752979078,32.20049558319359],[35.443161160260274,32.20056056778763],[35.4432369418045,32.199444739372105],[35.44325811670438,32.19748124776385],[35.441706591468616,32.19623465675938],[35.43997268280314,32.19543458844191],[35.43758601573152,32.19590757613685],[35.43603894431726,32.19637898450804],[35.43467300775838,32.19580136060901],[35.43343995001983,32.19589287525479],[35.43267953076957,32.19613962474623],[35.43121879470468,32.195428309769696],[35.4301957802199,32.19558632842096],[35.4292242159725,32.19532022875335],[35.42838422250533,32.19516561975333],[35.4273860410492,32.194765728328726],[35.42675674354447,32.194945298772836],[35.42639279281919,32.1963516381655],[35.42644929678709,32.19800270445983],[35.42671471309314,32.19925174919154],[35.42629575659692,32.19963186480356],[35.42705736263684,32.199853627918145],[35.428343415606044,32.19994054446328],[35.42963040532461,32.20040691649854],[35.4311009899169,32.200828218097996],[35.43238750524548,32.20109364560108],[35.43322738705167,32.201136767560584],[35.433504851611595,32.20084616192283]]]}},{"type":"Feature","properties":{"settlement_id":122,"source":"Peace Now","source_name":"Tzofim","source_type":"Settlement","source_db_id":112},"geometry":{"type":"Polygon","coordinates":[[[35.013785641009555,32.20027268635533],[35.01359652060029,32.200057815204175],[35.013602304316564,32.19906522775131],[35.012865042972315,32.19808288140138],[35.0128835545065,32.19785286434185],[35.01277589294435,32.19760741587584],[35.013570343727984,32.19710271703218],[35.012166145941194,32.19601195505956],[35.011662660699386,32.19538264455925],[35.01124958534045,32.19463073733804],[35.01110615768929,32.19420126863504],[35.01085427690463,32.19395550759226],[35.010115432082465,32.19380107064287],[35.008582762717424,32.19381403572664],[35.00759079073239,32.19395046802013],[35.007518048838556,32.19424172129744],[35.00744444764744,32.194931471702226],[35.00751454769748,32.19586682141689],[35.007350997935035,32.19646453962925],[35.00716974792927,32.19690883647836],[35.00675408293249,32.1973681871692],[35.00664480622627,32.19782792605292],[35.00650030610236,32.197950342482194],[35.0057968285518,32.19810263241737],[35.005002727850375,32.198423318881154],[35.00489381823779,32.19875888110781],[35.00498289487721,32.19924968221584],[35.00492766820655,32.199770826012305],[35.005394302928494,32.20075288252527],[35.00575384019704,32.20129000932547],[35.006367026204856,32.20121432008254],[35.00685364344777,32.201353054541386],[35.00744883204944,32.20126200159936],[35.008585083930505,32.201144190787815],[35.00937791966705,32.20142136251785],[35.009411097841216,32.20147669394292],[35.009534104751644,32.20149346296358],[35.00964179205185,32.20175024497773],[35.01029006202946,32.20185698820679],[35.010555786795955,32.20164687833576],[35.01230547468548,32.20219088255497],[35.012871307184476,32.202236852203804],[35.013331752667774,32.201936808928856],[35.01365090152423,32.201546328217795],[35.01372277169849,32.20100510409678],[35.013741555227,32.20047883705156],[35.013785641009555,32.20027268635533]]]}},{"type":"Feature","properties":{"settlement_id":171,"source":"Peace Now","source_name":"Har Hemed","source_type":"Outpost","source_db_id":257},"geometry":{"type":"Polygon","coordinates":[[[35.15210357965705,32.23165682786876],[35.15232076060519,32.23146222316589],[35.15226058052223,32.23113431060659],[35.152104214876296,32.23055016205042],[35.151815146684925,32.23011962155345],[35.15164660804176,32.22967894071133],[35.15169499862701,32.229473985992435],[35.151911992376085,32.22941266516523],[35.15202058347844,32.229310177745695],[35.152141221414254,32.22910534300803],[35.152201681109496,32.2287569196105],[35.152105267631946,32.22871593877881],[35.15132151662644,32.22899227797092],[35.15045353016096,32.22889965741821],[35.149995372229775,32.22899171288015],[35.14982649645395,32.229309247408004],[35.15015149839635,32.23012919721894],[35.15047666386844,32.23068266976125],[35.151283869891465,32.231513102052645],[35.15210357965705,32.23165682786876]]]}},{"type":"Feature","properties":{"settlement_id":123,"source":"Peace Now","source_name":"Kedumim","source_type":"Settlement","source_db_id":113},"geometry":{"type":"Polygon","coordinates":[[[35.167430934786246,32.228352626105206],[35.167993043393345,32.22719327859543],[35.16731111913636,32.2268861131079],[35.165746453989186,32.22678338077576],[35.16570480747893,32.22657249649617],[35.165645240241496,32.22647574704148],[35.165591133292814,32.22628226808606],[35.165504473716176,32.22618090396906],[35.165444962122336,32.2259551795546],[35.16545060958412,32.22542085678261],[35.16527205579115,32.22479435198033],[35.16490496006403,32.22432765705427],[35.16470493291661,32.2232362570638],[35.164745537867894,32.222076757735586],[35.16534423148282,32.22084765831742],[35.16501123845988,32.22057382236888],[35.16455593802666,32.22068694780805],[35.16382356767789,32.22040537053287],[35.163583174136754,32.21972327443747],[35.163462864375255,32.219518620846365],[35.16398473470688,32.21866624347153],[35.163423425569555,32.21805212822441],[35.16017428265404,32.21750545139265],[35.15949232258527,32.21747103275899],[35.158245119141704,32.21561236016761],[35.15941967300472,32.215437611337464],[35.15958624154003,32.21551792296586],[35.160079297051325,32.215629885956346],[35.160145153693854,32.21540633164731],[35.160441127115156,32.21518285773263],[35.16067136044659,32.21494072887867],[35.161460559555856,32.21445658226679],[35.16275390760418,32.21375833645783],[35.163981456615794,32.21313458209478],[35.1634015655272,32.2112060383551],[35.16218334060078,32.21031711911592],[35.16259172756802,32.20938899598306],[35.16144333402982,32.20871395251909],[35.16103386309368,32.2085152236627],[35.16034918418951,32.208387127861116],[35.157491541458334,32.207655377047445],[35.15769223604865,32.20741674910579],[35.158775038617705,32.20768993535712],[35.15997870552989,32.20721296021646],[35.1601795250322,32.20670144824824],[35.161743845629466,32.206565547055334],[35.162185157214076,32.20639516804354],[35.162746430264995,32.20714563973922],[35.16431084571657,32.2070438844766],[35.16459178141422,32.20663474351384],[35.16427111316733,32.206225321664284],[35.16619680788715,32.20527110992274],[35.16756066197197,32.20506690084825],[35.166517935155724,32.20458909653052],[35.16611685271848,32.20472541546461],[35.165234713020496,32.20400894664638],[35.163710168150175,32.20472466167488],[35.162105699728585,32.204826396134536],[35.161704056356335,32.205917601092935],[35.16182434430633,32.206122256780155],[35.159658284602,32.20612150686675],[35.159057379266045,32.20472307450676],[35.158255357469,32.204245288358855],[35.15677072148732,32.20519963677271],[35.15664989130985,32.206256843833245],[35.15709064459508,32.20717782245202],[35.15697004652966,32.20758700709016],[35.15560614955643,32.20775701433748],[35.15480409545931,32.2075179089363],[35.1541623238793,32.20744948005173],[35.154923634797804,32.208882085513835],[35.156808961591324,32.208951076047924],[35.157329583318216,32.21052001563448],[35.15460147455683,32.211269252518676],[35.15436035028366,32.21208761638294],[35.15315698343853,32.21205304582326],[35.152034434612005,32.210927158192916],[35.15143317165871,32.21010844775132],[35.15079134435968,32.21010817664811],[35.15143285469366,32.21065411730607],[35.152074274882686,32.21137049184093],[35.15227456285004,32.211882156903194],[35.15119098725831,32.21270016370706],[35.15091001291842,32.213041099574674],[35.15062911143719,32.213075067589116],[35.15026776011816,32.21372284476603],[35.15035539007516,32.21405888698322],[35.1506994655562,32.214468894635544],[35.15131888985059,32.21510482411811],[35.1518795901511,32.21531418243661],[35.15211514376045,32.21630957878724],[35.1534129113026,32.21797462178055],[35.15363919956069,32.21812522067617],[35.154238892214636,32.21884481304315],[35.155094471834104,32.219740079941296],[35.155290976802654,32.22025038541467],[35.15548756474379,32.22061018301447],[35.15574321193733,32.22082770175818],[35.15618591441419,32.22098685610701],[35.15646129126147,32.22121276750893],[35.15653429732227,32.222204262965],[35.157261390090305,32.22241059329954],[35.15772835653508,32.222578739348236],[35.158051492243445,32.22299115443864],[35.15808704733301,32.223724137220366],[35.15830240434788,32.22413651196328],[35.15882317503169,32.224503186544176],[35.15929014749065,32.224686597559106],[35.15979306625199,32.22483947800546],[35.16025982779951,32.22546572085567],[35.16034944211117,32.22589331869449],[35.160403120904206,32.226336172879066],[35.16065431366535,32.22697760948805],[35.15921710278678,32.227083993501175],[35.158866094236885,32.22756618438288],[35.16065055875298,32.22968626403326],[35.16133774568167,32.230752045726604],[35.16218161591073,32.23189299447515],[35.163587224533316,32.23270001063675],[35.16421841503427,32.232641056622384],[35.16554352553887,32.23220573149314],[35.16618579459377,32.231523820520216],[35.166426892900766,32.23063726190058],[35.16618653898744,32.229750467425696],[35.165665104534945,32.229477519270084],[35.165584923655096,32.22917052811235],[35.1667485806198,32.22906861914027],[35.167430934786246,32.228352626105206]]]}},{"type":"Feature","properties":{"settlement_id":7,"source":"Peace Now","source_name":"Elon More","source_type":"Settlement","source_db_id":7},"geometry":{"type":"Polygon","coordinates":[[[35.339842267621364,32.22638186498534],[35.33977490898662,32.22717418870552],[35.339324560394495,32.22786823856541],[35.33864773560471,32.22803128278773],[35.33725892736213,32.228062262440254],[35.336251712069696,32.22785672180792],[35.33540042881205,32.22742965969648],[35.335261205838954,32.227193694962835],[35.33574634508353,32.22652913684017],[35.33664822960955,32.22593792648527],[35.3370628664451,32.22561600555557],[35.335932677399164,32.22527085652774],[35.33468610400287,32.22456632210597],[35.333601145486455,32.22388117900411],[35.33254013047142,32.22384303055915],[35.331595085717304,32.224275306293],[35.330788908439686,32.225021166068274],[35.33042080569388,32.22572735755212],[35.3300976864722,32.22559042786542],[35.329843385833186,32.225120130722885],[35.329520511158556,32.22515967793032],[35.3294279205559,32.2249440633388],[35.32938091519508,32.22431674038072],[35.3289659345649,32.224415173280576],[35.329082319696475,32.22519933800712],[35.3299145194917,32.226551277331374],[35.33058443598088,32.22729566254993],[35.33120826856791,32.22807931778687],[35.33174697010032,32.228974696025226],[35.33121206318651,32.22913214320737],[35.33049205502545,32.22885051528989],[35.32947686612347,32.228694703333005],[35.328296243527916,32.22889975771051],[35.32707913696453,32.229512621758936],[35.326672872418904,32.22924635845232],[35.32602855176133,32.23042335261027],[35.326029219679995,32.23092528310651],[35.3259382964942,32.231882069525035],[35.326382015155495,32.232540483280225],[35.32706530793278,32.23296329865603],[35.327548005688904,32.23505982937516],[35.327918118406124,32.23587512853192],[35.32780802867209,32.23629871182139],[35.32747680184237,32.2370205485602],[35.327441314912065,32.23808711793167],[35.32760844297488,32.2388868337283],[35.32807039385026,32.239262875858806],[35.32829240561785,32.23968613421606],[35.3285335848504,32.24062699464967],[35.32919870008559,32.24120663507834],[35.32888562910824,32.24163041906006],[35.328350196216014,32.241458434544754],[35.32751924086768,32.241114225393154],[35.32598697906249,32.24080197855285],[35.32571061105182,32.241068900025546],[35.32611705083237,32.241429221252474],[35.32633895426618,32.24177411840195],[35.32648782784295,32.24265230758684],[35.32724424642263,32.24247897471172],[35.3278344567809,32.242196143286954],[35.329088759856575,32.24174005567146],[35.331655135224615,32.24111788729222],[35.33329543843324,32.239851481036546],[35.33493596389404,32.238846749464344],[35.33611608209816,32.23880187993337],[35.33678232841531,32.23823423566009],[35.33811581737899,32.237796732425394],[35.33914091556567,32.2369669993548],[35.340010967787585,32.235483363359016],[35.340419646411334,32.23426173423391],[35.341792352492384,32.23337143717574],[35.34267465375655,32.23251488590957],[35.342864418121934,32.23216809714369],[35.34348720659369,32.23206029141248],[35.34470064609456,32.230318731719606],[35.344565234905005,32.229879863528346],[35.34357727631151,32.22995730542405],[35.34283514897124,32.22925187405343],[35.34234062570255,32.228927922918636],[35.341283333952916,32.22768836890343],[35.3406757491711,32.22683007670347],[35.339842267621364,32.22638186498534]]]}},{"type":"Feature","properties":{"settlement_id":105,"source":"Peace Now","source_name":"Sal'it","source_type":"Settlement","source_db_id":96},"geometry":{"type":"Polygon","coordinates":[[[35.040229153546804,32.24878042317959],[35.0413648221462,32.2483226501214],[35.041762890937164,32.24732813222426],[35.04271816024006,32.247007887048035],[35.042738218551044,32.24502546148359],[35.043082370863786,32.24502590163229],[35.04397685215267,32.245101257560925],[35.04450079719995,32.24493500303617],[35.045700662835266,32.2450107331177],[35.04604982861545,32.24497401823003],[35.048603239996496,32.24455074376248],[35.05144011405202,32.24427610385517],[35.052421971447764,32.24425871284656],[35.05466986221803,32.24389058726791],[35.0554340706307,32.243557743009916],[35.055936459959746,32.243187433250455],[35.05633021843011,32.24253888561381],[35.05644293619978,32.24029539224081],[35.056087352761345,32.24019714830772],[35.05607756048017,32.2398447495539],[35.055610454919204,32.239109406135135],[35.05483655959925,32.238741095359956],[35.05399017070559,32.238648241132864],[35.053311442440716,32.2388456310774],[35.05230089740305,32.2383435301472],[35.05203942220448,32.23817638579778],[35.04992205834461,32.23885979666379],[35.048284663794945,32.239488306813485],[35.04714966293804,32.23980207022511],[35.04631899344539,32.24070966531971],[35.046077857981956,32.24135828310365],[35.04585828666753,32.24217393679982],[35.04555190184858,32.24269270557031],[35.045136767519544,32.24308157053679],[35.044547073387676,32.2434145735284],[35.04299823321627,32.24328283739887],[35.04275894044452,32.24287456682733],[35.04265398061267,32.242568433799335],[35.04243797030679,32.24249161578407],[35.042348752081026,32.24201694767198],[35.04195425196064,32.241427262048425],[35.04186980154816,32.23981396167283],[35.04119319779371,32.23997991808717],[35.040603942292606,32.24007185799424],[35.040167442135456,32.240182570545834],[35.04025329157123,32.24094297167137],[35.040426301097696,32.241796098500366],[35.04055553713815,32.24274196117739],[35.04075064394381,32.24346535012657],[35.03936152426433,32.24414822712763],[35.03833662186757,32.245867674925435],[35.03833787910541,32.24652625025709],[35.036862689401445,32.24765850505711],[35.036915098756886,32.248546448399296],[35.038157604695854,32.248777712697915],[35.03835628339132,32.248487119363766],[35.0390047650624,32.24848797048626],[35.040229153546804,32.24878042317959]]]}},{"type":"Feature","properties":{"settlement_id":25,"source":"Peace Now","source_name":"Bqa'ot","source_type":"Settlement","source_db_id":23},"geometry":{"type":"Polygon","coordinates":[[[35.44976317156659,32.23735040049244],[35.450947922790064,32.23738110819809],[35.45286839551641,32.23771943179329],[35.45441771549406,32.238190031025916],[35.45711245455552,32.23860569874895],[35.45844559709903,32.23926087883765],[35.457303028505464,32.240342046391284],[35.456465619443065,32.23981743735557],[35.45274856065902,32.23919325568785],[35.45135695351409,32.239801205306314],[35.449813363979146,32.23896896790194],[35.44947846954049,32.23931211233416],[35.446758180230944,32.239146108692154],[35.445112429107056,32.238949509105815],[35.44353486225817,32.2391808326536],[35.44226006247946,32.239639807033655],[35.44283417535725,32.240894449873984],[35.44422204847387,32.245143971098145],[35.44519704978619,32.2455701908337],[35.44811953423878,32.24596407719133],[35.44885873305465,32.24613389717314],[35.44922940483672,32.24661833521246],[35.45000293913983,32.24704490766987],[35.45114477694743,32.247071180236325],[35.45205038832498,32.2466984188803],[35.453897515427535,32.246751869230316],[35.45624769763982,32.246604548092584],[35.458768628209306,32.24745564623657],[35.46055124719352,32.248450852882776],[35.462198571683665,32.24913240223137],[35.46260151179126,32.24910308373999],[35.463773585879274,32.24795912722535],[35.467056021603106,32.24498442698227],[35.468093819496595,32.243897791292675],[35.466849680872684,32.24330115039224],[35.46627792404971,32.24298833777337],[35.4677166402128,32.24118747885146],[35.46862063866554,32.24030095052279],[35.468518790684975,32.239901586356616],[35.4673076570664,32.239105046853425],[35.466031859553496,32.23913627974261],[35.46492356446203,32.239081485952305],[35.4636458218316,32.23842770939337],[35.46283820453668,32.237801546005564],[35.46226560988381,32.237174898241335],[35.462329869813495,32.23614737289995],[35.46189337919584,32.23614826259109],[35.46102013142473,32.23609295551514],[35.460214551075765,32.23618025679431],[35.459645573146375,32.23683771991338],[35.45860417950054,32.2366400744043],[35.45826932675082,32.23698324205011],[35.45796667897612,32.23681260195031],[35.45786496087379,32.236441814887876],[35.458097592601156,32.23558520125169],[35.45873214426841,32.23435678813492],[35.457857516922765,32.23375922323194],[35.456951399196555,32.23393228384814],[35.45594351968111,32.23367746675163],[35.4548348268252,32.23345133746976],[35.45419976047526,32.234508484841385],[35.45329622275061,32.23559474399964],[35.45292704999194,32.2356525526768],[35.45175195322376,32.235711939470164],[35.45034502639808,32.23691323603927],[35.44976317156659,32.23735040049244]]]}},{"type":"Feature","properties":{"settlement_id":48,"source":"Peace Now","source_name":"Chemdat","source_type":"Settlement","source_db_id":43},"geometry":{"type":"Polygon","coordinates":[[[35.52562056914326,32.25364281241443],[35.52599636781259,32.254434153695954],[35.526407017139505,32.25454402606094],[35.52957288658961,32.253315732681195],[35.52968150904203,32.252380495840455],[35.52945353183122,32.25120841770498],[35.52909814033626,32.25090822939735],[35.52842291672555,32.249800691847426],[35.52799085762296,32.2489143642349],[35.527405227067334,32.24978760583034],[35.52731329662181,32.24938781437101],[35.52635143397839,32.248774717955705],[35.52457442496916,32.24807143016642],[35.52357867023918,32.24810469899373],[35.522529979667624,32.248538209913065],[35.52267745233581,32.249291811012604],[35.522661667532,32.249968901808],[35.522485623694436,32.25084086205764],[35.52317367978089,32.2513987247612],[35.52381363466085,32.252120643567416],[35.525423640302044,32.252685630656465],[35.52526406108949,32.25299399111557],[35.52562056914326,32.25364281241443]]]}},{"type":"Feature","properties":{"settlement_id":131,"source":"Peace Now","source_name":"Ro'i","source_type":"Settlement","source_db_id":121},"geometry":{"type":"Polygon","coordinates":[[[35.48239112716249,32.261648516538884],[35.48352283758583,32.2604180783089],[35.48488675845931,32.25916511140472],[35.48509040714067,32.258265681883664],[35.48415527732632,32.256272311706326],[35.48389514547035,32.255571127225735],[35.485466473014064,32.2546686647887],[35.48525608804151,32.25337535794874],[35.48509691975686,32.2519986128422],[35.48581744263093,32.2513391666545],[35.48751594606627,32.24986620351143],[35.488262424984015,32.2492725146477],[35.489238948539395,32.24799845558779],[35.49117081337926,32.24694153664965],[35.49034138530891,32.245737382411576],[35.48935874127709,32.2450379305019],[35.488686623351484,32.244622823882054],[35.48822014169487,32.24396602733981],[35.486724140965165,32.24414477247703],[35.486127702404815,32.24318129404588],[35.485250989513105,32.243336726947064],[35.484783798681896,32.24243878436571],[35.48297900090891,32.24288130766795],[35.48210068479796,32.24251044621934],[35.48140445799462,32.24266545584954],[35.48055385725792,32.24293045484084],[35.478876539179225,32.242868368317936],[35.47848970030453,32.24291303390616],[35.47745766726925,32.242937180408106],[35.476762712601484,32.24348686881703],[35.476999981746225,32.24519675443017],[35.47764823542321,32.246269819755696],[35.4783756771343,32.247912902053315],[35.479363288296575,32.250278907522386],[35.47985625317293,32.25117690308964],[35.47887712438256,32.25163947892043],[35.479346485245166,32.25326120108908],[35.47981372548484,32.25417458245537],[35.48030996412816,32.25614694141395],[35.48085926277338,32.258601720456795],[35.481613116994716,32.260398114160154],[35.48239112716249,32.261648516538884]]]}},{"type":"Feature","properties":{"settlement_id":137,"source":"Peace Now","source_name":"Shavei Shomron","source_type":"Settlement","source_db_id":127},"geometry":{"type":"Polygon","coordinates":[[[35.175687207422556,32.26420135251575],[35.17667184522704,32.26457400695134],[35.17708106413814,32.2649053197753],[35.17752915629852,32.26561754630093],[35.17811377432683,32.26606482120517],[35.178146008831476,32.26639319395394],[35.179179316694444,32.265851416041194],[35.17965524601325,32.2653798814733],[35.18006225145862,32.26544732363439],[35.17942763532291,32.266368003174954],[35.179953493623096,32.26691386160931],[35.18077827404474,32.26691401930509],[35.181243274137564,32.267668802437655],[35.18255429261131,32.26802830484828],[35.184076743077476,32.26840595372639],[35.18650869124551,32.26829847142985],[35.18716443129311,32.267615828427886],[35.187460567009374,32.26696902459998],[35.187249294294105,32.26617840849509],[35.187735719826975,32.26554966527462],[35.18777396101379,32.26479235833039],[35.18697680873842,32.26361398862557],[35.186768916420924,32.2629659427058],[35.18679331715762,32.259191377226855],[35.18586849535552,32.25779880932294],[35.1844940917218,32.258180411626995],[35.182802434804,32.25824749497409],[35.18177155281299,32.25858421768345],[35.179789176682746,32.25876347930154],[35.17886343030251,32.261054079749],[35.17923326507152,32.26190759619794],[35.17920671405899,32.262356856206736],[35.17854577363183,32.26296307688781],[35.177911092669596,32.26374902370475],[35.177235409089334,32.26390687088046],[35.17550202080125,32.26402425667507],[35.175687207422556,32.26420135251575]]]}},{"type":"Feature","properties":{"settlement_id":114,"source":"Peace Now","source_name":"Enav","source_type":"Settlement","source_db_id":104},"geometry":{"type":"Polygon","coordinates":[[[35.12570340185401,32.289134744211275],[35.12702695154996,32.2886493049062],[35.12704245388617,32.28779577004265],[35.127427553581306,32.28672907374615],[35.12859523258688,32.28634066514859],[35.12988475461118,32.28483019151493],[35.12940467751817,32.284048650833945],[35.12922056766775,32.28357835640798],[35.128137604101106,32.28240224393755],[35.12772302211961,32.281833874962096],[35.127262219285754,32.2813241817989],[35.12661687383197,32.280755667725366],[35.1261792909328,32.28016762068288],[35.12571836964513,32.27981465005027],[35.12523441339568,32.27934416207607],[35.12475037966995,32.279089196225634],[35.124219880241895,32.27916722422319],[35.12251237480778,32.2802044298038],[35.12248676072974,32.28017001860254],[35.12244198703172,32.280207996584906],[35.12225155720812,32.280255046286044],[35.12068945901262,32.28133955835858],[35.11935020340127,32.28308233205302],[35.1193491048148,32.28425779316878],[35.120408379985165,32.286041399288024],[35.12135296248487,32.28709989503724],[35.12169815143696,32.28796212676528],[35.12128236744178,32.28872592557695],[35.12153564699226,32.2890983441124],[35.12195077329197,32.28917698030124],[35.12225080335241,32.28892251548385],[35.12243580574111,32.288374087428075],[35.12255136097265,32.28819777570256],[35.12345010825651,32.28904079215724],[35.12409549004188,32.28949182073459],[35.12450992920862,32.29023658759102],[35.124878848152804,32.29035441197091],[35.125271065023526,32.29029586316076],[35.12531759954587,32.289766912477205],[35.1251566216985,32.2891986945382],[35.12527230903945,32.28886565229805],[35.12564122342701,32.28898347446888],[35.12570340185401,32.289134744211275]]]}},{"type":"Feature","properties":{"settlement_id":88,"source":"Peace Now","source_name":"Maskiyot","source_type":"Settlement","source_db_id":80},"geometry":{"type":"Polygon","coordinates":[[[35.50634202459461,32.31805470451212],[35.50619516210776,32.31736449128831],[35.50557834441653,32.31664470727877],[35.50454407603079,32.31537346093499],[35.5032409383731,32.314762716548536],[35.50056452905291,32.31418587871947],[35.50025004333376,32.314723722193705],[35.49900214086158,32.317212675057135],[35.498842970970955,32.318287258280655],[35.49951401237725,32.319022294655674],[35.50054725533532,32.31998666605131],[35.50177946440962,32.3209965979906],[35.50312018618939,32.32202160623643],[35.503608243583564,32.3220511419971],[35.50443826202285,32.321650179778466],[35.50534152678346,32.32154060824259],[35.505392800983195,32.32065042580674],[35.50522746319746,32.31983748789287],[35.50513614000823,32.31954613375943],[35.50591069329843,32.31877699202376],[35.50634202459461,32.31805470451212]]]}},{"type":"Feature","properties":{"settlement_id":248,"source":"Peace Now","source_name":"Tene Yarok Farm","source_type":"Farm","source_db_id":1155},"geometry":{"type":"Polygon","coordinates":[[[35.51593143446762,32.337117115005626],[35.51622758914165,32.33534071906381],[35.51523075690881,32.33535198799329],[35.51432314338441,32.33451779144391],[35.51291719114141,32.33494798520289],[35.514553092434795,32.337094792792904],[35.51589941876477,32.33835772517952],[35.51593143446762,32.337117115005626]]]}},{"type":"Feature","properties":{"settlement_id":138,"source":"Peace Now","source_name":"Shadmot Mehola","source_type":"Settlement","source_db_id":128},"geometry":{"type":"Polygon","coordinates":[[[35.53517657807893,32.34880667430588],[35.5353767185896,32.34839873514592],[35.53620312371718,32.34829385462161],[35.53654442345027,32.34788211567399],[35.537309939865274,32.34765754448752],[35.53874539516896,32.34866371850468],[35.53912530724856,32.34780685266745],[35.53964567395547,32.34672705858377],[35.54006422929898,32.34540784566113],[35.540822347931076,32.3445414020261],[35.54145948258939,32.34405153216672],[35.54173078990606,32.342550137308876],[35.54089844305541,32.34208226978545],[35.539959082454736,32.34147003822969],[35.53938365335572,32.34136308440069],[35.53880789321773,32.34116572746122],[35.5383144747032,32.3411569071797],[35.53785052804706,32.34110682375872],[35.53722448117018,32.340851655289136],[35.53698138540516,32.34054425516677],[35.53649626059893,32.34022026805586],[35.535426154468084,32.33982937120578],[35.534639256092696,32.3396773219984],[35.53336855226033,32.33956079673476],[35.53256478240817,32.34032469575564],[35.532427320396266,32.34135206696576],[35.532551949669944,32.34236171339899],[35.53210916875667,32.342585418130014],[35.53086292732265,32.343701328782096],[35.529838191433356,32.344713945667685],[35.529134329366606,32.34524644399909],[35.528610061840254,32.34526483522573],[35.52802827623136,32.34610514471279],[35.527325000551414,32.34680878523407],[35.52724637983422,32.34737393826702],[35.52769278674866,32.34816021106046],[35.528219686139884,32.34887611880678],[35.529050076650364,32.34988386436854],[35.53026262158234,32.350599710748774],[35.53080589076175,32.3502730424625],[35.53295976164733,32.349189040026396],[35.532962483447704,32.34994227156095],[35.532077913621535,32.350714853487084],[35.53125603521383,32.35208639477704],[35.530436219641174,32.354040009774],[35.52981535720337,32.35522273461698],[35.52993784883141,32.35566752613239],[35.53030221243836,32.35604315941707],[35.530687010025,32.35648718215305],[35.53099062295923,32.35677748387898],[35.53133351684274,32.35679363905937],[35.53209870654873,32.356483523556456],[35.53342710383405,32.355744052148346],[35.53442962499366,32.35414947139749],[35.534888596088926,32.35281303765066],[35.535286796085735,32.35139118455939],[35.53517657807893,32.34880667430588]]]}},{"type":"Feature","properties":{"settlement_id":74,"source":"Peace Now","source_name":"Mechola","source_type":"Settlement","source_db_id":67},"geometry":{"type":"Polygon","coordinates":[[[35.519169845120686,32.36503645329227],[35.51935926455068,32.36332705163073],[35.51859253309116,32.36247005177889],[35.516569362511284,32.36270195607698],[35.51637725449778,32.36236210819175],[35.51513737323728,32.36272169757033],[35.51469810252891,32.36269036687626],[35.51345832023421,32.363082351377955],[35.51286871612709,32.36376444051721],[35.51197452706245,32.364722770944255],[35.51182325200323,32.36516069821052],[35.51192026060455,32.36561422666894],[35.511064231968454,32.366572456534875],[35.51080056703562,32.367658890496855],[35.51173411898796,32.36850192693005],[35.51632824377902,32.36630927534258],[35.519169845120686,32.36503645329227]]]}},{"type":"Feature","properties":{"settlement_id":67,"source":"Peace Now","source_name":"Mevo Dotan","source_type":"Settlement","source_db_id":62},"geometry":{"type":"Polygon","coordinates":[[[35.169542121896725,32.41683580134798],[35.16899803424315,32.417078491733676],[35.168053022729524,32.41763676872085],[35.16719386003095,32.41829218300143],[35.16690722789752,32.41909348707979],[35.16650598375288,32.41989475587797],[35.16710686711661,32.42093916725397],[35.16810866766832,32.42149800729524],[35.16911052046009,32.422226910166515],[35.17008376658028,32.42273712183083],[35.171400786543025,32.422858850974826],[35.17274654993704,32.42288354487053],[35.17406370618199,32.422616680399464],[35.17575301145546,32.422204254365106],[35.17735651110431,32.421767529992906],[35.17901716308854,32.42181639140896],[35.18196616913221,32.42184130110472],[35.18316879181393,32.42152580646043],[35.18365567569733,32.4207973607181],[35.183913539005,32.42011739015584],[35.183512929574135,32.419267330210864],[35.18302636940336,32.41866018695767],[35.18231068307839,32.418174377783295],[35.181394557063875,32.41788276586451],[35.1796480754762,32.41822239480263],[35.17959085986324,32.41790667916566],[35.17907576275985,32.41720239588961],[35.177587023056894,32.417056362921066],[35.175239402218814,32.416910115724455],[35.17234776243226,32.41686080607472],[35.17117401101724,32.416787639152645],[35.17017190725091,32.41683597458235],[35.169542121896725,32.41683580134798]]]}},{"type":"Feature","properties":{"settlement_id":201,"source":"Peace Now","source_name":"Maoz Zvi","source_type":"Outpost","source_db_id":281},"geometry":{"type":"Polygon","coordinates":[[[35.16458952937231,32.42185609018279],[35.16319254239492,32.42100158206901],[35.16173283157037,32.42248262337265],[35.16167059718729,32.42372011401244],[35.1613002886109,32.42457404482281],[35.16198096552847,32.42532549613892],[35.16274856563,32.425767644349115],[35.163714145629676,32.42565740008208],[35.163827024615856,32.42587782696437],[35.16399573627029,32.42604489421177],[35.16559495789394,32.42535978302472],[35.16577974793437,32.42485727955883],[35.16561545066821,32.4235507806566],[35.16458952937231,32.42185609018279]]]}},{"type":"Feature","properties":{"settlement_id":50,"source":"Peace Now","source_name":"Hermesh","source_type":"Settlement","source_db_id":45},"geometry":{"type":"Polygon","coordinates":[[[35.11665147149878,32.42578156917396],[35.11710169853671,32.42582678967752],[35.117419427991436,32.42589446087274],[35.118054930471466,32.42609707167587],[35.119378955649,32.42643495853612],[35.11985574549387,32.42639028235682],[35.120729981802235,32.42609887912563],[35.121048028232835,32.42594182448067],[35.12139240003838,32.425829693711734],[35.12155155599741,32.42560517188248],[35.12192233833286,32.425560508192966],[35.12231992462947,32.425268780492345],[35.12277065856061,32.424752369069445],[35.12293021362826,32.424078592129234],[35.12271898845089,32.42333712356375],[35.12240125936547,32.42315719738389],[35.122083596935674,32.42302226795013],[35.121924856223714,32.422797537150295],[35.121395593375695,32.42234784521307],[35.12123687617939,32.42210065987157],[35.12102523775647,32.42194325394271],[35.120893036500156,32.421651178381005],[35.12068127263958,32.421516225452635],[35.12057556890799,32.42131398185583],[35.120337417076875,32.421089196070966],[35.119781593192805,32.420639569676325],[35.11943740790884,32.420571886537],[35.1190402353746,32.420436895673795],[35.11792803371325,32.42025641667264],[35.117689848216926,32.420076533183135],[35.117372203700675,32.41994150165956],[35.11718696458563,32.41976165382075],[35.116869256705506,32.41969407218613],[35.11668391022619,32.41962658208814],[35.116419125793534,32.419581399701],[35.11591583208646,32.41969340535348],[35.115703838056604,32.419805614658884],[35.11546530514662,32.41998507570167],[35.11517373790909,32.42025449374026],[35.114961763922324,32.4203441579498],[35.11485574100107,32.4204788947639],[35.11467023863453,32.42056857731373],[35.114272581274676,32.420927732227845],[35.11398089532391,32.421309415725325],[35.11387447150825,32.42173613927584],[35.11374179251488,32.42205057545694],[35.11366181089349,32.42261212999285],[35.11363475219556,32.42319617627649],[35.113740082699216,32.42375777412007],[35.11397791092837,32.42429710362877],[35.11421594341902,32.424634259694706],[35.114401208978656,32.42479156795246],[35.114612837371325,32.42506134338579],[35.114851007607335,32.42526368620255],[35.11553927122699,32.425646066662885],[35.115804051035695,32.42571361434997],[35.11622774075767,32.42571391197761],[35.11665147149878,32.42578156917396]]]}},{"type":"Feature","properties":{"settlement_id":134,"source":"Peace Now","source_name":"Reihan","source_type":"Settlement","source_db_id":124},"geometry":{"type":"Polygon","coordinates":[[[35.14224565846981,32.47156668125501],[35.14222626647861,32.4709947837711],[35.1424250356921,32.47043976651434],[35.13900212244676,32.46813399756399],[35.14162256281543,32.46810773849601],[35.14116952015698,32.46671003459906],[35.14061488279196,32.46669408084728],[35.13875927739238,32.46635396701945],[35.137896630646864,32.46640870434119],[35.13765246610875,32.46644996802704],[35.137506016327094,32.46640849704556],[35.13737581155473,32.46640842767772],[35.137160073903416,32.466211610760155],[35.13665732660092,32.46582511958045],[35.13530974567172,32.46559909071233],[35.134379751824106,32.46541351130498],[35.13373421918428,32.46558212223115],[35.1336293556492,32.466169441793916],[35.133885324961916,32.4665477605404],[35.134169819467694,32.46686172434516],[35.134166614891086,32.46700083603869],[35.13357760623818,32.467053990886285],[35.133061194978644,32.467709720086695],[35.132564427471124,32.46853372435737],[35.13059970835378,32.468969933549836],[35.12970629838858,32.46947402351973],[35.12911012622375,32.47056703606858],[35.129923312755665,32.47100495792794],[35.130875610912504,32.471224102010446],[35.13145120630257,32.47108989676091],[35.13295994242255,32.47024970400039],[35.13494479258133,32.46966206586965],[35.13546061076792,32.469780118030464],[35.13593654917535,32.47016722767601],[35.13678895159811,32.47126114748069],[35.13740412890328,32.47124461426432],[35.13764174772198,32.47185035388897],[35.138673209411614,32.47237228756674],[35.13988351581085,32.47272621912767],[35.140974890534636,32.47264264175432],[35.14180857050981,32.472323480744116],[35.14224565846981,32.47156668125501]]]}},{"type":"Feature","properties":{"settlement_id":144,"source":"Peace Now","source_name":"Shaked","source_type":"Settlement","source_db_id":133},"geometry":{"type":"Polygon","coordinates":[[[35.164006547647496,32.47793680635277],[35.165440312176926,32.47740620417006],[35.16642799296808,32.477073471286346],[35.16630500566866,32.47641519350344],[35.16670917463243,32.47638064068977],[35.168475798692256,32.4759504848218],[35.17033108796452,32.4756227666316],[35.171016848016954,32.475240069438875],[35.17206562373042,32.474700197985335],[35.17253381069532,32.47405917594929],[35.17259360203535,32.473436805536885],[35.17249459017758,32.472763987090325],[35.172415815484044,32.47268517509167],[35.17251831493458,32.472338065601335],[35.17243722976606,32.47167824842779],[35.17221672308428,32.471077482418764],[35.17143864656441,32.470387940676275],[35.1711135453418,32.469934860311795],[35.17083471143289,32.47002341605394],[35.170370028279905,32.47006268099786],[35.16955678993588,32.47023971695277],[35.168906117335254,32.47058420400155],[35.168685316948334,32.470790943533835],[35.16802311232817,32.47090892547413],[35.16776748963542,32.47103687124966],[35.167614680302,32.471300898672354],[35.16630393264277,32.471433355716464],[35.165410817842826,32.4719040639099],[35.1647559999052,32.47183658847569],[35.16392252596726,32.471886730132255],[35.16334694281448,32.47208844435611],[35.162929898009146,32.47289573142072],[35.16292974333968,32.47323217309342],[35.16237964509196,32.474139067699376],[35.16265553940937,32.474982283315285],[35.1630634439021,32.475310299655746],[35.164139299264384,32.47526789914417],[35.164734680009005,32.475083050325864],[35.16474675852939,32.47527852753149],[35.16334879869239,32.47658645078452],[35.1621165830225,32.47755814491897],[35.163178324864205,32.477846528402765],[35.163433289200206,32.47759458465616],[35.164006547647496,32.47793680635277]]]}},{"type":"Feature","properties":{"settlement_id":46,"source":"Peace Now","source_name":"Hinanit","source_type":"Settlement","source_db_id":41},"geometry":{"type":"Polygon","coordinates":[[[35.16532813378904,32.480295145135834],[35.1654981004076,32.48055891167422],[35.16598592002838,32.48088403576402],[35.16733346871874,32.48124880580682],[35.167937572184506,32.48134745974669],[35.16873920551618,32.48139692816969],[35.16985468529569,32.48104272349862],[35.16994755917633,32.48122985495041],[35.17036564860227,32.481663267764354],[35.17048171943351,32.481958729984775],[35.17045833395772,32.48235263134671],[35.17072043520461,32.482967439894566],[35.17184547766284,32.48360686609797],[35.17283776063887,32.483634713159375],[35.17391131170116,32.48370387212024],[35.17505008257741,32.483442186852564],[35.17670966996811,32.48232575272326],[35.17721424225179,32.48135107621051],[35.17737701909543,32.48097887079749],[35.177724440384885,32.47987579993288],[35.178359569238,32.47958731982739],[35.177280065093974,32.47897958913965],[35.17729653272176,32.478345304540554],[35.17698774168511,32.47751797547976],[35.176044408088,32.476980054364994],[35.175182475053596,32.476745492597644],[35.173734719355785,32.476786446879856],[35.17292138658758,32.47692421254666],[35.17248225393888,32.476896508125066],[35.17131131913386,32.47630330649768],[35.16992860524703,32.476523501321296],[35.16929412153752,32.47686806299302],[35.16851301025703,32.47781918424013],[35.167764267895144,32.47892198361708],[35.16743905324274,32.47866128365535],[35.166999936713715,32.478578463437415],[35.16669078355164,32.47884032812665],[35.16659295570335,32.479240132841355],[35.165486784813126,32.47946045193492],[35.16548648729559,32.48014983652628],[35.16532813378904,32.480295145135834]]]}},{"type":"Feature","properties":{"settlement_id":52,"source":"Peace Now","source_name":"Tal Menashe","source_type":"Settlement","source_db_id":47},"geometry":{"type":"Polygon","coordinates":[[[35.15637136177026,32.48105157109217],[35.15636588599812,32.48135341209857],[35.15614133553874,32.48155074785575],[35.156172167174965,32.48154142392984],[35.15600704243086,32.4817628290984],[35.15593815987008,32.482054156495686],[35.155992862064736,32.48261344010141],[35.157065092413724,32.48271872187648],[35.15729871771317,32.482928645877685],[35.157490844483554,32.48376770161057],[35.157655530704076,32.48418725489342],[35.1585078497102,32.48433906251972],[35.160151867667565,32.48448636757148],[35.161429707877204,32.48491026197921],[35.16267363925421,32.48438713656574],[35.16333379509985,32.483909519520886],[35.1634990009455,32.483478449059],[35.163237884841884,32.483093859493025],[35.162124522491446,32.482650642287894],[35.162001143719564,32.481904857183416],[35.161437670634825,32.48155505885495],[35.16077811383672,32.480808997605976],[35.16103988518512,32.479573876968175],[35.16106790343799,32.4786066739829],[35.16049053394166,32.478443347520894],[35.15882702659861,32.478640868302286],[35.157506979708046,32.479129849927666],[35.15771282621087,32.47975916488053],[35.156818930363514,32.480259839271085],[35.15677734706635,32.481040645073975],[35.15637136177026,32.48105157109217]]]}},{"type":"Feature","properties":{"settlement_id":126,"source":"Peace Now","source_name":"Kiryat Arba","source_type":"Settlement","source_db_id":116},"geometry":{"type":"Polygon","coordinates":[[[35.123166603277255,31.526130910070577],[35.12287248541083,31.526003890233344],[35.12253475054589,31.526024896402337],[35.12201101841882,31.52581333909752],[35.121733570980965,31.525826417507993],[35.12139436598267,31.526024160480308],[35.121055312090355,31.52605036483855],[35.1204858283527,31.525905240082906],[35.119724291308096,31.526002591685288],[35.11943908956216,31.52574148808514],[35.119039412569364,31.525627133670884],[35.11879168676435,31.52595308815658],[35.118220930179255,31.525708114215295],[35.1178020470513,31.5257567129182],[35.11745954365842,31.525642392313397],[35.11686994843248,31.525169133364294],[35.1165172822453,31.525004839041745],[35.11627947072182,31.524856947069495],[35.11531060705276,31.524642078303437],[35.115129154296184,31.524797255610178],[35.11494776737888,31.524882807463833],[35.11490381944854,31.525038080646357],[35.115097613512916,31.525081055615924],[35.11497856274052,31.525380847866263],[35.11532775188338,31.52565724783118],[35.11532711667547,31.52632572170799],[35.1148319400231,31.52654705787721],[35.11479280830965,31.527720918743324],[35.11433508965885,31.52861742718914],[35.114010773177284,31.529399760039222],[35.1138388318107,31.530051788144544],[35.11357162310034,31.530785278245055],[35.11303855989694,31.530850194273178],[35.112676937765066,31.530784638997577],[35.11231534804075,31.530686615026124],[35.11201107846948,31.53044180535477],[35.11166862960104,31.530262263394846],[35.111364387249054,31.5298870402633],[35.11107901056467,31.52970744807462],[35.11079338196969,31.529886623159214],[35.11054582860248,31.53000052942592],[35.11050789209732,31.529821117507783],[35.11066042320093,31.52954408161196],[35.11047018439707,31.529413529947384],[35.11010870071133,31.529217645754507],[35.10982321991203,31.529249992628344],[35.109537485028895,31.52942916484145],[35.109537287051126,31.529624782596464],[35.10972739316729,31.529885837661855],[35.10994756349307,31.530023874713407],[35.109724688577735,31.530657872419056],[35.10937108390381,31.531355180995494],[35.10896680498056,31.53175118839003],[35.10919805252914,31.531848758583482],[35.10958673584879,31.53181997192271],[35.10966654140226,31.531841853021763],[35.10963228478081,31.532126962468002],[35.11025814398135,31.532119917053517],[35.111180373353605,31.532058450179626],[35.11216478035074,31.5321867519182],[35.11231419465365,31.531860501704525],[35.11252437857729,31.53109432529986],[35.11364737192261,31.531176658003634],[35.11372316866775,31.531519155812454],[35.11372239570074,31.532318040842956],[35.113474443938735,31.532839602301355],[35.11315053424077,31.53318172504293],[35.11284552785558,31.533572832580465],[35.11303558758475,31.533899088481448],[35.11364456137701,31.53407890652166],[35.11499553186555,31.534634154644504],[35.11547188374778,31.534210603572937],[35.11570012100512,31.53437382216782],[35.11611876728055,31.534618611851773],[35.11665220087896,31.53417877178682],[35.11749019844881,31.533687008378575],[35.11787122531375,31.53339379526691],[35.1182710534445,31.53326356343186],[35.118709355717584,31.53274212051927],[35.11903370407887,31.531894570204273],[35.119338398033626,31.531813243484333],[35.119814492993555,31.53152008775545],[35.120595144459124,31.531292336376385],[35.1213757055292,31.531162344008955],[35.121451621326244,31.53152116138442],[35.12236509575928,31.531717369202354],[35.123107207828596,31.53209284555554],[35.123668247197166,31.532676898370067],[35.12376312647997,31.533035636096415],[35.12353381626814,31.53398111249799],[35.122942139335535,31.535806863113965],[35.122675255479514,31.53623057613763],[35.122332308017185,31.536572799979226],[35.12246527112562,31.536850032989246],[35.12267447323537,31.537127314658207],[35.12290223366174,31.53786122946131],[35.12309189838358,31.538692883263856],[35.122787375857996,31.538676365006655],[35.122083175102965,31.538480205213528],[35.121359758427225,31.53846350306453],[35.12090266024361,31.538675146714063],[35.120255063028786,31.539124669322888],[35.119626791973275,31.53915690188005],[35.11916964204097,31.539417421129276],[35.11859860845686,31.53938448094134],[35.11816112998013,31.538976536836316],[35.11793253114009,31.539074236188767],[35.11768449423666,31.539693659106366],[35.11768414712437,31.54006866025488],[35.11680808269076,31.540443063802574],[35.11674954285358,31.54200823469992],[35.116406828391895,31.54205688087693],[35.11617717606966,31.543263255935628],[35.11602460802743,31.54357294579186],[35.115966622593,31.54453484939342],[35.1160037777131,31.545447936900015],[35.11634583038392,31.54611664545582],[35.116840503382335,31.54654086837987],[35.11725932903906,31.54654115485411],[35.11801257791068,31.54636489847172],[35.11839001323975,31.546252689008202],[35.118693559923685,31.54621077537124],[35.118939529371495,31.546253057932656],[35.11908608430278,31.546233399378174],[35.11933178115632,31.546319822536717],[35.11964639335588,31.546580967673982],[35.120022346977066,31.546398561926843],[35.12106867535854,31.54615570937948],[35.12165799187527,31.545877761186787],[35.122277591466116,31.545808578528874],[35.12260235226977,31.546087117476777],[35.123150865439534,31.546009187319708],[35.123374155137505,31.546183286213186],[35.123780493748264,31.546087866730165],[35.124329281109944,31.545688111694766],[35.125446618728155,31.54552354813574],[35.12601578076541,31.545036819438742],[35.12621890641826,31.545036943969016],[35.12657432545321,31.54509804601142],[35.12729549293578,31.545011504551727],[35.127947191880324,31.545049259451133],[35.12939808187155,31.544384408139752],[35.129896239785964,31.54418952511716],[35.13071289272404,31.54406155526607],[35.13074632200512,31.543933131684163],[35.13046076410214,31.543713893963616],[35.13042785671288,31.543229211520785],[35.13046872459183,31.543058688087246],[35.13057000056825,31.543109328566846],[35.13098883656543,31.54307701223649],[35.131217491938244,31.542767348083895],[35.131427355612324,31.542245731197895],[35.13146587945479,31.541593514257663],[35.13211329880971,31.54146347070799],[35.13203733873254,31.541235162063682],[35.13152323847844,31.54136528139761],[35.13131393713515,31.54116954417308],[35.12992470704339,31.54054915041773],[35.12920116821445,31.54066290427864],[35.128420287569,31.541102649263443],[35.12723985811363,31.541297559022272],[35.12659202682565,31.541916756855166],[35.12632518274079,31.542291595272943],[35.12602057971943,31.542356614520905],[35.12573523284965,31.542062967635324],[35.12543093721872,31.541638896673604],[35.12565976752395,31.54126403665127],[35.125584029133705,31.540791134689076],[35.125679513051566,31.54044884023762],[35.12680329206014,31.53973208306781],[35.126936785172475,31.539389810705785],[35.12693741889957,31.53862348412181],[35.126614039075946,31.538362463997494],[35.1257573597596,31.538410821182847],[35.125243225031106,31.538589797183928],[35.124919163718985,31.539013569442293],[35.12461462591733,31.539013379543395],[35.12417655048647,31.539273928626706],[35.12360519970424,31.53948560027603],[35.12351080455597,31.53855940055227],[35.12311231929757,31.537124347321207],[35.12320811930998,31.536423377147816],[35.12347562100893,31.535282217961765],[35.12418179138767,31.533153324543193],[35.124011088785366,31.532435771438674],[35.12338352635005,31.531701695210515],[35.12292700432455,31.531293845040125],[35.12267987428029,31.53093491909485],[35.12214793267577,31.52972813194336],[35.12260491334761,31.52959792325269],[35.12306182191233,31.529549333087548],[35.12359515201494,31.52915834552502],[35.124185350567956,31.52899565747964],[35.12471840936063,31.528914551289674],[35.125422557751,31.529094282534434],[35.12627886676162,31.529388281168746],[35.12700226819783,31.52933983964335],[35.12757351100004,31.529046712505345],[35.12772609729058,31.52863915403395],[35.12822156490213,31.52803618233228],[35.12825999894892,31.52751446706389],[35.12747990591872,31.52712276362448],[35.12656645192625,31.526942826100267],[35.125691093243816,31.526665051424732],[35.12494869576657,31.526664591802312],[35.123558014781594,31.526314961775803],[35.1233205612128,31.526223450710305],[35.123166603277255,31.526130910070577]]]}},{"type":"Feature","properties":{"settlement_id":76,"source":"Peace Now","source_name":"Ma'on","source_type":"Settlement","source_db_id":69},"geometry":{"type":"Polygon","coordinates":[[[35.16403282366841,31.416043846211323],[35.164162733481184,31.415728583956113],[35.16489815301557,31.415487646093116],[35.165871687928615,31.41467190672074],[35.16649870931015,31.415117180522785],[35.16729874839877,31.415525523802643],[35.16827185651105,31.415766879778428],[35.16879098977822,31.41539607522908],[35.16889928192897,31.415192096222142],[35.16874809759026,31.414524379583234],[35.16879147477525,31.414116283138306],[35.16924570102984,31.414053366309158],[35.16980817562914,31.41360843348483],[35.16965681596887,31.413404293016633],[35.16905134985933,31.41323727588869],[35.168294506968486,31.41319990606902],[35.16816495773429,31.41262490972064],[35.16734326152248,31.41225372357559],[35.166737561663254,31.41269872313287],[35.166369719255556,31.413180858789723],[35.166283124993214,31.41355178341215],[35.16567751114556,31.413755610529797],[35.1653748226179,31.41356999815755],[35.164877408286536,31.41355135639888],[35.1643366511586,31.413569676924784],[35.163904267844664,31.413458336703656],[35.163861020647275,31.413272802689928],[35.164012542875824,31.413068841452514],[35.163991246109006,31.41221563964386],[35.16407819991889,31.411269756827444],[35.163342932714514,31.411232454763415],[35.16334308659325,31.410880083356187],[35.16355936855171,31.41071321136189],[35.16518151189905,31.410342768818904],[35.16494569880933,31.40969865093606],[35.16563819319342,31.409643305922536],[35.166415802473075,31.409483452516493],[35.1671385612877,31.40921030001271],[35.16721986891293,31.408893396714866],[35.167057686865974,31.40870007266171],[35.16707574863869,31.408499135035232],[35.16694068583783,31.408336753847752],[35.16670632720379,31.408243879614595],[35.166498928941664,31.408313444812297],[35.16643577521997,31.40846025508677],[35.16583190987194,31.408583814699572],[35.16589508050079,31.408398223110606],[35.16567873010113,31.40824357239989],[35.165417346906686,31.408405834610317],[35.165291048607,31.40866860914052],[35.16499353780965,31.40871496550979],[35.16469598105323,31.408869458754452],[35.16461485844233,31.40897766129728],[35.164533653689055,31.409279140510048],[35.16421803626201,31.40961148127845],[35.16385735002607,31.409835489022242],[35.16337053492976,31.409912716527675],[35.16327199090491,31.40987040207967],[35.162686734571345,31.41046198641876],[35.162017063050335,31.41019916414644],[35.161404701857656,31.410166134181488],[35.16079219543508,31.410444941445462],[35.159662849339085,31.411018992495176],[35.158284683823744,31.411642182234903],[35.15717443722682,31.412232630854785],[35.15621714811737,31.41306931666791],[35.15590777844688,31.413503719460866],[35.15622669872282,31.41372272598904],[35.156659151017,31.413889829380537],[35.15747834412365,31.41415920376798],[35.15752367174054,31.41425650715293],[35.15765714816642,31.414421209091064],[35.15795761695741,31.414500065941688],[35.15834161901427,31.41445725199622],[35.15955209166434,31.414257234778788],[35.15992468175672,31.4141320841923],[35.16063863444228,31.413464655966358],[35.16087641896688,31.41366874633586],[35.161373697276396,31.41398421799674],[35.161135688970504,31.414262372988095],[35.16113560364191,31.414447803041636],[35.16104876272885,31.415078380164235],[35.16130820771159,31.41530105610952],[35.162475868350576,31.415746530653276],[35.16286505366447,31.415820883846678],[35.163686948060615,31.41576550124764],[35.16381658638045,31.416080845698378],[35.16403282366841,31.416043846211323]]]}},{"type":"Feature","properties":{"settlement_id":111,"source":"Peace Now","source_name":"Almon","source_type":"Settlement","source_db_id":102},"geometry":{"type":"Polygon","coordinates":[[[35.29273533633815,31.82376202213651],[35.292755541057346,31.823521749184874],[35.292131366875985,31.823311519837077],[35.290207577417235,31.823151851449154],[35.289396575996676,31.823136252019818],[35.28858570624447,31.823265663073155],[35.28805771655985,31.82329820642184],[35.287397738432574,31.823379082002145],[35.286851012311196,31.823604896673775],[35.286323042239886,31.823782358360052],[35.28636099207377,31.824056132306577],[35.286870442526435,31.82431336888045],[35.2873986591778,31.82440970310395],[35.28764401945019,31.824634912633176],[35.2878138623276,31.82474753144753],[35.28839850526821,31.82474714743006],[35.288436359649545,31.824908190907443],[35.28830463160801,31.825246377110624],[35.287795403281336,31.825246711370802],[35.287682421036905,31.825407853679735],[35.288116479020296,31.825681277362275],[35.28804156420524,31.826357615449833],[35.28809860177362,31.82682455007457],[35.28851371629825,31.827049736407645],[35.28900432854962,31.82724267563631],[35.289579910785314,31.827596263824038],[35.28956682096059,31.827605290958637],[35.28977073012077,31.82776757562942],[35.29047738760736,31.82798741937965],[35.29153744322206,31.828497049246877],[35.29201299688547,31.82861269956647],[35.29189155760299,31.829436251565664],[35.291823931045016,31.82974941621498],[35.29170195775814,31.83012060625466],[35.291063633052104,31.83024865210628],[35.29064267973005,31.830469346958182],[35.29043897797763,31.830539016386872],[35.29019474801078,31.830875566671924],[35.29011374344968,31.831351160380855],[35.290467114557764,31.83160605214257],[35.29103783789292,31.83169846447883],[35.29113302799762,31.831825919600536],[35.29204363165452,31.832196492958076],[35.29383667436417,31.83207927059887],[35.29577946246112,31.832135880181013],[35.296173572497835,31.83222839601446],[35.296526675912276,31.832193330235434],[35.29720624643204,31.832424789699548],[35.297532260103274,31.832447729029244],[35.297844705965424,31.832424323014997],[35.29818445221719,31.832551683411054],[35.29871422515409,31.832458493221022],[35.29933917537656,31.832469572560633],[35.2996107267071,31.832330216345174],[35.299827577229784,31.831900959684194],[35.2998134004731,31.831263010204314],[35.29955494595151,31.830984896320782],[35.299092855608514,31.830730110649746],[35.29880722156716,31.830417114286284],[35.298874801438664,31.830080768781098],[35.29934948286064,31.829326479232485],[35.299607325796075,31.829013168591352],[35.29960696910321,31.8286652396627],[35.299769874346666,31.828583952380484],[35.30013679211404,31.828746008085194],[35.30066670970687,31.828815230698673],[35.30084326475629,31.828757108973488],[35.30082924092733,31.828374379426624],[35.301262819044084,31.827225829910244],[35.3010451682912,31.826970774906183],[35.30029837747868,31.827284547693033],[35.29934765678985,31.82754038982767],[35.298247323984654,31.827552838767676],[35.29604601643512,31.826928114287306],[35.29558421782856,31.826940079319648],[35.294905324358595,31.827358024405104],[35.29360133388938,31.827474920382016],[35.29239249481212,31.827684536507693],[35.29149571260799,31.82747637701134],[35.29043076657839,31.827376094536866],[35.29068287008776,31.827225407226248],[35.291569100259245,31.827112074236823],[35.29203982392484,31.82625834145191],[35.29226557601002,31.825614092758176],[35.2927366379171,31.825130742203047],[35.29249106540644,31.82469613567938],[35.29273533633815,31.82376202213651]]]}},{"type":"Feature","properties":{"settlement_id":68,"source":"Peace Now","source_name":"Mevo Horon","source_type":"Settlement","source_db_id":63},"geometry":{"type":"Polygon","coordinates":[[[35.04114780003771,31.851153067977474],[35.04138225537839,31.851027466539445],[35.045140140594185,31.84985813255523],[35.046446912065676,31.849345356824994],[35.04568776503629,31.84750710384371],[35.04463510998831,31.845220609886432],[35.04398036806653,31.84365067989595],[35.043216678852886,31.843019780248582],[35.041676376271084,31.841494525328038],[35.041398495847695,31.84101603164324],[35.040161386792974,31.841284088906406],[35.03960976765906,31.841570236164113],[35.03921315505024,31.841615619222246],[35.03791614181154,31.841550817930603],[35.0365056765299,31.841044087610896],[35.03578676793221,31.84092265454135],[35.033683452514765,31.843083201028175],[35.03319632432034,31.84410585803351],[35.03199550834687,31.845249294802436],[35.03088192860041,31.845491365277212],[35.02768068123503,31.847898911560335],[35.027851433107394,31.8481671739258],[35.02867802133256,31.848801767482904],[35.029479573246135,31.849720038152014],[35.028821895153584,31.85165816433465],[35.02830080150064,31.85415471060056],[35.030709874427124,31.854422442855647],[35.03267214727857,31.854278200447105],[35.033912842878614,31.853398508774177],[35.03535991367184,31.852665897967885],[35.040008786166986,31.85146750612525],[35.04082047925249,31.851207472360986],[35.04114780003771,31.851153067977474]]]}},{"type":"Feature","properties":{"settlement_id":96,"source":"Peace Now","source_name":"Nahliel","source_type":"Settlement","source_db_id":87},"geometry":{"type":"Polygon","coordinates":[[[35.14010094611773,31.970842232589206],[35.139243318560176,31.971068340283196],[35.13772775516626,31.972058937871058],[35.1368281162172,31.972733269297656],[35.13646409962571,31.972955351174814],[35.136318962401816,31.973560480635832],[35.13518934116862,31.97416327506835],[35.134936062809786,31.974723435894752],[35.13547497995786,31.975312797515315],[35.1358621449737,31.975959520591932],[35.13603057674186,31.976103271125755],[35.136519349547605,31.976132301885936],[35.13833962149673,31.976147602862635],[35.13992374953749,31.976464505952407],[35.14066540749449,31.976464881205686],[35.14127230838553,31.97626407972849],[35.142081719112355,31.975732858937853],[35.14265528605282,31.975057948822116],[35.143245808828105,31.974009421057694],[35.14363425730145,31.97294645469542],[35.14392079051575,31.97288914598732],[35.14400523029859,31.97254433101281],[35.144005550729254,31.972055906430903],[35.14375295804436,31.971825912299742],[35.14324746943992,31.971509582018207],[35.14238826733881,31.971106953434393],[35.141292919744764,31.970890878028854],[35.14010094611773,31.970842232589206]]]}},{"type":"Feature","properties":{"settlement_id":1,"source":"Peace Now","source_name":"Avnei Hefetz","source_type":"Settlement","source_db_id":1},"geometry":{"type":"Polygon","coordinates":[[[35.06767755364945,32.29016855693951],[35.06745714891983,32.29093238200909],[35.069521397852206,32.29104000947693],[35.069667352614154,32.2909389559749],[35.07009386802887,32.29044382847925],[35.07203774854741,32.28962080303392],[35.07425193039012,32.288831621267825],[35.075883119876586,32.28836337998791],[35.07731071011597,32.28779589801703],[35.078330186334796,32.28754956473386],[35.07908727755094,32.28750090191224],[35.07961132326411,32.287625054388705],[35.08042584878099,32.28812056986508],[35.08154212454136,32.2884388513816],[35.08129184948505,32.287847190739264],[35.08167779782031,32.287097922351236],[35.08241400467462,32.28615213576932],[35.083060180491564,32.28567941839695],[35.083747978072125,32.28583617495328],[35.08452830119576,32.28627085191572],[35.085612251770655,32.2862939697886],[35.085204425166076,32.28570121053392],[35.08494310169423,32.28510732624339],[35.0842742815068,32.28448834541676],[35.08366331540405,32.28411677274113],[35.08319756355747,32.28399269305109],[35.08226580497076,32.284016503032554],[35.08145029792656,32.28418885132891],[35.08008174522365,32.28426172608926],[35.07996573200975,32.283940039455985],[35.08034475356192,32.28359413186079],[35.081190414860885,32.282630333802025],[35.08206484491659,32.28188920565464],[35.08247330008535,32.281271255022475],[35.08232822972813,32.28092483372157],[35.08192083985086,32.28075129837488],[35.0811930590169,32.28067637379948],[35.08037781571539,32.28067557504666],[35.079125729217964,32.28077326259073],[35.07790262253484,32.280945182728544],[35.07702909961052,32.28094430390939],[35.07641776974755,32.28086946932597],[35.075952394834694,32.280572222769045],[35.07551568826409,32.28057177742863],[35.07499133797715,32.28076908980901],[35.07466084805652,32.28064791276859],[35.07414556619276,32.28036656961651],[35.07275576783669,32.28048587468074],[35.072108128561226,32.28056563549259],[35.07166536294301,32.281007941209324],[35.07150646919441,32.28165173026026],[35.07111050949571,32.28245623532966],[35.07076232087255,32.28296563934067],[35.0699403599805,32.283474538334346],[35.06922929584861,32.28371527334275],[35.06775997764103,32.28415637095981],[35.06739615238967,32.28452894964857],[35.06725259499754,32.2854678997701],[35.0670935407477,32.286192210862524],[35.06732961651395,32.2867693314209],[35.06788192128419,32.28707842660395],[35.06772347341395,32.287400277972424],[35.06729630430899,32.28788280374196],[35.067390458991184,32.28831214962047],[35.06762667777206,32.288728303266666],[35.0678790241382,32.28901029020795],[35.06868474853342,32.28882341056501],[35.06906408205018,32.28859575986983],[35.06955423156214,32.288234042804625],[35.06996472069959,32.28832835537836],[35.06998014230885,32.288596739231075],[35.06928459750375,32.289011803385705],[35.068667930435,32.2894941305792],[35.067845898864434,32.29000301522194],[35.067720605850795,32.29018760482654],[35.06767755364945,32.29016855693951]]]}},{"type":"Feature","properties":{"settlement_id":77,"source":"Peace Now","source_name":"Ma'ale Adumim","source_type":"Settlement","source_db_id":70},"geometry":{"type":"Polygon","coordinates":[[[35.314896611454074,31.782097859606274],[35.315034700694895,31.78200331670773],[35.31597467786968,31.782545317810396],[35.31652727551783,31.782544832980832],[35.31699550857345,31.781317190058925],[35.31671824461543,31.780515063295432],[35.31616478000453,31.779783882897423],[35.31583304739782,31.779595417117047],[35.316026157176346,31.779430030175526],[35.31674457441085,31.77950019397226],[35.31724239624027,31.77987735681888],[35.317851057437224,31.780584855067566],[35.3184042796823,31.781103553611207],[35.3197580440192,31.78114950229194],[35.319895482266325,31.78053576265817],[35.32025365307913,31.77973306627595],[35.31972826481291,31.779355940148037],[35.319589745988424,31.779096514382115],[35.319837788273944,31.77862426431752],[35.320278121596644,31.777255044211866],[35.31928357101052,31.777208777769907],[35.318675366300305,31.77694968309429],[35.31720332519673,31.77769393417923],[35.31662006034766,31.777890780612733],[35.316072138812316,31.77798189715829],[35.315647770371356,31.778012479967817],[35.31545711910032,31.77781056967089],[35.31392569767896,31.777421662039462],[35.31363158027105,31.77760640880847],[35.31373730825284,31.777289139173515],[35.314073257685095,31.777303911455153],[35.31513399407132,31.77716708651],[35.31532833232459,31.777061221297767],[35.315858000463464,31.776365977645696],[35.31617568134074,31.775852098518495],[35.316157637040796,31.77559535890333],[35.315326657588336,31.775656508222678],[35.31488429258223,31.775369925039055],[35.31458368029208,31.775324912521338],[35.31435421074125,31.775627138714423],[35.313859545578545,31.77592968260976],[35.313329157650756,31.776020772316997],[35.312692370916984,31.775764559308843],[35.31182609195802,31.77579541375621],[35.311348405659096,31.7755390598676],[35.31103035290118,31.775750809046745],[35.31106639441021,31.77633986444023],[35.31092541283475,31.776762857666515],[35.31021844425776,31.776989989936034],[35.3094011347817,31.776643274724382],[35.30880072084167,31.777278125863457],[35.30865979534523,31.777761630314437],[35.30781139568542,31.778034137409957],[35.30720969354991,31.77752111322079],[35.306395880675545,31.7770837404526],[35.306483598496364,31.77649467493238],[35.30644794211501,31.77623037252681],[35.305386498530495,31.77571761646806],[35.30504985363145,31.77505331249208],[35.30480229979501,31.774962872143224],[35.30443060461874,31.774585561400855],[35.30425317620814,31.774026916725507],[35.30396973457412,31.773543748900057],[35.303633574761335,31.773317467203714],[35.303049363855585,31.772623138220517],[35.30239498879841,31.77245752267486],[35.30204111200279,31.772140614792185],[35.30181099297704,31.771853823288144],[35.301987505116124,31.771657266212653],[35.30234097686859,31.77149087514396],[35.30232286045305,31.77112843699947],[35.30218074655442,31.770403551680847],[35.301932500831505,31.769739080865858],[35.30187905421877,31.769406881432932],[35.30210873389623,31.76918016179195],[35.302576424912765,31.769323015866608],[35.30323660160948,31.76960442319748],[35.30375450009529,31.770001915479263],[35.30455713478726,31.770421277556608],[35.305100247219386,31.77011142632187],[35.305385256508835,31.770487000376114],[35.30574837332931,31.771238311097235],[35.30603361500875,31.77172444979499],[35.30673247087592,31.771922838180775],[35.30817547719178,31.77104112285576],[35.30891966368364,31.771179559028546],[35.310478587325,31.77188207344403],[35.31163360584811,31.77175105753793],[35.312842028015645,31.771344584467627],[35.313262344822576,31.770869925534356],[35.313914599302585,31.770402715659575],[35.31391443726445,31.77026501558341],[35.31363757097742,31.770127552846166],[35.31289409689436,31.76992163769551],[35.312473177344096,31.769876094750284],[35.31146167826452,31.770198248824382],[35.310674038187834,31.77052020849213],[35.30993074963387,31.770474925406162],[35.309211627659195,31.769889673634136],[35.30933243383094,31.76973852762293],[35.30959893909774,31.769606277719255],[35.309740388536774,31.76801521330864],[35.30884460239964,31.767557000278252],[35.30730504385617,31.767894821098736],[35.306588269288206,31.767405874994843],[35.30698080790618,31.76612051812631],[35.30644331207617,31.76584561541219],[35.305225848583895,31.76599953698093],[35.304367137157335,31.766703924207043],[35.30368656359441,31.766582075206358],[35.30368532366547,31.765419505066333],[35.303111051415776,31.764196053875526],[35.30246661302001,31.764288359065144],[35.30182232390504,31.764625422249487],[35.301320550436955,31.76416685440823],[35.30060404666774,31.763983870904852],[35.30085401652512,31.763279970531652],[35.300853129061935,31.762423306179727],[35.300244263596376,31.762301384416975],[35.29938526743863,31.762730314431586],[35.29763188291795,31.764108458713782],[35.29731019564374,31.7646899340936],[35.29623671408152,31.765486231031527],[35.29541378372482,31.76625167750852],[35.29537750467541,31.7658539887763],[35.294982649898614,31.764814079117084],[35.29433806386753,31.764875680486483],[35.29358624125803,31.765059824490095],[35.292637698397975,31.76637849651266],[35.29090314356423,31.766284762999653],[35.29072523217992,31.767460856436543],[35.289649439530024,31.767724318249844],[35.28969217384779,31.76977851649718],[35.288475102239204,31.773727157395513],[35.28769497188135,31.77894178104179],[35.28813354119682,31.78177202535275],[35.29162643440902,31.78690938694633],[35.294157741958045,31.789365696452784],[35.29564264959604,31.791673723147024],[35.298873456608476,31.795619188824066],[35.30035855305014,31.79800174024064],[35.30341255220248,31.79934017385686],[35.30672765785001,31.800082387141607],[35.31065124234245,31.79903637651376],[35.31263005388747,31.79452107935883],[35.31461315669644,31.789422973461615],[35.31417938573641,31.788241481548425],[35.31361634081645,31.787466469633987],[35.312719714679105,31.787008556812292],[35.31534362052523,31.786251096050105],[35.314430909004486,31.78540225972636],[35.312966352835154,31.78528546397376],[35.314927329505494,31.78467025422397],[35.315147467245865,31.783962025164566],[35.3145945473759,31.78360853035234],[35.31478754915001,31.7832542992325],[35.314896611454074,31.782097859606274]]]}},{"type":"Feature","properties":{"settlement_id":89,"source":"Peace Now","source_name":"Matityahu","source_type":"Settlement","source_db_id":337},"geometry":{"type":"Polygon","coordinates":[[[35.024621030199164,31.927363746566794],[35.024883282431524,31.92871928670851],[35.02533107280925,31.929939543970516],[35.02615047307991,31.930776416010378],[35.02704941079566,31.931613393833164],[35.02765765538071,31.932065964920206],[35.0293776595113,31.93290406669611],[35.03138935550963,31.933516636608417],[35.03234221144614,31.933834110574374],[35.033125048794545,31.934481144411382],[35.03386436655506,31.935679218276007],[35.034015457654164,31.936211135324285],[35.0366029294578,31.935980920230357],[35.03697799249711,31.93198228515179],[35.03738198606951,31.92892455632851],[35.03732301886531,31.927617556878744],[35.03750841890923,31.926781359799293],[35.03667256046947,31.926139099763343],[35.035746892452025,31.92588830101819],[35.0333101226662,31.926088311380553],[35.03188030165488,31.925905651035137],[35.03084716251619,31.926039786897228],[35.02992033570179,31.926038516487786],[35.02891409995515,31.9259242213212],[35.026741310552445,31.92653101208971],[35.026105562620835,31.926597847743967],[35.02483403790989,31.926799326542486],[35.024621030199164,31.927363746566794]]]}},{"type":"Feature","properties":{"settlement_id":92,"source":"Peace Now","source_name":"Nofei Prat","source_type":"Settlement","source_db_id":84},"geometry":{"type":"Polygon","coordinates":[[[35.31664594999479,31.82116423198688],[35.315877208328196,31.821357790512327],[35.31605599034826,31.821590398616923],[35.31609388155479,31.821831066244346],[35.31620731888754,31.82209259023751],[35.316412915032735,31.82239903488521],[35.316566464456415,31.822725906578377],[35.31668187766955,31.82313451828468],[35.31704576787386,31.823232317109003],[35.31740994345574,31.82347720454359],[35.3178120777934,31.823493170460658],[35.318118710725855,31.823754520532095],[35.318521509333415,31.82430996351232],[35.31865595099796,31.824636849687113],[35.31913466966182,31.82465274270298],[35.319862715804305,31.824962768280262],[35.31994008847254,31.825600297937783],[35.320323603713106,31.826008662676262],[35.32089794656697,31.825959078706482],[35.321281076549596,31.82605684775729],[35.32165867646906,31.826375300580295],[35.32217576836295,31.826407470081826],[35.32274984185643,31.826145404898163],[35.3238982107615,31.825719206183095],[35.32518065238988,31.825325606772157],[35.325506216466344,31.825341711120934],[35.32590846711419,31.825439357882086],[35.32600962605528,31.825432627423037],[35.326020005816474,31.825051799111872],[35.32572187876222,31.825077357428196],[35.325572552779164,31.825040829008568],[35.324894127170154,31.82379379877944],[35.324626124174436,31.823409926451948],[35.32370345761607,31.824532024616367],[35.3233755248555,31.824823020933966],[35.32271919122767,31.82504164900035],[35.322062550880666,31.825021493286748],[35.321843101857745,31.824564898348605],[35.32165997553113,31.82398368867502],[35.32119776295293,31.823859531503057],[35.32101435527116,31.823049922300218],[35.32184073858693,31.822696183433756],[35.321596833305584,31.822125410577428],[35.321097930242914,31.8218247977611],[35.321971729315834,31.82051589122312],[35.32400176198039,31.820119493813568],[35.32359884000191,31.81881176893758],[35.322298083088235,31.81898946930124],[35.320986178615605,31.819976945201596],[35.32014814977747,31.820725196055054],[35.31950466466746,31.8214836485696],[35.31919871448761,31.82196911942781],[35.31838696053477,31.82191570191617],[35.31782319076982,31.82195471362158],[35.3176126756694,31.821948407631247],[35.31704836385236,31.82162803353678],[35.31668716796615,31.82130738787472],[35.31664594999479,31.82116423198688]]]}},{"type":"Feature","properties":{"settlement_id":240,"source":"Peace Now","source_name":"Bnei Adam","source_type":"Outpost","source_db_id":232},"geometry":{"type":"Polygon","coordinates":[[[35.29452438521269,31.84745113455738],[35.297207635293795,31.846283404693065],[35.2996094006392,31.846281632023643],[35.30102158049948,31.84571782303206],[35.302999866154046,31.845997679683315],[35.303941224810195,31.84551455547429],[35.3052126370484,31.845433111692326],[35.306343190576825,31.84571367473564],[35.30756743872535,31.845592113472073],[35.30831945062515,31.84426490153182],[35.30987208124973,31.842977246286416],[35.310860432232396,31.842534253702446],[35.31166074439098,31.842292341029736],[35.31201759362429,31.841443651077917],[35.312406329868175,31.84130981055592],[35.313166628193734,31.84079218043166],[35.31430749249862,31.840380266638665],[35.31501323353966,31.83970360116456],[35.314864869946504,31.83899453557942],[35.3146086221889,31.838968245377906],[35.31343691533473,31.83954588909004],[35.31304910138851,31.83988424687908],[35.31187778000547,31.84081315917132],[35.31171934092896,31.840878694851693],[35.3111752095236,31.84082754730504],[35.31018466352572,31.84041375907575],[35.30818595128253,31.840511083762195],[35.30751375161531,31.84078272357476],[35.30661711630652,31.84081533974911],[35.306168710985474,31.840751911919913],[35.30514167396844,31.841119503458234],[35.30407707991029,31.841311701694536],[35.303535644430106,31.841599165250944],[35.30276990113351,31.84175922615159],[35.301294914862,31.842525798432554],[35.30060368469491,31.842494428939858],[35.299501098763315,31.84209658934379],[35.29875355464646,31.841794157998784],[35.29761402270756,31.841794996974716],[35.296549563430375,31.842146598450565],[35.29602697005124,31.842625377069414],[35.29563517090809,31.843135953339807],[35.293356227676874,31.84329703237432],[35.292945501016064,31.843568413211504],[35.29247774705164,31.844064548990453],[35.290625316978506,31.845000566746197],[35.29085315176226,31.84545336397647],[35.291085326407824,31.845679497581557],[35.29111917720839,31.84644320779842],[35.290987021911555,31.846867593410916],[35.29098744413399,31.847320174886665],[35.29168342575526,31.847404559025154],[35.29188252165093,31.847687286813088],[35.292273263271824,31.848157633142733],[35.29201579554917,31.8484509273181],[35.29205440902161,31.848810270483963],[35.29250037599327,31.848537909698607],[35.29452438521269,31.84745113455738]]]}},{"type":"Feature","properties":{"settlement_id":34,"source":"Peace Now","source_name":"Giva'at Ze'ev","source_type":"Settlement","source_db_id":31},"geometry":{"type":"Polygon","coordinates":[[[35.15963361448731,31.858800487878003],[35.15930162591767,31.859050290244546],[35.15844012322531,31.859949848472926],[35.158517934918365,31.859954615778406],[35.158487393532155,31.860600047471898],[35.157428724124706,31.860573867454228],[35.15679346401127,31.86075426804503],[35.15576413115687,31.862406127718092],[35.155370537615276,31.86315458849357],[35.15558196015119,31.86380002224362],[35.15630784018405,31.863955234508186],[35.157578312254714,31.863774982300377],[35.15909569413801,31.864312653943607],[35.16035293011329,31.8661245893728],[35.16219951740295,31.86563528302389],[35.16422599975419,31.866152331042485],[35.16588941427159,31.867159653924737],[35.16673612544147,31.8678310525852],[35.16858165018121,31.867005508244915],[35.16991274011059,31.866696097672026],[35.170820704372034,31.86550880722406],[35.17136545038217,31.864915183175082],[35.17151711827488,31.863650310669584],[35.17248543940956,31.86256628338075],[35.1741188823455,31.862566684298905],[35.174572019006106,31.86445135394504],[35.174601957678064,31.865329115662085],[35.1758118164028,31.86563908414807],[35.17729414065896,31.865484565282696],[35.1784438156395,31.86452958401516],[35.17913979341834,31.86367785263518],[35.17895844175455,31.863368036394615],[35.17941231754207,31.862903411794722],[35.178384034032575,31.86218038472297],[35.17753702682458,31.862412610480398],[35.17729518006337,31.861947843871953],[35.17790021694178,31.86166398438603],[35.17787043380041,31.860140870358098],[35.176962988790905,31.860063209430223],[35.17526900991831,31.860501753896855],[35.17457330417256,31.86047570935946],[35.17424096260522,31.859236510292295],[35.174574377991554,31.857153261162264],[35.17333413513639,31.857359483287663],[35.172820398958656,31.85612023531037],[35.171640674090824,31.856429716114658],[35.16964493195785,31.854983543230247],[35.166288689533225,31.852478453045197],[35.16573552709485,31.85277458990691],[35.16577729128934,31.85318024183099],[35.166084558519366,31.853770897322736],[35.16597969920649,31.853830518385188],[35.16560931211811,31.853764787199314],[35.165322844811634,31.85357381050254],[35.16515514332679,31.85349620990785],[35.164861615458065,31.853478223619216],[35.16463807212431,31.85323954255934],[35.164610233955415,31.852965130610322],[35.16483411375297,31.852416395082027],[35.16495814449854,31.851961745446648],[35.16474645089863,31.85185841927779],[35.163445534891146,31.85270987957119],[35.16317304561829,31.853174507011996],[35.162846166856404,31.853811997827414],[35.16275516077765,31.85435415124914],[35.16214998369063,31.85494771929432],[35.160970213983155,31.855308686118853],[35.16078745303442,31.858148320599266],[35.16163405679136,31.85879405180123],[35.16290433179912,31.858871941333067],[35.16320680613962,31.858975299979246],[35.16184550252392,31.859232955540588],[35.16072643128605,31.859155107586215],[35.15963770737719,31.858819155491208],[35.15963361448731,31.858800487878003]]]}},{"type":"Feature","properties":{"settlement_id":45,"source":"Peace Now","source_name":"Horesh Yaron","source_type":"Settlement","source_db_id":265},"geometry":{"type":"Polygon","coordinates":[[[35.14079551398274,31.94285762804588],[35.1407427043885,31.94272702667811],[35.14049259553056,31.942675403175315],[35.13963709333153,31.942824581351804],[35.13878108167865,31.94383409193635],[35.138254300297035,31.94424522945441],[35.13728959047238,31.943870736799735],[35.1373002025838,31.94383311839507],[35.13703622849201,31.94392299018295],[35.136868381475395,31.944184988442966],[35.1368680323601,31.9446615101549],[35.13689571335038,31.945018916973194],[35.13750998776719,31.945662547351745],[35.137928978540195,31.945877202947962],[35.13815240340698,31.946044102841235],[35.13887865308101,31.946425697518517],[35.13929733072367,31.94709304491327],[35.13918521968169,31.947569508976727],[35.1385975023289,31.948831989049022],[35.138669392459605,31.94890699927554],[35.13967396717241,31.948148235669024],[35.140461324295465,31.94719991886262],[35.140634172873135,31.94685641183799],[35.14057674943279,31.946692792464482],[35.13942622802567,31.945792550485784],[35.13938821812457,31.945399877718188],[35.13982955879826,31.945269248914514],[35.14014026202079,31.94470865384339],[35.140281747074134,31.944290911296033],[35.14053112125617,31.944007774837885],[35.14053153344688,31.943412933099573],[35.140697785511584,31.943115595756822],[35.14077273507184,31.942860688221874],[35.14079551398274,31.94285762804588]]]}},{"type":"Feature","properties":{"settlement_id":169,"source":"Peace Now","source_name":"Lotziphar Farm","source_type":"Outpost","source_db_id":300},"geometry":{"type":"Polygon","coordinates":[[[35.1162991426653,31.36286099055999],[35.11611626528039,31.363146399413928],[35.1166040778611,31.363160699696486],[35.117599901229624,31.363574991439606],[35.11888458520915,31.364320377151902],[35.12090798487365,31.365672854036816],[35.12177467577941,31.366803952304885],[35.122481221589275,31.36730072364479],[35.12277003524816,31.367824823796536],[35.12411985123108,31.367742972293236],[35.124987655410415,31.367495399547074],[35.124538547411966,31.366585099540323],[35.1240247918253,31.36606086232252],[35.12312502453874,31.366087892875562],[35.122835093395686,31.36685982838103],[35.122192435106996,31.366749114758683],[35.12084412179767,31.365148896450076],[35.120137649996046,31.36459691948072],[35.11914187943701,31.364099942913953],[35.11721472073006,31.363078412074493],[35.1162991426653,31.36286099055999]]]}},{"type":"Feature","properties":{"settlement_id":222,"source":"Peace Now","source_name":"Giva't Habuster","source_type":"Outpost","source_db_id":293},"geometry":{"type":"Polygon","coordinates":[[[34.973813954462614,31.495163314444916],[34.97377024349646,31.495128594336187],[34.97360807449356,31.49515211518249],[34.97353782567879,31.495301626994234],[34.97306013299575,31.495620661800654],[34.97227111179946,31.495974664425447],[34.97191892253679,31.495849565087717],[34.97129608531663,31.496079493979934],[34.970902691732135,31.49584771425348],[34.97017701833578,31.49573978515731],[34.969493099742884,31.49556086028956],[34.96893297021187,31.495630898865677],[34.968538363502915,31.495843376941078],[34.968247044398204,31.496251572594677],[34.9683286005772,31.4968025928401],[34.96861858253127,31.496927587394495],[34.96921971757313,31.497088597676825],[34.96998725357961,31.497001171033297],[34.97058912682791,31.49682451150389],[34.97114961528533,31.496612329702717],[34.97152388085101,31.496239812621475],[34.972042629707495,31.49613415339373],[34.972394600761945,31.49634808741644],[34.97305938883322,31.49592279111282],[34.973599742757024,31.495461732695965],[34.973813954462614,31.495163314444916]]]}},{"type":"Feature","properties":{"settlement_id":187,"source":"Peace Now","source_name":"Adei Ad","source_type":"Outpost","source_db_id":306},"geometry":{"type":"Polygon","coordinates":[[[35.33682609846511,32.0429408216473],[35.33690045948863,32.04267146435978],[35.33723931128865,32.042484977064355],[35.3368879183263,32.04197609377477],[35.3363120837547,32.04132549845744],[35.336126331513775,32.040847643207115],[35.336575244359636,32.04107407123328],[35.33723449468622,32.041348073462736],[35.33780906141264,32.041192179481456],[35.33835617773036,32.04145429966079],[35.33856640956216,32.04143017966916],[35.33914258613766,32.041233186186886],[35.34068295294433,32.04164500016283],[35.34239931695955,32.041483035670474],[35.34273673020974,32.04085824057409],[35.342603299733014,32.039625541031874],[35.34207638763172,32.03922584010474],[35.339915154512234,32.039500352714306],[35.33779038820934,32.03900626325539],[35.33688825789074,32.03908726354927],[35.3368962730638,32.03939674480671],[35.336615105572356,32.0395623294951],[35.33610920316957,32.03864346243328],[35.33608078864547,32.03839269912966],[35.33630425362425,32.03785516986222],[35.33724288039511,32.03740040101898],[35.33755083025701,32.03708967595283],[35.33680673977898,32.03632626217985],[35.33565669513732,32.035885660899915],[35.335292276280015,32.03594573697074],[35.334465251289956,32.03595849107974],[35.33380720570451,32.03650845518226],[35.33319146631617,32.03726136993238],[35.332407239520094,32.037835262402616],[35.33159720805485,32.03831762339707],[35.331284938195886,32.037732056513],[35.33218610493728,32.036962625124794],[35.33257837668143,32.035201021303656],[35.33188281417319,32.03512166741361],[35.33173328692689,32.03573023431156],[35.33154716066893,32.03705933286048],[35.330532880317506,32.037588707135015],[35.33077654539235,32.038671486649385],[35.32962504333591,32.03898369499123],[35.32922299462352,32.03941281055192],[35.32909577594387,32.040067648131284],[35.32897716511741,32.04035625293442],[35.32870303150064,32.04064960925526],[35.32874051633538,32.04128092811364],[35.32866771419326,32.041623956866985],[35.32878693858184,32.04178760832968],[35.32904324013284,32.04184967176746],[35.329773650460645,32.041911357377266],[35.33060649530585,32.04193388868318],[35.33095461743338,32.04224529686433],[35.33109245280141,32.04261940943453],[35.33110210517322,32.043016916504754],[35.33189032282544,32.04383460741144],[35.33218327658821,32.04390447336502],[35.33315250672637,32.04331885204618],[35.3338938986826,32.043349300208284],[35.334597985296575,32.0429042593194],[35.33488192564353,32.0431143593346],[35.335001848589904,32.04376128268148],[35.33540510934676,32.0441895861471],[35.33582641255614,32.044422989096624],[35.33586345814354,32.0447113486301],[35.336385533745315,32.045140383370935],[35.33666115977396,32.044851547904194],[35.33660969229072,32.04441883875528],[35.3364367817451,32.0441153803297],[35.337223677026614,32.04361026855618],[35.33708528318566,32.04330776683208],[35.33682609846511,32.0429408216473]]]}},{"type":"Feature","properties":{"settlement_id":244,"source":"Peace Now","source_name":"Chase Land Khan","source_type":"Outpost","source_db_id":1070},"geometry":{"type":"Polygon","coordinates":[[[35.35652265568002,31.821090739484355],[35.35690829158649,31.820530416315144],[35.35615078713984,31.81952296242757],[35.3552636285887,31.819006882133976],[35.354918998882226,31.8190367204704],[35.354766730534905,31.819268139000766],[35.35490586233291,31.82004577899932],[35.35506446772544,31.820684651457686],[35.355399672400445,31.820911288743115],[35.35599582095816,31.821116593862005],[35.35652265568002,31.821090739484355]]]}},{"type":"Feature","properties":{"settlement_id":204,"source":"Peace Now","source_name":"Neve Erez","source_type":"Outpost","source_db_id":297},"geometry":{"type":"Polygon","coordinates":[[[35.31127547536229,31.86643242916154],[35.311837442622,31.866061122504217],[35.31195917279898,31.866095219019325],[35.31224781605193,31.865867882498396],[35.3122699970099,31.865329330599348],[35.312444248668974,31.864803627060553],[35.312770664974394,31.864375117824558],[35.31359882184813,31.863920226302795],[35.31389508691114,31.863718832395737],[35.31387196484695,31.86345283044342],[35.31366624337461,31.86307019431675],[35.31324015671585,31.862778583568602],[35.312662090981036,31.862545495310513],[35.31186332890098,31.862117940978433],[35.31152873728913,31.86204685095985],[35.31055622053165,31.862573222467987],[35.309777110741685,31.86281055134329],[35.3095192601846,31.862644617942017],[35.3089521600751,31.86245338939876],[35.308032639150355,31.862746249498073],[35.307853595404815,31.863385752520525],[35.307596656042875,31.865038742496928],[35.307180243302476,31.865705451839],[35.30684882924644,31.865860901853818],[35.307039306044324,31.866005429487654],[35.30782088787584,31.866977421662842],[35.30902178964265,31.866505073196368],[35.309996149572136,31.86547358584008],[35.310699237099605,31.866414379849132],[35.31124077532511,31.866521526898442],[35.31127547536229,31.86643242916154]]]}},{"type":"Feature","properties":{"settlement_id":95,"source":"Peace Now","source_name":"Kerem Reim","source_type":"Settlement","source_db_id":339},"geometry":{"type":"Polygon","coordinates":[[[35.13708279931431,31.959474484615935],[35.13819044528102,31.959414285406123],[35.140689704739636,31.95981973215407],[35.14334985132322,31.960362995113613],[35.14436291639902,31.959359861412207],[35.144057683637385,31.95807508552654],[35.14143206237562,31.957760477935675],[35.14000586498494,31.956644566719625],[35.138975823402674,31.955883678325666],[35.13675629965394,31.955645956732067],[35.135289527978976,31.95589861945338],[35.13447678050621,31.956134730255382],[35.133485439333036,31.95665798297754],[35.1321375689515,31.95689377827979],[35.131741150943654,31.956944242103223],[35.13122600512731,31.956758080634568],[35.12964042471502,31.956841639837062],[35.1291448686255,31.956942727467986],[35.12924352217954,31.95748348673289],[35.12827209522885,31.9578377417815],[35.12805387446962,31.958091064387983],[35.12837071672945,31.95841229552752],[35.13013415485005,31.959004731874188],[35.13118442142836,31.959208105313625],[35.13308700801559,31.95931057163248],[35.13482665508159,31.959603489571293],[35.13515298579259,31.959688059606048],[35.135851026066234,31.959559874282615],[35.13620042244302,31.959624518538444],[35.13655720740689,31.959642701319062],[35.13708279931431,31.959474484615935]]]}},{"type":"Feature","properties":{"settlement_id":118,"source":"Peace Now","source_name":"Pedu'el","source_type":"Settlement","source_db_id":108},"geometry":{"type":"Polygon","coordinates":[[[35.050429584646594,32.05810577985372],[35.0502163613725,32.05868994113845],[35.04896200513725,32.05850095334512],[35.04807178862222,32.0577594119071],[35.047874060476175,32.05750791260076],[35.047081742635015,32.0573093517997],[35.04621583767431,32.05713611882717],[35.045811179376976,32.05740615426234],[35.04589563578544,32.05866030958332],[35.04595254232797,32.05912751555189],[35.04658695953578,32.05962015178483],[35.04719196912074,32.06040772853889],[35.04703191991988,32.06155584227989],[35.04818027697067,32.0621646732308],[35.049412188704025,32.062230125574594],[35.04996969583168,32.06219532691146],[35.05039368312048,32.06240338710494],[35.05091162462898,32.06348600040888],[35.05174799289121,32.06407715180204],[35.05316228058741,32.06447221550124],[35.0531615111325,32.06493943917191],[35.053564929133024,32.06543167391926],[35.054171162954226,32.065530781312],[35.054835715530416,32.06526111693893],[35.05567282852262,32.065483405473806],[35.05607757302543,32.0651641907012],[35.056395793336904,32.06484487352408],[35.056973273256524,32.06484554710553],[35.05746455864325,32.06457566707064],[35.05767001891368,32.064101487956265],[35.05690281986529,32.06392501487239],[35.056257025258994,32.0630512289708],[35.05615493968911,32.06242681832051],[35.05585145388154,32.06216407440835],[35.055448476634204,32.0614013058958],[35.05495797672586,32.06113018674947],[35.0539185719842,32.061079807686966],[35.053832794762165,32.06056333251597],[35.053141388132204,32.0596035297209],[35.051785770194414,32.058741311334096],[35.05071839029601,32.05814987969533],[35.050429584646594,32.05810577985372]]]}},{"type":"Feature","properties":{"settlement_id":173,"source":"Peace Now","source_name":"Maale Yisrael","source_type":"Outpost","source_db_id":283},"geometry":{"type":"Polygon","coordinates":[[[35.105017136842584,32.11367994254942],[35.104634553993094,32.11377088706539],[35.1040222715014,32.11412938214592],[35.10338018151699,32.11457885894414],[35.10297038861618,32.114472354260755],[35.1027930625432,32.11446060129875],[35.10294699123371,32.11497910331383],[35.1031524915079,32.115513763315995],[35.1031914014223,32.1157810872002],[35.103269705960095,32.115973232667535],[35.10348546026076,32.11614880456772],[35.10369125088761,32.11642455784209],[35.10556676684593,32.11534027322291],[35.105331588524244,32.11499767673641],[35.10492994175214,32.11421000221084],[35.10475365288664,32.11405349160502],[35.10506810892685,32.11368878142837],[35.105017136842584,32.11367994254942]]]}},{"type":"Feature","properties":{"settlement_id":209,"source":"Peace Now","source_name":"Beit Hogla","source_type":"Outpost","source_db_id":278},"geometry":{"type":"Polygon","coordinates":[[[35.50427539676092,31.82151993105188],[35.50539101704851,31.821633342511724],[35.50542805511133,31.821684477434996],[35.5055121026868,31.821695055533418],[35.50718419519241,31.821621006028046],[35.5079572635415,31.821005032343223],[35.508526788662806,31.820760052454563],[35.50858857149601,31.82072458907889],[35.5086066225615,31.820676164304572],[35.50816053648159,31.81997623822149],[35.50784391974924,31.819725897190622],[35.50778965398349,31.819716922325707],[35.50746696432071,31.81980342098733],[35.50729926046331,31.81981415199705],[35.506824406356166,31.81974577681474],[35.50564943870005,31.82007287184065],[35.50422573203637,31.82083918421912],[35.50427539676092,31.82151993105188]]]}},{"type":"Feature","properties":{"settlement_id":260,"source":"Peace Now","source_name":"Kedem Arava","source_type":"Outpost","source_db_id":1067},"geometry":{"type":"Polygon","coordinates":[[[35.49873607950946,31.805714639368254],[35.49802308602085,31.80581042483554],[35.49785604703076,31.806303658203323],[35.49780382663074,31.806742784488755],[35.49791832838825,31.80687242929661],[35.49783428339748,31.80702057288355],[35.49782316997091,31.807515421786448],[35.497595741726684,31.808065221233704],[35.49790765149714,31.808269394664464],[35.49867239476829,31.807987237062115],[35.49931620128749,31.807782050978112],[35.49938665653072,31.807511868336],[35.49965666020443,31.807373607935332],[35.49964257225765,31.80692978822719],[35.49933815205595,31.806874922460114],[35.4994306106069,31.806715931846455],[35.499573776981094,31.80655682364041],[35.499602552847186,31.80630415791228],[35.499787835930896,31.806101649234066],[35.50018422417363,31.805844521905655],[35.50014178404201,31.805786883983536],[35.49987575776548,31.805845237977863],[35.499736577605105,31.80574299307935],[35.49970586274124,31.805571382603247],[35.500194475870565,31.805083093569646],[35.50051535063351,31.80499935094223],[35.50055698517187,31.804804392445888],[35.500467984889816,31.80472160243923],[35.500194016171214,31.804938752951657],[35.49969445672457,31.805277384557712],[35.49873607950946,31.805714639368254]]]}},{"type":"Feature","properties":{"settlement_id":198,"source":"Peace Now","source_name":"Mor Farm","source_type":"Outpost","source_db_id":262},"geometry":{"type":"Polygon","coordinates":[[[34.969208472371854,31.37010097587367],[34.968835203183616,31.369541427281643],[34.96861905828615,31.369621144875453],[34.96815995685865,31.36988143776006],[34.966729612586214,31.370220047146436],[34.966728441990895,31.370684940156515],[34.96748298123806,31.370908893093176],[34.96832999630023,31.371034096923207],[34.96887695913819,31.371287333610717],[34.969106071083004,31.371202745702963],[34.96938496680789,31.370981632444042],[34.96931184323148,31.370254482159968],[34.969208472371854,31.37010097587367]]]}},{"type":"Feature","properties":{"settlement_id":212,"source":"Peace Now","source_name":"Susya-HaRujm neighborhood","source_type":"Outpost","source_db_id":303},"geometry":{"type":"Polygon","coordinates":[[[35.11004234972284,31.39625712094123],[35.110051308285925,31.395130784216345],[35.11053972244869,31.394510846340165],[35.110864508353494,31.394260537147947],[35.11066459456733,31.394042322453608],[35.109869712236865,31.393814390003794],[35.10896060788262,31.39421737446917],[35.10879211616087,31.39438957475849],[35.108015027591335,31.39437845356797],[35.10745055922127,31.39457868843713],[35.10744636706569,31.395592135482023],[35.1080707414664,31.396069047182444],[35.108764866260024,31.39623632160406],[35.10932954373522,31.39625262340692],[35.10982019510406,31.396237105371185],[35.11004234972284,31.39625712094123]]]}},{"type":"Feature","properties":{"settlement_id":227,"source":"Peace Now","source_name":"Old Synagogue Susya","source_type":"Outpost","source_db_id":230},"geometry":{"type":"Polygon","coordinates":[[[35.10371665634605,31.405623278231115],[35.10376283150618,31.405021110897245],[35.10362561007058,31.404329247114664],[35.10346639898427,31.404338230890296],[35.103614054693494,31.405203087102645],[35.10351808768089,31.405658109272505],[35.10332631910048,31.406313367277104],[35.10309248340116,31.40667727865331],[35.103187671064255,31.4069504485883],[35.1033914720378,31.407824548430547],[35.10393655131059,31.407874671826622],[35.104016058363065,31.406386693027066],[35.103751043793935,31.40611348049332],[35.10371665634605,31.405623278231115]]]}},{"type":"Feature","properties":{"settlement_id":216,"source":"Peace Now","source_name":"Ma'on Farm","source_type":"Outpost","source_db_id":263},"geometry":{"type":"Polygon","coordinates":[[[35.16079219543508,31.410444941445462],[35.161404701857656,31.410166134181488],[35.162017063050335,31.41019916414644],[35.162686734571345,31.41046198641876],[35.16327199090491,31.40987040207967],[35.16310022169044,31.40979664540128],[35.16275783857757,31.409525964934037],[35.16252200066421,31.40921545459849],[35.16251014637203,31.40880425014101],[35.164251100800094,31.408305160866146],[35.16498954378417,31.40763433272581],[35.16398631553259,31.40647348207392],[35.1634209248163,31.40648964766896],[35.16287329800983,31.406234310327243],[35.16222763899034,31.40554155185761],[35.16175181917182,31.405200222924087],[35.16118228159043,31.40535312083301],[35.160961152599896,31.405659225113684],[35.16041389174335,31.406076116451842],[35.16044747458464,31.4059826254822],[35.16018805724895,31.405759947496296],[35.159301410556495,31.405945158353873],[35.158263200866344,31.406408453946213],[35.15806843977637,31.406649460962033],[35.15783025661775,31.40729856084292],[35.157592365532544,31.407354121106902],[35.15720282569551,31.407854711814842],[35.15713779478529,31.408151502480585],[35.15655382064045,31.40842943069344],[35.156272477651285,31.40872613977466],[35.15642368737842,31.409152704169113],[35.15588283896303,31.409597676947485],[35.15542836848285,31.410153884522334],[35.15594685827021,31.411274329249117],[35.15590308257827,31.412146086904038],[35.15590238443483,31.41350001512648],[35.15621714811737,31.41306931666791],[35.15717443722682,31.412232630854785],[35.158284683823744,31.411642182234903],[35.159662849339085,31.411018992495176],[35.16079219543508,31.410444941445462]]]}},{"type":"Feature","properties":{"settlement_id":232,"source":"Peace Now","source_name":"Gal Neighborhood","source_type":"Outpost","source_db_id":350},"geometry":{"type":"Polygon","coordinates":[[[35.12287541334273,31.524269421815703],[35.122952689909525,31.524031825332315],[35.12315166725583,31.52404872703811],[35.12330482277753,31.524091212788814],[35.12392442533954,31.524103419278077],[35.12443372237506,31.524198075921433],[35.12477775502143,31.52437514978858],[35.12494271056522,31.52465826290897],[35.12532802429584,31.524953417236528],[35.12568588381337,31.52509514345275],[35.126396428986666,31.52488405567551],[35.126805135072146,31.524933445421457],[35.12730729687622,31.524700330842045],[35.12850560743087,31.52376737559377],[35.1291803930257,31.522870956230953],[35.12972478339955,31.522610406581475],[35.12990939205497,31.522118898207594],[35.12960493378937,31.521857738853686],[35.129094634993635,31.522057727105775],[35.1282935123553,31.52265811649223],[35.12802561146762,31.52320811316695],[35.12772985932915,31.52332133769012],[35.1274222638594,31.52307950431705],[35.12622572443612,31.521651730088916],[35.12552385691423,31.521203153516968],[35.12497315404898,31.52128533449658],[35.12398130156541,31.521992330476902],[35.12326457123195,31.5229117966593],[35.122860338165204,31.52380728810233],[35.12278290056365,31.524229770144267],[35.12275121387286,31.525312187972204],[35.12287248541083,31.526003890233344],[35.123166603277255,31.526130910070577],[35.12305886529438,31.525919620923947],[35.12287462113908,31.525180231361148],[35.122828939631084,31.524559797981066],[35.12287541334273,31.524269421815703]]]}},{"type":"Feature","properties":{"settlement_id":213,"source":"Peace Now","source_name":"Tzur Shalem","source_type":"Outpost","source_db_id":312},"geometry":{"type":"Polygon","coordinates":[[[35.09935832953698,31.60611485856153],[35.099497225446314,31.605336474379957],[35.09931058640949,31.605068104732734],[35.09896446542939,31.60474783579884],[35.09827155442767,31.6048884040176],[35.09789751420829,31.604930261109782],[35.09740464418213,31.60487940812265],[35.09639164617441,31.605185785683872],[35.09619878275251,31.60516728006909],[35.096053316881765,31.60519461857607],[35.09542186648715,31.60503589292131],[35.094759326194755,31.60506165998823],[35.094420046847006,31.605298740143116],[35.094126871264265,31.605667712578484],[35.09446537728127,31.606089899260056],[35.094865968600125,31.606050741855434],[35.095743444509395,31.606697591401687],[35.095931717372466,31.60713751757601],[35.09641664043533,31.6067403054208],[35.097311931398835,31.606300847457064],[35.09814257523919,31.606163976073365],[35.09935832953698,31.60611485856153]]]}},{"type":"Feature","properties":{"settlement_id":250,"source":"Peace Now","source_name":"Arugot Farm","source_type":"Outpost","source_db_id":1064},"geometry":{"type":"Polygon","coordinates":[[[35.21781109360158,31.602036394870453],[35.2173447540245,31.60133255300446],[35.215882874163576,31.60186099572203],[35.215557780892546,31.60003976415038],[35.21558686721281,31.59970481117126],[35.217147331507526,31.59977367942128],[35.21764374898718,31.599636718110474],[35.21798559297138,31.598626372003395],[35.21782002382294,31.59797960052357],[35.217152586621744,31.597847478265916],[35.21662860083282,31.5980033246087],[35.21613766456829,31.597809806035485],[35.21614190527624,31.59686694454207],[35.21558759872359,31.596765329800512],[35.214647362108906,31.597536359576914],[35.214201641739535,31.598211259686984],[35.21369424126061,31.598825037775324],[35.21427347916188,31.599467061401192],[35.21444754705065,31.599519956267894],[35.21481072923953,31.601444004655313],[35.215298194157505,31.6027369190486],[35.21583426950174,31.60291760849373],[35.216974117236276,31.602653237962574],[35.21781109360158,31.602036394870453]]]}},{"type":"Feature","properties":{"settlement_id":226,"source":"Peace Now","source_name":"Tko'a D","source_type":"Outpost","source_db_id":319},"geometry":{"type":"Polygon","coordinates":[[[35.229670797768485,31.64047800794089],[35.229587694871284,31.640525411003487],[35.22926257567284,31.640485702169332],[35.22898384196153,31.640048711880567],[35.229262281071236,31.639373251099144],[35.23005176422154,31.639055278190735],[35.23121267872213,31.63893581408233],[35.23269884632507,31.638975266950503],[35.23376678547996,31.638537982639164],[35.23516001143859,31.638378656918732],[35.23655304553303,31.63798104310686],[35.23734267350733,31.638179523554445],[35.23757460099937,31.637623192897365],[35.23794620156551,31.63766277823602],[35.23845702638974,31.63762296136611],[35.239803637928034,31.63718555209794],[35.240825095037756,31.636628994806422],[35.24207872290904,31.63623136018526],[35.243109643629154,31.63631924079408],[35.24343427494312,31.636501614090452],[35.24421123950774,31.636657769272567],[35.24477480534505,31.63650119843951],[35.24479735806705,31.635810447649416],[35.24434757096978,31.634852671663634],[35.24390557102751,31.63427936165344],[35.24300660693855,31.63374528724047],[35.2421001447088,31.63347838297161],[35.24141462722414,31.6333743190407],[35.24020366439874,31.63349195998721],[35.23958688028728,31.633876601030174],[35.239016969061495,31.634171838839677],[35.23916817426865,31.634552547798677],[35.24036053213993,31.636339085976683],[35.23980348339387,31.63677628539323],[35.23896762665772,31.636975194732713],[35.23766711465657,31.636617949184572],[35.23669186651814,31.636419517601908],[35.23636688050229,31.636737506842948],[35.23613498832001,31.63741297185779],[35.235763455911076,31.637571972089013],[35.23506685080095,31.63749268629384],[35.234556012476794,31.637492807506376],[35.23399878665127,31.63781075491456],[35.23339500249464,31.637572529772648],[35.23251284960176,31.63812899708889],[35.23172320915642,31.637851032389026],[35.23056224232798,31.637732047843997],[35.22954068007598,31.63816938651247],[35.22898333951369,31.63812972225426],[35.22870479925591,31.638407910729953],[35.22893718526853,31.639003819347028],[35.228844386059734,31.63928197242678],[35.22856578764911,31.639758751359082],[35.228473088460944,31.64043426605084],[35.22947985198015,31.640967222125198],[35.229505732910155,31.641229984461358],[35.229670797768485,31.64047800794089]]]}},{"type":"Feature","properties":{"settlement_id":203,"source":"Peace Now","source_name":"Tko'a B-C","source_type":"Outpost","source_db_id":318},"geometry":{"type":"Polygon","coordinates":[[[35.22733305863501,31.647815875055542],[35.22766651665129,31.647899010206007],[35.2285411672317,31.647694777415342],[35.23037023764648,31.64823860955428],[35.23126568701272,31.64845726874726],[35.2314055724811,31.647665827219246],[35.2313149518558,31.646722496016338],[35.231586204095045,31.645610620059777],[35.23158584722125,31.64437894337422],[35.23256098872334,31.64398137119673],[35.23344656468452,31.642910122971443],[35.23358230373103,31.642590557047438],[35.23407709263067,31.64211336356304],[35.23381399623795,31.64084232846915],[35.232095784960826,31.641200300822806],[35.23110339563977,31.64115458534358],[35.229866376569205,31.640366447280027],[35.229670797768485,31.64047800794089],[35.229505732910155,31.641229984461358],[35.22972735956538,31.641645770839144],[35.22968110514683,31.642519867736965],[35.229588379303486,31.643076156387043],[35.22917049094907,31.643473599515413],[35.22865977390138,31.644069649505244],[35.227963315784564,31.6447451859415],[35.227917158732474,31.645659053997353],[35.22733305863501,31.647815875055542]]]}},{"type":"Feature","properties":{"settlement_id":221,"source":"Peace Now","source_name":"Maale Rehavam","source_type":"Outpost","source_db_id":284},"geometry":{"type":"Polygon","coordinates":[[[35.258776655102146,31.651333567815403],[35.258489763073065,31.64923533078507],[35.25952744925124,31.648812093917957],[35.260441262170445,31.647881514119707],[35.260070395314806,31.647564490396352],[35.25913081192031,31.64661360931039],[35.25838904310059,31.646064238108096],[35.25796865000335,31.645578219647795],[35.257770571171214,31.644859516315368],[35.257426486351,31.64468307698723],[35.25617523976556,31.645847604505835],[35.25614977771468,31.646894631678666],[35.25643653134924,31.647440302044323],[35.25682745578803,31.647985929070433],[35.255926542628146,31.647998611843246],[35.255454787681174,31.648526855997492],[35.25546742156362,31.649500130085855],[35.255891923061824,31.651073772931316],[35.25667958448182,31.652678328056368],[35.25805915781377,31.65212899353624],[35.258776655102146,31.651333567815403]]]}},{"type":"Feature","properties":{"settlement_id":205,"source":"Peace Now","source_name":"Netiv Haavot","source_type":"Outpost","source_db_id":250},"geometry":{"type":"MultiPolygon","coordinates":[[[[35.1319153845772,31.660446689724317],[35.13172761977681,31.659252240959837],[35.13100425352171,31.65960864462453],[35.131038648194874,31.660078475225422],[35.13165653301397,31.661250381973048],[35.13145461608253,31.661613031583506],[35.132364569631214,31.662314152807834],[35.132635558946866,31.662118543731864],[35.13237241909946,31.66158976530863],[35.1319153845772,31.660446689724317]]],[[[35.135437834300525,31.668338337679778],[35.13551648039603,31.667936150100726],[35.135699312011276,31.66795861499338],[35.1359082293195,31.66807046810658],[35.13609128145036,31.667936459620343],[35.13637885757523,31.667623847991543],[35.13711137824563,31.666350538102623],[35.13692860573843,31.666104684152348],[35.136589157199104,31.66583629027375],[35.13617149499505,31.6653891948222],[35.136563510705884,31.66514364686305],[35.13687739731524,31.664741583285487],[35.137455811357746,31.664235402963598],[35.13802243011536,31.663848169415452],[35.137984796170365,31.6636867165172],[35.137317337539514,31.664182328601182],[35.136693912307095,31.664359699843487],[35.1364947478762,31.664377629270135],[35.135623354929905,31.66471854626072],[35.13512662041435,31.665120507455732],[35.13491742742199,31.665388517010832],[35.13442121121431,31.665231862594407],[35.13434689517441,31.66518557789198],[35.133563902930796,31.664518501381696],[35.133497122024046,31.66420318958385],[35.133591477734434,31.663509636331376],[35.13343084683984,31.663222933428685],[35.13286124888111,31.663125165982997],[35.13279405737084,31.663348687188446],[35.13225112082684,31.663440096640382],[35.13258564866571,31.664185482372417],[35.13281974271163,31.66481043205903],[35.13353226505116,31.665793212013416],[35.13397255854126,31.665955817949254],[35.13419280371673,31.665907230981087],[35.1343218425425,31.665972246737685],[35.13452495397087,31.666237405045905],[35.135020676539156,31.667064502589604],[35.13522938136963,31.667600862864134],[35.13522896670087,31.668159475535823],[35.135437834300525,31.668338337679778]]]]}},{"type":"Feature","properties":{"settlement_id":72,"source":"Peace Now","source_name":"Gush Etzion Council","source_type":"Other","source_db_id":335},"geometry":{"type":"Polygon","coordinates":[[[35.1220015620509,31.658979244762193],[35.12109833073556,31.65796145858643],[35.12007933334363,31.656599444832526],[35.11998667871273,31.656689878213236],[35.11936523505668,31.655884372192947],[35.11860025105182,31.65502411361761],[35.11702111977395,31.654845644412664],[35.116382941214724,31.654831587202615],[35.11601592779295,31.65494054884985],[35.11588758855761,31.655745552802735],[35.11587103316366,31.65641418237912],[35.11615739855142,31.657192147338662],[35.116380468435985,31.657451587081987],[35.11642795059091,31.6578609752856],[35.11639540022292,31.658611482781236],[35.1166182815141,31.65907555450197],[35.11677756658963,31.65933494953474],[35.11716010903916,31.659662768347587],[35.11794172252775,31.659786044417874],[35.11811748131161,31.659567822660843],[35.11894741488275,31.659199971041968],[35.11948997855033,31.658995701086194],[35.11985717708265,31.658695715187115],[35.12031998784727,31.65853224312399],[35.12084615892591,31.658846437304096],[35.12113336105325,31.658860243392663],[35.12169152444088,31.65901076694383],[35.1220015620509,31.658979244762193]]]}},{"type":"Feature","properties":{"settlement_id":180,"source":"Peace Now","source_name":"Givat Hahish","source_type":"Outpost","source_db_id":246},"geometry":{"type":"Polygon","coordinates":[[[35.13182601078254,31.65749748520552],[35.131990373545776,31.657304444801255],[35.132325619655404,31.657333897609963],[35.13243510367124,31.657322254213923],[35.13275682726291,31.657141005967848],[35.132852596006394,31.657170322520855],[35.1330439937514,31.65741038487341],[35.133221807159075,31.657521683103738],[35.13352986752405,31.657311162538704],[35.13380356926583,31.657293757012926],[35.13426899783219,31.657083321747635],[35.13453604121382,31.65682010375468],[35.13500158776125,31.65644579556763],[35.134844467466486,31.65611211439602],[35.13468709883816,31.65611202839346],[35.13438632188841,31.65574315212359],[35.13410321846081,31.655891235474634],[35.13333721952885,31.656038930752118],[35.133300006537205,31.65597064888642],[35.13325242009743,31.655602211286986],[35.1333166153111,31.65520650960366],[35.13369992344201,31.65457902611341],[35.13341294188764,31.65442879652728],[35.13287065417059,31.65421015219058],[35.132807453815694,31.65344596794212],[35.132632129941754,31.653295709074552],[35.132728186954324,31.652736337274277],[35.13240919846555,31.652674740565388],[35.131898264203194,31.653233876762233],[35.13161086360659,31.65362945055099],[35.131180182261744,31.653615585684282],[35.13106889410726,31.653151513011327],[35.1307820419564,31.652714755557128],[35.130351191643115,31.652919138740685],[35.1297926503348,31.653137154093145],[35.12945744060849,31.65345080584515],[35.128771447537304,31.6533822197258],[35.12813046891346,31.653212857408104],[35.12806879832229,31.65330580078984],[35.12827296739824,31.654799274003555],[35.12822425652573,31.655029481522757],[35.128403225374605,31.654998951184783],[35.12892966388548,31.655122097787217],[35.128961195866395,31.655504235824573],[35.12916843175726,31.65569537291756],[35.1293645023595,31.656018209356358],[35.12933722787895,31.656082971402512],[35.129343831374335,31.6562295676982],[35.12942777786648,31.65630722422045],[35.12991826091054,31.656471350569344],[35.13001901952893,31.656537519577988],[35.130294280695146,31.656902723368102],[35.130532718942575,31.65709256955225],[35.130827248601754,31.657239399970255],[35.13120339069932,31.65746786633242],[35.13114848298907,31.657684379237327],[35.13160673036512,31.657918743757193],[35.13172313104208,31.657813464520814],[35.13179849105799,31.657690603433863],[35.13182601078254,31.65749748520552]]]}},{"type":"Feature","properties":{"settlement_id":176,"source":"Peace Now","source_name":"Bat Ayin East","source_type":"Outpost","source_db_id":235},"geometry":{"type":"Polygon","coordinates":[[[35.10798968365631,31.65348342527823],[35.10818090394424,31.653249736490107],[35.108610231094964,31.65292527905254],[35.108931260467166,31.652419368089348],[35.10902534869893,31.652027171286466],[35.10883799243743,31.652010159825938],[35.10847444058083,31.652030900205574],[35.10803393835153,31.652317463319065],[35.10724787924299,31.65255496311298],[35.10630898363374,31.653568367583603],[35.10713038200226,31.653468271472683],[35.107989382374576,31.65377491981344],[35.10798968365631,31.65348342527823]]]}},{"type":"Feature","properties":{"settlement_id":228,"source":"Peace Now","source_name":"Bat Ayin West","source_type":"Outpost","source_db_id":236},"geometry":{"type":"Polygon","coordinates":[[[35.09109498172301,31.665505732761826],[35.09152496911437,31.664955327744845],[35.09181009845952,31.665128381911273],[35.09219361367513,31.665207903471188],[35.09251086570646,31.665411912765695],[35.092868172935,31.665276405583906],[35.093834576832094,31.664663459609947],[35.09410871911566,31.663177232872886],[35.09401015973222,31.66205429290106],[35.094195911119925,31.661486430437417],[35.09478881200184,31.661590062272115],[35.09508129581454,31.66173443182582],[35.09531166725128,31.66190908890551],[35.09557773362224,31.661894146089427],[35.095976912387556,31.66180346401747],[35.09661568356171,31.66158403439605],[35.09745861171922,31.661197898792867],[35.097964300326,31.66102386223809],[35.098301551228836,31.66079658737935],[35.09801394468753,31.66066093582724],[35.097108485179945,31.660458090472705],[35.09636607263321,31.660811406408715],[35.09589512877708,31.660859826933073],[35.09569567075945,31.660591147476943],[35.095881568490945,31.660249567821428],[35.09528280313955,31.659785268797236],[35.09473763579655,31.659241559906096],[35.09491930800029,31.659074547789896],[35.09522738250476,31.658548936156095],[35.09579148448326,31.6580892878558],[35.09653530925247,31.657301150561203],[35.09709469559774,31.65707635090853],[35.09772227957094,31.65691980741985],[35.09675934594763,31.65594385019283],[35.09608604935499,31.655936735146476],[35.09513693343509,31.656250067456195],[35.09455491058311,31.656701145206803],[35.094332514162694,31.65713289769773],[35.09404183451139,31.657228728734665],[35.09370087299034,31.65739318145564],[35.0934561537534,31.65760840883076],[35.09312998314072,31.657791882302377],[35.092729814535694,31.657905588940206],[35.09236676115976,31.657955962212586],[35.091907158627805,31.658209016420532],[35.091566297089244,31.65828475287925],[35.0904842125583,31.658701997791336],[35.08937024700338,31.659186453041794],[35.087967487539515,31.659694280798643],[35.08764949996634,31.6601013610233],[35.0871731208977,31.66027056411383],[35.086736599589536,31.660270162002394],[35.08649808714327,31.66060940244111],[35.086960562746626,31.66101711004773],[35.086999724327214,31.661401790128394],[35.087316156728455,31.66223936944208],[35.0880963084156,31.66242108714154],[35.088611830570954,31.662749653614657],[35.08882259892286,31.663439949252385],[35.08929826515882,31.663859023653576],[35.089141630295536,31.66417364436728],[35.089126968274556,31.66449095912044],[35.08875545108991,31.664893385754784],[35.08912627430026,31.665052385141486],[35.08955377165503,31.665540969168763],[35.089966944560345,31.666078357516078],[35.09050932877403,31.665981204154672],[35.09109498172301,31.665505732761826]]]}},{"type":"Feature","properties":{"settlement_id":245,"source":"Peace Now","source_name":"Kashuela Farm","source_type":"Farm","source_db_id":1066},"geometry":{"type":"Polygon","coordinates":[[[35.1033240583877,31.67441173361705],[35.10239748385596,31.67424088293178],[35.10162853722412,31.674615284730145],[35.10043958986652,31.674594989960784],[35.10004601654281,31.67483050469136],[35.10007242264679,31.675472312364302],[35.10045136217909,31.67619946419472],[35.10155909193649,31.676095975336086],[35.10228299818768,31.675578489475537],[35.1033240583877,31.67441173361705]]]}},{"type":"Feature","properties":{"settlement_id":255,"source":"Peace Now","source_name":"Old Keidar","source_type":"Settlement","source_db_id":347},"geometry":{"type":"Polygon","coordinates":[[[35.30054156861269,31.7469204908343],[35.30092924590453,31.74675119144901],[35.301187642472165,31.74648458923227],[35.30187952658726,31.746263019070756],[35.302053938731014,31.745820979216422],[35.302053754779564,31.745645479347562],[35.30167347244246,31.745613303246053],[35.30146031678553,31.7454379655633],[35.301391695142875,31.74531455447504],[35.3015511314254,31.74498300326548],[35.30139884720651,31.74488562913234],[35.300721918644975,31.744762588497533],[35.300394836991764,31.744736861718014],[35.30007544751836,31.744802125011997],[35.29996141007895,31.7448476637208],[35.29986288938988,31.74520523086072],[35.29973384700399,31.74543926725641],[35.299794814725914,31.745510738397343],[35.30020569769693,31.745744370430195],[35.300304692655345,31.745848279363095],[35.30016044656788,31.74607592445943],[35.30041175536884,31.74640716544834],[35.30053366138238,31.746621533560823],[35.30054156861269,31.7469204908343]]]}},{"type":"Feature","properties":{"settlement_id":124,"source":"Peace Now","source_name":"Keidar","source_type":"Settlement","source_db_id":114},"geometry":{"type":"Polygon","coordinates":[[[35.30729502175496,31.755675244328092],[35.307655540047065,31.75583503111072],[35.30827557557906,31.75597007551154],[35.309789124326684,31.755956478615733],[35.31053891083209,31.756116025183882],[35.31141829169984,31.75616453131124],[35.31154784075082,31.756016609594695],[35.31134521189709,31.755302425475016],[35.3116906654908,31.754932648012012],[35.31212296954178,31.754735139544277],[35.312540921005045,31.754722520739314],[35.31304520519063,31.75452503827799],[35.31327529184877,31.75406913796834],[35.31364981162593,31.753834788001836],[35.31395253160657,31.75384679350042],[35.314628864399786,31.7528609410421],[35.31448435541177,31.75257779511901],[35.31425331944119,31.752220771955788],[35.31431033978368,31.751617205508257],[35.314281072119826,31.75132160461215],[35.31381992150162,31.751383597317584],[35.31292648908736,31.751556794121367],[35.310858900409016,31.75147006506593],[35.310533457908654,31.751331361312367],[35.310208174256516,31.751331631539752],[35.309736392345556,31.75123471247448],[35.30950863069444,31.751234900348166],[35.30921593284252,31.751304673755484],[35.308907121165646,31.751499455978557],[35.308614686410216,31.751805512245095],[35.30753206108308,31.752256900883037],[35.30683939889614,31.75247577500091],[35.305329483843735,31.752676981634515],[35.304323430581846,31.752933413562072],[35.303752778450566,31.75341027810815],[35.3035357736574,31.75395658585727],[35.30322342372032,31.754363527747323],[35.30363199534765,31.754920969736453],[35.30729502175496,31.755675244328092]]]}},{"type":"Feature","properties":{"settlement_id":223,"source":"Peace Now","source_name":"Givat Granit 468","source_type":"Outpost","source_db_id":328},"geometry":{"type":"Polygon","coordinates":[[[35.31664594999479,31.82116423198688],[35.31659085854617,31.820972890409127],[35.31670314778203,31.82054667246616],[35.316853038227286,31.820121323052653],[35.316899273191346,31.819575669457503],[35.31668285342917,31.819311080339656],[35.316043387840026,31.81892646668838],[35.31565802900401,31.818878645561774],[35.315122584173615,31.819007533953336],[35.314775016783486,31.819120114542454],[35.31438970530525,31.819112421391363],[35.313938545274986,31.81906465184834],[35.31338974522285,31.81862798285662],[35.31210804175998,31.817805429919886],[35.31084345254862,31.817751121500795],[35.31109570680175,31.818595317377397],[35.31287739407132,31.81961928915449],[35.313065762457136,31.820020266780787],[35.313535944057676,31.82025253943354],[35.31400610763022,31.820557047676548],[35.314279000798344,31.820885803558692],[35.31468332992042,31.821069970497405],[35.315040563133834,31.821174003553754],[35.3155293451742,31.82122976271614],[35.315877208328196,31.821357790512327],[35.31664594999479,31.82116423198688]]]}},{"type":"Feature","properties":{"settlement_id":175,"source":"Peace Now","source_name":"Givat Barkai - Mitzpe Yericho East","source_type":"Outpost","source_db_id":291},"geometry":{"type":"Polygon","coordinates":[[[35.3981806692954,31.820859342065887],[35.39811502326945,31.820878137036892],[35.39810519407897,31.820904962719336],[35.398332138167014,31.82099920113617],[35.399332521774525,31.820463244748215],[35.39953308196952,31.820456083617408],[35.399926756839164,31.820667862533718],[35.40004787280217,31.821003430645813],[35.400096739411886,31.82138699724599],[35.40043410992335,31.8215427667731],[35.4014147814651,31.822322334690686],[35.40191260582818,31.82243113673973],[35.40223386927251,31.8226087508977],[35.40231491748066,31.822971794818017],[35.40231570638436,31.823341817396265],[35.40239669689969,31.823677355277635],[35.40264626284402,31.824060698664365],[35.40257467345208,31.8243691481866],[35.40228602103331,31.824479170294644],[35.40190107005307,31.824555161524177],[35.4017167275212,31.824692526538175],[35.402680436469126,31.82502669324746],[35.40292158401062,31.825225082365154],[35.40325856496848,31.825190286738938],[35.40341869131169,31.824991361895954],[35.40341819166922,31.82475832801348],[35.40332109733444,31.824402254125523],[35.40318276555683,31.823532287565026],[35.40324600204573,31.82307315371774],[35.40324528284663,31.82273740084527],[35.40304449804254,31.822641758739],[35.402546759022975,31.822574084774732],[35.40220961541864,31.82247865345486],[35.40151090614863,31.82222623044068],[35.40091064880648,31.82147827237365],[35.40074165955959,31.821231880485687],[35.4005078728335,31.82076085024329],[35.400266626594224,31.82050771497891],[35.39929529102215,31.820337856114154],[35.39876630965506,31.820626440993887],[35.39832550478541,31.82090803545545],[35.3981806692954,31.820859342065887]]]}},{"type":"Feature","properties":{"settlement_id":72,"source":"Peace Now","source_name":"New Migron","source_type":"Settlement","source_db_id":335},"geometry":{"type":"Polygon","coordinates":[[[35.26014253055417,31.875443720327766],[35.26018781862516,31.875192674664245],[35.25942925038338,31.875040889814592],[35.25934552763494,31.87464307550485],[35.259382439237065,31.8741767771911],[35.25947409098306,31.874033040571334],[35.25951582177073,31.873675107863235],[35.25941080505373,31.872867417216185],[35.25971541408995,31.872739936697354],[35.260269050489015,31.872782643119304],[35.26076218406664,31.8726449930026],[35.26073187199417,31.872456037347334],[35.2598861808489,31.87215577445049],[35.25864797843055,31.87192439054199],[35.25795359909256,31.872173780300418],[35.257581408203926,31.87258623412171],[35.2571084941177,31.872887063644324],[35.2571389014522,31.873256401013165],[35.25735424164868,31.873596299785124],[35.25681961339931,31.873700404684403],[35.25679869735614,31.873798840160713],[35.25691079519896,31.874240222854322],[35.256869081071656,31.874645876926746],[35.25719451296303,31.87529893859446],[35.25733792354244,31.875480819200252],[35.257834225915644,31.875426916976746],[35.257914699435844,31.875570057153304],[35.25786245426869,31.875889220283074],[35.257820578726275,31.876008542996164],[35.2576004924,31.87621443582072],[35.25759011402316,31.876402345845786],[35.25777692199315,31.876676669012472],[35.25835703186427,31.876473606313265],[35.2593179562282,31.875977483139504],[35.259880688251116,31.875953378686283],[35.260062367291965,31.875825046321836],[35.26014253055417,31.875443720327766]],[[35.25913076354735,31.874128219968945],[35.259131857303466,31.874119156085637],[35.25914276838139,31.874130536128167],[35.25913076354735,31.874128219968945]]]}},{"type":"Feature","properties":{"settlement_id":207,"source":"Peace Now","source_name":"Mitzpe Kramim","source_type":"Outpost","source_db_id":292},"geometry":{"type":"Polygon","coordinates":[[[35.35639433889265,31.95338177842698],[35.35389239866612,31.955142687630232],[35.354216437398534,31.956150181205686],[35.35368227608421,31.958120748261283],[35.35303889721454,31.959022481012596],[35.35280849511025,31.960549833561437],[35.352993821051896,31.96091186582665],[35.35303920840375,31.96085302498316],[35.35843130435462,31.96140257395155],[35.36003862545821,31.96062225565924],[35.36047000492899,31.958620230004456],[35.35999071561341,31.95799071691048],[35.360337451403566,31.957360190911913],[35.35639433889265,31.95338177842698]]]}},{"type":"Feature","properties":{"settlement_id":189,"source":"Peace Now","source_name":"Ahavat Haim","source_type":"Outpost","source_db_id":222},"geometry":{"type":"Polygon","coordinates":[[[35.33894656849448,31.95734980198553],[35.34020992219731,31.960166534091137],[35.341916501543935,31.959706920962997],[35.343470103973665,31.95654416701026],[35.34187445024033,31.955522757309428],[35.33894656849448,31.95734980198553]]]}},{"type":"Feature","properties":{"settlement_id":199,"source":"Peace Now","source_name":"Maale Shlomo","source_type":"Outpost","source_db_id":285},"geometry":{"type":"Polygon","coordinates":[[[35.34101170889753,31.949659977705988],[35.34218986214822,31.95083426485074],[35.34280172445184,31.952772998560082],[35.34376865767127,31.952603962560254],[35.345446737760064,31.95294167802877],[35.34541846499802,31.952818564083465],[35.34754499266361,31.950406974190177],[35.348714320656924,31.947588635171822],[35.345022490923114,31.94594732289661],[35.34215567079997,31.94739599106102],[35.341369857501945,31.94900522584224],[35.34115343640405,31.949635651088677],[35.34101170889753,31.949659977705988]]]}},{"type":"Feature","properties":{"settlement_id":239,"source":"Peace Now","source_name":"Ofra North East","source_type":"Outpost","source_db_id":308},"geometry":{"type":"Polygon","coordinates":[[[35.269861480950375,31.958223114198642],[35.268028736149624,31.956555351989724],[35.26708377739014,31.955915265278623],[35.26659725643397,31.95611188541395],[35.266258995493125,31.956404760528123],[35.2657321750389,31.95708722560622],[35.265711193902064,31.95781930007357],[35.2669184832352,31.95979590344283],[35.267354998632555,31.95962482302931],[35.26805237482088,31.95926510069978],[35.269649070118874,31.95858278624056],[35.26982326379262,31.958248211676217],[35.269861480950375,31.958223114198642]]]}},{"type":"Feature","properties":{"settlement_id":214,"source":"Peace Now","source_name":"Beit El East","source_type":"Outpost","source_db_id":231},"geometry":{"type":"Polygon","coordinates":[[[35.235342780000366,31.94230319615704],[35.235203930693594,31.942226641593134],[35.235864378536014,31.942142971520735],[35.23696539875108,31.94228870007682],[35.23745462623727,31.942226077833226],[35.23755233554111,31.941892197709468],[35.23796797388901,31.94101596812844],[35.23789433559728,31.940348458230705],[35.23804091656404,31.93976430890996],[35.23799163303036,31.938888110643834],[35.23769770694405,31.937928647916067],[35.2372326069156,31.937073479346996],[35.23627833372862,31.936322683012932],[35.23598406937766,31.935846142530735],[35.235644526663926,31.935626632157817],[35.235293475781745,31.935776420414243],[35.23508283143541,31.93614576801386],[35.23448605720327,31.936455416041042],[35.234029621591006,31.936784868835193],[35.2334093090117,31.93692479408086],[35.232110137596614,31.937364270942073],[35.23123227205264,31.937394399154382],[35.23078745969332,31.937374471455886],[35.230003148492635,31.93726487935175],[35.22981588351578,31.937364748634725],[35.22788452359015,31.937554772089612],[35.227249363916734,31.937504112898395],[35.226857338801175,31.940908211121894],[35.22670370927683,31.94174297064057],[35.22643817129191,31.94245850212562],[35.22694168230616,31.942708834127004],[35.227584922537545,31.942470223816333],[35.2282422391713,31.942601275530457],[35.22878754740976,31.942231504572817],[35.22929093238298,31.941992912255415],[35.23070334048178,31.9418376073744],[35.231346797040054,31.942397936923122],[35.231668465830836,31.942469416463773],[35.232339604181576,31.942039980185054],[35.23424153544476,31.942087248495955],[35.235342780000366,31.94230319615704]]]}},{"type":"Feature","properties":{"settlement_id":208,"source":"Peace Now","source_name":"Jabel Artis","source_type":"Outpost","source_db_id":237},"geometry":{"type":"Polygon","coordinates":[[[35.22854334963734,31.942397094078725],[35.22815870890103,31.944079960766356],[35.228061073185124,31.945093583009097],[35.227068407781175,31.94623853983588],[35.22600049141344,31.946948122553593],[35.22632460580938,31.947750334418238],[35.22698568426123,31.949627721866285],[35.22771979557184,31.95033678232834],[35.22828263584075,31.950482683139942],[35.2292122727606,31.950169663873634],[35.229750410355,31.949710621089483],[35.2300929493874,31.949919143893034],[35.231023101550356,31.951441768849612],[35.23141460392132,31.95158778158111],[35.232882590881616,31.95119102148539],[35.233371737889506,31.950711142291677],[35.23337147055587,31.949855854842983],[35.23320005465921,31.949292615905385],[35.23261258450812,31.948500045965837],[35.2329794708103,31.94808278150826],[35.234667598772184,31.94799897341132],[35.23628229956906,31.94785248464472],[35.23660042866443,31.948102750406285],[35.23706523504897,31.947983772012005],[35.237309704584995,31.947503849714764],[35.23740735486745,31.946690290892366],[35.23704016345051,31.94616886177894],[35.23674639147041,31.94568916731323],[35.23659924203552,31.94468782118842],[35.23664809444666,31.94435404440253],[35.23672141411527,31.944124602226598],[35.23686824964518,31.944228815571524],[35.23686816193449,31.943978469705502],[35.23625614128298,31.942831325591293],[35.235342780000366,31.94230319615704],[35.23424153544476,31.942087248495955],[35.232339604181576,31.942039980185054],[35.231668465830836,31.942469416463773],[35.231346797040054,31.942397936923122],[35.23070334048178,31.9418376073744],[35.22929093238298,31.941992912255415],[35.22878754740976,31.942231504572817],[35.22854334963734,31.942397094078725]]]}},{"type":"Feature","properties":{"settlement_id":215,"source":"Peace Now","source_name":"Heruti","source_type":"Outpost","source_db_id":266},"geometry":{"type":"Polygon","coordinates":[[[35.184945257238866,31.832966818914052],[35.185038964267406,31.83295444654554],[35.185354476083404,31.8327228816576],[35.18538465265396,31.832663333310936],[35.18524540239719,31.832476479368697],[35.18497935334389,31.832254947315178],[35.184839678308386,31.832374148813244],[35.18468673654018,31.832288991536142],[35.18449385517412,31.83224919026174],[35.18479970589139,31.83257290777836],[35.184932759950705,31.83279432961255],[35.184945257238866,31.832966818914052]]]}},{"type":"Feature","properties":{"settlement_id":202,"source":"Peace Now","source_name":"Mitzpe Haai","source_type":"Outpost","source_db_id":288},"geometry":{"type":"Polygon","coordinates":[[[35.2299203769824,31.89471241995282],[35.22949109635658,31.894660177273412],[35.22905806276805,31.894831789571747],[35.228686810885876,31.894792270398348],[35.22851673247283,31.89480546933487],[35.2284316881608,31.894996853559892],[35.22872567038179,31.895445367821658],[35.22901955064372,31.89549815870618],[35.22929025301473,31.895445259036425],[35.22963052658956,31.89545186579729],[35.2298857600903,31.895656349994624],[35.229738977711705,31.896210553271427],[35.229568986177775,31.896553642707467],[35.22936017163183,31.89679780883919],[35.2292906858848,31.897061697595106],[35.229367035666286,31.89729497504653],[35.23024000191806,31.8964737869819],[35.23059912514699,31.895835850001216],[35.230770141693185,31.895397886496024],[35.23061605211657,31.895135125163197],[35.23022249302351,31.895091376458154],[35.229931551607095,31.894960128608798],[35.2299203769824,31.89471241995282]]]}},{"type":"Feature","properties":{"settlement_id":219,"source":"Peace Now","source_name":"Kochav Ya'akov West","source_type":"Outpost","source_db_id":270},"geometry":{"type":"Polygon","coordinates":[[[35.23273154769808,31.883946748900033],[35.233003808174956,31.883959584366842],[35.233157730594826,31.88461535398377],[35.2336120799062,31.884301420889745],[35.234190915352286,31.883474668866537],[35.23430195864922,31.882362865557248],[35.233355380984655,31.88237255302524],[35.232809781394145,31.882667213663073],[35.23273154769808,31.883946748900033]]]}},{"type":"Feature","properties":{"settlement_id":237,"source":"Peace Now","source_name":"Kochav Ya'akov East","source_type":"Outpost","source_db_id":269},"geometry":{"type":"Polygon","coordinates":[[[35.250597717815324,31.876906921916174],[35.250930163725236,31.878244905578367],[35.2510076611911,31.878753978348094],[35.25128463712903,31.878661687033187],[35.25168941755396,31.878236955167424],[35.25230209078785,31.87701239961342],[35.25210521080962,31.87662739125407],[35.25158445185321,31.87653875465604],[35.250597717815324,31.876906921916174]]]}},{"type":"Feature","properties":{"settlement_id":53,"source":"Peace Now","source_name":"Talmon","source_type":"Settlement","source_db_id":48},"geometry":{"type":"Polygon","coordinates":[[[35.137059444953806,31.94391508632166],[35.1373002025838,31.94383311839507],[35.13735554490715,31.9436369291981],[35.137882706903184,31.942552495016855],[35.13816849731929,31.941636212670183],[35.13878308530613,31.941019415070325],[35.14029698128483,31.940178608662045],[35.14056045793134,31.939673720858913],[35.14007836915584,31.93913112092716],[35.13948639257075,31.938906445674174],[35.13781931428765,31.93924223165791],[35.136613170049955,31.93907322221698],[35.136196588748845,31.93879244171965],[35.136218904207134,31.938362374366175],[35.136613898798046,31.938082029021075],[35.137030495442154,31.93819443783748],[35.13832434123294,31.938307305494035],[35.13975087980275,31.936961528864163],[35.141132642201214,31.93685003911117],[35.14220728254714,31.936906664243786],[35.14282152479592,31.936719925946928],[35.14394015554538,31.93645866507662],[35.1443791525738,31.935953852619377],[35.14435771226352,31.935261873359735],[35.14400729459992,31.93438269952109],[35.14299915118645,31.93344711432769],[35.14223173871926,31.93325970210918],[35.14139808913175,31.93359594138709],[35.14089361886099,31.93365178314159],[35.139841249084604,31.93325850745383],[35.13927108212827,31.933202122431204],[35.13824019867739,31.933388626968263],[35.13766977478526,31.933687553147895],[35.13718744793422,31.933537685859445],[35.13444599930744,31.933629722259717],[35.13446759191789,31.934022478342804],[35.13426963411011,31.934845282965536],[35.13451020308888,31.935705665108735],[35.13501364701219,31.937033786115364],[35.13477178476717,31.93787532501497],[35.13402594396018,31.93808061909758],[35.1332363264818,31.938136271802158],[35.13266623537869,31.93794891249837],[35.13181082329153,31.93802327702338],[35.1311528694465,31.93794804738052],[35.130253913890094,31.937723061213944],[35.12990292621262,31.937835132473975],[35.12889409346131,31.937741016787104],[35.12858696200064,31.93789044598341],[35.1289592920778,31.938451692061275],[35.12814776134109,31.93852605799989],[35.12779667487418,31.93875031012177],[35.12794986155523,31.939199239768048],[35.1283005326659,31.939479917558156],[35.12876130626853,31.93923715199216],[35.129550768824785,31.939387232811608],[35.13029607405395,31.939873843164523],[35.13101956784876,31.940136153201475],[35.13235672396151,31.941015926448454],[35.13294881687542,31.941221967193574],[35.13321206223498,31.94107250290047],[35.13391423055541,31.940754912534306],[35.13428708805799,31.940680358162247],[35.134001519185986,31.941259981664235],[35.133562646665766,31.941633723028968],[35.13297033237449,31.94170824200311],[35.13213704512701,31.941576825227955],[35.13196150109657,31.941689001960988],[35.13270692484885,31.942063411380246],[35.13362781204016,31.942438004648853],[35.13443931601496,31.942438455010095],[35.13490006015564,31.94223300271621],[35.13496570253409,31.94241998646151],[35.13426829119763,31.942728657139927],[35.13380596597686,31.94306018099702],[35.13345890239358,31.943765380904416],[35.134156868868494,31.94391346092045],[35.13540663777204,31.943859028691698],[35.135887676945075,31.94409813624618],[35.13658441066805,31.944037268098807],[35.137059444953806,31.94391508632166]]]}},{"type":"Feature","properties":{"settlement_id":136,"source":"Peace Now","source_name":"Shvut Rachel","source_type":"Settlement","source_db_id":126},"geometry":{"type":"Polygon","coordinates":[[[35.314793772883796,32.04817116710793],[35.31042770203497,32.047935851400034],[35.30899238347846,32.047883112492194],[35.30793902857921,32.049645701016004],[35.30791915472424,32.050742301529255],[35.30652618750942,32.050851290645696],[35.30658120885437,32.05168320889137],[35.30666316450783,32.052254707806355],[35.306439492028964,32.053079319203285],[35.30645986099749,32.053496027497765],[35.3066898967848,32.05382319794967],[35.30679004314585,32.054086715132605],[35.307015024256046,32.0543416543702],[35.30729464840109,32.05440951432401],[35.30756614583141,32.05421747974951],[35.308049433408755,32.05403699526963],[35.308427216399345,32.05401089450304],[35.30859344365579,32.054087952739614],[35.308623931960334,32.05426810856446],[35.308714748286924,32.05442251332913],[35.309153534092644,32.0549626042452],[35.30933531999888,32.055309919895464],[35.309940640537945,32.056184440145955],[35.31024374289693,32.05695631377807],[35.310244112839406,32.05727798755131],[35.31036545730858,32.057638247805606],[35.31057718037531,32.05776675848467],[35.31116668573572,32.057946354427145],[35.31168019534587,32.05779153222109],[35.31207257846752,32.057289345073826],[35.31246528959052,32.05716032358049],[35.31288773907625,32.05665810826076],[35.312917402053515,32.05613043636086],[35.31352062602835,32.055203403756856],[35.31435128297834,32.054803727806615],[35.31552935609092,32.05440383280594],[35.31568022689465,32.05421062392764],[35.315125856342306,32.05373739014267],[35.31549414190929,32.053477799005336],[35.31520281646342,32.052576427888496],[35.31501448605098,32.05208384523265],[35.31462358391281,32.05211078864668],[35.31448161804982,32.05107212108231],[35.31433992586719,32.05025989658629],[35.31451049106214,32.04900786067995],[35.314793772883796,32.04817116710793]]]}},{"type":"Feature","properties":{"settlement_id":229,"source":"Peace Now","source_name":"Hakaron","source_type":"Outpost","source_db_id":256},"geometry":{"type":"Polygon","coordinates":[[[35.280644237915446,32.06921082890948],[35.28035832089793,32.06913801911969],[35.2798774562031,32.06894937797477],[35.27912646045311,32.06893250768136],[35.27890116649271,32.06928650812329],[35.278676017598855,32.069822401971656],[35.27929391083304,32.07050948419278],[35.27973157488271,32.07065650603075],[35.280644237915446,32.06921082890948]]]}},{"type":"Feature","properties":{"settlement_id":188,"source":"Peace Now","source_name":"Hayovel","source_type":"Outpost","source_db_id":254},"geometry":{"type":"Polygon","coordinates":[[[35.28111426477516,32.073349024220256],[35.284266346433746,32.0761742128119],[35.28509707331582,32.07549542659054],[35.285540074722626,32.07461345093565],[35.28542799658879,32.07338553666266],[35.28524262785868,32.0727559253751],[35.28572299468648,32.07234628974126],[35.28653623810293,32.07206241925098],[35.286831705893576,32.071684371868336],[35.286979152712036,32.07111749225899],[35.28697847457119,32.070361871135184],[35.28682978783268,32.06954331002978],[35.28682933650157,32.069039472316334],[35.287235471119075,32.06831505904175],[35.28697607283463,32.06768549808425],[35.28623642729031,32.06755999508991],[35.28619921469407,32.06727667211387],[35.28597703798869,32.06693043199765],[35.28479382786021,32.06699413294212],[35.28416493583602,32.0667111827351],[35.28379511724731,32.06658543250486],[35.2835734930745,32.06686900812884],[35.28272348790615,32.06746779263291],[35.28131947717343,32.06882253022018],[35.28072822481417,32.06923221612209],[35.280644237915446,32.06921082890948],[35.27973157488271,32.07065650603075],[35.27980495248835,32.07068115565828],[35.28043393641784,32.07105863631635],[35.281580186748094,32.07105794446461],[35.281876440403344,32.07146709278688],[35.28154406929142,32.07206555195064],[35.28139669332741,32.07263242514266],[35.28113845184181,32.073356729939405],[35.28111426477516,32.073349024220256]]]}},{"type":"Feature","properties":{"settlement_id":179,"source":"Peace Now","source_name":"Nof Harim","source_type":"Outpost","source_db_id":299},"geometry":{"type":"Polygon","coordinates":[[[35.27454069411793,32.07400183717906],[35.274603853003875,32.0744617184962],[35.27436863197924,32.07510042267025],[35.27458360859997,32.07601255119135],[35.27522715759624,32.07692444168538],[35.27602057746453,32.07765379418885],[35.278935298471914,32.07818206227364],[35.28047856575703,32.07818114651423],[35.281031306467206,32.077979077914556],[35.28221453289613,32.07776426987351],[35.28280596617985,32.077386050359245],[35.284266346433746,32.0761742128119],[35.28111426477516,32.073349024220256],[35.28054656854113,32.07316815855856],[35.27962196695469,32.07304281811479],[35.27836462107732,32.072949048032946],[35.27699638258251,32.072981310932704],[35.275639531896466,32.073359935489314],[35.2747524371699,32.073801231910565],[35.27454069411793,32.07400183717906]]]}},{"type":"Feature","properties":{"settlement_id":225,"source":"Peace Now","source_name":"Ramat Gilad","source_type":"Outpost","source_db_id":315},"geometry":{"type":"Polygon","coordinates":[[[35.10962758463925,32.17939197997951],[35.10948927230872,32.17979168581527],[35.11171123127535,32.17971045662869],[35.111241336190226,32.18078031454872],[35.11101848539251,32.181546080166875],[35.11201714125928,32.18219733001033],[35.113287903051486,32.182177268287795],[35.113880903689505,32.18135930386874],[35.11395445091432,32.18041722053641],[35.11365877245545,32.180134694664645],[35.113747521737004,32.179746479884784],[35.114086930670126,32.17898022536259],[35.114306259544776,32.1781750848015],[35.11404574371186,32.17645293320641],[35.113220119423175,32.17592387284477],[35.11235597675899,32.17651080948786],[35.11225312198331,32.177467503509504],[35.11256370398771,32.17849398491734],[35.112365691865385,32.17911288074447],[35.112309273495406,32.179511628502524],[35.1117557381039,32.179548377485965],[35.10962758463925,32.17939197997951]]]}},{"type":"Feature","properties":{"settlement_id":10,"source":"Peace Now","source_name":"Elmatan","source_type":"Settlement","source_db_id":228},"geometry":{"type":"Polygon","coordinates":[[[35.07190420008866,32.15853536868936],[35.07244854853091,32.158542748305614],[35.073338028470765,32.16044108535524],[35.07348029902137,32.16020378498662],[35.073660310396235,32.159236981115306],[35.073808266077044,32.15792475780446],[35.07426543953127,32.156241224551614],[35.074802361303405,32.15549581432693],[35.07527443818529,32.154722650517925],[35.075713147762656,32.154529663535556],[35.07594075212101,32.15429506848652],[35.0760714889198,32.15374258339366],[35.075273115538934,32.152787604094726],[35.07575607007871,32.15289625163473],[35.07577621945894,32.15212836986811],[35.07547224453219,32.151316895817395],[35.07482304519335,32.14994720135575],[35.07413347644184,32.15012414587341],[35.07380897484569,32.15059472694711],[35.074017167423705,32.151110315897355],[35.07412562847789,32.151765128591826],[35.074352374080355,32.15220742034588],[35.07414226030789,32.152343007650046],[35.07335968580686,32.15367072473513],[35.073098581502926,32.15456845781326],[35.07257769512302,32.155435439090226],[35.072153656104504,32.15669218336841],[35.0721522384624,32.15767296980437],[35.071891451015,32.158335783603924],[35.07190420008866,32.15853536868936]]]}},{"type":"Feature","properties":{"settlement_id":186,"source":"Peace Now","source_name":"Hahar","source_type":"Outpost","source_db_id":252},"geometry":{"type":"Polygon","coordinates":[[[35.085612251770655,32.2862939697886],[35.08452830119576,32.28627085191572],[35.083747978072125,32.28583617495328],[35.083060180491564,32.28567941839695],[35.08241400467462,32.28615213576932],[35.08167779782031,32.287097922351236],[35.08129184948505,32.287847190739264],[35.08154212454136,32.2884388513816],[35.08167211606631,32.28847591451268],[35.08215344959273,32.28871237571383],[35.082723875695464,32.28885387423236],[35.083467146295334,32.28882645366971],[35.08401816481621,32.28871416898097],[35.0844232458097,32.28849479295535],[35.0852269649941,32.287864223866734],[35.08604321353894,32.28787626450695],[35.08642171693565,32.287679311227436],[35.08704599797471,32.28730223116053],[35.087569714333426,32.28711163165475],[35.08769633593627,32.286883690540705],[35.087649419294905,32.28654827783793],[35.08739672525902,32.28649438823378],[35.086022963022074,32.28630526731291],[35.085612251770655,32.2862939697886]]]}},{"type":"Feature","properties":{"settlement_id":220,"source":"Peace Now","source_name":"Karmei Doron","source_type":"Outpost","source_db_id":272},"geometry":{"type":"Polygon","coordinates":[[[35.12988475461118,32.28483019151493],[35.12859523258688,32.28634066514859],[35.127427553581306,32.28672907374615],[35.12704245388617,32.28779577004265],[35.12702695154996,32.2886493049062],[35.12570340185401,32.289134744211275],[35.126124519847615,32.29015923628509],[35.12646951373533,32.29131534216653],[35.12676875240552,32.291981666131264],[35.127252800172585,32.29243257894781],[35.128152273253505,32.29251149018647],[35.12829970498187,32.29245977334646],[35.12809234399608,32.2937173480458],[35.12790401037262,32.29417298957143],[35.12814041235745,32.294234930342],[35.12861635348767,32.2942352173536],[35.128595444990275,32.29386184585014],[35.12849242646811,32.29379998631344],[35.12870882114047,32.29240452547228],[35.1287462894908,32.29230311750236],[35.128821310720696,32.29227680098726],[35.12923704073095,32.29165004712961],[35.1298840104708,32.29022030997854],[35.130114867933116,32.28988742153945],[35.13007021827649,32.288143727116065],[35.12988649798544,32.28718359101641],[35.13011843547036,32.28551851331791],[35.13021098969763,32.28514631573779],[35.12993443124353,32.284911060350794],[35.12988475461118,32.28483019151493]]]}},{"type":"Feature","properties":{"settlement_id":246,"source":"Peace Now","source_name":"Nahalat Yossef","source_type":"Outpost","source_db_id":340},"geometry":{"type":"Polygon","coordinates":[[[35.35746094747578,32.22395282323947],[35.356410321358275,32.222765547809935],[35.35425278158516,32.22160376878259],[35.35148916365792,32.22051901078183],[35.34895238112751,32.220846426452205],[35.34497839913559,32.221099045194464],[35.34192794492578,32.22329748959327],[35.33898007259474,32.225918201003836],[35.3406757491711,32.22683007670347],[35.341283333952916,32.22768836890343],[35.34234062570255,32.228927922918636],[35.34283514897124,32.22925187405343],[35.34357727631151,32.22995730542405],[35.344565234905005,32.229879863528346],[35.34470064609456,32.230318731719606],[35.34348720659369,32.23206029141248],[35.348721660277555,32.23115406753138],[35.35843508534787,32.22505362718248],[35.35746094747578,32.22395282323947]]]}},{"type":"Feature","properties":{"settlement_id":197,"source":"Peace Now","source_name":"Sculy's Farm Porat Yosef","source_type":"Outpost","source_db_id":329},"geometry":{"type":"Polygon","coordinates":[[[35.35707070285854,32.22351182603412],[35.35746094747578,32.22395282323947],[35.357591188196075,32.22386261011383],[35.35846280061631,32.223556298674545],[35.35861533181908,32.22272746603643],[35.35896869791987,32.22191173424616],[35.35975186385259,32.2213226330597],[35.36164164884919,32.2204772226963],[35.362378707775264,32.21992729978044],[35.36309236418729,32.21916178588793],[35.363668463780854,32.218906218393016],[35.36482089685708,32.21847344005606],[35.36521210245334,32.217982734779056],[35.36534870306393,32.21700232411759],[35.366200637220395,32.21617773005343],[35.36728316260061,32.21541171987615],[35.369515038416374,32.21499468785375],[35.370154921462344,32.21472691533274],[35.37077113419822,32.2141886099933],[35.37102561152975,32.21340335923336],[35.370783177472156,32.21240747649749],[35.36997618344379,32.21252621782235],[35.368411190852875,32.21330866156556],[35.3682561610347,32.21359893970403],[35.36820181402659,32.21407251887675],[35.36894218499705,32.21458615569884],[35.368250331765665,32.21462628114907],[35.367328676618904,32.215058793893014],[35.36631507421355,32.21568746505967],[35.36518683973081,32.216767255012044],[35.365118608044014,32.217296687739555],[35.36488944075146,32.21812039571698],[35.36431362399986,32.21853287846797],[35.363114736775444,32.21878923178008],[35.36286161092933,32.21908371030352],[35.36145683157482,32.22034020112555],[35.36037336268159,32.22061604391954],[35.35931357139149,32.22128394304046],[35.35809349289749,32.22265785235074],[35.35795634521326,32.22336384310315],[35.35707070285854,32.22351182603412]]]}},{"type":"Feature","properties":{"settlement_id":181,"source":"Peace Now","source_name":"Bracha A","source_type":"Outpost","source_db_id":352},"geometry":{"type":"Polygon","coordinates":[[[35.25820136024627,32.193720892694174],[35.25820597608784,32.193584495496644],[35.25814949501348,32.193576052586266],[35.258165931484896,32.193392982910225],[35.25822066895075,32.19315036371162],[35.25823184897811,32.19277342741312],[35.2583639399789,32.19215375348579],[35.25828103311271,32.19201301981893],[35.25778413728489,32.191731602010954],[35.25760189708764,32.19146420861218],[35.25740310614431,32.191365726573665],[35.25684000929821,32.191211033771275],[35.25578036142745,32.191366394732235],[35.25546586258421,32.19143686120604],[35.25521742800218,32.1913102599631],[35.25483643451374,32.19118371103932],[35.25435631201924,32.19129653435694],[35.253975578128724,32.19145161083493],[35.25331326335943,32.19136737065978],[35.253065003845634,32.19156459684781],[35.25278346093637,32.19159284036331],[35.25253504440931,32.19149436960129],[35.25215407920296,32.19121288556928],[35.25177329098644,32.19126939011524],[35.25112755888402,32.19125556186404],[35.25099492044312,32.19110068365435],[35.250630661174355,32.191128952749594],[35.25049831388515,32.19134019947199],[35.25059780137217,32.19157958772605],[35.25079667810592,32.19186114319388],[35.2511608970961,32.19174828601582],[35.25159162274115,32.192283246816395],[35.25190634293686,32.192423898219175],[35.25190643051029,32.19259289305132],[35.25202251063292,32.192916681164654],[35.252204730138715,32.19317010486219],[35.25227111427339,32.19336712022668],[35.25238732937304,32.193944400157314],[35.25263604134438,32.194591968938376],[35.252834990428966,32.19498615417162],[35.25341452747316,32.19491559207262],[35.25435813842296,32.19464766363525],[35.25526886345697,32.194562804030504],[35.255782058472754,32.19439369241089],[35.25624566737495,32.19430900622516],[35.25670921112988,32.19411168521565],[35.25780196069694,32.19392816683426],[35.25820136024627,32.193720892694174]]]}},{"type":"Feature","properties":{"settlement_id":196,"source":"Peace Now","source_name":"Ahuzat Shalhevet","source_type":"Outpost","source_db_id":223},"geometry":{"type":"Polygon","coordinates":[[[35.22590517287857,32.17181736570504],[35.225121182309195,32.171132186809146],[35.22502878876226,32.17075085733929],[35.22471224870332,32.170481724809825],[35.224474883216125,32.170459330446505],[35.2239870499362,32.17080710246879],[35.22328817129213,32.17089693620702],[35.22293207515053,32.170627804189685],[35.222958383056856,32.17030253637015],[35.22245514080282,32.16932576156385],[35.222167366511115,32.16965087309315],[35.22163683350192,32.1697449603358],[35.22061257632747,32.1697513622296],[35.22017051572929,32.170133740686424],[35.22014112041948,32.170597545831185],[35.21989063443546,32.17092349068223],[35.21932766015484,32.17104930615266],[35.21949512450158,32.171839445378886],[35.2199129460844,32.17213940030263],[35.21987617579447,32.17258440381764],[35.22021518968661,32.17282253031472],[35.220510007539886,32.17314840743887],[35.22065006442072,32.17340536096164],[35.221475513476285,32.17402574383598],[35.22196189149493,32.17411342454035],[35.22267670317997,32.17415092948206],[35.223140933007855,32.17403177706313],[35.22369357770863,32.173849935185345],[35.224010395269154,32.17359918291773],[35.22453356831457,32.17345494652867],[35.224865135269745,32.173273134303784],[35.225734587588114,32.17285933057962],[35.22562402579328,32.172746532462],[35.22502711285101,32.17264008146699],[35.224879712311434,32.17254609188198],[35.22489443040324,32.17245834265293],[35.22556489102828,32.171950558534206],[35.22590517287857,32.17181736570504]]]}},{"type":"Feature","properties":{"settlement_id":5,"source":"Peace Now","source_name":"Itamar","source_type":"Settlement","source_db_id":5},"geometry":{"type":"Polygon","coordinates":[[[35.31383895823696,32.17271496322779],[35.313654581795525,32.172530015763684],[35.312867898078125,32.17144513608485],[35.31215245894802,32.17091774909986],[35.311322974305675,32.16941453766277],[35.311058423024726,32.16839077848661],[35.31041645848989,32.167785309256956],[35.31040696224851,32.167875140888185],[35.308851864941985,32.167793738699395],[35.30491419335472,32.16647426909535],[35.30277582619953,32.16631055948857],[35.30180535822472,32.1676340551599],[35.30088350717168,32.16904011007157],[35.300009947629455,32.170115435277935],[35.2991407916783,32.175572274321205],[35.29870405821088,32.176192580086294],[35.2979758182688,32.176895794013625],[35.298267996437424,32.17747425562489],[35.30133033568347,32.17800932486893],[35.30312827001365,32.177759944255236],[35.305460045967294,32.1767247455247],[35.305834352945475,32.176932488937794],[35.305807988914644,32.17715813756456],[35.306366263286776,32.17812792360615],[35.30724209746135,32.17851074603428],[35.30915297598827,32.179118428058835],[35.31008091302801,32.17859867791812],[35.3112213005062,32.17823673524419],[35.31342163965108,32.176858460377815],[35.31400528787968,32.17690313618498],[35.315438556014875,32.17746595627333],[35.31580960054748,32.17714973388609],[35.31591510602106,32.17663066172896],[35.3146144915987,32.17606773157278],[35.31456090683115,32.175593978419016],[35.31466576844198,32.174623652599564],[35.31493045245941,32.17412707726011],[35.314505887790304,32.17401463329849],[35.31402809636839,32.173811964918066],[35.313496863615256,32.17324835461604],[35.313761523009155,32.17272914672482],[35.31383895823696,32.17271496322779]]]}},{"type":"Feature","properties":{"settlement_id":170,"source":"Peace Now","source_name":"Hanekuda","source_type":"Outpost","source_db_id":255},"geometry":{"type":"Polygon","coordinates":[[[35.33227694615089,32.16754240581601],[35.33155427179256,32.167204483520706],[35.32982529173323,32.16674552914914],[35.328554128385534,32.16683243235076],[35.32763595875305,32.167336526662346],[35.32668033211082,32.16807618969569],[35.325686290622215,32.16833409747802],[35.32397455063873,32.168421375858635],[35.32290424065481,32.168111898341735],[35.321481869193285,32.168091808608324],[35.32027289710913,32.16869316977135],[35.319252233584464,32.16852880143285],[35.31837601265457,32.16737223601643],[35.31793642711511,32.16555390080513],[35.31837349350266,32.165346817967354],[35.318615764531025,32.16476792097357],[35.317741329570744,32.164934004628705],[35.31759652616821,32.16571950316264],[35.316528705037406,32.16675381418619],[35.315994357622046,32.166919674390265],[35.31482649406217,32.16563925431576],[35.31278520090593,32.1653517232078],[35.31055116042228,32.166510972608734],[35.31041645848989,32.167785309256956],[35.311058423024726,32.16839077848661],[35.311322974305675,32.16941453766277],[35.31215245894802,32.17091774909986],[35.312867898078125,32.17144513608485],[35.313654581795525,32.172530015763684],[35.31383895823696,32.17271496322779],[35.31487550673296,32.17252509696935],[35.318961297953024,32.17292763270502],[35.3196243508376,32.17281421735119],[35.32118787014969,32.17152665347119],[35.32155930354703,32.17154885512307],[35.323071428299514,32.17154744717665],[35.32346913388437,32.171389170582245],[35.32402601009235,32.1712532872102],[35.32497927898107,32.16996625125497],[35.3252437912185,32.16931166072023],[35.32585378278423,32.16926598771267],[35.32654345638012,32.169265324410624],[35.327524735791556,32.169061291186914],[35.327949475845806,32.16930904998111],[35.32853288311072,32.169128031396646],[35.32916951394415,32.16910486102702],[35.329779162364076,32.16881090679755],[35.33065448882158,32.16874231275907],[35.33110521085068,32.16860650399846],[35.331335236282314,32.16796465039257],[35.331823736944976,32.16770525601607],[35.33227694615089,32.16754240581601]]]}},{"type":"Feature","properties":{"settlement_id":183,"source":"Peace Now","source_name":"Mount Gideon Hill 851","source_type":"Outpost","source_db_id":242},"geometry":{"type":"Polygon","coordinates":[[[35.33848113914088,32.16543074192699],[35.33809616716101,32.164811870705606],[35.33721949948032,32.164314032283265],[35.33656445243973,32.16477490101739],[35.33556522017351,32.16527787615905],[35.33509027564323,32.165585156096334],[35.334648008175364,32.16583657984725],[35.333467473347056,32.16567050648631],[35.33188370666647,32.166077916114375],[35.33155427179256,32.167204483520706],[35.33227694615089,32.16754240581601],[35.332828613977675,32.16741395484667],[35.33323450229087,32.16744492484923],[35.333668228125724,32.16759354867909],[35.33403720029864,32.16760886264293],[35.33442432479561,32.16749078221446],[35.33487563843032,32.16719648972024],[35.335302995897614,32.167439240603194],[35.33549676269017,32.16725566395058],[35.33572834880056,32.16713622995378],[35.33641244236782,32.1668604547929],[35.33706972995257,32.16668556017078],[35.3374986352235,32.16659822267034],[35.33774068041505,32.16664803810956],[35.338247377268374,32.16652431910364],[35.33837343276792,32.16601602730813],[35.33848113914088,32.16543074192699]]]}},{"type":"Feature","properties":{"settlement_id":184,"source":"Peace Now","source_name":"Gvaot Olam","source_type":"Outpost","source_db_id":243},"geometry":{"type":"Polygon","coordinates":[[[35.3533257762451,32.16538660521399],[35.35466372340176,32.16500005061079],[35.35494361466886,32.16341377395545],[35.35650450691482,32.161805268931765],[35.35575411466574,32.16057556268062],[35.35510895408512,32.16001307392451],[35.35465320817464,32.15923555074401],[35.35476952245058,32.15886053839503],[35.35414797169484,32.15833327652914],[35.35383228181556,32.15775208465698],[35.35364251476828,32.157224400155705],[35.353641941609425,32.15687243189711],[35.35381207740631,32.15641312958537],[35.354189473923924,32.15616018234269],[35.35467436318708,32.15571574643332],[35.35504269369255,32.155432236671174],[35.35506033743594,32.155202709878225],[35.354889129519236,32.15500388815498],[35.35448433815347,32.15496613256005],[35.35421427330724,32.154859319534495],[35.35394414029802,32.15464537322857],[35.35379978639157,32.15440070730689],[35.353844408044,32.15420171953459],[35.3536733169916,32.154071883014865],[35.35249473227762,32.15385900103887],[35.35204350879281,32.15399116051531],[35.349730664404305,32.153975447134926],[35.34778668754218,32.15486029733847],[35.34770131889685,32.15555914591065],[35.35004556311304,32.157833058173765],[35.34971926963277,32.15843600952907],[35.34930845347932,32.15895410806367],[35.3493992268044,32.15977616656991],[35.34862778561958,32.159654434974534],[35.34839969517339,32.16033906502902],[35.34958551993437,32.161163054578886],[35.34966923578773,32.16172657925583],[35.348024400714266,32.16189396456172],[35.34813207891353,32.162076545079685],[35.34829461986336,32.163035504411354],[35.34829516976928,32.16338566883424],[35.3485649038627,32.16414656289572],[35.348498431796266,32.16415607398028],[35.34975729230571,32.164984188925075],[35.35051014897956,32.16606239131067],[35.35166106561657,32.16583511832313],[35.3533257762451,32.16538660521399]]]}},{"type":"Feature","properties":{"settlement_id":182,"source":"Peace Now","source_name":"Yanukh Hill 836","source_type":"Outpost","source_db_id":241},"geometry":{"type":"Polygon","coordinates":[[[35.368033100815865,32.16415770803999],[35.36785166946559,32.16406234637728],[35.36740810713214,32.164079339769856],[35.36700951878466,32.16427671291897],[35.36653963807462,32.164806665886275],[35.36602156694812,32.16512629113771],[35.365056806052316,32.1654872426925],[35.36485697197709,32.165311015909175],[35.364010384924725,32.16480302576827],[35.36351058829209,32.16441795942111],[35.362668928232374,32.16417544086863],[35.36248939528182,32.16384074048286],[35.36197008081115,32.16368907550424],[35.36078864665816,32.16362966934092],[35.36010791101253,32.16324986280283],[35.3594448884406,32.162809160068576],[35.359175739777214,32.16238321325888],[35.35879912165163,32.161972637175424],[35.358387803800206,32.16217099073824],[35.357027414991016,32.16209652663914],[35.356561792428074,32.16189914408602],[35.35650450691482,32.161805268931765],[35.35494361466886,32.16341377395545],[35.35466372340176,32.16500005061079],[35.35555193175944,32.16499899348771],[35.356511206695544,32.164890080924415],[35.357019150606035,32.165536143006115],[35.35714774154029,32.166675489044486],[35.35713074531678,32.16729152180428],[35.35774714310583,32.167860527205654],[35.35850754651767,32.16787493441735],[35.35921400622375,32.16808969038511],[35.35979392947014,32.16845853314122],[35.360591252867835,32.16891953857983],[35.361785983023275,32.16884104635402],[35.363251509975825,32.16828488650328],[35.36487905662677,32.16726651787627],[35.36578300389052,32.16655701358006],[35.36590893618207,32.16612570758684],[35.36668258336693,32.16563406657286],[35.36734999518959,32.165465600148856],[35.367733273448685,32.16550235291562],[35.36852119592657,32.16535234855645],[35.368033100815865,32.16415770803999]]]}},{"type":"Feature","properties":{"settlement_id":249,"source":"Peace Now","source_name":"Itamar's farm","source_type":"Farm","source_db_id":327},"geometry":{"type":"Polygon","coordinates":[[[35.368286720144496,32.14938401046919],[35.36930236546314,32.14953075279865],[35.369307003612654,32.14882170230179],[35.368559682050446,32.146330465005086],[35.36858618455905,32.14547664007375],[35.3704366237897,32.145677734381444],[35.37398263336754,32.1456908285942],[35.374260549270176,32.144395957101],[35.37548016674077,32.144537408382796],[35.378027923855555,32.142912216968064],[35.379135132477614,32.142910694345865],[35.37921799613066,32.14226665970215],[35.3779825822499,32.14117130931236],[35.37638363955542,32.140517645509114],[35.37599380965866,32.14190141041409],[35.37679491435957,32.143092768090746],[35.37591326578422,32.143797507272296],[35.375198989663865,32.14407273454603],[35.37379702449458,32.1438480528418],[35.37349116913101,32.14519592479456],[35.37314088817395,32.14525601392654],[35.37120683599718,32.145318197792015],[35.369692714205335,32.1450816939492],[35.36791181479787,32.14457125456472],[35.367731885315315,32.14584740181449],[35.36842388420296,32.14876799670247],[35.368286720144496,32.14938401046919]]]}},{"type":"Feature","properties":{"settlement_id":247,"source":"Peace Now","source_name":"Tzofim North","source_type":"Outpost","source_db_id":356},"geometry":{"type":"Polygon","coordinates":[[[35.013785641009555,32.20027268635533],[35.013741555227,32.20047883705156],[35.01372277169849,32.20100510409678],[35.01365090152423,32.201546328217795],[35.013331752667774,32.201936808928856],[35.012871307184476,32.202236852203804],[35.01230547468548,32.20219088255497],[35.010555786795955,32.20164687833576],[35.01029006202946,32.20185698820679],[35.00964179205185,32.20175024497773],[35.00989518791422,32.20235446579699],[35.01039975474668,32.202974628556845],[35.0105101550066,32.203396325752365],[35.0113084581796,32.203870690265425],[35.01223902567818,32.20400114850071],[35.014434648513124,32.20397866003689],[35.01465831177536,32.20346283966498],[35.014753711307165,32.201372551405306],[35.013785641009555,32.20027268635533]]]}},{"type":"Feature","properties":{"settlement_id":257,"source":"Peace Now","source_name":"Shirat Haasabim","source_type":"Farm","source_db_id":1068},"geometry":{"type":"Polygon","coordinates":[[[35.50325935132424,32.36529208940407],[35.50427210216349,32.36525619406202],[35.504651540208094,32.36464126627475],[35.505063709652816,32.36413836311052],[35.504856917173385,32.36381788042389],[35.50434686217828,32.363994472571],[35.50334691270649,32.36391869788609],[35.502742605361846,32.364154574440796],[35.502573692880524,32.36479132758734],[35.50325935132424,32.36529208940407]]]}},{"type":"Feature","properties":{"settlement_id":258,"source":"Peace Now","source_name":"Um Zuka","source_type":"Farm","source_db_id":1069},"geometry":{"type":"Polygon","coordinates":[[[35.51932267910994,32.2901315320573],[35.5203000653645,32.289998030408135],[35.52045326661495,32.2894020200034],[35.52004463984175,32.288556400388956],[35.517004408538966,32.28729144193825],[35.51632131791643,32.28762041333874],[35.516898948431326,32.28946982584271],[35.518726066256946,32.28975655375127],[35.51878360181663,32.289868947509575],[35.51892281105452,32.290009034064255],[35.51911003142033,32.29010022876964],[35.51932267910994,32.2901315320573]]]}},{"type":"Feature","properties":{"settlement_id":268,"source":"Peace Now","source_name":"Midbar Hever Farm","source_type":"Farm","source_db_id":1076},"geometry":{"type":"Polygon","coordinates":[[[35.16515844936503,31.478011266141962],[35.16439373986943,31.477884822687173],[35.16347134079346,31.477966088062136],[35.16317833951947,31.47839260499904],[35.16329528319305,31.47880670681242],[35.16387752765477,31.479056880128127],[35.163976549521074,31.479174837008024],[35.16409439591737,31.47922530875781],[35.164331141164986,31.479245673064288],[35.164638964455825,31.479144318619653],[35.16524585826335,31.478067491530805],[35.16515844936503,31.478011266141962]]]}},{"type":"Feature","properties":{"settlement_id":261,"source":"Peace Now","source_name":"Shabtai's Farm","source_type":"Farm","source_db_id":1074},"geometry":{"type":"Polygon","coordinates":[[[34.96794741975556,31.368272371622894],[34.96754599874636,31.367600835993827],[34.967094195761824,31.367537112892048],[34.96615293954139,31.367807878391943],[34.965639184709055,31.368089913814526],[34.96566263504052,31.368477761070512],[34.96610188246891,31.368677720461147],[34.96658402068004,31.36883943706943],[34.967397022430774,31.36855434649451],[34.96794741975556,31.368272371622894]]]}},{"type":"Feature","properties":{"settlement_id":262,"source":"Peace Now","source_name":"Neve Achi","source_type":"Outpost","source_db_id":1073},"geometry":{"type":"Polygon","coordinates":[[[35.13062861828973,32.007731123530704],[35.13031422203529,32.00758801257987],[35.12978275104677,32.00795693081942],[35.1294940805026,32.00828468398481],[35.12996130889385,32.00856291351024],[35.13042298710456,32.00887632499883],[35.13088890559174,32.009688295446495],[35.1312221178194,32.00973110176166],[35.131953575860386,32.00988618946624],[35.13244852521412,32.01002239102615],[35.13239915137133,32.009853634704044],[35.13222331193814,32.00962387717474],[35.13206412993287,32.00928136623258],[35.13208114141894,32.009274393210326],[35.13164132866626,32.00863096476537],[35.13062861828973,32.007731123530704]]]}},{"type":"Feature","properties":{"settlement_id":269,"source":"Peace Now","source_name":"Sde Efrayim","source_type":"Farm","source_db_id":1083},"geometry":{"type":"Polygon","coordinates":[[[35.09314175244746,31.940495009513043],[35.092794474294,31.939440933315264],[35.09187646110193,31.938710588766224],[35.090862939445444,31.938358428747033],[35.08997566590419,31.93841167069683],[35.089626482229775,31.938924731245123],[35.09006941801604,31.939465526525204],[35.0905125268139,31.939871221996473],[35.09111403765734,31.940304076928474],[35.092032652999265,31.940548071071035],[35.09314175244746,31.940495009513043]]]}},{"type":"Feature","properties":{"settlement_id":51,"source":"Peace Now","source_name":"Hashmonaim","source_type":"Settlement","source_db_id":46},"geometry":{"type":"Polygon","coordinates":[[[35.0203916906975,31.92531908027958],[35.019929788816285,31.926802767214557],[35.02072821224753,31.927264780625787],[35.02110382459997,31.928464938842353],[35.020822126195355,31.928739660741776],[35.019837031197824,31.929316722704304],[35.018744758575124,31.929822142715476],[35.017954246514215,31.930394425937166],[35.018051483766065,31.930692695808286],[35.01809678113376,31.930654198570554],[35.020347248097174,31.930996295910386],[35.02042587001537,31.931448132611184],[35.02042474486569,31.93201276181023],[35.02008015690852,31.93214780580489],[35.020052982636265,31.932463945149735],[35.02050177752885,31.93320995194547],[35.02063273780654,31.933932861638183],[35.02097629934823,31.934317354253153],[35.02185006511874,31.934454157621154],[35.0229364256121,31.93425244462384],[35.024180605198495,31.93457039585518],[35.02484214433952,31.93486496652478],[35.02574263979191,31.934911418393728],[35.026537502220656,31.934731809547273],[35.027543898013576,31.93475585144278],[35.02775699161685,31.93414624601295],[35.027573989369074,31.93290382156471],[35.026568788414814,31.932269969490655],[35.02553753982412,31.931387620697222],[35.02469159725448,31.93055070721327],[35.024401541437626,31.929895302646326],[35.02416464438766,31.929149700402863],[35.02392792792733,31.92831364508089],[35.02406241078557,31.927297391756678],[35.024275580230096,31.92659751909652],[35.02427672558963,31.92601034378142],[35.02458177777548,31.92514845298207],[35.021724697322185,31.925340971634935],[35.0203916906975,31.92531908027958]]]}},{"type":"Feature","properties":{"settlement_id":43,"source":"Peace Now","source_name":"Hebron Settlement","source_type":"Settlement","source_db_id":39},"geometry":{"type":"MultiPolygon","coordinates":[[[[35.10701978237851,31.524000382288882],[35.10708595364061,31.52374817648418],[35.1072817287167,31.523748980203834],[35.107344428223456,31.523596049820068],[35.108214995158,31.523694467562414],[35.108215085925586,31.52360599306416],[35.107821403985625,31.52341765382552],[35.10771185308374,31.523163150215044],[35.10719537308643,31.523112974491614],[35.10698064800317,31.522903340868258],[35.10634654647662,31.52292419346041],[35.10586957971909,31.523046662816114],[35.106268360403114,31.523488530850962],[35.1063451996333,31.52388785994402],[35.10701978237851,31.524000382288882]]],[[[35.10050079682267,31.52387680653227],[35.10094457181636,31.523649214285037],[35.10109734106578,31.523649337877593],[35.10124036488653,31.52354814058107],[35.10124048099593,31.52344260702894],[35.10112715966714,31.523421408765575],[35.100846057903844,31.523606921031853],[35.100673492990744,31.523682764573238],[35.100471397668,31.52372481382306],[35.10030391898036,31.52365713651185],[35.100107051450344,31.523429022777442],[35.100062662157576,31.523462757487938],[35.1000174645326,31.524222562771467],[35.10047055075226,31.52448887700947],[35.100771013134356,31.524624203894394],[35.10078583023349,31.524594666674837],[35.10066284784098,31.524396163852312],[35.10035255749187,31.524235500275243],[35.10016555025988,31.52400317387369],[35.10030849126757,31.52397796195825],[35.10050079682267,31.52387680653227]]],[[[35.11054525082179,31.52395242501984],[35.11036283256486,31.523279216769936],[35.10981603504794,31.52353530825541],[35.109462790621826,31.523459170987604],[35.109363898772024,31.524176646039145],[35.110178214198335,31.524751681704252],[35.11054525082179,31.52395242501984]]],[[[35.10246386728928,31.52462704645721],[35.10222567246886,31.524401890063242],[35.101965232548785,31.52450647653869],[35.10188351507067,31.52438979054722],[35.10085589045264,31.524941789883556],[35.10139071891076,31.524972164603458],[35.10246386728928,31.52462704645721]]],[[[35.09991956817609,31.525129160133314],[35.099766778866474,31.524294795044863],[35.099276043532385,31.524288079107503],[35.09791780686418,31.524566526866032],[35.09687388110901,31.52450568844554],[35.096851660301034,31.52469380215047],[35.09722970101715,31.52476682580726],[35.09756273039359,31.524737642923885],[35.097801996034086,31.524674902260937],[35.09796419588525,31.525190317310503],[35.09991956817609,31.525129160133314]]],[[[35.104274751429834,31.52478515217434],[35.1050378073122,31.525247240426236],[35.10520857410165,31.52505815843866],[35.105162131779934,31.524968475387496],[35.10533680402592,31.524769385371116],[35.105073635199545,31.524423940928422],[35.10517460227065,31.52422813076084],[35.10472133293991,31.524038473084545],[35.104274751429834,31.52478515217434]]],[[[35.104274751429834,31.52478515217434],[35.103611119427754,31.52547474988758],[35.10310277311894,31.52607247540983],[35.10310657195143,31.52616212539291],[35.10409198760353,31.525656406388634],[35.103960199886856,31.525526792738596],[35.10420499345728,31.525331637479066],[35.10434528526516,31.525188077746474],[35.10441802201432,31.52490810057937],[35.104274751429834,31.52478515217434]]],[[[35.112660369224585,31.52683166759429],[35.112661712872956,31.52604721330479],[35.112199883523544,31.526213270704112],[35.112660369224585,31.52683166759429]]]]}},{"type":"Feature","properties":{"settlement_id":256,"source":"Peace Now","source_name":"Malachei Hashalom","source_type":"Farm","source_db_id":1072},"geometry":{"type":"Polygon","coordinates":[[[35.36078357926892,32.02391431994128],[35.36233387795125,32.024899873130785],[35.363646766752524,32.02594150533171],[35.36594381237114,32.02332029021471],[35.36487333151314,32.02232274491808],[35.364023747908554,32.02287006055688],[35.36272891132978,32.02321726551864],[35.3616584743721,32.02318083787181],[35.36078357926892,32.02391431994128]]]}},{"type":"Feature","properties":{"settlement_id":266,"source":"Peace Now","source_name":"Negohot Farm","source_type":"Farm","source_db_id":1091},"geometry":{"type":"Polygon","coordinates":[[[34.97406668206523,31.492057020354192],[34.97361819488602,31.49143396775661],[34.972774077103644,31.490880309384412],[34.97188169287273,31.490548579734515],[34.97157133638203,31.490597678411966],[34.97112154613971,31.49080098207753],[34.97106516402218,31.49097765055708],[34.971488342880946,31.491070783348935],[34.971655212107486,31.49114412062566],[34.97203386118152,31.49105132601052],[34.97238811252795,31.491174665629384],[34.97262302209375,31.49130655081456],[34.972915499187856,31.49159629263436],[34.97318345219032,31.492154752423694],[34.973367125677235,31.492327443118953],[34.97364344306676,31.492258416551824],[34.97406668206523,31.492057020354192]]]}},{"type":"Feature","properties":{"settlement_id":254,"source":"Peace Now","source_name":"Oz Vegaon","source_type":"Outpost","source_db_id":1089},"geometry":{"type":"Polygon","coordinates":[[[35.13518042637271,31.641750761710135],[35.133937388794635,31.64042719326065],[35.13303064085262,31.64028743715908],[35.132472339663416,31.640595465611085],[35.13234417329893,31.64095346794384],[35.13237879857316,31.64128172311081],[35.132575996132424,31.641868678850763],[35.13283139105003,31.642376095387466],[35.13312169094726,31.642853690899337],[35.13352866856353,31.642794238753112],[35.13518042637271,31.641750761710135]]]}},{"type":"Feature","properties":{"settlement_id":6,"source":"Peace Now","source_name":"Alon","source_type":"Settlement","source_db_id":6},"geometry":{"type":"Polygon","coordinates":[[[35.3540044140683,31.83548640409852],[35.35458484218876,31.835124986237837],[35.35482231282359,31.835057158378024],[35.35553536956085,31.83505631404256],[35.35598425754197,31.835010688635844],[35.356406408382185,31.834829818087584],[35.35656453233334,31.834626716006007],[35.35661687036893,31.83433355656337],[35.356563682104806,31.834108160978733],[35.35645771284342,31.833905464502234],[35.35629892565558,31.833702740763],[35.356192809791914,31.83340977036884],[35.35603417137913,31.83329722977983],[35.35595472345874,31.83316204884563],[35.355796228172274,31.833072053703795],[35.35579597072789,31.83291423256878],[35.35590138564723,31.83277892185584],[35.35611229290458,31.832620849309073],[35.35637619645109,31.832507805015382],[35.35653442740003,31.83237234054322],[35.35669254690298,31.832169238237967],[35.35663935971886,31.83194384260494],[35.356507095069226,31.831808815302463],[35.356427647745086,31.831673634630075],[35.35648020623797,31.831515750398562],[35.356638472328314,31.83140283166291],[35.35666462188894,31.831244978918633],[35.35663751085521,31.83081663872488],[35.3565579534664,31.830613910642434],[35.35631965196277,31.83023091436155],[35.35594960679485,31.83002844190572],[35.355791080109206,31.82991590080921],[35.355421404169505,31.8299388856793],[35.35526313908149,31.830051802924054],[35.354999533785715,31.830345212031304],[35.35492056521214,31.83050312690287],[35.35484181562575,31.830796317035087],[35.35468387676501,31.83111205632846],[35.35455226872303,31.831315124919268],[35.354235622164204,31.831473319371185],[35.354024426936924,31.831518659545303],[35.35394534673198,31.831608936141343],[35.35368122518381,31.83158670011041],[35.353549037653316,31.83149667129544],[35.35352241181934,31.831361426917038],[35.35328437118417,31.83106860838432],[35.35323130137316,31.830910848920066],[35.35299348202292,31.830820942925474],[35.352333346245715,31.830866803348954],[35.35214845226683,31.830844562252786],[35.35185813794677,31.83088990042131],[35.35162067756821,31.83102545073685],[35.35143589044171,31.831070756086135],[35.35125121014451,31.83118369883019],[35.351066636273984,31.83136427896711],[35.35072371623523,31.83154504087442],[35.350618330798035,31.831702983412697],[35.35051283852738,31.8317932882029],[35.3504075232408,31.83199623214986],[35.35024939023467,31.832199326691264],[35.35024974451873,31.83242478553649],[35.350144605102585,31.83274054884948],[35.3501449237355,31.832943461794212],[35.350039747861075,31.83323658893269],[35.349960591590055,31.833281771281325],[35.34982886448991,31.833484835078508],[35.349829076457084,31.83362011036176],[35.350014258556364,31.83382281202485],[35.3501992643735,31.833912784016064],[35.35049019117868,31.83418291142978],[35.35072798120896,31.8342502761598],[35.35080721012505,31.834317822845964],[35.35080753022738,31.834520735734326],[35.351071837627764,31.834655707074855],[35.35115117277873,31.834723253419074],[35.35133635997282,31.834925953107522],[35.35144224793156,31.835083652283945],[35.351495424182886,31.835308959827564],[35.351680505960296,31.83544402137496],[35.35191830008373,31.83551138385473],[35.352472689002475,31.835443102654217],[35.353212411477244,31.835600061707307],[35.35358204115724,31.835599629197905],[35.3537933910678,31.8356444732351],[35.3540044140683,31.83548640409852]]]}},{"type":"Feature","properties":{"settlement_id":270,"source":"Peace Now","source_name":"Gadi Base","source_type":"Outpost","source_db_id":1093},"geometry":{"type":"Polygon","coordinates":[[[35.48656052351918,32.12445498019422],[35.487694192957925,32.12188290407682],[35.4850451543546,32.12040456857502],[35.48491939107226,32.12064535183426],[35.484610592781564,32.12211471391982],[35.484696779946255,32.12366361488938],[35.48656052351918,32.12445498019422]]]}},{"type":"Feature","properties":{"settlement_id":238,"source":"Peace Now","source_name":"Mishpatei Aretz Inst.","source_type":"Outpost","source_db_id":279},"geometry":{"type":"Polygon","coordinates":[[[35.250511223146006,31.9387745386223],[35.24987437268727,31.93876448415772],[35.25059016594609,31.939566484656552],[35.25109908298539,31.940216783879915],[35.25268434375584,31.94196892740252],[35.252953950365054,31.941829457201845],[35.25312172556812,31.941602715479583],[35.25328919856508,31.940803315320274],[35.25317669739321,31.93971769364695],[35.25324644428286,31.93932396347863],[35.25225280942254,31.93877554363822],[35.25179467753945,31.938811505646832],[35.251259434970606,31.938716261114006],[35.250511223146006,31.9387745386223]]]}},{"type":"Feature","properties":{"settlement_id":278,"source":"Peace Now","source_name":"Tkoa E","source_type":"Farm","source_db_id":1094},"geometry":{"type":"Polygon","coordinates":[[[35.24700780610725,31.631896388019218],[35.24566583313581,31.63255468417882],[35.24485570624546,31.632882663833733],[35.24503257968181,31.633084282304523],[35.24531254186926,31.633197635331268],[35.24569570795345,31.633487419988825],[35.24603455123544,31.63348731025881],[35.24659429849034,31.633310661533596],[35.2474089786992,31.63298711824853],[35.24792209918862,31.632277159524797],[35.24700780610725,31.631896388019218]]]}},{"type":"Feature","properties":{"settlement_id":264,"source":"Peace Now","source_name":"Beintayim Farm","source_type":"Farm","source_db_id":1095},"geometry":{"type":"Polygon","coordinates":[[[35.5088710434973,32.31744744503701],[35.50827520160467,32.31741963812048],[35.50770372890091,32.317470723773525],[35.50752527412258,32.31765537816181],[35.50754724091371,32.31804717059268],[35.50771405167923,32.318403270482456],[35.50829281195512,32.318568814119566],[35.509065235248464,32.31785051852777],[35.5088710434973,32.31744744503701]]]}},{"type":"Feature","properties":{"settlement_id":271,"source":"Peace Now","source_name":"Kahalit","source_type":"Outpost","source_db_id":1096},"geometry":{"type":"Polygon","coordinates":[[[35.34601387708422,32.05040851180467],[35.34543725397228,32.05040480829115],[35.34516403084259,32.05057313532281],[35.34442595597341,32.05144885899503],[35.34413883689848,32.051939508178485],[35.34395354879759,32.05258387474934],[35.34506598845634,32.052899919553724],[35.34565824398382,32.05263005987691],[35.34597106991869,32.05241149493353],[35.34637918694605,32.05235945197765],[35.34630045875723,32.05094274796611],[35.34601387708422,32.05040851180467]]]}},{"type":"Feature","properties":{"settlement_id":265,"source":"Peace Now","source_name":"Yetedot Farm","source_type":"Farm","source_db_id":1097},"geometry":{"type":"Polygon","coordinates":[[[35.1820552772828,32.18972799871575],[35.18155975317555,32.18982317185738],[35.18105007298241,32.19004299810385],[35.18015565298329,32.1902872036831],[35.18021035853762,32.19054805561653],[35.18008978877029,32.19079024225649],[35.180023958759726,32.191162860074726],[35.180078661971145,32.191433027791604],[35.18044018069598,32.19143309713091],[35.18110823751636,32.19223437812094],[35.18383582965726,32.1933620606616],[35.185249602927826,32.19082839662217],[35.18423092258121,32.190204081107844],[35.18294458471234,32.19002100743062],[35.1820552772828,32.18972799871575]]]}},{"type":"Feature","properties":{"settlement_id":112,"source":"Peace Now","source_name":"Amihai","source_type":"Settlement","source_db_id":1062},"geometry":{"type":"Polygon","coordinates":[[[35.32314020372185,32.042428984452854],[35.32346407934971,32.04313604441916],[35.32408084791563,32.04399815399834],[35.32489859549359,32.044718936385316],[35.32547982960808,32.045495570189004],[35.32524376942777,32.044424407639525],[35.32582939875186,32.04467311176792],[35.326149595587154,32.04651659196577],[35.32654769917925,32.04719282790667],[35.32758175512806,32.04817292558884],[35.32875552175984,32.049643426285094],[35.33048212896786,32.04869445676109],[35.3310373930274,32.04808494718656],[35.33218834712058,32.047390258895746],[35.3330814305375,32.04693263904468],[35.33282095654811,32.045292102210595],[35.3324902671733,32.0451357168009],[35.330695817175915,32.045209657261395],[35.329166595772534,32.045211169976064],[35.329145704649335,32.04444999403303],[35.32900613533204,32.0440441600785],[35.32904535143414,32.043671980866705],[35.32852795061733,32.04289437612271],[35.32638258527483,32.04249048425945],[35.32407884704144,32.04245884720949],[35.323273653517816,32.04251489918455],[35.32314020372185,32.042428984452854]]]}},{"type":"Feature","properties":{"settlement_id":282,"source":"Peace Now","source_name":"Nofei Prat 324","source_type":"Farm","source_db_id":1101},"geometry":{"type":"Polygon","coordinates":[[[35.317553389975785,31.806265127181675],[35.31816560318968,31.80630479519158],[35.318269937393985,31.806092872126857],[35.318735659269436,31.80488533420685],[35.317477742627425,31.80490943553942],[35.317553389975785,31.806265127181675]]]}},{"type":"Feature","properties":{"settlement_id":283,"source":"Peace Now","source_name":"Givat Hanan","source_type":"Outpost","source_db_id":1102},"geometry":{"type":"Polygon","coordinates":[[[35.12187431125097,31.390229084881213],[35.122252973958275,31.39088189570391],[35.123033278169274,31.390864496800955],[35.122975663621496,31.390171119908963],[35.12290653866634,31.39000023074481],[35.12263373341182,31.389675873430523],[35.12232067825307,31.389800953006517],[35.12196717679729,31.38988769528491],[35.12187431125097,31.390229084881213]]]}},{"type":"Feature","properties":{"settlement_id":454,"source":"Peace Now","source_name":"Mikneh Yehuda Farm","source_type":"Farm","source_db_id":1103},"geometry":{"type":"Polygon","coordinates":[[[35.036720787267974,31.374451189484088],[35.037294426748055,31.374215868668575],[35.037375157528174,31.37407496613287],[35.037114276059484,31.37375963688507],[35.03633257363345,31.373565419829372],[35.035506544691486,31.37389876632246],[35.035826843481516,31.37429263697526],[35.036720787267974,31.374451189484088]]]}},{"type":"Feature","properties":{"settlement_id":280,"source":"Peace Now","source_name":"Lechathila Farm","source_type":"Farm","source_db_id":1104},"geometry":{"type":"Polygon","coordinates":[[[35.388127498401516,31.823265707291924],[35.38787018804166,31.823180697705453],[35.3871131829558,31.82342397728375],[35.38650006102179,31.82384131776433],[35.385957393792715,31.82393967053382],[35.38562872703523,31.82389135019541],[35.38517132219419,31.823757829455026],[35.384699705027366,31.823660920148203],[35.385086107108904,31.824014093888167],[35.38550077454401,31.824208661568893],[35.38625225830595,31.824798236394862],[35.38761571875,31.824534962876864],[35.38801521623463,31.824278244005463],[35.388811516662614,31.823866491262127],[35.388127498401516,31.823265707291924]]]}},{"type":"Feature","properties":{"settlement_id":281,"source":"Peace Now","source_name":"Kol Dodi","source_type":"Farm","source_db_id":1106},"geometry":{"type":"Polygon","coordinates":[[[35.34312518319524,31.944159875852094],[35.34189014464351,31.943812667104506],[35.339961588335804,31.944999009144748],[35.33942052977004,31.946313679261547],[35.340199248858895,31.9466831869503],[35.34069764496507,31.947292220182952],[35.34111688310699,31.947220258854014],[35.3427320172958,31.94670893154975],[35.34347469199333,31.94635676263984],[35.343989184265126,31.945960921500152],[35.345192138595884,31.94429264401599],[35.34312518319524,31.944159875852094]]]}},{"type":"Feature","properties":{"settlement_id":284,"source":"Peace Now","source_name":"Eretz Shemesh Farm","source_type":"Farm","source_db_id":1107},"geometry":{"type":"Polygon","coordinates":[[[35.4929443510281,32.30627223170942],[35.4930675803505,32.304890173244154],[35.49102081233191,32.30328276037115],[35.489011179146125,32.303327946149935],[35.48842346214351,32.30411498642129],[35.48815664779424,32.30551091070218],[35.48905180153543,32.306118503532524],[35.49087302337026,32.30700847709104],[35.491750249463706,32.30697938958312],[35.4929443510281,32.30627223170942]]]}},{"type":"Feature","properties":{"settlement_id":285,"source":"Peace Now","source_name":"Makhrour Outpost","source_type":"Farm","source_db_id":1108},"geometry":{"type":"Polygon","coordinates":[[[35.16429348453788,31.71196086600102],[35.16460111276483,31.71165146307259],[35.1643655686001,31.711566594878235],[35.16422677551929,31.711392722088977],[35.163976348456245,31.71132056823712],[35.16361425974227,31.711409486465342],[35.16348524916483,31.711551475506653],[35.1637604274557,31.711729632386817],[35.16429348453788,31.71196086600102]]]}},{"type":"Feature","properties":{"settlement_id":288,"source":"Peace Now","source_name":"Megenzi Farm","source_type":"Farm","source_db_id":1109},"geometry":{"type":"Polygon","coordinates":[[[35.04061546959222,31.96058204467135],[35.04002079404472,31.95975700086505],[35.03915490643035,31.9603500067261],[35.03920487240855,31.96058021585864],[35.039380750900754,31.960829900334026],[35.0397075726391,31.961188235064032],[35.04024072333352,31.96143230424658],[35.040714793523286,31.96138996766102],[35.040950351558486,31.961132576754025],[35.04061546959222,31.96058204467135]]]}},{"type":"Feature","properties":{"settlement_id":287,"source":"Peace Now","source_name":"Yad Achi","source_type":"Farm","source_db_id":1110},"geometry":{"type":"Polygon","coordinates":[[[35.14607522844449,32.00732832889274],[35.14620906509873,32.00713726919574],[35.14548492094331,32.00634672220125],[35.14400835139834,32.00657645245118],[35.143344790348806,32.0065455701362],[35.14305056330977,32.00658371048046],[35.14284635466402,32.00676993204],[35.144491784771056,32.00780688677934],[35.145037262040105,32.00765289589216],[35.145298724329535,32.00747131021496],[35.14607522844449,32.00732832889274]]]}},{"type":"Feature","properties":{"settlement_id":277,"source":"Peace Now","source_name":"Aeira Shachar (Habaladim)","source_type":"Outpost","source_db_id":1111},"geometry":{"type":"Polygon","coordinates":[[[35.36449407889387,31.951119554324],[35.36580755730183,31.952025696513335],[35.369192065342595,31.95211861715236],[35.36953482337196,31.95240996618733],[35.37333838058481,31.952907500384764],[35.374989393424066,31.951203163125626],[35.36952427624202,31.94650925422394],[35.367946626342224,31.946705823816824],[35.36696732650434,31.949781894354995],[35.3669614550216,31.950374429150983],[35.365101364719635,31.950470356485535],[35.36449407889387,31.951119554324]]]}},{"type":"Feature","properties":{"settlement_id":289,"source":"Peace Now","source_name":"Mitzpe Yehuda","source_type":"Farm","source_db_id":1112},"geometry":{"type":"Polygon","coordinates":[[[35.3176914162911,31.736585515439252],[35.317901267143476,31.736850612926375],[35.318421434436615,31.73703584745537],[35.319491651800824,31.736464526144452],[35.320290291502516,31.735926602956607],[35.32080195132839,31.735514947141535],[35.3206152355225,31.735137087475728],[35.320172420707856,31.73474619572587],[35.31898231196139,31.73432413022005],[35.31762811536403,31.73484907600838],[35.31772170784347,31.735968702627133],[35.3176914162911,31.736585515439252]]]}},{"type":"Feature","properties":{"settlement_id":20,"source":"Peace Now","source_name":"Beit Al-Baraka","source_type":"Tourism","source_db_id":1113},"geometry":{"type":"Polygon","coordinates":[[[35.13133741552908,31.63305583185959],[35.13130977887008,31.631671503553026],[35.13156036911347,31.629525551802228],[35.13095721590019,31.629557970581324],[35.130275517528936,31.63205589329284],[35.1303418113782,31.632965154616304],[35.13133741552908,31.63305583185959]]]}},{"type":"Feature","properties":{"settlement_id":279,"source":"Peace Now","source_name":"El Nave Farm","source_type":"Farm","source_db_id":1114},"geometry":{"type":"Polygon","coordinates":[[[35.114053757133476,32.437381682843046],[35.11318287627729,32.43736805461919],[35.11215517077554,32.437130421436336],[35.11132838444391,32.437091910966465],[35.11094845263219,32.43712953083455],[35.110825350943955,32.4373189460171],[35.11090337728677,32.4374990351053],[35.11111547642763,32.4376886992318],[35.11137234716789,32.43780259398524],[35.11193101692915,32.43780300586536],[35.11238770740251,32.43793149561258],[35.113383309312646,32.438143338751644],[35.11403059646824,32.4381374718397],[35.114053757133476,32.437381682843046]]]}},{"type":"Feature","properties":{"settlement_id":293,"source":"Peace Now","source_name":"Shomre HaEmek","source_type":"Farm","source_db_id":1115},"geometry":{"type":"Polygon","coordinates":[[[35.322809463853595,32.038712546500065],[35.32232976817832,32.03854767996047],[35.32164469429677,32.03847051925958],[35.32140568242297,32.039044475563685],[35.32097863191872,32.04109555365559],[35.32200341570947,32.041396978955376],[35.32273079959091,32.03968505391345],[35.322809463853595,32.038712546500065]]]}},{"type":"Feature","properties":{"settlement_id":286,"source":"Peace Now","source_name":"Neriya's Farm","source_type":"Farm","source_db_id":1116},"geometry":{"type":"Polygon","coordinates":[[[35.33379709704416,31.92564407283035],[35.33484152554066,31.925734541729298],[35.33587390676301,31.92500751010736],[35.33587268255683,31.924295070301884],[35.33467686720137,31.924520404398383],[35.33401527435424,31.925046797089664],[35.33379709704416,31.92564407283035]]]}},{"type":"Feature","properties":{"settlement_id":295,"source":"Peace Now","source_name":"Meshek Mann","source_type":"Farm","source_db_id":1122},"geometry":{"type":"Polygon","coordinates":[[[35.17601294148793,31.417170219835505],[35.17667424408553,31.417418508613363],[35.17747079293015,31.417173157096293],[35.17741856907959,31.416461543484978],[35.1768812987362,31.416142387183886],[35.175682730650344,31.415610387146945],[35.17469061594272,31.415822854526443],[35.17435971725661,31.41649630933957],[35.17601294148793,31.417170219835505]]]}},{"type":"Feature","properties":{"settlement_id":300,"source":"Peace Now","source_name":"Asfar South Nahalat Avot","source_type":"Farm","source_db_id":1118},"geometry":{"type":"Polygon","coordinates":[[[35.197907776647774,31.57633451128191],[35.1974783817496,31.575753515432165],[35.19535485895187,31.57696775282831],[35.19194120347631,31.57907144960911],[35.19025302086648,31.579570704077703],[35.18994264910482,31.57993195980854],[35.18954532192738,31.580696999730776],[35.189917688704,31.580803304301174],[35.190141067767584,31.581132741766684],[35.19105197451872,31.58078538278255],[35.191573811197394,31.580956891594592],[35.19251205650977,31.580038488494377],[35.195590607325016,31.577860369933642],[35.197907776647774,31.57633451128191]]]}},{"type":"Feature","properties":{"settlement_id":60,"source":"Peace Now","source_name":"Kochav Ya'akov","source_type":"Settlement","source_db_id":55},"geometry":{"type":"Polygon","coordinates":[[[35.24223313252177,31.87410583995639],[35.24195237910906,31.8749334495901],[35.242723331946124,31.87814398096202],[35.24248858683419,31.87918389923957],[35.24182638023193,31.88057055926689],[35.24009525719233,31.88224940675397],[35.23806438536635,31.882943190123672],[35.235948103425564,31.884056550697867],[35.23535177671477,31.88470821361354],[35.235541864890465,31.88465745832111],[35.23656525189494,31.88479698822616],[35.23705640000587,31.88444758438687],[35.238038726720404,31.884447329159805],[35.23881654707961,31.884482022535973],[35.23881665061997,31.884761409692832],[35.23930789442048,31.884970861676255],[35.24012655657315,31.884830941413174],[35.240535672276835,31.884481547090896],[35.24123169124629,31.88479572620271],[35.242009353425956,31.884690706498937],[35.24266434528384,31.884690511643647],[35.243196388172855,31.884375972663115],[35.24397398503019,31.88413124735909],[35.24503803795413,31.883711831848537],[35.24573391084575,31.883676707288807],[35.24626565848349,31.882977975519044],[35.247043116498965,31.882244258636348],[35.248147131082476,31.87990390295822],[35.248515498298964,31.8797639921389],[35.24896555049,31.879379655385456],[35.24937474828237,31.87910012426462],[35.2505206429732,31.87892512021914],[35.250536058819264,31.87889562474816],[35.2510076611911,31.878753978348094],[35.250930163725236,31.878244905578367],[35.250597717815324,31.876906921916174],[35.25057798248378,31.876914285309592],[35.24998387352961,31.876602826054267],[35.24962851828483,31.87630444626642],[35.24920945171754,31.875817154077378],[35.248554207075394,31.875153814677144],[35.25275052210455,31.871746702658882],[35.25193344218872,31.870585629878068],[35.25115995052585,31.870022642019293],[35.249582284811225,31.870265150123632],[35.248597907665236,31.87068560134585],[35.247138782801066,31.871046189778223],[35.24587315523961,31.871646759301196],[35.24483632042895,31.872802383967848],[35.24460787503544,31.873087528140438],[35.2437993133388,31.87361291209286],[35.24223313252177,31.87410583995639]]]}},{"type":"Feature","properties":{"settlement_id":298,"source":"Peace Now","source_name":"The New Farm of Micha","source_type":"Farm","source_db_id":1119},"geometry":{"type":"Polygon","coordinates":[[[35.35548889649963,31.986955638165156],[35.356135458322065,31.986673276535782],[35.358689945797906,31.986761700973016],[35.35906591871931,31.986149223878638],[35.356091342528714,31.98496031972905],[35.355677798751074,31.98462055716567],[35.35470045977961,31.984656916227465],[35.35365487743556,31.985057069918298],[35.35298089985611,31.98540984854911],[35.353119773283886,31.98616059412993],[35.35402894382558,31.98652324724403],[35.35548889649963,31.986955638165156]]]}},{"type":"Feature","properties":{"settlement_id":276,"source":"Peace Now","source_name":"Meged Haaretz Farm","source_type":"Farm","source_db_id":1124},"geometry":{"type":"Polygon","coordinates":[[[35.06764930897801,32.29094240263155],[35.06745714891983,32.29093238200909],[35.06666313079514,32.29129216140635],[35.066080538138074,32.2915925083518],[35.06552358033796,32.291677892125094],[35.0645871313292,32.291655359549516],[35.06345413637528,32.291885211190646],[35.063154345228135,32.29342742194279],[35.06332485170872,32.293647976806625],[35.0635309939458,32.29373957734477],[35.06483410999832,32.29399901261089],[35.06536591918705,32.29381685948004],[35.065934943971946,32.293295599526715],[35.06732793609069,32.29270052585681],[35.06769552057554,32.29231394475584],[35.06764930897801,32.29094240263155]]]}},{"type":"Feature","properties":{"settlement_id":252,"source":"Peace Now","source_name":"Hashkedim Farm","source_type":"Farm","source_db_id":1117},"geometry":{"type":"Polygon","coordinates":[[[35.339842267621364,32.22638186498534],[35.33898007259474,32.225918201003836],[35.33779845865778,32.22571138719235],[35.33734023035087,32.22570070728588],[35.3370628664451,32.22561600555557],[35.33664822960955,32.22593792648527],[35.33574634508353,32.22652913684017],[35.335261205838954,32.227193694962835],[35.33540042881205,32.22742965969648],[35.336251712069696,32.22785672180792],[35.33725892736213,32.228062262440254],[35.33864773560471,32.22803128278773],[35.339324560394495,32.22786823856541],[35.33977490898662,32.22717418870552],[35.339842267621364,32.22638186498534]]]}},{"type":"Feature","properties":{"settlement_id":275,"source":"Peace Now","source_name":"Eretz Hatzvi Farm","source_type":"Farm","source_db_id":1125},"geometry":{"type":"Polygon","coordinates":[[[35.14010094611773,31.970842232589206],[35.1374753704459,31.97063424217079],[35.13647710354872,31.97090372086327],[35.136333408734274,31.971255167128852],[35.13621245269247,31.97185451092514],[35.136517944373274,31.97225379350971],[35.13650499596563,31.972784836593434],[35.13646409962571,31.972955351174814],[35.1368281162172,31.972733269297656],[35.13772775516626,31.972058937871058],[35.139243318560176,31.971068340283196],[35.14010094611773,31.970842232589206]]]}},{"type":"Feature","properties":{"settlement_id":290,"source":"Peace Now","source_name":"koko's Farm","source_type":"Farm","source_db_id":1126},"geometry":{"type":"Polygon","coordinates":[[[35.39203286426665,32.20482023954603],[35.39189703951999,32.204467330553626],[35.39087598138704,32.20431993799535],[35.390361569655354,32.204797181140044],[35.39023225078773,32.20518026107113],[35.390748641623915,32.20567300327441],[35.390942010657994,32.20599930213491],[35.39152443367626,32.20577396265142],[35.39179395835816,32.20544172560629],[35.39203286426665,32.20482023954603]]]}},{"type":"Feature","properties":{"settlement_id":194,"source":"Peace Now","source_name":"Alumot Farm Hill 782","source_type":"Outpost","source_db_id":240},"geometry":{"type":"Polygon","coordinates":[[[35.33344147805589,32.15777719833032],[35.333060517838476,32.157693071236054],[35.332715405511735,32.15745292135041],[35.33269748516775,32.15750701911217],[35.3317127739797,32.15720356805584],[35.33056653921195,32.15661088551496],[35.329653961099055,32.15671838294257],[35.32951035018936,32.15642932042699],[35.328902096320064,32.156597382387574],[35.32770115138413,32.156634923660704],[35.32723942878002,32.157908316327365],[35.32702532682107,32.15841091156979],[35.32734818403419,32.15892822660339],[35.327599221733976,32.1592477577284],[35.327116674152464,32.15981148472634],[35.32865750368344,32.16095182986669],[35.329324610653394,32.16104811239543],[35.32991016925085,32.160889723859206],[35.33186138991754,32.161085718262],[35.33217964185529,32.16132646512317],[35.33225576179416,32.161814648324736],[35.33286997357607,32.16184558313207],[35.33288846450776,32.161934076907066],[35.33369202425748,32.16214238432228],[35.33485614149703,32.16235040591435],[35.335308388990775,32.16238713269819],[35.336243853805435,32.161665411778],[35.338069130701356,32.16013828398614],[35.33789203359865,32.159901440525445],[35.336622762451945,32.15917586557525],[35.334829792008556,32.15925566827505],[35.334203354805894,32.159241161751225],[35.334041980289584,32.15899766316225],[35.33361227700004,32.158891600772165],[35.33345135608932,32.159043987129735],[35.3330755498967,32.159044369485834],[35.332466966223606,32.15898411542811],[35.33200124245601,32.158740921589256],[35.33212635521996,32.15860381344698],[35.332519607080975,32.158268491121184],[35.333449598263634,32.15779554959557],[35.33344147805589,32.15777719833032]]]}},{"type":"Feature","properties":{"settlement_id":218,"source":"Peace Now","source_name":"Shaked Farm","source_type":"Outpost","source_db_id":331},"geometry":{"type":"Polygon","coordinates":[[[35.2426865725966,32.16023232609716],[35.24227729588666,32.16008587980606],[35.242280629068915,32.16012468400289],[35.24158921317123,32.1601038831835],[35.237736797571905,32.16017971574212],[35.23687272795691,32.16065343579391],[35.23618454027179,32.16145107703199],[35.236346052619034,32.16254755365981],[35.23585569198556,32.163355733513235],[35.23722944353402,32.1632803988282],[35.23778740686461,32.16390517022786],[35.241088682612656,32.16641619484223],[35.241156329879225,32.166749249845594],[35.24131072359154,32.1657543053527],[35.243158505748085,32.16516617739978],[35.24295451477779,32.16272832596073],[35.243610621137094,32.16128142175525],[35.24344003790978,32.16131695442302],[35.24324936225557,32.16092026205624],[35.24276030709533,32.16086960259815],[35.24256286276371,32.160496771336554],[35.24269433832224,32.1602916643438],[35.2426865725966,32.16023232609716]]]}},{"type":"Feature","properties":{"settlement_id":211,"source":"Peace Now","source_name":"Tkuma Hill 725","source_type":"Outpost","source_db_id":238},"geometry":{"type":"Polygon","coordinates":[[[35.23816994978816,32.154962080534226],[35.2377789087593,32.15513323026021],[35.23845808424129,32.15488955352414],[35.23923805108711,32.15441752192278],[35.23845808424129,32.15488955352414],[35.2377789087593,32.15513323026021],[35.23673247609298,32.15780388578031],[35.23687272795691,32.16065343579391],[35.237839320552716,32.16014230750838],[35.23986074560568,32.16011683819521],[35.24223373854841,32.16012861356585],[35.24234640572376,32.16011060862805],[35.2426865725966,32.16023232609716],[35.242628370348186,32.15971363582235],[35.24378842945265,32.15967487922221],[35.24432649928112,32.158598149449205],[35.24467178546641,32.158031917699724],[35.244781009873556,32.15737977614159],[35.244550736759855,32.156690479026],[35.24343704432435,32.156862943848246],[35.242805624938555,32.15644196891579],[35.24224852224847,32.156136789438335],[35.24271064638165,32.155899203553815],[35.24262269065466,32.15506080666947],[35.2424912274756,32.15493042475861],[35.24217363295086,32.154874624763245],[35.241118447845,32.15503262495552],[35.2412794376562,32.1547086069558],[35.241279207581094,32.154135426928],[35.241161940910835,32.15391117306135],[35.24063468532725,32.15401100813983],[35.24016609464393,32.154310191505616],[35.23965343024981,32.15427295357185],[35.23923572157342,32.154427447228315],[35.23853040069001,32.15484785051178],[35.23923572157342,32.154427447228315],[35.238448743734864,32.15486970669746],[35.237881549121035,32.155065715515974],[35.2377789087593,32.15513323026021],[35.237881549121035,32.155065715515974],[35.2377789087593,32.15513323026021],[35.23883550716328,32.15468229145437],[35.23816994978816,32.154962080534226]]]}},{"type":"Feature","properties":{"settlement_id":234,"source":"Peace Now","source_name":"Mitzpe Yizhar","source_type":"Outpost","source_db_id":290},"geometry":{"type":"Polygon","coordinates":[[[35.24914778401771,32.15897363821268],[35.25000433304723,32.15923994144646],[35.25092648040611,32.15836121890653],[35.250419172114945,32.15648176643916],[35.24984341902514,32.15577710976092],[35.24970521680247,32.15556178399463],[35.250073208834934,32.15503300382878],[35.25069423080033,32.154230016540545],[35.250578689971576,32.15330981892108],[35.249933880916295,32.15254644868831],[35.249220352997746,32.15242922530487],[35.24825392235435,32.15286031358244],[35.247518408488716,32.15493599990961],[35.24733471248271,32.15585630170317],[35.247312144801526,32.15681570782962],[35.24710578162852,32.15849961935135],[35.24719438771363,32.158893709600434],[35.24914778401771,32.15897363821268]]]}},{"type":"Feature","properties":{"settlement_id":177,"source":"Peace Now","source_name":"Lehavat Yizhar","source_type":"Outpost","source_db_id":273},"geometry":{"type":"Polygon","coordinates":[[[35.248995612468455,32.16357007170068],[35.249730678523235,32.160515402447366],[35.24968437372413,32.15996719162051],[35.24977625802574,32.159595147337335],[35.2500062524565,32.159242632944846],[35.24916541676516,32.158976595655616],[35.24720167518044,32.15889117811682],[35.24692199276298,32.15924370409744],[35.246761181835765,32.159909462621826],[35.24692259122202,32.160535954204015],[35.24692270910485,32.16079048828475],[35.24673867942582,32.161025504387396],[35.24636307932164,32.16127394929615],[35.24545676411234,32.16116716170208],[35.24495242673109,32.16085034418238],[35.24442640023327,32.16111148962504],[35.243610621137094,32.16128142175525],[35.24295451477779,32.16272832596073],[35.243158505748085,32.16516617739978],[35.24131072359154,32.1657543053527],[35.241156329879225,32.166749249845594],[35.24132877363447,32.16759825725532],[35.24280400098094,32.16648159658339],[35.24407422722651,32.166768635365216],[35.24501964958997,32.16685520912103],[35.245972814142,32.16697417776913],[35.24649782539505,32.16674494894788],[35.24691490007319,32.16604619175418],[35.248511003606744,32.16532696510861],[35.24975627948039,32.164982943007395],[35.25019346209529,32.16417154825828],[35.24909375390908,32.16388562125686],[35.248581270502335,32.16353105759545],[35.248995612468455,32.16357007170068]]]}},{"type":"Feature","properties":{"settlement_id":185,"source":"Peace Now","source_name":"Givat Harel","source_type":"Outpost","source_db_id":247},"geometry":{"type":"Polygon","coordinates":[[[35.27102242145281,32.06037144414733],[35.271034577556755,32.061008829410625],[35.27116353959636,32.06144696838232],[35.27195920833116,32.062004265098544],[35.27283653797234,32.062272694767195],[35.273783810850006,32.06223234365634],[35.27526845125417,32.061404906500506],[35.27558374618866,32.06079721626527],[35.27551333058012,32.060478559916234],[35.274951969245485,32.060468913862856],[35.2753492493955,32.06002052646001],[35.27591039144785,32.05975131201434],[35.276225824096805,32.0593328456324],[35.27703255569199,32.05907344626529],[35.27775711067458,32.05842567863208],[35.278084256804796,32.058047037772354],[35.27851666686911,32.057688253136114],[35.27893725009583,32.057170125966486],[35.278902037821815,32.0570107986457],[35.279065590199316,32.05680155832124],[35.27907114399786,32.05605777160972],[35.27893703626185,32.05587025128374],[35.278163619148714,32.05621555006436],[35.27818452299443,32.05610821577109],[35.277639710761434,32.05597497372879],[35.277433205850066,32.05568696560238],[35.27761456894186,32.05551813320059],[35.27709431200048,32.05509674752505],[35.27663212928511,32.05499862423484],[35.27554316475392,32.05556151529998],[35.274907790532104,32.055800848374396],[35.27369482267268,32.056103711404546],[35.27325760629252,32.05625860901903],[35.272572717656296,32.05642761633342],[35.271970383535724,32.0566880191834],[35.27154395804414,32.05698205381631],[35.271230569559876,32.05734772114185],[35.27074419017492,32.05806491196134],[35.27046397245718,32.058623816999244],[35.269894682074664,32.05891927296268],[35.26949035933089,32.059046004218686],[35.2690448202683,32.05929224443983],[35.26876435514793,32.059517297268506],[35.26855006062679,32.0598758734846],[35.26849255943433,32.06033275727319],[35.268707309640064,32.060473240196295],[35.2697223095032,32.060296960188836],[35.270052479333934,32.06027568765517],[35.270423782221954,32.06017007405278],[35.27083645471752,32.06016282471927],[35.27101814305311,32.060268240784154],[35.271038776430544,32.06036283128343],[35.27102242145281,32.06037144414733]]]}},{"type":"Feature","properties":{"settlement_id":94,"source":"Peace Now","source_name":"Nokdim","source_type":"Settlement","source_db_id":86},"geometry":{"type":"Polygon","coordinates":[[[35.248520668447675,31.647225385383514],[35.248237108145496,31.647604614871263],[35.24704656531008,31.647675282653328],[35.24588514427002,31.647802466451527],[35.24469884488871,31.647697146886156],[35.244550558052715,31.647561913821505],[35.24474763958459,31.646187680950042],[35.24506839919665,31.64510940026471],[35.24551305234874,31.64458067530226],[35.24548801851126,31.643988789441824],[35.245685696554055,31.64377732871293],[35.24645159535975,31.643333091309586],[35.24736544633684,31.64231800930663],[35.24793354867136,31.641852725511097],[35.248056912944854,31.641450992735383],[35.247735437605954,31.640880311438174],[35.24672230114681,31.640965245360587],[35.245635146707734,31.64126159232683],[35.24467135470093,31.641135006660953],[35.24380648457198,31.641346672980976],[35.242398245844655,31.64199193224713],[35.242176032261476,31.64254168479736],[35.2409900431629,31.643049418436515],[35.24101491609457,31.64330301577224],[35.24061987414135,31.644317906527935],[35.240570684085924,31.64497330559238],[35.24109004498786,31.64590334110803],[35.24188093121296,31.646156806584617],[35.24252398197475,31.6473616881023],[35.24274675000943,31.64814380854649],[35.24259868219746,31.64879923756791],[35.24296981669187,31.649898408507173],[35.24348899958862,31.6502788376709],[35.24502126575059,31.650193765803763],[35.245043371344615,31.650391382441214],[35.24532084938201,31.650360531132833],[35.245357392421205,31.65057099155752],[35.24743828131511,31.650532834022105],[35.249343664642225,31.64993258258049],[35.250657643670245,31.649388729981517],[35.25142381307443,31.648451580990084],[35.25175168754174,31.64710236741638],[35.25177336351352,31.64665266177406],[35.25140047047772,31.64558476729604],[35.25061149646667,31.64464818431531],[35.24991043116486,31.644292424777227],[35.249209792485274,31.64481731941508],[35.24935000742953,31.645710570894128],[35.24928533115689,31.64616054526577],[35.24909215767809,31.646620969313954],[35.24890734634291,31.646987880235876],[35.248520668447675,31.647225385383514]]]}},{"type":"Feature","properties":{"settlement_id":19,"source":"Peace Now","source_name":"Beit El","source_type":"Settlement","source_db_id":18},"geometry":{"type":"Polygon","coordinates":[[[35.22600049141344,31.946948122553593],[35.227068407781175,31.94623853983588],[35.228061073185124,31.945093583009097],[35.22815870890103,31.944079960766356],[35.22854334963734,31.942397094078725],[35.2282422391713,31.942601275530457],[35.227584922537545,31.942470223816333],[35.22694168230616,31.942708834127004],[35.22643817129191,31.94245850212562],[35.22670370927683,31.94174297064057],[35.226857338801175,31.940908211121894],[35.227249363916734,31.937504112898395],[35.22713544302895,31.937495026624262],[35.226269106596476,31.937095850558265],[35.226046643496694,31.936836433865206],[35.226187006012346,31.93649696364644],[35.22664352079969,31.936387133022475],[35.227310637325004,31.9360376486265],[35.22753308216041,31.936217251760485],[35.227872587603784,31.93635697243018],[35.22836409649797,31.936217098458137],[35.22836407994075,31.936152968017083],[35.229541946208016,31.935577663321716],[35.22998345136612,31.934593463335343],[35.22930847440345,31.93254471168287],[35.22708126535287,31.932902809485004],[35.22675791129284,31.933185618595942],[35.22670696674106,31.93328885900175],[35.22639477655433,31.933278046682105],[35.22413312361626,31.933816306486396],[35.223820979632045,31.93403368375096],[35.22357252754734,31.934158685692925],[35.22349608834511,31.93423476243922],[35.22311386419294,31.93448474781812],[35.22287177472706,31.934577148036176],[35.22261045283277,31.93406646136739],[35.222425679801816,31.934028454900822],[35.22173046612167,31.934495326772236],[35.22099918507002,31.93436547637158],[35.22102904542617,31.933964721825866],[35.220172962144055,31.9338295449233],[35.22034935925065,31.934575408013867],[35.22037279008279,31.934922787596946],[35.22029093079137,31.935501678407448],[35.220595342101205,31.935811055920734],[35.220490101417965,31.936330158837013],[35.220361446670395,31.936609650053107],[35.22016245412666,31.9368292687336],[35.219822965220175,31.936729478240824],[35.21948350777803,31.936819340309686],[35.21914418547875,31.937098945103134],[35.218898378291,31.937568101694087],[35.21854740050117,31.938426496351404],[35.21809092175519,31.938915694854078],[35.217997353013295,31.939095347989394],[35.2176228270694,31.93956153954648],[35.21790378188964,31.93999068782584],[35.217295364145805,31.94158787883357],[35.217154882753356,31.94212682215831],[35.2168857806152,31.942566126472922],[35.21699117539518,31.94298528331284],[35.217073213992336,31.94352429456024],[35.21734238735879,31.94358414867633],[35.21756483664565,31.943803719790022],[35.21777562011936,31.94379377791244],[35.21838426592131,31.94367386070623],[35.21875887320682,31.943651904963936],[35.21898131195417,31.943781652078325],[35.219121805713755,31.944041090316247],[35.218899474978805,31.944610075431466],[35.21889954650729,31.945069283344125],[35.21921577381751,31.94568807755433],[35.21939143018094,31.94622707620182],[35.21980122149103,31.946566383195137],[35.22030458474761,31.946706104034227],[35.220726072536856,31.946765931919792],[35.22088988815766,31.94667608943012],[35.221135792089136,31.94666604726384],[35.221849832629246,31.946745763065792],[35.22227135040316,31.946955378454533],[35.22278646747048,31.947134948334163],[35.22268117908833,31.947414438062026],[35.22271635464256,31.94772384812501],[35.22302075237368,31.947723804136633],[35.223313389648986,31.947624019657823],[35.22372306867023,31.947324463297726],[35.224027268623146,31.946895239847834],[35.224015501543164,31.946266401137635],[35.22376945329494,31.945577717103166],[35.223476661075715,31.94488894932114],[35.22353519052308,31.94457952533293],[35.223921447234055,31.944619417632648],[35.224260984518374,31.944789088260478],[35.22457709331921,31.945188275445147],[35.224811288162385,31.945337940728134],[35.22516261645346,31.945717190516753],[35.225565773955566,31.946102382756173],[35.22581049557504,31.94647786067735],[35.22600049141344,31.946948122553593]]]}},{"type":"Feature","properties":{"settlement_id":299,"source":"Peace Now","source_name":"Maaleh Ahuviya","source_type":"Farm","source_db_id":1129},"geometry":{"type":"Polygon","coordinates":[[[35.331930083342236,31.949136402295025],[35.332396214508286,31.948191986777395],[35.33256735052393,31.947415680047275],[35.3319525716673,31.947605087888604],[35.331486063864546,31.948276806436585],[35.331437754223764,31.948927129328194],[35.331930083342236,31.949136402295025]]]}},{"type":"Feature","properties":{"settlement_id":297,"source":"Peace Now","source_name":"Moshe's Farm","source_type":"Farm","source_db_id":1128},"geometry":{"type":"Polygon","coordinates":[[[35.42106063766743,32.21134321907924],[35.42146451661179,32.21152782177239],[35.42233769905964,32.212105860306636],[35.42239905912535,32.21075613092694],[35.42203279559933,32.21056262235147],[35.42022497567065,32.21033960914615],[35.42010882011225,32.210847426521354],[35.420522290251995,32.21116278734388],[35.42106063766743,32.21134321907924]]]}},{"type":"Feature","properties":{"settlement_id":296,"source":"Peace Now","source_name":"Nahal Shilo Farm","source_type":"Farm","source_db_id":1130},"geometry":{"type":"Polygon","coordinates":[[[35.28093609544376,32.04818369291741],[35.281697493827004,32.047537882652435],[35.28147690366671,32.0472281618806],[35.281604942218365,32.04715607556246],[35.2814690223711,32.04699468446235],[35.28126049784942,32.04666239851772],[35.280864511166804,32.04713252077715],[35.28068730129781,32.04798699462905],[35.28093609544376,32.04818369291741]]]}},{"type":"Feature","properties":{"settlement_id":291,"source":"Peace Now","source_name":"Nachal Kana Farm","source_type":"Farm","source_db_id":1135},"geometry":{"type":"Polygon","coordinates":[[[35.06184351650048,32.139442852115174],[35.06404713878687,32.13902949244793],[35.064371596722516,32.138274971098305],[35.062176415730875,32.136265964009304],[35.06160288729384,32.13584300008215],[35.060654322419666,32.13591511167676],[35.06074940655629,32.137132190187096],[35.06184351650048,32.139442852115174]]]}},{"type":"Feature","properties":{"settlement_id":294,"source":"Peace Now","source_name":"Rashash Farm","source_type":"Farm","source_db_id":1131},"geometry":{"type":"Polygon","coordinates":[[[35.40184988678598,32.0429364632698],[35.4041401331647,32.04266935385463],[35.404069068932245,32.041422468830085],[35.402274742051254,32.04145924507514],[35.40184988678598,32.0429364632698]]]}},{"type":"Feature","properties":{"settlement_id":273,"source":"Peace Now","source_name":"Adorayim","source_type":"Outpost","source_db_id":1132},"geometry":{"type":"Polygon","coordinates":[[[35.039506203093,31.48292990909694],[35.04100013750261,31.484727949274045],[35.04131145143777,31.48497788148739],[35.04451456088537,31.485089204339616],[35.04552290290974,31.48380992578045],[35.04408737700349,31.482833096354028],[35.043640059982614,31.48178051962632],[35.04166352259658,31.48203460972596],[35.039506203093,31.48292990909694]]]}},{"type":"Feature","properties":{"settlement_id":302,"source":"Peace Now","source_name":"Meitarim Farm","source_type":"Farm","source_db_id":1133},"geometry":{"type":"Polygon","coordinates":[[[34.9979555537535,31.363596505076586],[34.99886331281311,31.36427053826167],[34.999646694054604,31.3644735640905],[34.99971390916185,31.363236455914077],[34.99872665044984,31.3622391429247],[34.99822469407194,31.362386303284868],[34.9979555537535,31.363596505076586]]]}},{"type":"Feature","properties":{"settlement_id":303,"source":"Peace Now","source_name":"Evyatar","source_type":"Outpost","source_db_id":1136},"geometry":{"type":"Polygon","coordinates":[[[35.2753702765367,32.119863384780906],[35.27542034070277,32.11957945077959],[35.27517782129244,32.1189775239058],[35.274920196742144,32.11884244063571],[35.27492901387659,32.11868497123962],[35.27484874957353,32.11855803781412],[35.274235007940405,32.118455791382125],[35.27272161286244,32.11930057701884],[35.27301659292499,32.12009973104108],[35.2736086668771,32.11987882653874],[35.27426370862224,32.12017175655737],[35.2753321128493,32.120110544666275],[35.2753702765367,32.119863384780906]]]}},{"type":"Feature","properties":{"settlement_id":312,"source":"Peace Now","source_name":"Havat Yehuda","source_type":"Farm","source_db_id":1141},"geometry":{"type":"Polygon","coordinates":[[[35.00285532584318,31.38535835149139],[35.003301360617236,31.3856110949765],[35.00394760963077,31.385662515906766],[35.00414891218305,31.384947028796322],[35.00298662026619,31.38441087661316],[35.00239825406478,31.38477289244857],[35.00285532584318,31.38535835149139]]]}},{"type":"Feature","properties":{"settlement_id":292,"source":"Peace Now","source_name":"Pnei Kedem Farm","source_type":"Farm","source_db_id":1139},"geometry":{"type":"Polygon","coordinates":[[[35.210139475661926,31.581019201934737],[35.2098099436917,31.58110714207225],[35.209214242526585,31.581409117232674],[35.20860643344224,31.58181864141649],[35.209143048903265,31.58250465916904],[35.210432222218415,31.582098949909508],[35.21153323263455,31.581693238089176],[35.21119169556426,31.580619460658664],[35.210139475661926,31.581019201934737]]]}},{"type":"Feature","properties":{"settlement_id":274,"source":"Peace Now","source_name":"Adis Elem Farm","source_type":"Farm","source_db_id":1137},"geometry":{"type":"Polygon","coordinates":[[[34.98550962121768,31.836103400972842],[34.98587530375944,31.836121406553357],[34.98620132106878,31.83610327239921],[34.986479222813195,31.83591395575687],[34.98649844035423,31.835579275191307],[34.98610978217212,31.835526057753942],[34.98553613349299,31.835525528571313],[34.985377912434444,31.835660802143003],[34.98550962121768,31.836103400972842]]]}},{"type":"Feature","properties":{"settlement_id":263,"source":"Peace Now","source_name":"Homesh","source_type":"Outpost","source_db_id":333},"geometry":{"type":"Polygon","coordinates":[[[35.189975456655084,32.30866894220482],[35.19025478416257,32.30889764807293],[35.19038264405187,32.309166354392566],[35.1906216131386,32.30920354044743],[35.19118709193115,32.309086406012234],[35.19169537383645,32.30880061617284],[35.19188389789558,32.308529084802196],[35.19204551981722,32.30807175284037],[35.19203545533164,32.307831644114664],[35.19186048856963,32.307440022397856],[35.191601344354886,32.307294216441655],[35.19128160386571,32.30723987323388],[35.19090125898002,32.3073255855516],[35.19045357311672,32.30757136106941],[35.1900193361691,32.30789145559524],[35.189850984740005,32.3082744651375],[35.189975456655084,32.30866894220482]]]}},{"type":"Feature","properties":{"settlement_id":241,"source":"Peace Now","source_name":"Omer Farm - Einot Kedem","source_type":"Farm","source_db_id":264},"geometry":{"type":"Polygon","coordinates":[[[35.425922446462046,31.93067936822347],[35.42584209016548,31.93157060025409],[35.42661480900802,31.932930231924953],[35.4262052850566,31.93447420150028],[35.42642080770953,31.935215073104906],[35.429088285076475,31.936364787230612],[35.431055972690565,31.93685950863364],[35.4317238612521,31.93610491643007],[35.431594747520705,31.935752750876826],[35.431051979110755,31.935231201148692],[35.43143423997159,31.934221935693333],[35.43307217144724,31.933915208923914],[35.43329931869793,31.93357455506193],[35.43222831334707,31.93264080583864],[35.43252451684187,31.931412962023682],[35.43250010215797,31.931370826534806],[35.43252899533471,31.931363926170004],[35.43266927112271,31.930944295024574],[35.43252681023334,31.930478574410827],[35.431592348295936,31.929741112860455],[35.430710328974634,31.929471086727784],[35.43072328286668,31.92945166187587],[35.430593154660116,31.928693484928328],[35.430322662010035,31.927938815123678],[35.42976923668395,31.927434416778333],[35.42894053404203,31.927370263336925],[35.42874979240599,31.926463277244302],[35.42878695231598,31.925130950063753],[35.42908291592768,31.92499831031044],[35.429510200400856,31.92351604084899],[35.42964371172382,31.922239471483707],[35.42962355413773,31.92027334873528],[35.427836909958835,31.918651143503304],[35.42514735658878,31.918590303731747],[35.42637075414528,31.92278874109166],[35.4252732081857,31.926159680487206],[35.42532932496567,31.926588669855125],[35.42555070446255,31.9269233117084],[35.4266693382291,31.927838242667956],[35.42670746551571,31.92839063195417],[35.42748835355944,31.92833190786987],[35.42746240894803,31.928710898846788],[35.42712693599964,31.929216867967586],[35.426453964829015,31.929390293409615],[35.42604980188152,31.92934509616581],[35.424903958580316,31.928864704886312],[35.423637243942494,31.92851085697428],[35.423126936067206,31.929143462272243],[35.42384169657107,31.929555625242976],[35.42477202881666,31.929990497184637],[35.42554897454155,31.93029727571104],[35.42528218396479,31.93043674008757],[35.425922446462046,31.93067936822347]]]}},{"type":"Feature","properties":{"settlement_id":132,"source":"Peace Now","source_name":"Rotem","source_type":"Settlement","source_db_id":122},"geometry":{"type":"Polygon","coordinates":[[[35.516227589141685,32.33534071906383],[35.51593143446762,32.33711711500564],[35.51638288021453,32.33712442288106],[35.51684111251493,32.337216254576326],[35.51685475007863,32.338497256340865],[35.517293085964624,32.339711722542845],[35.518172538557394,32.340258497375984],[35.51894900513144,32.340405567797156],[35.51972463246784,32.340309524633255],[35.52041501569825,32.3396082683184],[35.520220190801375,32.339316700013505],[35.52050811824511,32.339171104655904],[35.51994168626144,32.33861714873794],[35.51967215971507,32.3384965235561],[35.51912373883,32.33750976672932],[35.5193806704291,32.337015062950684],[35.5203309296406,32.33667547006595],[35.520803895241926,32.33625621197873],[35.52249160161629,32.33608497735598],[35.522989290610326,32.33466691460841],[35.52208274574838,32.334157100437665],[35.51977131115274,32.33436773639111],[35.518819090320164,32.332270503866425],[35.516164618530645,32.333324418704535],[35.51635446760119,32.33345138824767],[35.51747932546971,32.33439051262104],[35.516227589141685,32.33534071906383]]]}},{"type":"Feature","properties":{"settlement_id":84,"source":"Peace Now","source_name":"Mitzpe Eshtamoa","source_type":"Settlement","source_db_id":286},"geometry":{"type":"Polygon","coordinates":[[[35.01392979141929,31.391763624513935],[35.01366492913137,31.391797743599536],[35.01367183717606,31.392029541237633],[35.01358546994449,31.39203475057946],[35.013831048801244,31.39264486667171],[35.01381089297638,31.392848086902692],[35.01442505924395,31.393090177572613],[35.0146193400658,31.393076807500137],[35.01509053957824,31.39317407791559],[35.015148550426154,31.393251228090143],[35.015693599881395,31.393611719672013],[35.01655133877934,31.39380400643969],[35.017291464751175,31.393368561566767],[35.01721268412984,31.392820352164613],[35.01620463226306,31.392676142191224],[35.01589530943295,31.392592903211764],[35.01548966183264,31.3924181709576],[35.01532494338101,31.392415391891276],[35.01494996870571,31.392334388763697],[35.014755683429094,31.392328329241373],[35.014571215455916,31.39193244205527],[35.01445617711278,31.391899357719456],[35.014429388484494,31.391839491489225],[35.014169084639484,31.391851594832392],[35.01398664064482,31.39162605312872],[35.013766545789075,31.391125713468135],[35.01373382034929,31.39072332790514],[35.01387377763124,31.390493680024285],[35.01375458474354,31.390385417445952],[35.01364024722022,31.39061974090077],[35.013619584721006,31.39090705497946],[35.013712332869424,31.39141874977581],[35.01392979141929,31.391763624513935]]]}},{"type":"Feature","properties":{"settlement_id":313,"source":"Peace Now","source_name":"Oz Zion","source_type":"Outpost","source_db_id":1158},"geometry":{"type":"Polygon","coordinates":[[[35.2477474314865,31.907868996627673],[35.24803284776145,31.908238382178713],[35.248434464269074,31.908580691623907],[35.24925026675925,31.908713592413154],[35.25074406353961,31.908849064894056],[35.250878001297174,31.908190455357285],[35.24941646141796,31.907525970240837],[35.2487676288578,31.906723762349888],[35.24785262403467,31.906029725333138],[35.24729924261436,31.907017754280385],[35.2477474314865,31.907868996627673]]]}},{"type":"Feature","properties":{"settlement_id":306,"source":"Peace Now","source_name":"Mevoot Yericho Farm","source_type":"Farm","source_db_id":1143},"geometry":{"type":"Polygon","coordinates":[[[35.41914097721895,31.910202484812412],[35.41915346741691,31.910499415588404],[35.41924892987648,31.91079584071733],[35.420356651504264,31.911354882257832],[35.42086552639659,31.910894125715398],[35.42095875565698,31.91039065874283],[35.420584852264014,31.909460174759072],[35.420177268421035,31.90926457688487],[35.419616675227424,31.90924036162058],[35.41934607708843,31.909593135204176],[35.41915805924011,31.909935702571396],[35.41914097721895,31.910202484812412]]]}},{"type":"Feature","properties":{"settlement_id":61,"source":"Peace Now","source_name":"Kfar Adumim","source_type":"Settlement","source_db_id":56},"geometry":{"type":"Polygon","coordinates":[[[35.34511308656664,31.828427759820787],[35.34511246705691,31.82801904767132],[35.34499645217234,31.827299870004055],[35.34478562970853,31.827169336079272],[35.34444143046874,31.827480307958247],[35.34352265944193,31.827759261304436],[35.343178331630924,31.82798852339105],[35.3425843501,31.82776028281619],[35.341971494827504,31.827695563039384],[35.34147373442319,31.827745159707774],[35.340975516426035,31.827484071788806],[35.340553680868,31.827157517024734],[35.34024657182969,31.826621612116256],[35.339825230006745,31.826556677564618],[35.33926970385297,31.826393763799608],[35.339020240269505,31.82605069796557],[35.3385412750262,31.825871376786573],[35.33798592000372,31.825822990652828],[35.33773660348044,31.82557795191698],[35.33750941659199,31.825062529189925],[35.33870659688457,31.82473353071853],[35.34103403677102,31.823725913654563],[35.342747414331065,31.822850027862476],[35.34382135940189,31.82223703139055],[35.344639703730046,31.821842816613234],[35.34699310110316,31.82116282545889],[35.34700307884005,31.821113455993572],[35.34898951872787,31.821019751762986],[35.350001477033075,31.820888965987344],[35.350530361928556,31.819300357569716],[35.350856855050395,31.817744387047746],[35.34999595545293,31.817367277952567],[35.348831964935485,31.817336194608625],[35.34846638949631,31.817281303315244],[35.34932810464415,31.815999396621205],[35.349723621951576,31.815718744521465],[35.35004022813212,31.815631445611608],[35.35020861855578,31.814781269309776],[35.3499254259994,31.81455460014461],[35.3492352340983,31.814420110826934],[35.34909917295346,31.81426569015169],[35.348535089325416,31.8141320457379],[35.34798487961011,31.815593556938353],[35.34738557139403,31.81700660162885],[35.346285303703816,31.818634298801847],[35.34543378396232,31.819041793477638],[35.34473227219768,31.81919245390368],[35.34382934983169,31.818786806245345],[35.34377886860592,31.818508644143645],[35.34417941267512,31.818251361466736],[35.344755816292235,31.81820798047686],[35.34548187270798,31.817672117233137],[35.34450266454414,31.816539044946847],[35.34367610062828,31.81681816879324],[35.343099545387595,31.81675458690927],[35.34149515699424,31.81649947984551],[35.340167206504184,31.81677055206344],[35.33931648511549,31.817734439944797],[35.33816478772255,31.818591680308973],[35.33776542390114,31.81968350471249],[35.33711469289611,31.820347667277666],[35.33677055568431,31.820480234944657],[35.33598601144514,31.820191647682773],[35.33529966997837,31.819807089199667],[35.333909181294075,31.819284541957515],[35.33336779503518,31.819377529725177],[35.33324273458508,31.82028689041747],[35.33378206496238,31.821935604152166],[35.33351947943377,31.82197237612359],[35.333159222888696,31.821588813587127],[35.33270911884434,31.821262929259948],[35.33243919513989,31.821167219049833],[35.33181002531211,31.821417403149386],[35.33203503616515,31.82155155188081],[35.33106925145575,31.822262781604753],[35.330760147389356,31.822642005162912],[35.330447294963804,31.822498020025062],[35.32983977434868,31.82306650755437],[35.329714924519024,31.823221927054394],[35.32943064930813,31.82319307701191],[35.329078145942006,31.823246811368268],[35.32888501546336,31.82336838773293],[35.32881703050415,31.82347523184622],[35.32871514787322,31.82382488395405],[35.328425724923896,31.82421349775753],[35.32821553825663,31.824378648497476],[35.3278266420573,31.824869896592045],[35.32706711463583,31.824735805433107],[35.32673659285906,31.82488375424983],[35.32663143523506,31.82499938070371],[35.326020005816474,31.825051799111872],[35.32600962605528,31.825432627423037],[35.32665518700353,31.825389673570125],[35.32740207918146,31.825470661089525],[35.327766076624414,31.825633812368658],[35.32843689413769,31.82609093402313],[35.329069199425135,31.826417233077947],[35.33025652811055,31.826465125430527],[35.3308693672828,31.826529901682584],[35.331290769870925,31.82664392583172],[35.332478666340975,31.827100509890975],[35.3327849680858,31.827083878249073],[35.33360268814238,31.82711578810751],[35.33492405749719,31.827228793916714],[35.33569012681649,31.827260743277517],[35.33597774977686,31.827554716191553],[35.336399093490094,31.8276196634671],[35.33647614019212,31.827946590010093],[35.33672573923607,31.828387690364444],[35.33697475712725,31.82842016811333],[35.33735759763936,31.828370709057662],[35.33779781843241,31.828190422284482],[35.338257321564285,31.82812455694044],[35.33892774767059,31.828336413728167],[35.33990445448885,31.828368024848608],[35.34036395697529,31.82830215190106],[35.34093811065747,31.828121711222973],[35.34172347764517,31.828268046760783],[35.34203720646988,31.82860490792241],[35.342327178311955,31.828835384394107],[35.342718761185516,31.829226478980043],[35.343437129393216,31.82863635760509],[35.34391989982751,31.82867292132704],[35.34441222068214,31.828639410756246],[35.34511308656664,31.828427759820787]]]}},{"type":"Feature","properties":{"settlement_id":311,"source":"Peace Now","source_name":"Pnei Kedem North Farm","source_type":"Farm","source_db_id":1144},"geometry":{"type":"Polygon","coordinates":[[[35.19192421004246,31.600090081286822],[35.19209702684821,31.600376442872715],[35.192509622932505,31.600581695988645],[35.19306725354173,31.600324036988262],[35.19301426995443,31.59961302505747],[35.192713686114686,31.599429220527718],[35.19236353138134,31.59941222365652],[35.19204968969831,31.599576179148027],[35.19192421004246,31.600090081286822]]]}},{"type":"Feature","properties":{"settlement_id":251,"source":"Peace Now","source_name":"Mitzpe Yair Farm","source_type":"Farm","source_db_id":1156},"geometry":{"type":"Polygon","coordinates":[[[35.13804704556503,31.38315329817547],[35.13750882529604,31.383798900299155],[35.137527075810524,31.383802826064993],[35.137646958399316,31.384263275089946],[35.1381778964921,31.38482065528336],[35.13861535386795,31.38483808202292],[35.139454634457636,31.385054709693176],[35.14011942312785,31.384452520092363],[35.14039511709486,31.383784995165307],[35.138243948073395,31.38307351310258],[35.13804704556503,31.38315329817547]]]}},{"type":"Feature","properties":{"settlement_id":314,"source":"Peace Now","source_name":"Ramat Migron","source_type":"Farm","source_db_id":1157},"geometry":{"type":"Polygon","coordinates":[[[35.26955268299709,31.885345530053797],[35.26898632597776,31.885262305096987],[35.26888048395171,31.884657001112487],[35.2672402562753,31.88464953987752],[35.26580408465978,31.885006326679324],[35.26469812692235,31.885727308723357],[35.26763472633147,31.88662642152398],[35.26868816057119,31.88723251291026],[35.26895995549618,31.887282061863345],[35.26909244472415,31.887051824532968],[35.269539890590146,31.887039665967837],[35.27001512489789,31.886776951283455],[35.269979876486694,31.88636536761168],[35.26974897459828,31.886103015559264],[35.26968583356197,31.88579285522998],[35.269755507652896,31.885452800541042],[35.26955268299709,31.885345530053797]]]}},{"type":"Feature","properties":{"settlement_id":304,"source":"Peace Now","source_name":"Givat Hadegel","source_type":"Outpost","source_db_id":1145},"geometry":{"type":"Polygon","coordinates":[[[35.10317194737984,31.393823030027022],[35.10317632514601,31.394036434226894],[35.10324765292385,31.394436198606012],[35.10386534993565,31.3946371870571],[35.10439113558046,31.394218728009424],[35.10433744635427,31.393887175764903],[35.104508126770426,31.393677860118945],[35.10451749988037,31.393527696527673],[35.104448613335364,31.39332214575731],[35.10419079607074,31.393159917786488],[35.10391904510886,31.39310437874927],[35.10369330477601,31.39310420144803],[35.10346748402979,31.39317910914106],[35.10320935060807,31.393313268898865],[35.1029970437022,31.39367272077289],[35.10317194737984,31.393823030027022]]]}},{"type":"Feature","properties":{"settlement_id":305,"source":"Peace Now","source_name":"Mechora South","source_type":"Farm","source_db_id":1159},"geometry":{"type":"Polygon","coordinates":[[[35.40923026589493,32.142153335896545],[35.40938124496481,32.14242177752493],[35.40951563210908,32.14274719494917],[35.40984032443794,32.14372492656484],[35.41081480582261,32.14370544707665],[35.41106601653199,32.14318011854915],[35.410718795409444,32.142054960480905],[35.410552573883066,32.14169698328148],[35.41034904681916,32.14146701218978],[35.410108199285716,32.14135864978129],[35.409860077190395,32.14135905254421],[35.40945433105344,32.14148125852059],[35.409229093920445,32.14162876052663],[35.40923026589493,32.142153335896545]]]}},{"type":"Feature","properties":{"settlement_id":307,"source":"Peace Now","source_name":"Zohar's farm","source_type":"Farm","source_db_id":1160},"geometry":{"type":"Polygon","coordinates":[[[35.381043869092075,31.916609088380238],[35.38142225836513,31.916990335202467],[35.38193680009158,31.917198273407624],[35.382632594950714,31.917209356820145],[35.382974389095224,31.916743591291485],[35.38185435757709,31.91620232582927],[35.381043869092075,31.916609088380238]]]}},{"type":"Feature","properties":{"settlement_id":308,"source":"Peace Now","source_name":"Ohavei Yah","source_type":"Outpost","source_db_id":1161},"geometry":{"type":"Polygon","coordinates":[[[35.08576035461169,31.65787786357668],[35.085822652690155,31.6582477796839],[35.08589224386403,31.658367153463157],[35.08625718705387,31.65852742961325],[35.086638401842464,31.658439430258287],[35.08676412712013,31.65829040997125],[35.08680616831352,31.658135346947432],[35.086708950059034,31.65780119180607],[35.086325751869616,31.65749659933446],[35.0859422228755,31.657454485405772],[35.08567694456045,31.657657064125395],[35.08576035461169,31.65787786357668]]]}},{"type":"Feature","properties":{"settlement_id":272,"source":"Peace Now","source_name":"Geulat Zion","source_type":"Outpost","source_db_id":353},"geometry":{"type":"Polygon","coordinates":[[[35.32163090343529,32.046515551237135],[35.321986770012664,32.04667833397162],[35.32284791421075,32.046176546373104],[35.32313420637609,32.0454247986183],[35.32282561209477,32.044790115231116],[35.322305888263784,32.04484885343846],[35.32161604496737,32.04558932191415],[35.321507138872406,32.046003027859335],[35.32163090343529,32.046515551237135]]]}},{"type":"Feature","properties":{"settlement_id":315,"source":"Peace Now","source_name":"Ori-Ad","source_type":"Outpost","source_db_id":1166},"geometry":{"type":"Polygon","coordinates":[[[35.158288937541016,32.232746076098714],[35.158222651908744,32.23308093310983],[35.15828762469113,32.233802915239195],[35.15825647856903,32.235986170306624],[35.161271246729946,32.23663435101137],[35.16113328221773,32.234457307387466],[35.160470379293855,32.23218403597716],[35.15942340334905,32.23196388858975],[35.159165263640574,32.23173474331899],[35.15877231085273,32.23165347879958],[35.158491584674884,32.23168678043243],[35.15828942797503,32.23177737343041],[35.15815452739575,32.23209227175741],[35.15815998171277,32.232407221482305],[35.158288937541016,32.232746076098714]]]}},{"type":"Feature","properties":{"settlement_id":320,"source":"Peace Now","source_name":"Avihai Farm","source_type":"Farm","source_db_id":1168},"geometry":{"type":"Polygon","coordinates":[[[35.031043267634985,32.048297798956625],[35.03121060043946,32.04869888127548],[35.03193925458254,32.048556713329404],[35.03239602394952,32.04832008612484],[35.032500585685554,32.04800391664379],[35.03247887030149,32.0476316660568],[35.032266603615234,32.04728778908686],[35.032132277625585,32.047211253453675],[35.031728583743984,32.047363410005985],[35.030851561236716,32.0475561416548],[35.03092038127861,32.048097204007725],[35.031043267634985,32.048297798956625]]]}},{"type":"Feature","properties":{"settlement_id":318,"source":"Peace Now","source_name":"Nahalat Zvi","source_type":"Outpost","source_db_id":null},"geometry":{"type":"Polygon","coordinates":[[[35.29733664370173,31.87113003325305],[35.29757994810571,31.87117280526669],[35.29793225042577,31.87116538863197],[35.29830960164274,31.871043419620946],[35.29854429262438,31.870864288594042],[35.298611020750236,31.870492007200173],[35.29840918718532,31.869983916460775],[35.298207616557676,31.869733524309684],[35.298006112059696,31.86954755656672],[35.29764521896487,31.869347388707702],[35.297351619113,31.86933328676917],[35.29710842700481,31.869397888868647],[35.29683176751421,31.869548414521244],[35.29675644505342,31.869720268613055],[35.29670662899192,31.87023570300921],[35.29672364780633,31.870479073171733],[35.296799448887214,31.870786825452306],[35.29686666940955,31.870901309584088],[35.29699261540568,31.871022909291796],[35.29733664370173,31.87113003325305]]]}},{"type":"Feature","properties":{"settlement_id":316,"source":"Peace Now","source_name":"Shorashim Farm","source_type":"Farm","source_db_id":null},"geometry":{"type":"Polygon","coordinates":[[[35.192965542023465,31.436459148963102],[35.19309074448495,31.43677414739072],[35.1931408106593,31.437024709835537],[35.19327437587731,31.437239485608515],[35.19357494766499,31.437311099623212],[35.19380874050718,31.43723953138318],[35.19403418833364,31.437125009236595],[35.19413440209729,31.436938888607795],[35.19413442419247,31.436738442215532],[35.1941845480955,31.436487888266132],[35.19407602519091,31.436316068262073],[35.193942447398264,31.436208675300882],[35.19376711745888,31.436151390306538],[35.1934999399051,31.436137050010714],[35.193140910090555,31.436201447841253],[35.192982260066415,31.436301656862927],[35.192965542023465,31.436459148963102]]]}},{"type":"Feature","properties":{"settlement_id":321,"source":"Peace Now","source_name":"Or Meir","source_type":"Farm","source_db_id":null},"geometry":{"type":"Polygon","coordinates":[[[35.24967985755043,31.9340631948139],[35.24970510269221,31.934192034157423],[35.249931861660535,31.934435333441368],[35.25023407654582,31.934492490946013],[35.25056984671538,31.934506686131748],[35.250930727286814,31.934377706462996],[35.25132512502702,31.934134181580603],[35.2512914219918,31.93388365558978],[35.25122418296302,31.93371188256204],[35.2510477934798,31.933482883598643],[35.25064482505574,31.933368498720263],[35.250006900680596,31.933404519982126],[35.24982228233664,31.933504801336134],[35.24970484356679,31.933662324464663],[35.24967970006219,31.93374107405344],[35.24967985755043,31.9340631948139]]]}},{"type":"Feature","properties":{"settlement_id":324,"source":"Peace Now","source_name":"Harel Farm","source_type":"Farm","source_db_id":null},"geometry":{"type":"Polygon","coordinates":[[[35.24850767125547,31.629925436139892],[35.248842409134134,31.630080422998844],[35.249246807288785,31.63010414391895],[35.24976271446531,31.63003237633069],[35.24990205961931,31.629829500376353],[35.24988791839983,31.62942385237723],[35.24976229290764,31.62916141556966],[35.249455456690455,31.629030283227408],[35.24909290144887,31.629018479333872],[35.248855872483155,31.62906628574817],[35.24861887141802,31.629173746574097],[35.24847949639832,31.62931696630067],[35.24839592606458,31.62951982156633],[35.24838206015783,31.629686859930903],[35.24850767125547,31.629925436139892]]]}},{"type":"Feature","properties":{"settlement_id":329,"source":"Peace Now","source_name":"Negohot North","source_type":"Farm","source_db_id":null},"geometry":{"type":"Polygon","coordinates":[[[34.98458251268901,31.500531045075356],[34.98488946551992,31.50078310062525],[34.98523164756145,31.50091544036925],[34.98571430602697,31.500754569626732],[34.98590372144933,31.500455454718534],[34.98584198625513,31.499952292361595],[34.98549302673895,31.499730111046492],[34.9850458243586,31.49967544598379],[34.984570257966546,31.49979440502525],[34.98443644728924,31.500225366603626],[34.98458251268901,31.500531045075356]]]}},{"type":"Feature","properties":{"settlement_id":333,"source":"Peace Now","source_name":"Sde Yonatan","source_type":"Farm","source_db_id":null},"geometry":{"type":"Polygon","coordinates":[[[35.27672794516857,31.888661906081186],[35.2771979526456,31.88888115910707],[35.27808176038824,31.88896655018894],[35.27915521839238,31.888402805654028],[35.27961344734422,31.887887138885006],[35.27950138172085,31.887639050961262],[35.27859505973794,31.88736279508064],[35.27716329898321,31.88748769839246],[35.276928444179816,31.887564187492362],[35.27662676792128,31.88802248958872],[35.27672794516857,31.888661906081186]]]}},{"type":"Feature","properties":{"settlement_id":332,"source":"Peace Now","source_name":"Givat Haktoret","source_type":"Outpost","source_db_id":null},"geometry":{"type":"Polygon","coordinates":[[[35.286297782203874,32.06191705241382],[35.28648275836344,32.061974197674985],[35.28674332198467,32.061959712716934],[35.28692789417646,32.061565897691324],[35.28701980382244,32.06095024179568],[35.28822954490382,32.060219322906946],[35.28823780700506,32.06006183935144],[35.28793506551711,32.05990456085169],[35.2872542971859,32.05999090420119],[35.28674170835568,32.06015587395718],[35.28611166250955,32.06057145063662],[35.28599441608325,32.06105827650586],[35.286053464874996,32.06129445564891],[35.28608740500996,32.06165233851352],[35.286297782203874,32.06191705241382]]]}},{"type":"Feature","properties":{"settlement_id":338,"source":"Peace Now","source_name":"Asael North","source_type":"Outpost","source_db_id":null},"geometry":{"type":"Polygon","coordinates":[[[35.04559398320483,31.37552162869359],[35.045649238149466,31.37574242852375],[35.04592719018856,31.375850155323313],[35.04632356931161,31.375826781953425],[35.04656721483619,31.375660042255085],[35.04663031332793,31.375349902853326],[35.04659609571229,31.37502174648558],[35.04633204184199,31.374920003979508],[35.045928693237144,31.374955300197374],[35.045685118663535,31.375080278796105],[35.04555961847986,31.375282957583227],[35.04559398320483,31.37552162869359]]]}},{"type":"Feature","properties":{"settlement_id":350,"source":"Peace Now","source_name":"Bar Farm","source_type":"Farm","source_db_id":null},"geometry":{"type":"Polygon","coordinates":[[[35.3410442229796,32.0708862123947],[35.34115760893429,32.071016894113036],[35.34141664029965,32.071223147057786],[35.34174013811051,32.071284756929],[35.34188552648416,32.07118821758339],[35.34192567414732,32.07100229480653],[35.3418929322697,32.070733838041555],[35.3417147313701,32.070513729736994],[35.34149622923155,32.070376277751414],[35.34127789169327,32.07034897589028],[35.341124285881314,32.07035602597998],[35.34095488816726,32.07061781633416],[35.3410442229796,32.0708862123947]]]}},{"type":"Feature","properties":{"settlement_id":345,"source":"Peace Now","source_name":"Shabo Farm","source_type":"Farm","source_db_id":null},"geometry":{"type":"Polygon","coordinates":[[[35.15249989947524,31.387638787643635],[35.15393730363709,31.387512898266092],[35.15452741474354,31.386691111155393],[35.15396151543026,31.38649704048749],[35.153859332759545,31.386221100874327],[35.1536547304087,31.386112332287293],[35.153164506923865,31.385394312483378],[35.15253788611322,31.38558375665713],[35.15239012096956,31.38621601871556],[35.15176312202732,31.38706939696818],[35.15249989947524,31.387638787643635]]]}},{"type":"Feature","properties":{"settlement_id":210,"source":"Peace Now","source_name":"Avigail Farm","source_type":"Farm","source_db_id":221},"geometry":{"type":"Polygon","coordinates":[[[35.142231488727894,31.401051472269696],[35.14229973160176,31.401242282571317],[35.14245379789638,31.401400466230527],[35.14282904613219,31.401513333666742],[35.14321131383947,31.401294466470475],[35.14312106576331,31.400920711122517],[35.142682096121504,31.400799762378],[35.142366976221766,31.4009174730778],[35.142231488727894,31.401051472269696]]]}},{"type":"Feature","properties":{"settlement_id":343,"source":"Peace Now","source_name":"Old Maon Farm","source_type":"Farm","source_db_id":null},"geometry":{"type":"Polygon","coordinates":[[[35.165621622156,31.40117347992259],[35.16585520275373,31.401452745287234],[35.1664393640492,31.401646208757114],[35.16698184747168,31.401710798275072],[35.16897669388615,31.401496601633653],[35.16960270730556,31.401382232222602],[35.169744733773115,31.40100285234966],[35.16951116136258,31.400673482171417],[35.168543159660175,31.40025800150256],[35.16792558469514,31.40015044412947],[35.1675666296635,31.40032931218199],[35.16695728179213,31.400522423793273],[35.16628120527072,31.400608130024686],[35.165913972411715,31.400608019978232],[35.165671788111574,31.400958729959495],[35.165621622156,31.40117347992259]]]}},{"type":"Feature","properties":{"settlement_id":346,"source":"Peace Now","source_name":"Giva't Alufe Yehuda","source_type":"Farm","source_db_id":null},"geometry":{"type":"Polygon","coordinates":[[[35.19750065087576,31.60445302999301],[35.19845215364409,31.60536056315794],[35.198968745971236,31.606259657293283],[35.200459842037155,31.607343213591527],[35.20110401541809,31.607472791486664],[35.20179743092897,31.607198915570716],[35.20211747705761,31.606712002247743],[35.2031005348907,31.606324318406443],[35.20253321992154,31.605547445791448],[35.201398598017576,31.604600618707916],[35.199753379513446,31.60435779756541],[35.19908855326807,31.604380927439646],[35.19860612532049,31.603953311245693],[35.19790651705925,31.604019805715016],[35.19750065087576,31.60445302999301]]]}},{"type":"Feature","properties":{"settlement_id":328,"source":"Peace Now","source_name":"Simhovitz Farm","source_type":"Farm","source_db_id":null},"geometry":{"type":"Polygon","coordinates":[[[35.121935444937506,31.375317694413546],[35.122350588755886,31.375545859960912],[35.12293001918581,31.37568296919232],[35.12335022458639,31.37564594323604],[35.12352424219243,31.37546787770548],[35.123548606786464,31.375215132441745],[35.123457012442195,31.37502032457709],[35.12327368583689,31.37479230963206],[35.122766792946614,31.374551657751283],[35.12249166505091,31.374373306546303],[35.12203773078208,31.374327435664938],[35.121723703688616,31.37445154188481],[35.12149166104842,31.374708296186054],[35.12158310909004,31.37506470643863],[35.121935444937506,31.375317694413546]]]}},{"type":"Feature","properties":{"settlement_id":242,"source":"Peace Now","source_name":"Maoz Ester","source_type":"Outpost","source_db_id":null},"geometry":{"type":"Polygon","coordinates":[[[35.352589706160444,31.968012972299125],[35.35340695030025,31.9672173436884],[35.35277647963783,31.96566479817198],[35.348557989645606,31.965513411045162],[35.34414432980272,31.96609966836074],[35.342031307480454,31.9676920354127],[35.34126835871832,31.969111079483994],[35.34351729560437,31.9703355601371],[35.34638748224682,31.96950331036063],[35.352589706160444,31.968012972299125]]]}},{"type":"Feature","properties":{"settlement_id":336,"source":"Peace Now","source_name":"Nofei Elhanan","source_type":"Outpost","source_db_id":null},"geometry":{"type":"Polygon","coordinates":[[[35.13265722583487,32.28130210519866],[35.13268498933708,32.28085962866655],[35.1319628510328,32.28055810150668],[35.13086085582685,32.28061217219494],[35.13057452119168,32.28075181576933],[35.131243476664665,32.28162597442721],[35.13223482093375,32.2815766751391],[35.13265722583487,32.28130210519866]]]}},{"type":"Feature","properties":{"settlement_id":253,"source":"Peace Now","source_name":"Kumi Uri","source_type":"Outpost","source_db_id":null},"geometry":{"type":"Polygon","coordinates":[[[35.23681584972294,32.159497841010044],[35.236679429930646,32.15625068960086],[35.236380692788835,32.15604433216566],[35.23553132756068,32.15593338694101],[35.23389826452061,32.15673568945827],[35.234085623530845,32.15887937266536],[35.235429940177134,32.15972066247853],[35.23681584972294,32.159497841010044]]]}},{"type":"Feature","properties":{"settlement_id":201,"source":"Peace Now","source_name":"Emek Dotan Farm","source_type":"Farm","source_db_id":null},"geometry":{"type":"Polygon","coordinates":[[[35.164711893435125,32.423982557703674],[35.16555439650821,32.424104829254645],[35.16592438107403,32.42391321597473],[35.165986387098265,32.423076607298015],[35.165020699919374,32.42271028364032],[35.164301370237844,32.422901783280935],[35.16423951918671,32.423354936858786],[35.164711893435125,32.423982557703674]]]}},{"type":"Feature","properties":{"settlement_id":364,"source":"Peace Now","source_name":"Tzur Harel Farm","source_type":"Farm","source_db_id":null},"geometry":{"type":"Polygon","coordinates":[[[35.24294794063712,31.90660843943049],[35.243706437079084,31.906306703037565],[35.24384400865822,31.90546097640707],[35.24316285346106,31.905159680564683],[35.242111263465986,31.905461500805888],[35.241939234893024,31.906410188563665],[35.24294794063712,31.90660843943049]]]}},{"type":"Feature","properties":{"settlement_id":365,"source":"Peace Now","source_name":"Amona Farm","source_type":"Outpost","source_db_id":null},"geometry":{"type":"Polygon","coordinates":[[[35.28004150108285,31.954510240719223],[35.28025523451361,31.954076260255974],[35.280198998051354,31.953754174066752],[35.27973714031785,31.95364707525867],[35.279302984255814,31.95396006795757],[35.27929858477466,31.95436949840801],[35.28004150108285,31.954510240719223]]]}},{"type":"Feature","properties":{"settlement_id":363,"source":"Peace Now","source_name":"Khan Ushpizin","source_type":"Farm","source_db_id":null},"geometry":{"type":"Polygon","coordinates":[[[35.2501972231145,31.624742666167148],[35.24961124775027,31.624027015564476],[35.24848195031378,31.624289890942663],[35.24655826137954,31.625435912858876],[35.24604250426771,31.625794010987306],[35.24595580684493,31.625992060224874],[35.24583962715116,31.62601384542335],[35.24538243230445,31.626381466674722],[35.24567265702137,31.626820433431693],[35.24618593661434,31.627144789535624],[35.24637566384678,31.62734516788127],[35.24666017016654,31.62745483927958],[35.24708406495479,31.627449926288183],[35.24851072995067,31.626186906791077],[35.24986287824003,31.625363196281505],[35.2501972231145,31.624742666167148]]]}},{"type":"Feature","properties":{"settlement_id":97,"source":"Peace Now","source_name":"Nili","source_type":"Settlement","source_db_id":341},"geometry":{"type":"Polygon","coordinates":[[[35.048693126906564,31.967225899386715],[35.04921370855479,31.966853274957803],[35.05039069630631,31.966738104315304],[35.051622528601314,31.966529560491942],[35.05233486869043,31.96604054893828],[35.05225373992249,31.965457245999243],[35.05151617135474,31.964639853206865],[35.050476878011914,31.964288691027683],[35.04968401758471,31.963844392756513],[35.04894695663954,31.96274706112203],[35.047116971695395,31.960715173038878],[35.0463528348222,31.959524454106543],[35.045669838219844,31.958893771239552],[35.04542474984389,31.95821691988955],[35.044715180671616,31.957119597345972],[35.04456850310959,31.956548235636507],[35.04461085546969,31.956326451397977],[35.044050468420416,31.955187930863453],[35.04323339423886,31.956854257355452],[35.042914525757176,31.956803759480195],[35.042032093986,31.957432366283243],[35.04125909623633,31.95787504977354],[35.04083927483065,31.957953226334638],[35.04040215453297,31.958317620939024],[35.04033447037906,31.95861808797938],[35.03993089596275,31.958996836148692],[35.041206526543824,31.960591103036244],[35.042133261587,31.96264519093904],[35.04262311322716,31.964232204713337],[35.042347518700154,31.965328283166013],[35.04259243931225,31.966098477609712],[35.0432213053558,31.966425916523498],[35.043823183172364,31.96651992774695],[35.04428783198074,31.966870510475204],[35.04499892276983,31.967127973091237],[35.046476808425915,31.967059840463097],[35.047571564684404,31.966967860473048],[35.048693126906564,31.967225899386715]]]}},{"type":"Feature","properties":{"settlement_id":358,"source":"Peace Now","source_name":"Hoshen","source_type":"Outpost","source_db_id":null},"geometry":{"type":"Polygon","coordinates":[[[35.24922885564783,32.05561994832802],[35.249931182361834,32.05571273453971],[35.25050538616124,32.05549987406355],[35.2508891261799,32.05515683054981],[35.250742362786696,32.05502663390136],[35.24974983462665,32.05507218081782],[35.2489540111066,32.05525853408558],[35.248913563405665,32.055524365090925],[35.24922885564783,32.05561994832802]]]}},{"type":"Feature","properties":{"settlement_id":236,"source":"Peace Now","source_name":"Yeshuv HaDaa't","source_type":"Outpost","source_db_id":313},"geometry":{"type":"Polygon","coordinates":[[[35.33626043537461,32.047104061690526],[35.33811041787379,32.047664615732415],[35.33986399020484,32.047413780545696],[35.341614385844686,32.047081250697545],[35.342172439159974,32.04690912237247],[35.34255629480394,32.04658134918402],[35.34268409379953,32.04637072828566],[35.3428296232797,32.04577032702229],[35.3431675912354,32.04527892404462],[35.34348705019671,32.04473289092322],[35.34396222811918,32.044241245107166],[35.34382413750116,32.043734761717104],[35.34383294736626,32.04346971093178],[35.34284438819249,32.04340838827675],[35.34121659771325,32.04380911326624],[35.33981664596788,32.04378067496029],[35.33880340926063,32.043786802308965],[35.33796625669557,32.044091955953974],[35.33732796674264,32.044197416175315],[35.33696533090599,32.044561945234335],[35.336854569901234,32.044921250642176],[35.33666115977396,32.044851547904194],[35.336385533745315,32.045140383370935],[35.336422413523316,32.04517068991002],[35.336285345647866,32.04535011167005],[35.33570941300572,32.04575607116801],[35.3358012378057,32.04599766036508],[35.335993899714595,32.046340417861444],[35.33626043537461,32.047104061690526]]]}},{"type":"Feature","properties":{"settlement_id":177,"source":"Peace Now","source_name":"Hahava BeYizhar","source_type":"Farm","source_db_id":273},"geometry":{"type":"Polygon","coordinates":[[[35.249730678523235,32.160515402447366],[35.248995612468455,32.16357007170068],[35.2499391347426,32.16313898665533],[35.25065191829301,32.161611524501104],[35.25044461384988,32.16131790674221],[35.24991500043308,32.16088734785023],[35.249730678523235,32.160515402447366]]]}},{"type":"Feature","properties":{"settlement_id":117,"source":"Peace Now","source_name":"Nahalat Ami","source_type":"Settlement","source_db_id":107},"geometry":{"type":"Polygon","coordinates":[[[35.0306493694642,31.43687058957761],[35.03040461619729,31.438183464907983],[35.03098275227904,31.438906911818766],[35.03257904131085,31.439812392098855],[35.03398192736933,31.44086814979597],[35.03583149780656,31.441046242874826],[35.03619699714047,31.439602163242352],[35.035734684848514,31.439363455525342],[35.034748019898245,31.43911088477618],[35.03391564202606,31.43881891890318],[35.03280750374328,31.437521419471167],[35.031697551703104,31.43722906686049],[35.0306493694642,31.43687058957761]]]}},{"type":"Feature","properties":{"settlement_id":183,"source":"Peace Now","source_name":"Or HaOrot Hill 825","source_type":"Outpost","source_db_id":242},"geometry":{"type":"Polygon","coordinates":[[[35.33721949948032,32.164314032283265],[35.33809616716101,32.164811870705606],[35.33848113914088,32.16543074192699],[35.33895156321272,32.16523004563703],[35.339765973075195,32.16507524218813],[35.340381417316415,32.16501299058209],[35.34068957432801,32.16527444889919],[35.339501292137925,32.166232959998176],[35.34044617288272,32.16690100439202],[35.341327280727015,32.16699372255046],[35.34241340113378,32.167936468381534],[35.34295627497729,32.167828111705916],[35.34304644350204,32.167581644141855],[35.34337185860553,32.167257905727624],[35.343896469433666,32.16699553940993],[35.344294607683196,32.166948928570235],[35.344765026715784,32.166748210727704],[35.344963516386436,32.166347686169075],[35.34543376483388,32.16603911198038],[35.345578063846965,32.16570023899705],[35.34650106288951,32.16549900930045],[35.34999647212202,32.16643434260498],[35.35051011927999,32.16604376848932],[35.34975726276053,32.16496556609991],[35.34849840250811,32.16413745115165],[35.34727638118503,32.16428171269339],[35.34681119432158,32.16435834775561],[35.345146678952545,32.16439059902466],[35.34431304581194,32.164374118264135],[35.34401581906508,32.164146660489344],[35.34354757132837,32.16396833468695],[35.34316777503945,32.163974520183835],[35.34277435297734,32.163940336373805],[35.341582612826045,32.163552751338486],[35.342092289034916,32.16292979802311],[35.34196876799347,32.16259934050481],[35.341669504096345,32.16253782768151],[35.34115795065126,32.16261448861598],[35.340682989567476,32.162855214982706],[35.34059129406152,32.162982787975665],[35.34031170638519,32.16282992198558],[35.33967769744451,32.162874067099466],[35.33877732718946,32.162666261228594],[35.33841897738665,32.1623621965693],[35.338359777072945,32.16211426687589],[35.33882452973237,32.161672257885144],[35.33878822844729,32.161352611722336],[35.33846505299437,32.160667773853994],[35.338069130701356,32.16013828398614],[35.336243853805435,32.161665411778],[35.335308388990775,32.16238713269819],[35.33587261791793,32.16243295074819],[35.336397657834375,32.16276705897687],[35.33667824390819,32.16301819869705],[35.33725038324767,32.1629474271724],[35.33775895823464,32.16325368166776],[35.33790716107823,32.16368584369874],[35.33780916437474,32.163950892890405],[35.33721949948032,32.164314032283265]]]}},{"type":"Feature","properties":{"settlement_id":368,"source":"Peace Now","source_name":"Giva't Yavo Dodi","source_type":"Farm","source_db_id":null},"geometry":{"type":"Polygon","coordinates":[[[35.14539858707328,31.96828018225454],[35.14614759040713,31.967821678091248],[35.1467898688199,31.96679828288814],[35.14695820244199,31.965415943593975],[35.14531021251954,31.964645928394482],[35.14327002287901,31.966355042228546],[35.14326337008216,31.9675091980964],[35.144240244873416,31.96796129309442],[35.14539858707328,31.96828018225454]]]}},{"type":"Feature","properties":{"settlement_id":330,"source":"Peace Now","source_name":"Elhai Farm","source_type":"Farm","source_db_id":null},"geometry":{"type":"Polygon","coordinates":[[[35.152868679821694,32.273948532362894],[35.154002694757224,32.273928919648675],[35.15471184176177,32.27320663231443],[35.15445238685319,32.27244381795748],[35.15348120355134,32.2719872860472],[35.152082848754475,32.27258757220895],[35.151805934251115,32.2732857384298],[35.15234897402653,32.2738680333335],[35.152868679821694,32.273948532362894]]]}},{"type":"Feature","properties":{"settlement_id":359,"source":"Peace Now","source_name":"Beit Eliyahu","source_type":"Outpost","source_db_id":null},"geometry":{"type":"Polygon","coordinates":[[[35.484692602969496,32.141221449998106],[35.48606820804435,32.139773236670344],[35.4854269363663,32.138359607580725],[35.48418323561379,32.13664623182337],[35.48212311969594,32.13406151714296],[35.481222397656744,32.13457531757916],[35.48009515848258,32.13624874560315],[35.48155067530708,32.13782621460295],[35.48080996120508,32.13861062947769],[35.480478021655536,32.14001135383625],[35.4784635779313,32.140858740371506],[35.4806071316511,32.14175730875006],[35.484692602969496,32.141221449998106]]]}},{"type":"Feature","properties":{"settlement_id":319,"source":"Peace Now","source_name":"Hagoshen South Farm","source_type":"Farm","source_db_id":null},"geometry":{"type":"Polygon","coordinates":[[[35.53871433352875,32.224365133183895],[35.54583742169611,32.22722508543422],[35.54746978095927,32.226865027547454],[35.54871510275143,32.22425362029775],[35.54874416171171,32.22139148961197],[35.543420570132966,32.22020347332687],[35.53828259447615,32.220708265325676],[35.537593732941566,32.22301327319532],[35.53871433352875,32.224365133183895]]]}},{"type":"Feature","properties":{"settlement_id":380,"source":"Peace Now","source_name":"Tomer West Farm","source_type":"Farm","source_db_id":null},"geometry":{"type":"Polygon","coordinates":[[[35.42814244512832,32.0230851865508],[35.4303677189384,32.02262285728772],[35.4314947500376,32.020708268364665],[35.4313984411179,32.0192700559534],[35.42867152394206,32.01940135584853],[35.42733983156015,32.021094989972404],[35.42814244512832,32.0230851865508]]]}},{"type":"Feature","properties":{"settlement_id":382,"source":"Peace Now","source_name":"Netiv Hagdud Farm","source_type":"Farm","source_db_id":null},"geometry":{"type":"Polygon","coordinates":[[[35.43350778765505,31.98637525834993],[35.435770390050585,31.986371155588177],[35.436839520633946,31.983776935290706],[35.43438979401305,31.983085909332967],[35.43201958883575,31.984544379593995],[35.43350778765505,31.98637525834993]]]}},{"type":"Feature","properties":{"settlement_id":376,"source":"Peace Now","source_name":"Hananya Farm","source_type":"Farm","source_db_id":null},"geometry":{"type":"Polygon","coordinates":[[[35.303557611589305,31.895208261725227],[35.305743574028355,31.89492201757886],[35.304592874086495,31.89308934188864],[35.302740746183716,31.89365983087986],[35.303557611589305,31.895208261725227]]]}},{"type":"Feature","properties":{"settlement_id":360,"source":"Peace Now","source_name":"Or Ahuvia","source_type":"Outpost","source_db_id":null},"geometry":{"type":"Polygon","coordinates":[[[35.26789276150926,31.937482946177447],[35.26887741455159,31.93731449950911],[35.26898947380554,31.936618643378164],[35.26797631316572,31.936235264305687],[35.267132463625444,31.936571586245723],[35.26696413421033,31.937291461510892],[35.26789276150926,31.937482946177447]]]}},{"type":"Feature","properties":{"settlement_id":372,"source":"Peace Now","source_name":"Gofna","source_type":"Outpost","source_db_id":null},"geometry":{"type":"Polygon","coordinates":[[[35.12564300955111,31.978394861649036],[35.126243714965646,31.978360813793557],[35.126642646557684,31.978167448241017],[35.126965930081816,31.97789228838371],[35.127248974622475,31.977445004565666],[35.12733002507339,31.977100856596792],[35.12717882353519,31.97682970918651],[35.127082933327195,31.9768124408591],[35.12558844968239,31.97726758175192],[35.12540142871816,31.97756863792755],[35.12540622907631,31.977856906118024],[35.12542116542713,31.9780978534929],[35.12564300955111,31.978394861649036]]]}},{"type":"Feature","properties":{"settlement_id":374,"source":"Peace Now","source_name":"Ofra South-East","source_type":"Farm","source_db_id":null},"geometry":{"type":"Polygon","coordinates":[[[35.277526705542876,31.944169707039965],[35.278461238563075,31.943885949459855],[35.279029246653394,31.943277638865695],[35.27888723235375,31.942578856875667],[35.278346240275134,31.942486115513546],[35.27751585302588,31.942446135949705],[35.276909439243184,31.94253883666709],[35.27626393231822,31.942986661895137],[35.27640565583427,31.94355451034459],[35.27669594295434,31.94366848339091],[35.27661067287912,31.94384655388463],[35.27664877160238,31.94402455430704],[35.27706157096266,31.944008135357233],[35.277526705542876,31.944169707039965]]]}},{"type":"Feature","properties":{"settlement_id":386,"source":"Peace Now","source_name":"Magenzi B Farm","source_type":"Farm","source_db_id":null},"geometry":{"type":"Polygon","coordinates":[[[35.02957223233956,31.962086736636667],[35.03035956376582,31.962070609214518],[35.0307841419612,31.96172699336052],[35.031047932758156,31.96100453912457],[35.03102894300181,31.96036774757626],[35.0302023579519,31.959798689297372],[35.0299201681213,31.95957457307454],[35.02953694899889,31.95940194667796],[35.02915333887086,31.959435837191457],[35.02878984950195,31.95950417416159],[35.02856756736485,31.95962433550119],[35.02826391356388,31.960071371274747],[35.02820161066256,31.960983408431805],[35.028443229644274,31.96131073143826],[35.02876576244206,31.961552116616456],[35.02957223233956,31.962086736636667]]]}},{"type":"Feature","properties":{"settlement_id":366,"source":"Peace Now","source_name":"The Blue Hut","source_type":"Outpost","source_db_id":null},"geometry":{"type":"Polygon","coordinates":[[[35.2009839972787,31.595336729254434],[35.201054905382954,31.595336731195456],[35.202345439921224,31.595033296219455],[35.203054524165736,31.594681288709417],[35.20360237835829,31.593978524737437],[35.20320530962035,31.593201654710175],[35.20195735345681,31.593274467049724],[35.20104076297966,31.59428067802289],[35.20087056086172,31.59491187726545],[35.2009839972787,31.595336729254434]]]}},{"type":"Feature","properties":{"settlement_id":373,"source":"Peace Now","source_name":"Maale Rehava'm South","source_type":"Farm","source_db_id":null},"geometry":{"type":"Polygon","coordinates":[[[35.259141277504504,31.6442501909033],[35.25943384160169,31.64410592139028],[35.25950022758146,31.643893470085516],[35.2593049733974,31.643628025611306],[35.258972389173046,31.643575062228564],[35.258861633021866,31.643738219744975],[35.258817404970614,31.643931694985312],[35.258870790214615,31.644235133305514],[35.259141277504504,31.6442501909033]]]}},{"type":"Feature","properties":{"settlement_id":390,"source":"Peace Now","source_name":"Adora East","source_type":"Outpost","source_db_id":null},"geometry":{"type":"Polygon","coordinates":[[[35.02551838830873,31.554945355366424],[35.02578043104813,31.554648538969598],[35.02532503365157,31.554126813547665],[35.024992646252606,31.55391872627323],[35.02451705267382,31.554015761626427],[35.02446890223338,31.5543332318347],[35.02454436580043,31.554646805066653],[35.0249907442172,31.55491204758796],[35.02551838830873,31.554945355366424]]]}},{"type":"Feature","properties":{"settlement_id":379,"source":"Peace Now","source_name":"Mizpe Yair North","source_type":"Farm","source_db_id":null},"geometry":{"type":"Polygon","coordinates":[[[35.14087614292677,31.38825531913154],[35.1414363005868,31.388011329076082],[35.141768981614135,31.38728683398648],[35.141256809856195,31.386749195245677],[35.14036469607996,31.38665104531563],[35.13987088797543,31.387033482101913],[35.139870620258534,31.387424308937618],[35.14041117900321,31.38808410076213],[35.14087614292677,31.38825531913154]]]}},{"type":"Feature","properties":{"settlement_id":352,"source":"Peace Now","source_name":"Shavei Shomron Farm","source_type":"Farm","source_db_id":null},"geometry":{"type":"Polygon","coordinates":[[[35.178146008831476,32.26639319395394],[35.17811377432683,32.26606482120517],[35.17752915629852,32.26561754630093],[35.17708106413814,32.2649053197753],[35.17667184522704,32.26457400695134],[35.175687207422556,32.26420135251575],[35.17543958595884,32.26426602779319],[35.17521096878463,32.26446017105942],[35.17473472744435,32.26471898779541],[35.1748298642429,32.26501030431312],[35.175191677926556,32.26522076790828],[35.175191599864995,32.26546351297483],[35.175362961281216,32.2656415656973],[35.17485885718129,32.26628114868372],[35.177056996765046,32.26696416219634],[35.178146008831476,32.26639319395394]]]}},{"type":"Feature","properties":{"settlement_id":389,"source":"Peace Now","source_name":"Haarmonot Farm","source_type":"Farm","source_db_id":null},"geometry":{"type":"Polygon","coordinates":[[[35.428523470769065,31.869661046177868],[35.43012753893465,31.869536754630705],[35.430914055156855,31.86842017247087],[35.43040639344404,31.867162352170627],[35.42974432323006,31.866247087573473],[35.42863171353655,31.86627113611336],[35.42820604129757,31.86680187440077],[35.42752192130324,31.867465561912052],[35.427627633985395,31.868381815297116],[35.42783682915494,31.8692868453348],[35.428523470769065,31.869661046177868]]]}},{"type":"Feature","properties":{"settlement_id":381,"source":"Peace Now","source_name":"Eretz Kama Farm","source_type":"Farm","source_db_id":null},"geometry":{"type":"Polygon","coordinates":[[[35.1181952061678,32.41654132064888],[35.119268565858924,32.41716200231726],[35.1210730142665,32.41758072814291],[35.12220697809113,32.417201912228],[35.12261104692419,32.415721884418176],[35.122731582602185,32.41438084396302],[35.12158379382003,32.41360831777046],[35.120719285946166,32.412975142490545],[35.11949625640189,32.41294901911159],[35.1184069724233,32.41344171006744],[35.117719376106585,32.41499744227127],[35.11756950407839,32.41574381062176],[35.1181952061678,32.41654132064888]]]}},{"type":"Feature","properties":{"settlement_id":337,"source":"Peace Now","source_name":"Mizpe Yair South","source_type":"Outpost","source_db_id":null},"geometry":{"type":"Polygon","coordinates":[[[35.12990824232521,31.377481987232667],[35.13083271411968,31.377246311184237],[35.130734801256864,31.376714781293472],[35.13036167300271,31.37605655111482],[35.129693002839836,31.376115215414245],[35.129043666830675,31.37658725599449],[35.12913182479999,31.377009112291155],[35.12990824232521,31.377481987232667]]]}},{"type":"Feature","properties":{"settlement_id":394,"source":"Peace Now","source_name":"Ariel Farm South-West","source_type":"Farm","source_db_id":null},"geometry":{"type":"Polygon","coordinates":[[[35.135283544499586,32.079867843894775],[35.1376790397382,32.07968918009486],[35.14032135794949,32.07915069615629],[35.143456901512565,32.078462437273615],[35.144162000924375,32.077563024550464],[35.1434230723947,32.0763630028661],[35.14155667191781,32.075627292783906],[35.13977727299125,32.076436171895786],[35.137804410522705,32.0768250405604],[35.136131155396086,32.07692911949333],[35.13482834907871,32.07625359669855],[35.13338459507827,32.07566795649091],[35.131500260210736,32.07545694287164],[35.13002040396276,32.075995931966496],[35.129121011123075,32.07742000513822],[35.12836280336362,32.07846926054766],[35.128203379568646,32.079563860784184],[35.13033402109578,32.080209947040025],[35.13360993015444,32.08036178096847],[35.135283544499586,32.079867843894775]]]}},{"type":"Feature","properties":{"settlement_id":395,"source":"Peace Now","source_name":"Talmonim North","source_type":"Outpost","source_db_id":null},"geometry":{"type":"Polygon","coordinates":[[[35.13035555598446,31.944116472080847],[35.13105798485332,31.944057832950012],[35.13182987747515,31.943725081193207],[35.13224068371028,31.943392119742523],[35.13199373576227,31.9429238176017],[35.13106412893504,31.942552128383713],[35.13011945979675,31.942467225112384],[35.129318106820556,31.94253845355397],[35.12905078093002,31.942816661217744],[35.12841737188216,31.94316213219319],[35.12864456899543,31.943567164413775],[35.12920805753603,31.944048314110447],[35.13035555598446,31.944116472080847]]]}},{"type":"Feature","properties":{"settlement_id":161,"source":"Peace Now","source_name":"Neve Ya'akov","source_type":"East Jerusalem","source_db_id":144},"geometry":{"type":"Polygon","coordinates":[[[35.24149018952279,31.844741973751088],[35.244684616859686,31.844767970145256],[35.244778751320176,31.84306707663254],[35.245284601027066,31.84260797083502],[35.245948972500265,31.8429857159705],[35.245759349879535,31.843255787483145],[35.24617061924516,31.84368763323143],[35.24696138368892,31.843660316764748],[35.248732405287285,31.843524708625626],[35.24968105917451,31.843173470751392],[35.25018665902054,31.84225531067269],[35.25135642863568,31.841309940742473],[35.2507866604391,31.840419224500828],[35.24967869181733,31.83831374262247],[35.24847647233236,31.837396273575653],[35.2468318597369,31.837180841092486],[35.24474452691381,31.83699249302864],[35.24183473493332,31.836399429509626],[35.2399370452569,31.835914061805557],[35.237944842663595,31.836346581061594],[35.236711478614026,31.836292879045327],[35.23617367067896,31.83599603883652],[35.236173467911236,31.83540208853417],[35.23525625656232,31.83491631301606],[35.23547732527268,31.834187303815778],[35.2365842125778,31.834241049762824],[35.23680551589484,31.833917053589253],[35.23686834778821,31.832945036541044],[35.23674162008843,31.83213512780026],[35.23607735468646,31.831730368895943],[35.23528683015355,31.83186556771117],[35.2351287127314,31.831919535779523],[35.234021879761414,31.831946852391876],[35.233452702359706,31.831892962983208],[35.231144919438634,31.834539279578994],[35.23035464960452,31.835700378398503],[35.23041818382987,31.83661825591338],[35.230671261558854,31.837239209521123],[35.23329006685481,31.837816361352463],[35.23356865563424,31.838529110345537],[35.23738890007154,31.838247348512414],[35.238780600299215,31.838743713349626],[35.2386552038529,31.841616368836874],[35.237871024244335,31.842286100536498],[35.23739036275452,31.842372621612768],[35.23739060020538,31.843042235350644],[35.238580006360046,31.843689892093153],[35.24149018952279,31.844741973751088]]]}},{"type":"Feature","properties":{"settlement_id":158,"source":"Peace Now","source_name":"Ramot","source_type":"East Jerusalem","source_db_id":148},"geometry":{"type":"Polygon","coordinates":[[[35.189899209197925,31.811462068217306],[35.1903402419913,31.812851404401748],[35.190533150214904,31.81386392261592],[35.18879565780013,31.815300081726498],[35.18747183098539,31.816076937230196],[35.18581707236677,31.816900806746695],[35.18463096915092,31.818454768447697],[35.183802947299206,31.821609904072638],[35.18380262662753,31.82304617392469],[35.18457470214559,31.823729170158973],[35.18476750446825,31.8245533912933],[35.1855120164621,31.82530699141939],[35.18655999576171,31.825589689851885],[35.18813195424036,31.82554282594851],[35.18868346098715,31.826013836203096],[35.18981420232271,31.826061047873527],[35.19083473495447,31.82566083526348],[35.19127601242642,31.825166403467414],[35.192930846531425,31.824530768140868],[35.19436513730018,31.822694294423815],[35.19588193323581,31.822364783971693],[35.197812434025266,31.822200044013165],[35.199467180697994,31.821376019220406],[35.20065301694405,31.82116412837752],[35.201342422779256,31.820952215063514],[35.20197680151006,31.820551902553078],[35.20225260266008,31.819633564044178],[35.20225261932215,31.8189507808627],[35.202087136117456,31.818055971897607],[35.20280407948304,31.81798536946726],[35.203300494162896,31.81756151020544],[35.20426574081415,31.81779698629517],[35.20520331948563,31.817938303076417],[35.20622358905073,31.8174438144029],[35.20694061293652,31.816713853092516],[35.20724390838177,31.81541871365116],[35.207243876555886,31.814335602872877],[35.2064717063567,31.81337019636111],[35.20407269893698,31.811698377537567],[35.202693939100755,31.811580674976373],[35.20145307801321,31.81247536779725],[35.2007636297925,31.812687281994766],[35.20065338165254,31.812404731875684],[35.20062582268569,31.81226341252922],[35.20211487456089,31.811415808783387],[35.20261126836641,31.81045039602677],[35.20285946917565,31.80953205432635],[35.20236312602719,31.80863723965657],[35.20213354980753,31.808003240841522],[35.19713029016297,31.809252911204318],[35.1960751398311,31.809369092980404],[35.19382873417649,31.809310755401373],[35.191684564906005,31.809223349227615],[35.19025505502295,31.809136079196485],[35.189899209197925,31.811462068217306]]]}},{"type":"Feature","properties":{"settlement_id":163,"source":"Peace Now","source_name":"Ramat Shlomo","source_type":"East Jerusalem","source_db_id":147},"geometry":{"type":"Polygon","coordinates":[[[35.21557306650985,31.81597199283536],[35.216262956781854,31.815989246377892],[35.217257187080264,31.81565988872452],[35.21772381186448,31.81500140726126],[35.21881948254648,31.81441220645023],[35.21938746011563,31.81363240972659],[35.220503292295014,31.812523370753023],[35.220848204127165,31.81181294669298],[35.221233640873116,31.811552986018093],[35.22182193447206,31.8106172470478],[35.22257245939643,31.809820185536616],[35.22265355811175,31.80923100094166],[35.223627473565045,31.809178912379654],[35.224804179256665,31.808745575764064],[35.224601207956866,31.8082950478573],[35.22492573246517,31.807775264853795],[35.22549375125066,31.807584523167648],[35.226021480828635,31.808086941335844],[35.2267923728918,31.80746300482737],[35.22604147226017,31.806856735551783],[35.22468202128558,31.806943625163534],[35.22342421412038,31.807290305838986],[35.22273418637129,31.8067879001651],[35.220806573554874,31.806285745274014],[35.21457781405989,31.807932431731803],[35.21295469574594,31.808694876463655],[35.212447565235394,31.809942426508297],[35.2121026719237,31.810289025199673],[35.21342185296539,31.81363296688607],[35.2143351438202,31.815071065319643],[35.21557306650985,31.81597199283536]]]}},{"type":"Feature","properties":{"settlement_id":162,"source":"Peace Now","source_name":"Har Homa","source_type":"East Jerusalem","source_db_id":141},"geometry":{"type":"Polygon","coordinates":[[[35.218815182392746,31.729500890462965],[35.22012268150411,31.72961887981949],[35.22074000471694,31.729844987438472],[35.22223918790587,31.72969399802617],[35.223429471983266,31.728299381972437],[35.22523718397232,31.72731923755839],[35.226251043091075,31.726226202968604],[35.22672558803346,31.725087892001618],[35.22860498146153,31.724631934338117],[35.229278093819424,31.724008444176732],[35.22978283469086,31.72312110148216],[35.22955806419103,31.721826354269677],[35.2285195648123,31.71990831041113],[35.22655553753649,31.718110367493452],[35.22315881196128,31.718767549613737],[35.22007580804872,31.718111322915647],[35.21833684643423,31.719406315627985],[35.21612081648564,31.71972543225888],[35.21516727832091,31.72190033666679],[35.21600904385689,31.723674570788077],[35.21620554287501,31.724801509210057],[35.21617772557462,31.726791721845554],[35.218815182392746,31.729500890462965]]]}},{"type":"Feature","properties":{"settlement_id":160,"source":"Peace Now","source_name":"Gilo","source_type":"East Jerusalem","source_db_id":139},"geometry":{"type":"Polygon","coordinates":[[[35.202211243644015,31.732732829227256],[35.201583300244195,31.732135880171644],[35.20155513752559,31.731774056282234],[35.20068029036818,31.731098635531445],[35.19926938736695,31.72907257293706],[35.19785834366816,31.728397109333255],[35.19613695531139,31.728179931761865],[35.19382282383969,31.728517412404518],[35.193964042675084,31.727263217057683],[35.193117509019146,31.727094317246376],[35.19282131624563,31.726334479033316],[35.19157961714768,31.726334359062736],[35.190620119956506,31.726672002134183],[35.18994282128005,31.72664775683075],[35.18991474703583,31.72602069500369],[35.188701302349756,31.72556222833481],[35.18768540918329,31.725586177735476],[35.186387220643994,31.72638197549745],[35.18548394089436,31.72725014813504],[35.184185731418985,31.727949424977396],[35.183367069931805,31.72915533978303],[35.182266382127615,31.72927573013598],[35.18110938712864,31.729227273795143],[35.17975453986901,31.729998823454498],[35.179133468974484,31.73110825066275],[35.178441795302334,31.731819672720427],[35.17810300024078,31.732446660985445],[35.17762299057991,31.733146037311037],[35.17626809703682,31.734134715407833],[35.17592918819606,31.734713448546497],[35.17561844349769,31.735654100321533],[35.175533511717,31.73661888219233],[35.17527881995274,31.738813750612092],[35.175278501758655,31.739826710078606],[35.17558876157657,31.740502177336246],[35.17683076431601,31.74011655102761],[35.176943797915946,31.739368850547155],[35.176943976535966,31.738765872683906],[35.17728286563665,31.73828354515038],[35.17770620958558,31.738042389602825],[35.17790373275311,31.738500751984144],[35.178665534137835,31.73929688292805],[35.17934283592118,31.73924876945903],[35.17996369520889,31.739538294711682],[35.18186881657699,31.73957481174588],[35.18271561273868,31.739020230575765],[35.1832238457558,31.7380795951224],[35.183421751476544,31.736970170045005],[35.182688115185904,31.736125822981965],[35.182744769026016,31.73528160903592],[35.18319661989253,31.73393098147876],[35.18455145450271,31.733352392113993],[35.186442299356884,31.733449082284473],[35.186921792388766,31.73458277762709],[35.18652629016947,31.73675357034585],[35.18604629283971,31.737597634951555],[35.18601792522018,31.738562431731665],[35.186441184717424,31.73918964002347],[35.18703381090141,31.73933446986042],[35.18768291918449,31.73935863668606],[35.18909423498005,31.73894883359378],[35.189094510726605,31.73728455659126],[35.18892520003359,31.736922713051527],[35.189348601377155,31.73675393748155],[35.1893485306333,31.73718808893607],[35.18988466115352,31.737525804913663],[35.1913240947069,31.73726063725527],[35.191521806731785,31.7360787807053],[35.191211473573894,31.735210445576207],[35.19152202894062,31.73448692166337],[35.19129661083477,31.732388468509637],[35.19019606569295,31.73139937812158],[35.18994213042113,31.731061695714782],[35.19011155382841,31.730651732745834],[35.19135311290085,31.731303094822007],[35.192538216870695,31.73291924121102],[35.1926509659234,31.73417345775647],[35.19290471792844,31.736127163282152],[35.19397711563387,31.736681985579906],[35.19440034944879,31.737960394763103],[35.194795232364676,31.74001060459338],[35.19665807094216,31.73981782706277],[35.19756123412678,31.739335479211995],[35.19792823060699,31.738346528292602],[35.19981219265713,31.737014035652955],[35.20012978871543,31.735627179100625],[35.20228177859608,31.735205078063668],[35.202211243644015,31.732732829227256]]]}},{"type":"Feature","properties":{"settlement_id":164,"source":"Peace Now","source_name":"East Talpiyyot","source_type":"East Jerusalem","source_db_id":137},"geometry":{"type":"Polygon","coordinates":[[[35.232164443006354,31.742694320572706],[35.23137072941751,31.743071373803758],[35.231370664179,31.74284527978818],[35.23128245978522,31.742920693082933],[35.230312717034465,31.744466034097954],[35.228901717684266,31.745709963936758],[35.22797573646096,31.746124718448986],[35.227931839971085,31.746991494975603],[35.22665277661116,31.746803327033412],[35.225550475888646,31.747934163500016],[35.22599182931078,31.749253135917716],[35.22678582488126,31.74974288456447],[35.22647710856312,31.750157518568297],[35.22484521845805,31.74966781427118],[35.22352216231217,31.750233388216056],[35.22391986806946,31.75388897589873],[35.22594879841172,31.753963955201293],[35.22678679916704,31.753813112454775],[35.22828648380584,31.754152027064304],[35.22944135882397,31.754494148391068],[35.229718460560534,31.754257268251703],[35.231081913810975,31.75389850615598],[35.23189979540782,31.75355572041986],[35.23146179307967,31.752870047452287],[35.23278490463175,31.752869760785238],[35.23419639334081,31.752982441567685],[35.235475250682974,31.752567647220246],[35.23600431453415,31.751851448989097],[35.23666583698844,31.751775889167718],[35.237812286130676,31.75098413144108],[35.23970906147809,31.751435899335892],[35.24098790245556,31.7510963540372],[35.241119897457466,31.75019185101696],[35.239311450602344,31.74966468528282],[35.23781153090703,31.74887371263364],[35.2396629798004,31.746235123070534],[35.239177543515495,31.745481489387473],[35.23873618743985,31.744614749860318],[35.238912155421396,31.743295655558857],[35.237765152754534,31.74254228315839],[35.23613359300341,31.74280648978165],[35.23489966786537,31.745633280349043],[35.23450240417156,31.744578209221004],[35.23335523490446,31.742882543521254],[35.232164443006354,31.742694320572706]]]}},{"type":"Feature","properties":{"settlement_id":165,"source":"Peace Now","source_name":"French Hill","source_type":"East Jerusalem","source_db_id":138},"geometry":{"type":"Polygon","coordinates":[[[35.2354946054543,31.80748066438075],[35.236537423305194,31.807331963184016],[35.23728214099921,31.80697130750686],[35.238697513040705,31.807352594789375],[35.23964090962038,31.806822235366297],[35.240236756333076,31.806864456133905],[35.240410239990304,31.805973928641542],[35.24093161322663,31.805973780569094],[35.2409811617477,31.805486050233387],[35.2416763406403,31.805443462633125],[35.24279329711414,31.8046162326819],[35.24304119314879,31.803704395430128],[35.24256911831337,31.8028563546914],[35.24093014957802,31.80224195784663],[35.24021016176113,31.802242161743518],[35.2410043206293,31.801266593879728],[35.24112817480997,31.800694068595185],[35.24060657573569,31.800036864334942],[35.239762509706715,31.800270407535457],[35.23906747908759,31.800609781112446],[35.23703024008526,31.797839675813844],[35.23524992271789,31.798573947727295],[35.23603840033111,31.800398543888114],[35.23470720278982,31.80099516493857],[35.23429874769199,31.80100842804645],[35.233803913414235,31.80035669090598],[35.2330844255975,31.80056175306234],[35.23308445414758,31.80065455267555],[35.23323591923483,31.801111662671396],[35.23338735799871,31.80147930967115],[35.23365504864377,31.801797328572928],[35.23389954351572,31.80222465556573],[35.23409761396186,31.802771216427303],[35.23416766101443,31.803536413401144],[35.234307653764695,31.804410987356334],[35.23433123936079,31.80485198266135],[35.2344260853245,31.8048940764414],[35.234997595784776,31.80612369271028],[35.2354946054543,31.80748066438075]]]}},{"type":"Feature","properties":{"settlement_id":166,"source":"Peace Now","source_name":"Ramat Eshkol","source_type":"East Jerusalem","source_db_id":146},"geometry":{"type":"Polygon","coordinates":[[[35.22782103205314,31.802181452522124],[35.22806924615786,31.801969383657372],[35.22821800787644,31.80143925295956],[35.22834203585804,31.800824353458257],[35.22948410506977,31.800866521217973],[35.2297320930488,31.7998486525562],[35.22975489873139,31.799835571315693],[35.22877792096901,31.7999036700056],[35.22789345294363,31.79999925045299],[35.2269530945234,31.7999834570239],[35.22611502249605,31.79980070822067],[35.22521187169484,31.799466905798685],[35.2235637740621,31.798799258107334],[35.22321273243784,31.798616686921523],[35.22325759629781,31.799589678736396],[35.22316835807357,31.800076145898476],[35.222878088354136,31.80071532409558],[35.22032297646962,31.80239462743135],[35.222011366982336,31.803157726087857],[35.22307902951435,31.803284824858068],[35.22360044973076,31.8030726344269],[35.22446916064604,31.802224408561983],[35.22782103205314,31.802181452522124]]]}},{"type":"Feature","properties":{"settlement_id":159,"source":"Peace Now","source_name":"Pisgat Ze'ev","source_type":"East Jerusalem","source_db_id":145},"geometry":{"type":"MultiPolygon","coordinates":[[[[35.24066710438205,31.823680776805492],[35.24057107730715,31.823645902859894],[35.240722683988956,31.823192324739022],[35.24201264645242,31.82284636630082],[35.242948547373025,31.8225005021859],[35.245022764721114,31.82243510682222],[35.24568029371348,31.822002914659173],[35.24641334179764,31.82087952423152],[35.2468685905119,31.820685027065945],[35.24770343687781,31.82070630048466],[35.248563708773396,31.821332333392863],[35.249044646648336,31.821850543496886],[35.25051181893277,31.821979616064734],[35.25180287931505,31.823685423280356],[35.25286609273096,31.825283353535138],[35.25418151643169,31.825174806637303],[35.254965398447894,31.824634567170413],[35.25511672428867,31.823792189185212],[35.25440809746723,31.823230893568464],[35.25407906791411,31.8228205949882],[35.254179920844024,31.82219422810549],[35.254306109041856,31.821740643653314],[35.255014324151084,31.821567572134562],[35.255242236277205,31.821913066452492],[35.2564310001956,31.82167495234167],[35.25834050777293,31.82103700935853],[35.25864385234006,31.820669741743668],[35.258643411367814,31.81991381978237],[35.258440526648094,31.819028299072517],[35.25801025483657,31.81870453970353],[35.25707416261642,31.818359344580887],[35.25510121678893,31.818403342153278],[35.25424083395807,31.817798907180713],[35.25408867912828,31.817086242170667],[35.255302603173774,31.81680493050207],[35.25563110373374,31.816092074533696],[35.255453036066896,31.814364309566216],[35.25446624508911,31.813716728060147],[35.25380812745834,31.812853021077945],[35.252543494042996,31.812810306342868],[35.250191376785196,31.813221509712868],[35.24887634490887,31.813805195282157],[35.247510817017854,31.814626429133536],[35.24685373026328,31.8156633152005],[35.24639881811674,31.816549073075425],[35.245007643913425,31.816830266175803],[35.24356617584562,31.817586639176536],[35.2421499015332,31.8180190473171],[35.24044279542175,31.81887268145842],[35.24018961974388,31.818311176793607],[35.240948180761464,31.817511841257634],[35.24236447056783,31.81712264460546],[35.2425411493674,31.81604263800412],[35.24195901925095,31.81533008597164],[35.241640279271614,31.815088305674017],[35.241094229194154,31.81584871540586],[35.240426596528046,31.816315427625508],[35.23943516778335,31.816592207773784],[35.23880816167029,31.8172834585589],[35.23870725325621,31.81802651194268],[35.23990136138354,31.818527247989763],[35.24014445277731,31.819235665784408],[35.23911230477241,31.819166779396042],[35.237837393434134,31.81895978651682],[35.23668380899216,31.818649038630845],[35.23512559584406,31.818632197766295],[35.233972189087346,31.81883980298756],[35.233102187995804,31.819151046029276],[35.23327555289707,31.81996816425824],[35.23302690847771,31.82096006376599],[35.23406454030531,31.822943513749273],[35.235441500657814,31.82527579424546],[35.23570219451871,31.826549848988876],[35.236757319001676,31.82624404296427],[35.2386977678796,31.82524925887421],[35.23903580102246,31.825035341544865],[35.23992474943045,31.82501372372306],[35.24046321902197,31.824970825581865],[35.24066710438205,31.823680776805492]]],[[[35.234304964370466,31.831565669556692],[35.234224239783835,31.831833354048396],[35.235236213214556,31.831811559825958],[35.23607093395057,31.83148741523762],[35.23690570919335,31.83103358078123],[35.23814480502236,31.829607813385305],[35.23882792652914,31.82988837338045],[35.23882837398898,31.831097919048194],[35.239309648498086,31.832523233988944],[35.23956286590644,31.83310638323732],[35.24029668401545,31.833559713379483],[35.240979705262,31.83349467732581],[35.241510928138624,31.833170583748384],[35.2429274635562,31.83280302572161],[35.244015163119094,31.832478662275744],[35.24393949133984,31.832889112289717],[35.24335775731245,31.833148479469447],[35.24333264869457,31.833731615618316],[35.244015807073986,31.83399059361971],[35.24457256785868,31.8343575577942],[35.24586291161613,31.834313947005544],[35.24674765722578,31.832758617126256],[35.246772520344635,31.831916201813875],[35.24639287537615,31.831462792845787],[35.247404202585024,31.830058564140273],[35.24783378937896,31.8291080611325],[35.2478840031661,31.828287280623336],[35.246846717170406,31.828071729694788],[35.247579548296564,31.826408312486738],[35.24762953204743,31.82509079878439],[35.24674380260014,31.824291975982256],[35.245352590497845,31.824508420521102],[35.24525247357685,31.82454687096224],[35.24519612309553,31.824670080235755],[35.24488317162562,31.824958858638418],[35.2442822875718,31.825269009962845],[35.244069567212954,31.825547023094273],[35.24454547467954,31.82567520600157],[35.24483349011683,31.825846193965617],[35.244971322128144,31.82605997627722],[35.244971457303656,31.826369938323648],[35.24487143312019,31.826626543286896],[35.24468364831697,31.82668008175096],[35.243994793635274,31.826316856183585],[35.242967820189385,31.825932265705116],[35.24120213417857,31.82537689329573],[35.240287956690494,31.825173969167416],[35.239474139989134,31.82528115345398],[35.23887308659081,31.825473769630253],[35.23846004794623,31.825666242769156],[35.23805662318267,31.825868271523955],[35.238047056568675,31.826286456846784],[35.238397703581526,31.826468084548033],[35.23878588475836,31.826457338905094],[35.23884849995881,31.82668178976769],[35.23864837716027,31.82708812207307],[35.23729617136074,31.827558876765927],[35.23647852736047,31.827971946600414],[35.23647107228413,31.82840825809889],[35.23605166392328,31.828870825645822],[35.234725378019,31.831206548582607],[35.234304964370466,31.831565669556692]]]]}},{"type":"Feature","properties":{"settlement_id":168,"source":"Peace Now","source_name":"The Jewish Quarter","source_type":"East Jerusalem","source_db_id":142},"geometry":{"type":"Polygon","coordinates":[[[35.233641935086084,31.77681479993408],[35.23392933614765,31.775253187127777],[35.234944127761,31.775403557082853],[35.235080615184906,31.774714964699058],[35.23287833827844,31.774414257406438],[35.232583134426214,31.773959431420355],[35.23171230414033,31.773624494147978],[35.23166908712983,31.773489316563108],[35.23168333842025,31.77312659080888],[35.23164014497217,31.773071226628925],[35.23080536753981,31.772886974007303],[35.23079806077947,31.77280707189747],[35.2303302634807,31.77270877608305],[35.23033753057721,31.772647358848083],[35.22909243120545,31.772506195593458],[35.22909246370248,31.772629117298592],[35.229301165518656,31.77261067918722],[35.229884133656164,31.772702733155917],[35.229913108109606,31.77326836562216],[35.22980511693699,31.77328678477971],[35.22981231230719,31.77334828929159],[35.22970442326652,31.773354443229117],[35.229733157831454,31.77342820859776],[35.229862686782205,31.77341591777463],[35.22984831273521,31.773354414694122],[35.230042670568245,31.773378996305592],[35.23004997415924,31.77383388626432],[35.229315974297215,31.773907802336787],[35.22930867530273,31.773852520563636],[35.22913595989025,31.773834066209584],[35.229165067083706,31.77491609599767],[35.229222632136604,31.775026741398598],[35.22946734033156,31.77501433840182],[35.22947454716355,31.77511886098648],[35.229834414254995,31.775038886372876],[35.22987761423616,31.775118781368437],[35.23004313314721,31.775063465120574],[35.23003588087111,31.775180255680073],[35.22987762934455,31.775174154732994],[35.229899190850055,31.77526631913669],[35.22975529675658,31.775260215175752],[35.22974096755124,31.77536474200677],[35.229992753174585,31.77536469189409],[35.23000013530398,31.775721280452544],[35.22980578428832,31.775739716853813],[35.22973383831063,31.775936513976664],[35.229575567280364,31.77586277418889],[35.22961140334378,31.77564758660808],[35.22948914572692,31.7756229902329],[35.229460369458636,31.77578902577536],[35.22928763239156,31.775702933165825],[35.229316394191706,31.775481614482974],[35.22912203542373,31.7754693870677],[35.22913646956337,31.775758335837292],[35.22971235846586,31.776145566188585],[35.22983473075292,31.77620082509627],[35.230158533640385,31.77625613367729],[35.2301585845205,31.776440561216205],[35.23051129961537,31.776440489718027],[35.23050397905862,31.77631134683589],[35.23079188141415,31.776342040724092],[35.23077039516956,31.776520340147023],[35.23082793527468,31.77653259338148],[35.23079913852289,31.776618725636432],[35.23088549634977,31.776618707786938],[35.23091428953805,31.776520310405186],[35.23096464728837,31.77652029995824],[35.230964601788806,31.776360402638133],[35.23102942276468,31.776360389161468],[35.23103662093417,31.77642802612764],[35.231209343303824,31.77645261044776],[35.23120936272882,31.776520248907406],[35.23144690283977,31.776532464011744],[35.231446886821786,31.776477180844314],[35.231929047518115,31.776526228601075],[35.23193624273685,31.776581600407194],[35.23216651143632,31.776636833796328],[35.232216881367634,31.776323250934592],[35.23246150551982,31.776372438300395],[35.23241121243001,31.77658762982354],[35.23277830452663,31.77664896462103],[35.23282144228436,31.776513768301765],[35.23297252869261,31.776556752698408],[35.23299420482489,31.77666740437748],[35.23326046684069,31.776698097519862],[35.233339676327674,31.776796380848484],[35.233641935086084,31.77681479993408]]]}},{"type":"Feature","properties":{"settlement_id":167,"source":"Peace Now","source_name":"Maalot Dafna","source_type":"East Jerusalem","source_db_id":143},"geometry":{"type":"Polygon","coordinates":[[[35.22571575252093,31.793311471294295],[35.225394102100445,31.793219987291526],[35.22433582425927,31.793494767852163],[35.224094805614946,31.793712239673596],[35.22382689802865,31.794112699202646],[35.22359922586019,31.794547602546928],[35.22354579605222,31.79506247305857],[35.22359941628512,31.79547442716332],[35.22420246828914,31.796012104616217],[35.22406851530981,31.796229469520487],[35.22372022153973,31.796527040660358],[35.22346570312372,31.796870320368516],[35.22326490149965,31.797591283599964],[35.22319811951491,31.798415127137748],[35.22385467847106,31.79872391036072],[35.22424319186994,31.79882684123322],[35.224524618171756,31.7988726109443],[35.22464511201852,31.798906861986698],[35.224765719063384,31.79897556330003],[35.22519446459992,31.79906703145395],[35.22593149240648,31.79934152080561],[35.22634676260384,31.799146922750726],[35.22653417899525,31.798620484706504],[35.226654729769486,31.79844884306598],[35.226855685854005,31.798471714779563],[35.227083555379934,31.79887218309259],[35.227338114956055,31.799158202317486],[35.227753555695905,31.79923821082842],[35.22846354396271,31.799043551736656],[35.22938800937193,31.798894570404173],[35.22948168128191,31.798528403797967],[35.22970932945411,31.798070673585823],[35.230151412407835,31.798276566310054],[35.22985676429998,31.79853978310481],[35.22999082632208,31.798757190709935],[35.230352675120145,31.799020275585967],[35.23076791520569,31.798757032856024],[35.23143802206605,31.799443375798443],[35.23167906517114,31.799317517511632],[35.23171923420544,31.79910007459793],[35.2311697881157,31.798653958886582],[35.229709242554954,31.79775033891617],[35.22933391343925,31.797201190112016],[35.22913281392021,31.796629099766154],[35.22859682609612,31.796263053859608],[35.228221553376216,31.795885522442564],[35.22629196004256,31.794203838632008],[35.22571575252093,31.793311471294295]]]}}]}